solid OpenSCAD_Model
  facet normal -0.411345 -0.91148 0
    outer loop
      vertex -22.5498 -24.2845 0
      vertex -22.1864 -24.4485 45
      vertex -22.5498 -24.2845 45
    endloop
  endfacet
  facet normal -0.411345 -0.91148 -0
    outer loop
      vertex -22.1864 -24.4485 45
      vertex -22.5498 -24.2845 0
      vertex -22.1864 -24.4485 0
    endloop
  endfacet
  facet normal -0.733061 -0.680163 0
    outer loop
      vertex -23.5179 -23.5885 0
      vertex -23.7892 -23.2961 45
      vertex -23.7892 -23.2961 0
    endloop
  endfacet
  facet normal -0.733061 -0.680163 0
    outer loop
      vertex -23.7892 -23.2961 45
      vertex -23.5179 -23.5885 0
      vertex -23.5179 -23.5885 45
    endloop
  endfacet
  facet normal 0.342065 -0.939676 0
    outer loop
      vertex 21.904 -24.5473 0
      vertex 22.2787 -24.4109 45
      vertex 21.904 -24.5473 45
    endloop
  endfacet
  facet normal 0.342065 -0.939676 0
    outer loop
      vertex 22.2787 -24.4109 45
      vertex 21.904 -24.5473 0
      vertex 22.2787 -24.4109 0
    endloop
  endfacet
  facet normal 0.246782 -0.969071 0
    outer loop
      vertex 21.5176 -24.6457 0
      vertex 21.904 -24.5473 45
      vertex 21.5176 -24.6457 45
    endloop
  endfacet
  facet normal 0.246782 -0.969071 0
    outer loop
      vertex 21.904 -24.5473 45
      vertex 21.5176 -24.6457 0
      vertex 21.904 -24.5473 0
    endloop
  endfacet
  facet normal 0.148966 -0.988842 0
    outer loop
      vertex 21.1233 -24.7051 0
      vertex 21.5176 -24.6457 45
      vertex 21.1233 -24.7051 45
    endloop
  endfacet
  facet normal 0.148966 -0.988842 0
    outer loop
      vertex 21.5176 -24.6457 45
      vertex 21.1233 -24.7051 0
      vertex 21.5176 -24.6457 0
    endloop
  endfacet
  facet normal -0.680163 0.733061 0
    outer loop
      vertex -23.2961 23.7892 0
      vertex -23.5885 23.5179 45
      vertex -23.2961 23.7892 45
    endloop
  endfacet
  facet normal -0.680163 0.733061 0
    outer loop
      vertex -23.5885 23.5179 45
      vertex -23.2961 23.7892 0
      vertex -23.5885 23.5179 0
    endloop
  endfacet
  facet normal 0 -1 0
    outer loop
      vertex -20.725 -24.725 45
      vertex -18 -24.725 30
      vertex 20.725 -24.725 45
    endloop
  endfacet
  facet normal 0 -1 0
    outer loop
      vertex -20.725 -24.725 0
      vertex -18 -24.725 30
      vertex -20.725 -24.725 45
    endloop
  endfacet
  facet normal 0 -1 -0
    outer loop
      vertex -18 -24.725 30
      vertex -20.725 -24.725 0
      vertex -18 -24.725 0
    endloop
  endfacet
  facet normal 0 -1 0
    outer loop
      vertex 18 -24.725 30
      vertex 20.725 -24.725 45
      vertex -18 -24.725 30
    endloop
  endfacet
  facet normal 0 -1 0
    outer loop
      vertex 20.725 -24.725 0
      vertex 18 -24.725 30
      vertex 18 -24.725 0
    endloop
  endfacet
  facet normal 0 -1 0
    outer loop
      vertex 18 -24.725 30
      vertex 20.725 -24.725 0
      vertex 20.725 -24.725 45
    endloop
  endfacet
  facet normal 0.866044 -0.499968 0
    outer loop
      vertex 24.0851 -22.8952 45
      vertex 24.2845 -22.5498 0
      vertex 24.2845 -22.5498 45
    endloop
  endfacet
  facet normal 0.866044 -0.499968 0
    outer loop
      vertex 24.2845 -22.5498 0
      vertex 24.0851 -22.8952 45
      vertex 24.0851 -22.8952 0
    endloop
  endfacet
  facet normal -1 0 0
    outer loop
      vertex -24.725 -20.725 0
      vertex -24.725 20.725 45
      vertex -24.725 20.725 0
    endloop
  endfacet
  facet normal -1 -0 0
    outer loop
      vertex -24.725 20.725 45
      vertex -24.725 -20.725 0
      vertex -24.725 -20.725 45
    endloop
  endfacet
  facet normal -0.521338 0.85335 0
    outer loop
      vertex -22.638 24.2379 0
      vertex -22.9783 24.03 45
      vertex -22.638 24.2379 45
    endloop
  endfacet
  facet normal -0.521338 0.85335 0
    outer loop
      vertex -22.9783 24.03 45
      vertex -22.638 24.2379 0
      vertex -22.9783 24.03 0
    endloop
  endfacet
  facet normal -0.342065 0.939676 0
    outer loop
      vertex -21.904 24.5473 0
      vertex -22.2787 24.4109 45
      vertex -21.904 24.5473 45
    endloop
  endfacet
  facet normal -0.342065 0.939676 0
    outer loop
      vertex -22.2787 24.4109 45
      vertex -21.904 24.5473 0
      vertex -22.2787 24.4109 0
    endloop
  endfacet
  facet normal 0 1 0
    outer loop
      vertex 20.725 24.725 45
      vertex 8 24.725 31.5
      vertex -20.725 24.725 45
    endloop
  endfacet
  facet normal 0 1 0
    outer loop
      vertex 20.725 24.725 45
      vertex 8 24.725 13.5
      vertex 8 24.725 31.5
    endloop
  endfacet
  facet normal 0 1 0
    outer loop
      vertex 8 24.725 13.5
      vertex 20.725 24.725 0
      vertex -8 24.725 13.5
    endloop
  endfacet
  facet normal 0 1 -0
    outer loop
      vertex 20.725 24.725 0
      vertex 8 24.725 13.5
      vertex 20.725 24.725 45
    endloop
  endfacet
  facet normal 0 1 -0
    outer loop
      vertex -8 24.725 31.5
      vertex -20.725 24.725 45
      vertex 8 24.725 31.5
    endloop
  endfacet
  facet normal 0 1 -0
    outer loop
      vertex -8 24.725 13.5
      vertex -20.725 24.725 45
      vertex -8 24.725 31.5
    endloop
  endfacet
  facet normal 0 1 0
    outer loop
      vertex -8 24.725 13.5
      vertex -20.725 24.725 0
      vertex -20.725 24.725 45
    endloop
  endfacet
  facet normal 0 1 0
    outer loop
      vertex -20.725 24.725 0
      vertex -8 24.725 13.5
      vertex 20.725 24.725 0
    endloop
  endfacet
  facet normal -0.0374444 -0.999299 0
    outer loop
      vertex -21.0239 -24.7138 0
      vertex -20.725 -24.725 45
      vertex -21.0239 -24.7138 45
    endloop
  endfacet
  facet normal -0.0374444 -0.999299 -0
    outer loop
      vertex -20.725 -24.725 45
      vertex -21.0239 -24.7138 0
      vertex -20.725 -24.725 0
    endloop
  endfacet
  facet normal -0.433823 0.900998 0
    outer loop
      vertex -22.2787 24.4109 0
      vertex -22.638 24.2379 45
      vertex -22.2787 24.4109 45
    endloop
  endfacet
  facet normal -0.433823 0.900998 0
    outer loop
      vertex -22.638 24.2379 45
      vertex -22.2787 24.4109 0
      vertex -22.638 24.2379 0
    endloop
  endfacet
  facet normal 0.0499001 -0.998754 0
    outer loop
      vertex 20.725 -24.725 0
      vertex 21.1233 -24.7051 45
      vertex 20.725 -24.725 45
    endloop
  endfacet
  facet normal 0.0499001 -0.998754 0
    outer loop
      vertex 21.1233 -24.7051 45
      vertex 20.725 -24.725 0
      vertex 21.1233 -24.7051 0
    endloop
  endfacet
  facet normal -0.988842 -0.148966 0
    outer loop
      vertex -24.6457 -21.5176 0
      vertex -24.7051 -21.1233 45
      vertex -24.7051 -21.1233 0
    endloop
  endfacet
  facet normal -0.988842 -0.148966 0
    outer loop
      vertex -24.7051 -21.1233 45
      vertex -24.6457 -21.5176 0
      vertex -24.6457 -21.5176 45
    endloop
  endfacet
  facet normal -0.811848 0.583869 0
    outer loop
      vertex -24.0851 22.8952 0
      vertex -23.8523 23.2189 45
      vertex -23.8523 23.2189 0
    endloop
  endfacet
  facet normal -0.811848 0.583869 0
    outer loop
      vertex -23.8523 23.2189 45
      vertex -24.0851 22.8952 0
      vertex -24.0851 22.8952 45
    endloop
  endfacet
  facet normal -0.998754 -0.0499001 0
    outer loop
      vertex -24.7051 -21.1233 0
      vertex -24.725 -20.725 45
      vertex -24.725 -20.725 0
    endloop
  endfacet
  facet normal -0.998754 -0.0499001 0
    outer loop
      vertex -24.725 -20.725 45
      vertex -24.7051 -21.1233 0
      vertex -24.7051 -21.1233 45
    endloop
  endfacet
  facet normal -0 0 1
    outer loop
      vertex 17.725 -17.725 45
      vertex 24.725 -20.725 45
      vertex 24.725 20.725 45
    endloop
  endfacet
  facet normal 0 0 1
    outer loop
      vertex 17.725 17.725 45
      vertex 24.725 20.725 45
      vertex 24.7051 21.1233 45
    endloop
  endfacet
  facet normal 0 0 1
    outer loop
      vertex 17.725 -17.725 45
      vertex 24.725 20.725 45
      vertex 17.725 17.725 45
    endloop
  endfacet
  facet normal 0 0 1
    outer loop
      vertex 17.725 17.725 45
      vertex 24.7051 21.1233 45
      vertex 24.6457 21.5176 45
    endloop
  endfacet
  facet normal 0 0 1
    outer loop
      vertex 24.725 -20.725 45
      vertex 17.725 -17.725 45
      vertex 24.7138 -21.0239 45
    endloop
  endfacet
  facet normal 0 0 1
    outer loop
      vertex 17.725 17.725 45
      vertex 24.6457 21.5176 45
      vertex 24.5473 21.904 45
    endloop
  endfacet
  facet normal 0 0 1
    outer loop
      vertex 24.7138 -21.0239 45
      vertex 17.725 -17.725 45
      vertex 24.6642 -21.4196 45
    endloop
  endfacet
  facet normal 0 0 1
    outer loop
      vertex 17.725 17.725 45
      vertex 24.5473 21.904 45
      vertex 24.4109 22.2787 45
    endloop
  endfacet
  facet normal 0 0 1
    outer loop
      vertex 24.6642 -21.4196 45
      vertex 17.725 -17.725 45
      vertex 24.5755 -21.8083 45
    endloop
  endfacet
  facet normal 0 0 1
    outer loop
      vertex 17.725 17.725 45
      vertex 24.4109 22.2787 45
      vertex 24.2379 22.638 45
    endloop
  endfacet
  facet normal 0 0 1
    outer loop
      vertex 24.5755 -21.8083 45
      vertex 17.725 -17.725 45
      vertex 24.4485 -22.1864 45
    endloop
  endfacet
  facet normal 0 0 1
    outer loop
      vertex 17.725 17.725 45
      vertex 24.2379 22.638 45
      vertex 24.03 22.9783 45
    endloop
  endfacet
  facet normal 0 0 1
    outer loop
      vertex 24.4485 -22.1864 45
      vertex 17.725 -17.725 45
      vertex 24.2845 -22.5498 45
    endloop
  endfacet
  facet normal 0 0 1
    outer loop
      vertex 17.725 17.725 45
      vertex 24.03 22.9783 45
      vertex 23.7892 23.2961 45
    endloop
  endfacet
  facet normal 0 0 1
    outer loop
      vertex 24.2845 -22.5498 45
      vertex 17.725 -17.725 45
      vertex 24.0851 -22.8952 45
    endloop
  endfacet
  facet normal 0 0 1
    outer loop
      vertex 17.725 17.725 45
      vertex 23.7892 23.2961 45
      vertex 23.5179 23.5885 45
    endloop
  endfacet
  facet normal 0 0 1
    outer loop
      vertex 24.0851 -22.8952 45
      vertex 17.725 -17.725 45
      vertex 23.8523 -23.2189 45
    endloop
  endfacet
  facet normal 0 0 1
    outer loop
      vertex 17.725 17.725 45
      vertex 23.5179 23.5885 45
      vertex 23.2189 23.8523 45
    endloop
  endfacet
  facet normal 0 0 1
    outer loop
      vertex 23.8523 -23.2189 45
      vertex 17.725 -17.725 45
      vertex 23.5885 -23.5179 45
    endloop
  endfacet
  facet normal 0 0 1
    outer loop
      vertex 17.725 17.725 45
      vertex 23.2189 23.8523 45
      vertex 22.8952 24.0851 45
    endloop
  endfacet
  facet normal 0 0 1
    outer loop
      vertex 23.5885 -23.5179 45
      vertex 17.725 -17.725 45
      vertex 23.2961 -23.7892 45
    endloop
  endfacet
  facet normal 0 0 1
    outer loop
      vertex 17.725 17.725 45
      vertex 22.8952 24.0851 45
      vertex 22.5498 24.2845 45
    endloop
  endfacet
  facet normal 0 0 1
    outer loop
      vertex 23.2961 -23.7892 45
      vertex 17.725 -17.725 45
      vertex 22.9783 -24.03 45
    endloop
  endfacet
  facet normal 0 0 1
    outer loop
      vertex 17.725 17.725 45
      vertex 22.5498 24.2845 45
      vertex 22.1864 24.4485 45
    endloop
  endfacet
  facet normal 0 0 1
    outer loop
      vertex 22.9783 -24.03 45
      vertex 17.725 -17.725 45
      vertex 22.638 -24.2379 45
    endloop
  endfacet
  facet normal 0 0 1
    outer loop
      vertex 17.725 17.725 45
      vertex 22.1864 24.4485 45
      vertex 21.8083 24.5755 45
    endloop
  endfacet
  facet normal 0 0 1
    outer loop
      vertex 22.638 -24.2379 45
      vertex 17.725 -17.725 45
      vertex 22.2787 -24.4109 45
    endloop
  endfacet
  facet normal 0 0 1
    outer loop
      vertex 17.725 17.725 45
      vertex 21.8083 24.5755 45
      vertex 21.4196 24.6642 45
    endloop
  endfacet
  facet normal 0 0 1
    outer loop
      vertex 22.2787 -24.4109 45
      vertex 17.725 -17.725 45
      vertex 21.904 -24.5473 45
    endloop
  endfacet
  facet normal 0 0 1
    outer loop
      vertex 17.725 17.725 45
      vertex 21.4196 24.6642 45
      vertex 21.0239 24.7138 45
    endloop
  endfacet
  facet normal 0 0 1
    outer loop
      vertex 17.725 17.725 45
      vertex 21.0239 24.7138 45
      vertex 20.725 24.725 45
    endloop
  endfacet
  facet normal 0 0 1
    outer loop
      vertex 21.904 -24.5473 45
      vertex 17.725 -17.725 45
      vertex 21.5176 -24.6457 45
    endloop
  endfacet
  facet normal 0 0 1
    outer loop
      vertex 21.5176 -24.6457 45
      vertex 17.725 -17.725 45
      vertex 21.1233 -24.7051 45
    endloop
  endfacet
  facet normal 0 0 1
    outer loop
      vertex 20.725 24.725 45
      vertex -17.725 17.725 45
      vertex 17.725 17.725 45
    endloop
  endfacet
  facet normal -0 0 1
    outer loop
      vertex -24.725 20.725 45
      vertex -17.725 17.725 45
      vertex -20.725 24.725 45
    endloop
  endfacet
  facet normal -0 0 1
    outer loop
      vertex -20.725 24.725 45
      vertex -17.725 17.725 45
      vertex 20.725 24.725 45
    endloop
  endfacet
  facet normal 0 0 1
    outer loop
      vertex 21.1233 -24.7051 45
      vertex 17.725 -17.725 45
      vertex 20.725 -24.725 45
    endloop
  endfacet
  facet normal -0 0 1
    outer loop
      vertex -17.725 -17.725 45
      vertex 20.725 -24.725 45
      vertex 17.725 -17.725 45
    endloop
  endfacet
  facet normal 0 0 1
    outer loop
      vertex -17.725 -17.725 45
      vertex -20.725 -24.725 45
      vertex 20.725 -24.725 45
    endloop
  endfacet
  facet normal 0 0 1
    outer loop
      vertex -17.725 17.725 45
      vertex -24.725 20.725 45
      vertex -17.725 -17.725 45
    endloop
  endfacet
  facet normal 0 0 1
    outer loop
      vertex -17.725 -17.725 45
      vertex -24.725 -20.725 45
      vertex -20.725 -24.725 45
    endloop
  endfacet
  facet normal 0 0 1
    outer loop
      vertex -24.725 20.725 45
      vertex -20.725 24.725 45
      vertex -21.1233 24.7051 45
    endloop
  endfacet
  facet normal 0 0 1
    outer loop
      vertex -17.725 -17.725 45
      vertex -24.725 20.725 45
      vertex -24.725 -20.725 45
    endloop
  endfacet
  facet normal 0 0 1
    outer loop
      vertex -24.725 20.725 45
      vertex -21.1233 24.7051 45
      vertex -21.5176 24.6457 45
    endloop
  endfacet
  facet normal 0 0 1
    outer loop
      vertex -20.725 -24.725 45
      vertex -24.725 -20.725 45
      vertex -21.0239 -24.7138 45
    endloop
  endfacet
  facet normal 0 0 1
    outer loop
      vertex -24.725 20.725 45
      vertex -21.5176 24.6457 45
      vertex -21.904 24.5473 45
    endloop
  endfacet
  facet normal 0 0 1
    outer loop
      vertex -21.0239 -24.7138 45
      vertex -24.725 -20.725 45
      vertex -21.4196 -24.6642 45
    endloop
  endfacet
  facet normal 0 0 1
    outer loop
      vertex -24.725 20.725 45
      vertex -21.904 24.5473 45
      vertex -22.2787 24.4109 45
    endloop
  endfacet
  facet normal 0 0 1
    outer loop
      vertex -21.4196 -24.6642 45
      vertex -24.725 -20.725 45
      vertex -21.8083 -24.5755 45
    endloop
  endfacet
  facet normal 0 0 1
    outer loop
      vertex -24.725 20.725 45
      vertex -22.2787 24.4109 45
      vertex -22.638 24.2379 45
    endloop
  endfacet
  facet normal 0 0 1
    outer loop
      vertex -21.8083 -24.5755 45
      vertex -24.725 -20.725 45
      vertex -22.1864 -24.4485 45
    endloop
  endfacet
  facet normal 0 0 1
    outer loop
      vertex -24.725 20.725 45
      vertex -22.638 24.2379 45
      vertex -22.9783 24.03 45
    endloop
  endfacet
  facet normal 0 0 1
    outer loop
      vertex -22.1864 -24.4485 45
      vertex -24.725 -20.725 45
      vertex -22.5498 -24.2845 45
    endloop
  endfacet
  facet normal 0 0 1
    outer loop
      vertex -24.725 20.725 45
      vertex -22.9783 24.03 45
      vertex -23.2961 23.7892 45
    endloop
  endfacet
  facet normal 0 0 1
    outer loop
      vertex -22.5498 -24.2845 45
      vertex -24.725 -20.725 45
      vertex -22.8952 -24.0851 45
    endloop
  endfacet
  facet normal 0 0 1
    outer loop
      vertex -24.725 20.725 45
      vertex -23.2961 23.7892 45
      vertex -23.5885 23.5179 45
    endloop
  endfacet
  facet normal 0 0 1
    outer loop
      vertex -22.8952 -24.0851 45
      vertex -24.725 -20.725 45
      vertex -23.2189 -23.8523 45
    endloop
  endfacet
  facet normal 0 0 1
    outer loop
      vertex -24.725 20.725 45
      vertex -23.5885 23.5179 45
      vertex -23.8523 23.2189 45
    endloop
  endfacet
  facet normal 0 0 1
    outer loop
      vertex -23.2189 -23.8523 45
      vertex -24.725 -20.725 45
      vertex -23.5179 -23.5885 45
    endloop
  endfacet
  facet normal 0 0 1
    outer loop
      vertex -24.725 20.725 45
      vertex -23.8523 23.2189 45
      vertex -24.0851 22.8952 45
    endloop
  endfacet
  facet normal 0 0 1
    outer loop
      vertex -23.5179 -23.5885 45
      vertex -24.725 -20.725 45
      vertex -23.7892 -23.2961 45
    endloop
  endfacet
  facet normal 0 0 1
    outer loop
      vertex -24.725 20.725 45
      vertex -24.0851 22.8952 45
      vertex -24.2845 22.5498 45
    endloop
  endfacet
  facet normal 0 0 1
    outer loop
      vertex -23.7892 -23.2961 45
      vertex -24.725 -20.725 45
      vertex -24.03 -22.9783 45
    endloop
  endfacet
  facet normal 0 0 1
    outer loop
      vertex -24.725 20.725 45
      vertex -24.2845 22.5498 45
      vertex -24.4485 22.1864 45
    endloop
  endfacet
  facet normal 0 0 1
    outer loop
      vertex -24.03 -22.9783 45
      vertex -24.725 -20.725 45
      vertex -24.2379 -22.638 45
    endloop
  endfacet
  facet normal 0 0 1
    outer loop
      vertex -24.725 20.725 45
      vertex -24.4485 22.1864 45
      vertex -24.5755 21.8083 45
    endloop
  endfacet
  facet normal 0 0 1
    outer loop
      vertex -24.2379 -22.638 45
      vertex -24.725 -20.725 45
      vertex -24.4109 -22.2787 45
    endloop
  endfacet
  facet normal 0 0 1
    outer loop
      vertex -24.725 20.725 45
      vertex -24.5755 21.8083 45
      vertex -24.6642 21.4196 45
    endloop
  endfacet
  facet normal 0 0 1
    outer loop
      vertex -24.4109 -22.2787 45
      vertex -24.725 -20.725 45
      vertex -24.5473 -21.904 45
    endloop
  endfacet
  facet normal 0 0 1
    outer loop
      vertex -24.725 20.725 45
      vertex -24.6642 21.4196 45
      vertex -24.7138 21.0239 45
    endloop
  endfacet
  facet normal 0 0 1
    outer loop
      vertex -24.5473 -21.904 45
      vertex -24.725 -20.725 45
      vertex -24.6457 -21.5176 45
    endloop
  endfacet
  facet normal 0 0 1
    outer loop
      vertex -24.6457 -21.5176 45
      vertex -24.725 -20.725 45
      vertex -24.7051 -21.1233 45
    endloop
  endfacet
  facet normal -0.974938 0.222477 0
    outer loop
      vertex -24.6642 21.4196 0
      vertex -24.5755 21.8083 45
      vertex -24.5755 21.8083 0
    endloop
  endfacet
  facet normal -0.974938 0.222477 0
    outer loop
      vertex -24.5755 21.8083 45
      vertex -24.6642 21.4196 0
      vertex -24.6642 21.4196 45
    endloop
  endfacet
  facet normal -0.85335 -0.521338 0
    outer loop
      vertex -24.03 -22.9783 0
      vertex -24.2379 -22.638 45
      vertex -24.2379 -22.638 0
    endloop
  endfacet
  facet normal -0.85335 -0.521338 0
    outer loop
      vertex -24.2379 -22.638 45
      vertex -24.03 -22.9783 0
      vertex -24.03 -22.9783 45
    endloop
  endfacet
  facet normal 1 -0 0
    outer loop
      vertex 24.725 -20.725 45
      vertex 24.725 20.725 0
      vertex 24.725 20.725 45
    endloop
  endfacet
  facet normal 1 0 0
    outer loop
      vertex 24.725 20.725 0
      vertex 24.725 -20.725 45
      vertex 24.725 -20.725 0
    endloop
  endfacet
  facet normal 0.603925 -0.797041 0
    outer loop
      vertex 22.9783 -24.03 0
      vertex 23.2961 -23.7892 45
      vertex 22.9783 -24.03 45
    endloop
  endfacet
  facet normal 0.603925 -0.797041 0
    outer loop
      vertex 23.2961 -23.7892 45
      vertex 22.9783 -24.03 0
      vertex 23.2961 -23.7892 0
    endloop
  endfacet
  facet normal 0.85335 0.521338 0
    outer loop
      vertex 24.2379 22.638 45
      vertex 24.03 22.9783 0
      vertex 24.03 22.9783 45
    endloop
  endfacet
  facet normal 0.85335 0.521338 0
    outer loop
      vertex 24.03 22.9783 0
      vertex 24.2379 22.638 45
      vertex 24.2379 22.638 0
    endloop
  endfacet
  facet normal -0.661588 -0.749867 0
    outer loop
      vertex -23.5179 -23.5885 0
      vertex -23.2189 -23.8523 45
      vertex -23.5179 -23.5885 45
    endloop
  endfacet
  facet normal -0.661588 -0.749867 -0
    outer loop
      vertex -23.2189 -23.8523 45
      vertex -23.5179 -23.5885 0
      vertex -23.2189 -23.8523 0
    endloop
  endfacet
  facet normal 0.499968 0.866044 -0
    outer loop
      vertex 22.8952 24.0851 0
      vertex 22.5498 24.2845 45
      vertex 22.8952 24.0851 45
    endloop
  endfacet
  facet normal 0.499968 0.866044 0
    outer loop
      vertex 22.5498 24.2845 45
      vertex 22.8952 24.0851 0
      vertex 22.5498 24.2845 0
    endloop
  endfacet
  facet normal -0.148966 0.988842 0
    outer loop
      vertex -21.1233 24.7051 0
      vertex -21.5176 24.6457 45
      vertex -21.1233 24.7051 45
    endloop
  endfacet
  facet normal -0.148966 0.988842 0
    outer loop
      vertex -21.5176 24.6457 45
      vertex -21.1233 24.7051 0
      vertex -21.5176 24.6457 0
    endloop
  endfacet
  facet normal 0.661588 0.749867 -0
    outer loop
      vertex 23.5179 23.5885 0
      vertex 23.2189 23.8523 45
      vertex 23.5179 23.5885 45
    endloop
  endfacet
  facet normal 0.661588 0.749867 0
    outer loop
      vertex 23.2189 23.8523 45
      vertex 23.5179 23.5885 0
      vertex 23.2189 23.8523 0
    endloop
  endfacet
  facet normal -0.866044 0.499968 0
    outer loop
      vertex -24.2845 22.5498 0
      vertex -24.0851 22.8952 45
      vertex -24.0851 22.8952 0
    endloop
  endfacet
  facet normal -0.866044 0.499968 0
    outer loop
      vertex -24.0851 22.8952 45
      vertex -24.2845 22.5498 0
      vertex -24.2845 22.5498 45
    endloop
  endfacet
  facet normal -0.91148 0.411345 0
    outer loop
      vertex -24.4485 22.1864 0
      vertex -24.2845 22.5498 45
      vertex -24.2845 22.5498 0
    endloop
  endfacet
  facet normal -0.91148 0.411345 0
    outer loop
      vertex -24.2845 22.5498 45
      vertex -24.4485 22.1864 0
      vertex -24.4485 22.1864 45
    endloop
  endfacet
  facet normal -0.992235 0.124374 0
    outer loop
      vertex -24.7138 21.0239 0
      vertex -24.6642 21.4196 45
      vertex -24.6642 21.4196 0
    endloop
  endfacet
  facet normal -0.992235 0.124374 0
    outer loop
      vertex -24.6642 21.4196 45
      vertex -24.7138 21.0239 0
      vertex -24.7138 21.0239 45
    endloop
  endfacet
  facet normal 0.411345 0.91148 -0
    outer loop
      vertex 22.5498 24.2845 0
      vertex 22.1864 24.4485 45
      vertex 22.5498 24.2845 45
    endloop
  endfacet
  facet normal 0.411345 0.91148 0
    outer loop
      vertex 22.1864 24.4485 45
      vertex 22.5498 24.2845 0
      vertex 22.1864 24.4485 0
    endloop
  endfacet
  facet normal -0.900998 -0.433823 0
    outer loop
      vertex -24.2379 -22.638 0
      vertex -24.4109 -22.2787 45
      vertex -24.4109 -22.2787 0
    endloop
  endfacet
  facet normal -0.900998 -0.433823 0
    outer loop
      vertex -24.4109 -22.2787 45
      vertex -24.2379 -22.638 0
      vertex -24.2379 -22.638 45
    endloop
  endfacet
  facet normal 0.988842 0.148966 0
    outer loop
      vertex 24.7051 21.1233 45
      vertex 24.6457 21.5176 0
      vertex 24.6457 21.5176 45
    endloop
  endfacet
  facet normal 0.988842 0.148966 0
    outer loop
      vertex 24.6457 21.5176 0
      vertex 24.7051 21.1233 45
      vertex 24.7051 21.1233 0
    endloop
  endfacet
  facet normal -0.0499001 0.998754 0
    outer loop
      vertex -20.725 24.725 0
      vertex -21.1233 24.7051 45
      vertex -20.725 24.725 45
    endloop
  endfacet
  facet normal -0.0499001 0.998754 0
    outer loop
      vertex -21.1233 24.7051 45
      vertex -20.725 24.725 0
      vertex -21.1233 24.7051 0
    endloop
  endfacet
  facet normal -0.246782 0.969071 0
    outer loop
      vertex -21.5176 24.6457 0
      vertex -21.904 24.5473 45
      vertex -21.5176 24.6457 45
    endloop
  endfacet
  facet normal -0.246782 0.969071 0
    outer loop
      vertex -21.904 24.5473 45
      vertex -21.5176 24.6457 0
      vertex -21.904 24.5473 0
    endloop
  endfacet
  facet normal -0.999299 0.0374444 0
    outer loop
      vertex -24.725 20.725 0
      vertex -24.7138 21.0239 45
      vertex -24.7138 21.0239 0
    endloop
  endfacet
  facet normal -0.999299 0.0374444 0
    outer loop
      vertex -24.7138 21.0239 45
      vertex -24.725 20.725 0
      vertex -24.725 20.725 45
    endloop
  endfacet
  facet normal -0.749867 0.661588 0
    outer loop
      vertex -23.8523 23.2189 0
      vertex -23.5885 23.5179 45
      vertex -23.5885 23.5179 0
    endloop
  endfacet
  facet normal -0.749867 0.661588 0
    outer loop
      vertex -23.5885 23.5179 45
      vertex -23.8523 23.2189 0
      vertex -23.8523 23.2189 45
    endloop
  endfacet
  facet normal 0.998754 0.0499001 0
    outer loop
      vertex 24.725 20.725 45
      vertex 24.7051 21.1233 0
      vertex 24.7051 21.1233 45
    endloop
  endfacet
  facet normal 0.998754 0.0499001 0
    outer loop
      vertex 24.7051 21.1233 0
      vertex 24.725 20.725 45
      vertex 24.725 20.725 0
    endloop
  endfacet
  facet normal -0.947954 0.318408 0
    outer loop
      vertex -24.5755 21.8083 0
      vertex -24.4485 22.1864 45
      vertex -24.4485 22.1864 0
    endloop
  endfacet
  facet normal -0.947954 0.318408 0
    outer loop
      vertex -24.4485 22.1864 45
      vertex -24.5755 21.8083 0
      vertex -24.5755 21.8083 45
    endloop
  endfacet
  facet normal 0.318408 0.947954 -0
    outer loop
      vertex 22.1864 24.4485 0
      vertex 21.8083 24.5755 45
      vertex 22.1864 24.4485 45
    endloop
  endfacet
  facet normal 0.318408 0.947954 0
    outer loop
      vertex 21.8083 24.5755 45
      vertex 22.1864 24.4485 0
      vertex 21.8083 24.5755 0
    endloop
  endfacet
  facet normal -0.969071 -0.246782 0
    outer loop
      vertex -24.5473 -21.904 0
      vertex -24.6457 -21.5176 45
      vertex -24.6457 -21.5176 0
    endloop
  endfacet
  facet normal -0.969071 -0.246782 0
    outer loop
      vertex -24.6457 -21.5176 45
      vertex -24.5473 -21.904 0
      vertex -24.5473 -21.904 45
    endloop
  endfacet
  facet normal 0.974938 -0.222477 0
    outer loop
      vertex 24.5755 -21.8083 45
      vertex 24.6642 -21.4196 0
      vertex 24.6642 -21.4196 45
    endloop
  endfacet
  facet normal 0.974938 -0.222477 0
    outer loop
      vertex 24.6642 -21.4196 0
      vertex 24.5755 -21.8083 45
      vertex 24.5755 -21.8083 0
    endloop
  endfacet
  facet normal 0.900998 0.433823 0
    outer loop
      vertex 24.4109 22.2787 45
      vertex 24.2379 22.638 0
      vertex 24.2379 22.638 45
    endloop
  endfacet
  facet normal 0.900998 0.433823 0
    outer loop
      vertex 24.2379 22.638 0
      vertex 24.4109 22.2787 45
      vertex 24.4109 22.2787 0
    endloop
  endfacet
  facet normal 0.433823 -0.900998 0
    outer loop
      vertex 22.2787 -24.4109 0
      vertex 22.638 -24.2379 45
      vertex 22.2787 -24.4109 45
    endloop
  endfacet
  facet normal 0.433823 -0.900998 0
    outer loop
      vertex 22.638 -24.2379 45
      vertex 22.2787 -24.4109 0
      vertex 22.638 -24.2379 0
    endloop
  endfacet
  facet normal -0.499968 -0.866044 0
    outer loop
      vertex -22.8952 -24.0851 0
      vertex -22.5498 -24.2845 45
      vertex -22.8952 -24.0851 45
    endloop
  endfacet
  facet normal -0.499968 -0.866044 -0
    outer loop
      vertex -22.5498 -24.2845 45
      vertex -22.8952 -24.0851 0
      vertex -22.5498 -24.2845 0
    endloop
  endfacet
  facet normal -0.583869 -0.811848 0
    outer loop
      vertex -23.2189 -23.8523 0
      vertex -22.8952 -24.0851 45
      vertex -23.2189 -23.8523 45
    endloop
  endfacet
  facet normal -0.583869 -0.811848 -0
    outer loop
      vertex -22.8952 -24.0851 45
      vertex -23.2189 -23.8523 0
      vertex -22.8952 -24.0851 0
    endloop
  endfacet
  facet normal -0.222477 -0.974938 0
    outer loop
      vertex -21.8083 -24.5755 0
      vertex -21.4196 -24.6642 45
      vertex -21.8083 -24.5755 45
    endloop
  endfacet
  facet normal -0.222477 -0.974938 -0
    outer loop
      vertex -21.4196 -24.6642 45
      vertex -21.8083 -24.5755 0
      vertex -21.4196 -24.6642 0
    endloop
  endfacet
  facet normal 0.939676 0.342065 0
    outer loop
      vertex 24.5473 21.904 45
      vertex 24.4109 22.2787 0
      vertex 24.4109 22.2787 45
    endloop
  endfacet
  facet normal 0.939676 0.342065 0
    outer loop
      vertex 24.4109 22.2787 0
      vertex 24.5473 21.904 45
      vertex 24.5473 21.904 0
    endloop
  endfacet
  facet normal 0.680163 -0.733061 0
    outer loop
      vertex 23.2961 -23.7892 0
      vertex 23.5885 -23.5179 45
      vertex 23.2961 -23.7892 45
    endloop
  endfacet
  facet normal 0.680163 -0.733061 0
    outer loop
      vertex 23.5885 -23.5179 45
      vertex 23.2961 -23.7892 0
      vertex 23.5885 -23.5179 0
    endloop
  endfacet
  facet normal -0.318408 -0.947954 0
    outer loop
      vertex -22.1864 -24.4485 0
      vertex -21.8083 -24.5755 45
      vertex -22.1864 -24.4485 45
    endloop
  endfacet
  facet normal -0.318408 -0.947954 -0
    outer loop
      vertex -21.8083 -24.5755 45
      vertex -22.1864 -24.4485 0
      vertex -21.8083 -24.5755 0
    endloop
  endfacet
  facet normal -0.124374 -0.992235 0
    outer loop
      vertex -21.4196 -24.6642 0
      vertex -21.0239 -24.7138 45
      vertex -21.4196 -24.6642 45
    endloop
  endfacet
  facet normal -0.124374 -0.992235 -0
    outer loop
      vertex -21.0239 -24.7138 45
      vertex -21.4196 -24.6642 0
      vertex -21.0239 -24.7138 0
    endloop
  endfacet
  facet normal -0.603925 0.797041 0
    outer loop
      vertex -22.9783 24.03 0
      vertex -23.2961 23.7892 45
      vertex -22.9783 24.03 45
    endloop
  endfacet
  facet normal -0.603925 0.797041 0
    outer loop
      vertex -23.2961 23.7892 45
      vertex -22.9783 24.03 0
      vertex -23.2961 23.7892 0
    endloop
  endfacet
  facet normal 0.521338 -0.85335 0
    outer loop
      vertex 22.638 -24.2379 0
      vertex 22.9783 -24.03 45
      vertex 22.638 -24.2379 45
    endloop
  endfacet
  facet normal 0.521338 -0.85335 0
    outer loop
      vertex 22.9783 -24.03 45
      vertex 22.638 -24.2379 0
      vertex 22.9783 -24.03 0
    endloop
  endfacet
  facet normal 0.811848 -0.583869 0
    outer loop
      vertex 23.8523 -23.2189 45
      vertex 24.0851 -22.8952 0
      vertex 24.0851 -22.8952 45
    endloop
  endfacet
  facet normal 0.811848 -0.583869 0
    outer loop
      vertex 24.0851 -22.8952 0
      vertex 23.8523 -23.2189 45
      vertex 23.8523 -23.2189 0
    endloop
  endfacet
  facet normal 0.947954 -0.318408 0
    outer loop
      vertex 24.4485 -22.1864 45
      vertex 24.5755 -21.8083 0
      vertex 24.5755 -21.8083 45
    endloop
  endfacet
  facet normal 0.947954 -0.318408 0
    outer loop
      vertex 24.5755 -21.8083 0
      vertex 24.4485 -22.1864 45
      vertex 24.4485 -22.1864 0
    endloop
  endfacet
  facet normal 0.999299 -0.0374444 0
    outer loop
      vertex 24.7138 -21.0239 45
      vertex 24.725 -20.725 0
      vertex 24.725 -20.725 45
    endloop
  endfacet
  facet normal 0.999299 -0.0374444 0
    outer loop
      vertex 24.725 -20.725 0
      vertex 24.7138 -21.0239 45
      vertex 24.7138 -21.0239 0
    endloop
  endfacet
  facet normal 0.583869 0.811848 -0
    outer loop
      vertex 23.2189 23.8523 0
      vertex 22.8952 24.0851 45
      vertex 23.2189 23.8523 45
    endloop
  endfacet
  facet normal 0.583869 0.811848 0
    outer loop
      vertex 22.8952 24.0851 45
      vertex 23.2189 23.8523 0
      vertex 22.8952 24.0851 0
    endloop
  endfacet
  facet normal 0.749867 -0.661588 0
    outer loop
      vertex 23.5885 -23.5179 45
      vertex 23.8523 -23.2189 0
      vertex 23.8523 -23.2189 45
    endloop
  endfacet
  facet normal 0.749867 -0.661588 0
    outer loop
      vertex 23.8523 -23.2189 0
      vertex 23.5885 -23.5179 45
      vertex 23.5885 -23.5179 0
    endloop
  endfacet
  facet normal 0.733061 0.680163 0
    outer loop
      vertex 23.7892 23.2961 45
      vertex 23.5179 23.5885 0
      vertex 23.5179 23.5885 45
    endloop
  endfacet
  facet normal 0.733061 0.680163 0
    outer loop
      vertex 23.5179 23.5885 0
      vertex 23.7892 23.2961 45
      vertex 23.7892 23.2961 0
    endloop
  endfacet
  facet normal 0.222477 0.974938 -0
    outer loop
      vertex 21.8083 24.5755 0
      vertex 21.4196 24.6642 45
      vertex 21.8083 24.5755 45
    endloop
  endfacet
  facet normal 0.222477 0.974938 0
    outer loop
      vertex 21.4196 24.6642 45
      vertex 21.8083 24.5755 0
      vertex 21.4196 24.6642 0
    endloop
  endfacet
  facet normal 0.797041 0.603925 0
    outer loop
      vertex 24.03 22.9783 45
      vertex 23.7892 23.2961 0
      vertex 23.7892 23.2961 45
    endloop
  endfacet
  facet normal 0.797041 0.603925 0
    outer loop
      vertex 23.7892 23.2961 0
      vertex 24.03 22.9783 45
      vertex 24.03 22.9783 0
    endloop
  endfacet
  facet normal 0.992235 -0.124374 0
    outer loop
      vertex 24.6642 -21.4196 45
      vertex 24.7138 -21.0239 0
      vertex 24.7138 -21.0239 45
    endloop
  endfacet
  facet normal 0.992235 -0.124374 0
    outer loop
      vertex 24.7138 -21.0239 0
      vertex 24.6642 -21.4196 45
      vertex 24.6642 -21.4196 0
    endloop
  endfacet
  facet normal 0.969071 0.246782 0
    outer loop
      vertex 24.6457 21.5176 45
      vertex 24.5473 21.904 0
      vertex 24.5473 21.904 45
    endloop
  endfacet
  facet normal 0.969071 0.246782 0
    outer loop
      vertex 24.5473 21.904 0
      vertex 24.6457 21.5176 45
      vertex 24.6457 21.5176 0
    endloop
  endfacet
  facet normal 0.124374 0.992235 -0
    outer loop
      vertex 21.4196 24.6642 0
      vertex 21.0239 24.7138 45
      vertex 21.4196 24.6642 45
    endloop
  endfacet
  facet normal 0.124374 0.992235 0
    outer loop
      vertex 21.0239 24.7138 45
      vertex 21.4196 24.6642 0
      vertex 21.0239 24.7138 0
    endloop
  endfacet
  facet normal 0.0374444 0.999299 -0
    outer loop
      vertex 21.0239 24.7138 0
      vertex 20.725 24.725 45
      vertex 21.0239 24.7138 45
    endloop
  endfacet
  facet normal 0.0374444 0.999299 0
    outer loop
      vertex 20.725 24.725 45
      vertex 21.0239 24.7138 0
      vertex 20.725 24.725 0
    endloop
  endfacet
  facet normal 0 0 -1
    outer loop
      vertex 6 -158 0
      vertex -6 -142 0
      vertex 6 -24.725 0
    endloop
  endfacet
  facet normal 0 0 -1
    outer loop
      vertex -21.75 -158 0
      vertex -6 -142 0
      vertex 6 -158 0
    endloop
  endfacet
  facet normal -0 0 -1
    outer loop
      vertex -6 -142 0
      vertex -21.75 -158 0
      vertex -21.75 -142 0
    endloop
  endfacet
  facet normal 0 0 -1
    outer loop
      vertex 17.725 -17.725 0
      vertex 24.725 -20.725 0
      vertex 24.7138 -21.0239 0
    endloop
  endfacet
  facet normal 0 0 -1
    outer loop
      vertex 24.725 -20.725 0
      vertex 17.725 -17.725 0
      vertex 24.725 20.725 0
    endloop
  endfacet
  facet normal 0 0 -1
    outer loop
      vertex 17.725 -17.725 0
      vertex 24.7138 -21.0239 0
      vertex 24.6642 -21.4196 0
    endloop
  endfacet
  facet normal 0 0 -1
    outer loop
      vertex 24.725 20.725 0
      vertex 17.725 -17.725 0
      vertex 17.725 17.725 0
    endloop
  endfacet
  facet normal 0 0 -1
    outer loop
      vertex 17.725 -17.725 0
      vertex 24.6642 -21.4196 0
      vertex 24.5755 -21.8083 0
    endloop
  endfacet
  facet normal -0 0 -1
    outer loop
      vertex 24.725 20.725 0
      vertex 17.725 17.725 0
      vertex 24.7051 21.1233 0
    endloop
  endfacet
  facet normal 0 0 -1
    outer loop
      vertex 17.725 -17.725 0
      vertex 24.5755 -21.8083 0
      vertex 24.4485 -22.1864 0
    endloop
  endfacet
  facet normal -0 0 -1
    outer loop
      vertex 24.7051 21.1233 0
      vertex 17.725 17.725 0
      vertex 24.6457 21.5176 0
    endloop
  endfacet
  facet normal 0 0 -1
    outer loop
      vertex 17.725 -17.725 0
      vertex 24.4485 -22.1864 0
      vertex 24.2845 -22.5498 0
    endloop
  endfacet
  facet normal -0 0 -1
    outer loop
      vertex 24.6457 21.5176 0
      vertex 17.725 17.725 0
      vertex 24.5473 21.904 0
    endloop
  endfacet
  facet normal 0 0 -1
    outer loop
      vertex 17.725 -17.725 0
      vertex 24.2845 -22.5498 0
      vertex 24.0851 -22.8952 0
    endloop
  endfacet
  facet normal -0 0 -1
    outer loop
      vertex 24.5473 21.904 0
      vertex 17.725 17.725 0
      vertex 24.4109 22.2787 0
    endloop
  endfacet
  facet normal 0 0 -1
    outer loop
      vertex 17.725 -17.725 0
      vertex 24.0851 -22.8952 0
      vertex 23.8523 -23.2189 0
    endloop
  endfacet
  facet normal -0 0 -1
    outer loop
      vertex 24.4109 22.2787 0
      vertex 17.725 17.725 0
      vertex 24.2379 22.638 0
    endloop
  endfacet
  facet normal 0 0 -1
    outer loop
      vertex 17.725 -17.725 0
      vertex 23.8523 -23.2189 0
      vertex 23.5885 -23.5179 0
    endloop
  endfacet
  facet normal -0 0 -1
    outer loop
      vertex 24.2379 22.638 0
      vertex 17.725 17.725 0
      vertex 24.03 22.9783 0
    endloop
  endfacet
  facet normal 0 0 -1
    outer loop
      vertex 17.725 -17.725 0
      vertex 23.5885 -23.5179 0
      vertex 23.2961 -23.7892 0
    endloop
  endfacet
  facet normal -0 0 -1
    outer loop
      vertex 24.03 22.9783 0
      vertex 17.725 17.725 0
      vertex 23.7892 23.2961 0
    endloop
  endfacet
  facet normal 0 0 -1
    outer loop
      vertex 17.725 -17.725 0
      vertex 23.2961 -23.7892 0
      vertex 22.9783 -24.03 0
    endloop
  endfacet
  facet normal -0 0 -1
    outer loop
      vertex 23.7892 23.2961 0
      vertex 17.725 17.725 0
      vertex 23.5179 23.5885 0
    endloop
  endfacet
  facet normal 0 0 -1
    outer loop
      vertex 17.725 -17.725 0
      vertex 22.9783 -24.03 0
      vertex 22.638 -24.2379 0
    endloop
  endfacet
  facet normal -0 0 -1
    outer loop
      vertex 23.5179 23.5885 0
      vertex 17.725 17.725 0
      vertex 23.2189 23.8523 0
    endloop
  endfacet
  facet normal 0 0 -1
    outer loop
      vertex 17.725 -17.725 0
      vertex 22.638 -24.2379 0
      vertex 22.2787 -24.4109 0
    endloop
  endfacet
  facet normal -0 0 -1
    outer loop
      vertex 23.2189 23.8523 0
      vertex 17.725 17.725 0
      vertex 22.8952 24.0851 0
    endloop
  endfacet
  facet normal 0 0 -1
    outer loop
      vertex 17.725 -17.725 0
      vertex 22.2787 -24.4109 0
      vertex 21.904 -24.5473 0
    endloop
  endfacet
  facet normal -0 0 -1
    outer loop
      vertex 22.8952 24.0851 0
      vertex 17.725 17.725 0
      vertex 22.5498 24.2845 0
    endloop
  endfacet
  facet normal 0 0 -1
    outer loop
      vertex 17.725 -17.725 0
      vertex 21.904 -24.5473 0
      vertex 21.5176 -24.6457 0
    endloop
  endfacet
  facet normal -0 0 -1
    outer loop
      vertex 22.5498 24.2845 0
      vertex 17.725 17.725 0
      vertex 22.1864 24.4485 0
    endloop
  endfacet
  facet normal 0 0 -1
    outer loop
      vertex 17.725 -17.725 0
      vertex 21.5176 -24.6457 0
      vertex 21.1233 -24.7051 0
    endloop
  endfacet
  facet normal -0 0 -1
    outer loop
      vertex 22.1864 24.4485 0
      vertex 17.725 17.725 0
      vertex 21.8083 24.5755 0
    endloop
  endfacet
  facet normal 0 0 -1
    outer loop
      vertex 17.725 -17.725 0
      vertex 21.1233 -24.7051 0
      vertex 20.725 -24.725 0
    endloop
  endfacet
  facet normal -0 0 -1
    outer loop
      vertex 21.8083 24.5755 0
      vertex 17.725 17.725 0
      vertex 21.4196 24.6642 0
    endloop
  endfacet
  facet normal 0 0 -1
    outer loop
      vertex 17.725 -17.725 0
      vertex 20.725 -24.725 0
      vertex 18 -24.725 0
    endloop
  endfacet
  facet normal -0 0 -1
    outer loop
      vertex 21.4196 24.6642 0
      vertex 17.725 17.725 0
      vertex 21.0239 24.7138 0
    endloop
  endfacet
  facet normal -0 0 -1
    outer loop
      vertex 21.0239 24.7138 0
      vertex 17.725 17.725 0
      vertex 20.725 24.725 0
    endloop
  endfacet
  facet normal 0 0 -1
    outer loop
      vertex -17.725 17.725 0
      vertex 20.725 24.725 0
      vertex 17.725 17.725 0
    endloop
  endfacet
  facet normal 0 0 -1
    outer loop
      vertex -24.725 -20.725 0
      vertex -17.725 -17.725 0
      vertex -20.725 -24.725 0
    endloop
  endfacet
  facet normal 0 0 -1
    outer loop
      vertex -17.725 17.725 0
      vertex -20.725 24.725 0
      vertex 20.725 24.725 0
    endloop
  endfacet
  facet normal -0 0 -1
    outer loop
      vertex -17.725 -17.725 0
      vertex -24.725 -20.725 0
      vertex -17.725 17.725 0
    endloop
  endfacet
  facet normal 0 0 -1
    outer loop
      vertex -24.725 -20.725 0
      vertex -20.725 -24.725 0
      vertex -21.0239 -24.7138 0
    endloop
  endfacet
  facet normal 0 0 -1
    outer loop
      vertex -24.725 20.725 0
      vertex -17.725 17.725 0
      vertex -24.725 -20.725 0
    endloop
  endfacet
  facet normal 0 0 -1
    outer loop
      vertex -24.725 -20.725 0
      vertex -21.0239 -24.7138 0
      vertex -21.4196 -24.6642 0
    endloop
  endfacet
  facet normal 0 0 -1
    outer loop
      vertex -17.725 17.725 0
      vertex -24.725 20.725 0
      vertex -20.725 24.725 0
    endloop
  endfacet
  facet normal 0 0 -1
    outer loop
      vertex -24.725 -20.725 0
      vertex -21.4196 -24.6642 0
      vertex -21.8083 -24.5755 0
    endloop
  endfacet
  facet normal 0 0 -1
    outer loop
      vertex -20.725 24.725 0
      vertex -24.725 20.725 0
      vertex -21.1233 24.7051 0
    endloop
  endfacet
  facet normal 0 0 -1
    outer loop
      vertex -24.725 -20.725 0
      vertex -21.8083 -24.5755 0
      vertex -22.1864 -24.4485 0
    endloop
  endfacet
  facet normal 0 0 -1
    outer loop
      vertex -21.1233 24.7051 0
      vertex -24.725 20.725 0
      vertex -21.5176 24.6457 0
    endloop
  endfacet
  facet normal 0 0 -1
    outer loop
      vertex -24.725 -20.725 0
      vertex -22.1864 -24.4485 0
      vertex -22.5498 -24.2845 0
    endloop
  endfacet
  facet normal 0 0 -1
    outer loop
      vertex -21.5176 24.6457 0
      vertex -24.725 20.725 0
      vertex -21.904 24.5473 0
    endloop
  endfacet
  facet normal 0 0 -1
    outer loop
      vertex -24.725 -20.725 0
      vertex -22.5498 -24.2845 0
      vertex -22.8952 -24.0851 0
    endloop
  endfacet
  facet normal 0 0 -1
    outer loop
      vertex -21.904 24.5473 0
      vertex -24.725 20.725 0
      vertex -22.2787 24.4109 0
    endloop
  endfacet
  facet normal 0 0 -1
    outer loop
      vertex -24.725 -20.725 0
      vertex -22.8952 -24.0851 0
      vertex -23.2189 -23.8523 0
    endloop
  endfacet
  facet normal 0 0 -1
    outer loop
      vertex -22.2787 24.4109 0
      vertex -24.725 20.725 0
      vertex -22.638 24.2379 0
    endloop
  endfacet
  facet normal 0 0 -1
    outer loop
      vertex -24.725 -20.725 0
      vertex -23.2189 -23.8523 0
      vertex -23.5179 -23.5885 0
    endloop
  endfacet
  facet normal 0 0 -1
    outer loop
      vertex -22.638 24.2379 0
      vertex -24.725 20.725 0
      vertex -22.9783 24.03 0
    endloop
  endfacet
  facet normal 0 0 -1
    outer loop
      vertex -24.725 -20.725 0
      vertex -23.5179 -23.5885 0
      vertex -23.7892 -23.2961 0
    endloop
  endfacet
  facet normal 0 0 -1
    outer loop
      vertex -22.9783 24.03 0
      vertex -24.725 20.725 0
      vertex -23.2961 23.7892 0
    endloop
  endfacet
  facet normal 0 0 -1
    outer loop
      vertex -24.725 -20.725 0
      vertex -23.7892 -23.2961 0
      vertex -24.03 -22.9783 0
    endloop
  endfacet
  facet normal 0 0 -1
    outer loop
      vertex -23.2961 23.7892 0
      vertex -24.725 20.725 0
      vertex -23.5885 23.5179 0
    endloop
  endfacet
  facet normal 0 0 -1
    outer loop
      vertex -24.725 -20.725 0
      vertex -24.03 -22.9783 0
      vertex -24.2379 -22.638 0
    endloop
  endfacet
  facet normal 0 0 -1
    outer loop
      vertex -23.5885 23.5179 0
      vertex -24.725 20.725 0
      vertex -23.8523 23.2189 0
    endloop
  endfacet
  facet normal 0 0 -1
    outer loop
      vertex -24.725 -20.725 0
      vertex -24.2379 -22.638 0
      vertex -24.4109 -22.2787 0
    endloop
  endfacet
  facet normal 0 0 -1
    outer loop
      vertex -23.8523 23.2189 0
      vertex -24.725 20.725 0
      vertex -24.0851 22.8952 0
    endloop
  endfacet
  facet normal 0 0 -1
    outer loop
      vertex -24.725 -20.725 0
      vertex -24.4109 -22.2787 0
      vertex -24.5473 -21.904 0
    endloop
  endfacet
  facet normal 0 0 -1
    outer loop
      vertex -24.0851 22.8952 0
      vertex -24.725 20.725 0
      vertex -24.2845 22.5498 0
    endloop
  endfacet
  facet normal 0 0 -1
    outer loop
      vertex -24.725 -20.725 0
      vertex -24.5473 -21.904 0
      vertex -24.6457 -21.5176 0
    endloop
  endfacet
  facet normal 0 0 -1
    outer loop
      vertex -24.2845 22.5498 0
      vertex -24.725 20.725 0
      vertex -24.4485 22.1864 0
    endloop
  endfacet
  facet normal 0 0 -1
    outer loop
      vertex -24.725 -20.725 0
      vertex -24.6457 -21.5176 0
      vertex -24.7051 -21.1233 0
    endloop
  endfacet
  facet normal 0 0 -1
    outer loop
      vertex -24.4485 22.1864 0
      vertex -24.725 20.725 0
      vertex -24.5755 21.8083 0
    endloop
  endfacet
  facet normal 0 0 -1
    outer loop
      vertex -24.5755 21.8083 0
      vertex -24.725 20.725 0
      vertex -24.6642 21.4196 0
    endloop
  endfacet
  facet normal 0 0 -1
    outer loop
      vertex -24.6642 21.4196 0
      vertex -24.725 20.725 0
      vertex -24.7138 21.0239 0
    endloop
  endfacet
  facet normal 0 0 -1
    outer loop
      vertex 6 -24.725 0
      vertex 17.725 -17.725 0
      vertex 18 -24.725 0
    endloop
  endfacet
  facet normal 0 0 -1
    outer loop
      vertex -6 -24.725 0
      vertex 6 -24.725 0
      vertex -6 -142 0
    endloop
  endfacet
  facet normal 0 0 -1
    outer loop
      vertex -6 -24.725 0
      vertex 17.725 -17.725 0
      vertex 6 -24.725 0
    endloop
  endfacet
  facet normal 0 0 -1
    outer loop
      vertex -6 -24.725 0
      vertex -17.725 -17.725 0
      vertex 17.725 -17.725 0
    endloop
  endfacet
  facet normal 0 0 -1
    outer loop
      vertex -20.725 -24.725 0
      vertex -17.725 -17.725 0
      vertex -18 -24.725 0
    endloop
  endfacet
  facet normal 0 0 -1
    outer loop
      vertex -6 -24.725 0
      vertex -18 -24.725 0
      vertex -17.725 -17.725 0
    endloop
  endfacet
  facet normal -0.939676 -0.342065 0
    outer loop
      vertex -24.4109 -22.2787 0
      vertex -24.5473 -21.904 45
      vertex -24.5473 -21.904 0
    endloop
  endfacet
  facet normal -0.939676 -0.342065 0
    outer loop
      vertex -24.5473 -21.904 45
      vertex -24.4109 -22.2787 0
      vertex -24.4109 -22.2787 45
    endloop
  endfacet
  facet normal 0.91148 -0.411345 0
    outer loop
      vertex 24.2845 -22.5498 45
      vertex 24.4485 -22.1864 0
      vertex 24.4485 -22.1864 45
    endloop
  endfacet
  facet normal 0.91148 -0.411345 0
    outer loop
      vertex 24.4485 -22.1864 0
      vertex 24.2845 -22.5498 45
      vertex 24.2845 -22.5498 0
    endloop
  endfacet
  facet normal -0.797041 -0.603925 0
    outer loop
      vertex -23.7892 -23.2961 0
      vertex -24.03 -22.9783 45
      vertex -24.03 -22.9783 0
    endloop
  endfacet
  facet normal -0.797041 -0.603925 0
    outer loop
      vertex -24.03 -22.9783 45
      vertex -23.7892 -23.2961 0
      vertex -23.7892 -23.2961 45
    endloop
  endfacet
  facet normal 1 0 0
    outer loop
      vertex 6 -142 30
      vertex 6 -148.371 14.4876
      vertex 6 -148.303 14.0988
    endloop
  endfacet
  facet normal 1 -0 0
    outer loop
      vertex 6 -148.584 34.2505
      vertex 6 -148.231 34.2228
      vertex 6 -148.406 34.2589
    endloop
  endfacet
  facet normal 1 0 0
    outer loop
      vertex 6 -142 30
      vertex 6 -148.528 14.85
      vertex 6 -148.371 14.4876
    endloop
  endfacet
  facet normal 1 0 0
    outer loop
      vertex 6 -148.938 34.2722
      vertex 6 -142 30
      vertex 6 -148.584 34.2505
    endloop
  endfacet
  facet normal 1 -0 0
    outer loop
      vertex 6 -148.938 34.2722
      vertex 6 -148.584 34.2505
      vertex 6 -148.759 34.2836
    endloop
  endfacet
  facet normal 1 0 0
    outer loop
      vertex 6 -142 30
      vertex 6 -148.763 15.1666
      vertex 6 -148.528 14.85
    endloop
  endfacet
  facet normal 1 0 0
    outer loop
      vertex 6 -149.292 34.2876
      vertex 6 -142 30
      vertex 6 -148.938 34.2722
    endloop
  endfacet
  facet normal 1 0 0
    outer loop
      vertex 6 -142 30
      vertex 6 -149.066 15.4203
      vertex 6 -148.763 15.1666
    endloop
  endfacet
  facet normal 1 -0 0
    outer loop
      vertex 6 -149.292 34.2876
      vertex 6 -148.938 34.2722
      vertex 6 -149.114 34.3022
    endloop
  endfacet
  facet normal 1 0 0
    outer loop
      vertex 6 -149.646 34.2969
      vertex 6 -142 30
      vertex 6 -149.292 34.2876
    endloop
  endfacet
  facet normal 1 0 0
    outer loop
      vertex 6 -142 30
      vertex 6 -149.419 15.5975
      vertex 6 -149.066 15.4203
    endloop
  endfacet
  facet normal 1 -0 0
    outer loop
      vertex 6 -149.646 34.2969
      vertex 6 -149.292 34.2876
      vertex 6 -149.468 34.3145
    endloop
  endfacet
  facet normal 1 0 0
    outer loop
      vertex 6 -142 30
      vertex 6 -149.646 34.2969
      vertex 6 -149.803 15.6885
    endloop
  endfacet
  facet normal 1 0 0
    outer loop
      vertex 6 -142 30
      vertex 6 -149.803 15.6885
      vertex 6 -149.419 15.5975
    endloop
  endfacet
  facet normal 1 -0 0
    outer loop
      vertex 6 -150 34.3
      vertex 6 -149.646 34.2969
      vertex 6 -149.823 34.3207
    endloop
  endfacet
  facet normal 1 0 0
    outer loop
      vertex 6 -149.646 34.2969
      vertex 6 -150 34.3
      vertex 6 -149.803 15.6885
    endloop
  endfacet
  facet normal 1 0 0
    outer loop
      vertex 6 -150.354 34.2969
      vertex 6 -150 34.3
      vertex 6 -150.177 34.3207
    endloop
  endfacet
  facet normal 1 0 -0
    outer loop
      vertex 6 -150.197 15.6885
      vertex 6 -150 34.3
      vertex 6 -150.354 34.2969
    endloop
  endfacet
  facet normal 1 0 0
    outer loop
      vertex 6 -150 34.3
      vertex 6 -150.197 15.6885
      vertex 6 -149.803 15.6885
    endloop
  endfacet
  facet normal 1 0 0
    outer loop
      vertex 6 -150.708 34.2876
      vertex 6 -150.354 34.2969
      vertex 6 -150.532 34.3145
    endloop
  endfacet
  facet normal 1 0 0
    outer loop
      vertex 6 -150.354 34.2969
      vertex 6 -150.708 34.2876
      vertex 6 -150.197 15.6885
    endloop
  endfacet
  facet normal 1 -0 0
    outer loop
      vertex 6 -151.062 34.2722
      vertex 6 -150.197 15.6885
      vertex 6 -150.708 34.2876
    endloop
  endfacet
  facet normal 1 0 0
    outer loop
      vertex 6 -151.062 34.2722
      vertex 6 -150.708 34.2876
      vertex 6 -150.886 34.3022
    endloop
  endfacet
  facet normal 1 -0 0
    outer loop
      vertex 6 -151.416 34.2505
      vertex 6 -150.197 15.6885
      vertex 6 -151.062 34.2722
    endloop
  endfacet
  facet normal 1 -0 0
    outer loop
      vertex 6 -151.769 34.2228
      vertex 6 -150.197 15.6885
      vertex 6 -151.416 34.2505
    endloop
  endfacet
  facet normal 1 -0 0
    outer loop
      vertex 6 -152.122 34.1888
      vertex 6 -150.197 15.6885
      vertex 6 -151.769 34.2228
    endloop
  endfacet
  facet normal 1 0 0
    outer loop
      vertex 6 -151.416 34.2505
      vertex 6 -151.062 34.2722
      vertex 6 -151.241 34.2836
    endloop
  endfacet
  facet normal 1 -0 0
    outer loop
      vertex 6 -152.474 34.1487
      vertex 6 -150.197 15.6885
      vertex 6 -152.122 34.1888
    endloop
  endfacet
  facet normal 1 -0 0
    outer loop
      vertex 6 -152.825 34.1024
      vertex 6 -150.197 15.6885
      vertex 6 -152.474 34.1487
    endloop
  endfacet
  facet normal 1 0 0
    outer loop
      vertex 6 -151.769 34.2228
      vertex 6 -151.416 34.2505
      vertex 6 -151.594 34.2589
    endloop
  endfacet
  facet normal 1 0 0
    outer loop
      vertex 6 -150.197 15.6885
      vertex 6 -152.825 34.1024
      vertex 6 -150.581 15.5975
    endloop
  endfacet
  facet normal 1 -0 0
    outer loop
      vertex 6 -153.22 34.0933
      vertex 6 -150.581 15.5975
      vertex 6 -152.825 34.1024
    endloop
  endfacet
  facet normal 1 0 0
    outer loop
      vertex 6 -150.581 15.5975
      vertex 6 -153.22 34.0933
      vertex 6 -150.934 15.4203
    endloop
  endfacet
  facet normal 1 -0 0
    outer loop
      vertex 6 -145.258 36.0421
      vertex 6 -142 30
      vertex 6 -142 46
    endloop
  endfacet
  facet normal 1 0 0
    outer loop
      vertex 6 -142 30
      vertex 6 -145.258 36.0421
      vertex 6 -145.244 35.6476
    endloop
  endfacet
  facet normal 1 0 0
    outer loop
      vertex 6 -142 46
      vertex 6 -145.362 36.4227
      vertex 6 -145.258 36.0421
    endloop
  endfacet
  facet normal 1 0 0
    outer loop
      vertex 6 -142 46
      vertex 6 -145.551 36.7691
      vertex 6 -145.362 36.4227
    endloop
  endfacet
  facet normal 1 0 0
    outer loop
      vertex 6 -142 46
      vertex 6 -145.815 37.0624
      vertex 6 -145.551 36.7691
    endloop
  endfacet
  facet normal 1 0 0
    outer loop
      vertex 6 -142 46
      vertex 6 -146.14 37.2869
      vertex 6 -145.815 37.0624
    endloop
  endfacet
  facet normal 1 0 0
    outer loop
      vertex 6 -142 46
      vertex 6 -146.508 37.4305
      vertex 6 -146.14 37.2869
    endloop
  endfacet
  facet normal 1 0 0
    outer loop
      vertex 6 -142 46
      vertex 6 -146.899 37.4854
      vertex 6 -146.508 37.4305
    endloop
  endfacet
  facet normal 1 -0 0
    outer loop
      vertex 6 -146.917 37.4879
      vertex 6 -146.899 37.4854
      vertex 6 -142 46
    endloop
  endfacet
  facet normal 1 0 0
    outer loop
      vertex 6 -146.899 37.4854
      vertex 6 -146.917 37.4879
      vertex 6 -146.908 37.4845
    endloop
  endfacet
  facet normal 1 0 0
    outer loop
      vertex 6 -142 46
      vertex 6 -147.309 37.536
      vertex 6 -146.917 37.4879
    endloop
  endfacet
  facet normal 1 -0 0
    outer loop
      vertex 6 -147.328 37.5381
      vertex 6 -147.309 37.536
      vertex 6 -142 46
    endloop
  endfacet
  facet normal 1 0 0
    outer loop
      vertex 6 -147.309 37.536
      vertex 6 -147.328 37.5381
      vertex 6 -147.319 37.5349
    endloop
  endfacet
  facet normal 1 0 0
    outer loop
      vertex 6 -142 46
      vertex 6 -147.72 37.5794
      vertex 6 -147.328 37.5381
    endloop
  endfacet
  facet normal 1 -0 0
    outer loop
      vertex 6 -147.739 37.5812
      vertex 6 -147.72 37.5794
      vertex 6 -142 46
    endloop
  endfacet
  facet normal 1 0 0
    outer loop
      vertex 6 -147.72 37.5794
      vertex 6 -147.739 37.5812
      vertex 6 -147.73 37.5781
    endloop
  endfacet
  facet normal 1 0 0
    outer loop
      vertex 6 -142 46
      vertex 6 -148.132 37.6156
      vertex 6 -147.739 37.5812
    endloop
  endfacet
  facet normal 1 -0 0
    outer loop
      vertex 6 -148.151 37.617
      vertex 6 -148.132 37.6156
      vertex 6 -142 46
    endloop
  endfacet
  facet normal 1 0 0
    outer loop
      vertex 6 -148.132 37.6156
      vertex 6 -148.151 37.617
      vertex 6 -148.142 37.6142
    endloop
  endfacet
  facet normal 1 0 0
    outer loop
      vertex 6 -142 46
      vertex 6 -148.544 37.6446
      vertex 6 -148.151 37.617
    endloop
  endfacet
  facet normal 1 -0 0
    outer loop
      vertex 6 -148.563 37.6457
      vertex 6 -148.544 37.6446
      vertex 6 -142 46
    endloop
  endfacet
  facet normal 1 0 0
    outer loop
      vertex 6 -148.544 37.6446
      vertex 6 -148.563 37.6457
      vertex 6 -148.554 37.643
    endloop
  endfacet
  facet normal 1 0 0
    outer loop
      vertex 6 -142 46
      vertex 6 -148.957 37.6664
      vertex 6 -148.563 37.6457
    endloop
  endfacet
  facet normal 1 -0 0
    outer loop
      vertex 6 -148.976 37.6672
      vertex 6 -148.957 37.6664
      vertex 6 -142 46
    endloop
  endfacet
  facet normal 1 0 0
    outer loop
      vertex 6 -148.957 37.6664
      vertex 6 -148.976 37.6672
      vertex 6 -148.967 37.6646
    endloop
  endfacet
  facet normal 1 0 0
    outer loop
      vertex 6 -142 46
      vertex 6 -149.371 37.681
      vertex 6 -148.976 37.6672
    endloop
  endfacet
  facet normal 1 -0 0
    outer loop
      vertex 6 -149.389 37.6815
      vertex 6 -149.371 37.681
      vertex 6 -142 46
    endloop
  endfacet
  facet normal 1 0 0
    outer loop
      vertex 6 -149.371 37.681
      vertex 6 -149.389 37.6815
      vertex 6 -149.38 37.6791
    endloop
  endfacet
  facet normal 1 0 0
    outer loop
      vertex 6 -142 46
      vertex 6 -149.784 37.6883
      vertex 6 -149.389 37.6815
    endloop
  endfacet
  facet normal 1 -0 0
    outer loop
      vertex 6 -149.803 37.6885
      vertex 6 -149.784 37.6883
      vertex 6 -142 46
    endloop
  endfacet
  facet normal 1 0 0
    outer loop
      vertex 6 -149.784 37.6883
      vertex 6 -149.803 37.6885
      vertex 6 -149.793 37.6863
    endloop
  endfacet
  facet normal 1 0 0
    outer loop
      vertex 6 -142 46
      vertex 6 -150.197 37.6885
      vertex 6 -149.803 37.6885
    endloop
  endfacet
  facet normal 1 -0 0
    outer loop
      vertex 6 -158 46
      vertex 6 -150.197 37.6885
      vertex 6 -142 46
    endloop
  endfacet
  facet normal 1 0 0
    outer loop
      vertex 6 -150.197 37.6885
      vertex 6 -150.216 37.6883
      vertex 6 -150.207 37.6863
    endloop
  endfacet
  facet normal 1 0 0
    outer loop
      vertex 6 -150.197 37.6885
      vertex 6 -158 46
      vertex 6 -150.216 37.6883
    endloop
  endfacet
  facet normal 1 0 0
    outer loop
      vertex 6 -150.216 37.6883
      vertex 6 -158 46
      vertex 6 -150.611 37.6815
    endloop
  endfacet
  facet normal 1 0 0
    outer loop
      vertex 6 -150.611 37.6815
      vertex 6 -150.629 37.681
      vertex 6 -150.62 37.6791
    endloop
  endfacet
  facet normal 1 0 0
    outer loop
      vertex 6 -150.611 37.6815
      vertex 6 -158 46
      vertex 6 -150.629 37.681
    endloop
  endfacet
  facet normal 1 0 0
    outer loop
      vertex 6 -150.629 37.681
      vertex 6 -158 46
      vertex 6 -151.024 37.6672
    endloop
  endfacet
  facet normal 1 0 0
    outer loop
      vertex 6 -151.024 37.6672
      vertex 6 -151.043 37.6664
      vertex 6 -151.033 37.6646
    endloop
  endfacet
  facet normal 1 0 0
    outer loop
      vertex 6 -151.024 37.6672
      vertex 6 -158 46
      vertex 6 -151.043 37.6664
    endloop
  endfacet
  facet normal 1 0 0
    outer loop
      vertex 6 -151.043 37.6664
      vertex 6 -158 46
      vertex 6 -151.437 37.6457
    endloop
  endfacet
  facet normal 1 0 -0
    outer loop
      vertex 6 -151.456 37.6446
      vertex 6 -151.437 37.6457
      vertex 6 -158 46
    endloop
  endfacet
  facet normal 1 0 0
    outer loop
      vertex 6 -151.437 37.6457
      vertex 6 -151.456 37.6446
      vertex 6 -151.446 37.643
    endloop
  endfacet
  facet normal 1 0 0
    outer loop
      vertex 6 -151.456 37.6446
      vertex 6 -158 46
      vertex 6 -151.849 37.617
    endloop
  endfacet
  facet normal 1 0 -0
    outer loop
      vertex 6 -151.868 37.6156
      vertex 6 -151.849 37.617
      vertex 6 -158 46
    endloop
  endfacet
  facet normal 1 0 0
    outer loop
      vertex 6 -151.849 37.617
      vertex 6 -151.868 37.6156
      vertex 6 -151.858 37.6142
    endloop
  endfacet
  facet normal 1 0 0
    outer loop
      vertex 6 -151.868 37.6156
      vertex 6 -158 46
      vertex 6 -152.261 37.5812
    endloop
  endfacet
  facet normal 1 0 -0
    outer loop
      vertex 6 -152.28 37.5794
      vertex 6 -152.261 37.5812
      vertex 6 -158 46
    endloop
  endfacet
  facet normal 1 0 0
    outer loop
      vertex 6 -152.261 37.5812
      vertex 6 -152.28 37.5794
      vertex 6 -152.27 37.5781
    endloop
  endfacet
  facet normal 1 0 0
    outer loop
      vertex 6 -152.28 37.5794
      vertex 6 -158 46
      vertex 6 -152.672 37.5381
    endloop
  endfacet
  facet normal 1 0 -0
    outer loop
      vertex 6 -152.691 37.536
      vertex 6 -152.672 37.5381
      vertex 6 -158 46
    endloop
  endfacet
  facet normal 1 0 0
    outer loop
      vertex 6 -152.672 37.5381
      vertex 6 -152.691 37.536
      vertex 6 -152.681 37.5349
    endloop
  endfacet
  facet normal 1 0 0
    outer loop
      vertex 6 -152.691 37.536
      vertex 6 -158 46
      vertex 6 -153.083 37.4879
    endloop
  endfacet
  facet normal 1 0 -0
    outer loop
      vertex 6 -153.101 37.4854
      vertex 6 -153.083 37.4879
      vertex 6 -158 46
    endloop
  endfacet
  facet normal 1 0 0
    outer loop
      vertex 6 -153.083 37.4879
      vertex 6 -153.101 37.4854
      vertex 6 -153.092 37.4845
    endloop
  endfacet
  facet normal 1 0 0
    outer loop
      vertex 6 -153.101 37.4854
      vertex 6 -158 46
      vertex 6 -153.492 37.4305
    endloop
  endfacet
  facet normal 1 0 0
    outer loop
      vertex 6 -153.492 37.4305
      vertex 6 -158 46
      vertex 6 -153.86 37.2869
    endloop
  endfacet
  facet normal 1 0 0
    outer loop
      vertex 6 -154.742 36.0421
      vertex 6 -158 46
      vertex 6 -154.756 35.6476
    endloop
  endfacet
  facet normal 1 0 0
    outer loop
      vertex 6 -154.638 36.4227
      vertex 6 -158 46
      vertex 6 -154.742 36.0421
    endloop
  endfacet
  facet normal 1 0 0
    outer loop
      vertex 6 -154.449 36.7691
      vertex 6 -158 46
      vertex 6 -154.638 36.4227
    endloop
  endfacet
  facet normal 1 0 0
    outer loop
      vertex 6 -154.185 37.0624
      vertex 6 -158 46
      vertex 6 -154.449 36.7691
    endloop
  endfacet
  facet normal 1 0 0
    outer loop
      vertex 6 -153.86 37.2869
      vertex 6 -158 46
      vertex 6 -154.185 37.0624
    endloop
  endfacet
  facet normal 1 -0 0
    outer loop
      vertex 6 -142 30
      vertex 6 -24.725 0
      vertex 6 -24.725 30
    endloop
  endfacet
  facet normal 1 -0 0
    outer loop
      vertex 6 -145.321 35.2606
      vertex 6 -142 30
      vertex 6 -145.244 35.6476
    endloop
  endfacet
  facet normal 1 -0 0
    outer loop
      vertex 6 -145.486 34.9019
      vertex 6 -142 30
      vertex 6 -145.321 35.2606
    endloop
  endfacet
  facet normal 1 -0 0
    outer loop
      vertex 6 -145.729 34.5908
      vertex 6 -142 30
      vertex 6 -145.486 34.9019
    endloop
  endfacet
  facet normal 1 -0 0
    outer loop
      vertex 6 -146.037 34.3442
      vertex 6 -142 30
      vertex 6 -145.729 34.5908
    endloop
  endfacet
  facet normal 1 -0 0
    outer loop
      vertex 6 -146.394 34.1753
      vertex 6 -142 30
      vertex 6 -146.037 34.3442
    endloop
  endfacet
  facet normal 1 -0 0
    outer loop
      vertex 6 -146.78 34.0933
      vertex 6 -142 30
      vertex 6 -146.394 34.1753
    endloop
  endfacet
  facet normal 1 0 0
    outer loop
      vertex 6 -147.175 34.1024
      vertex 6 -142 30
      vertex 6 -146.78 34.0933
    endloop
  endfacet
  facet normal 1 0 0
    outer loop
      vertex 6 -147.526 34.1487
      vertex 6 -147.175 34.1024
      vertex 6 -147.348 34.1476
    endloop
  endfacet
  facet normal 1 0 0
    outer loop
      vertex 6 -147.175 34.1024
      vertex 6 -147.526 34.1487
      vertex 6 -142 30
    endloop
  endfacet
  facet normal 1 -0 0
    outer loop
      vertex 6 -147.878 34.1888
      vertex 6 -147.526 34.1487
      vertex 6 -147.7 34.1909
    endloop
  endfacet
  facet normal 1 0 0
    outer loop
      vertex 6 -147.526 34.1487
      vertex 6 -147.878 34.1888
      vertex 6 -142 30
    endloop
  endfacet
  facet normal 1 -0 0
    outer loop
      vertex 6 -148.231 34.2228
      vertex 6 -147.878 34.1888
      vertex 6 -148.052 34.2279
    endloop
  endfacet
  facet normal 1 0 0
    outer loop
      vertex 6 -147.878 34.1888
      vertex 6 -148.231 34.2228
      vertex 6 -142 30
    endloop
  endfacet
  facet normal 1 0 0
    outer loop
      vertex 6 -148.584 34.2505
      vertex 6 -142 30
      vertex 6 -148.231 34.2228
    endloop
  endfacet
  facet normal 1 0 0
    outer loop
      vertex 6 -148.326 13.7048
      vertex 6 -142 30
      vertex 6 -148.303 14.0988
    endloop
  endfacet
  facet normal 1 0 0
    outer loop
      vertex 6 -142 30
      vertex 6 -148.326 13.7048
      vertex 6 -24.725 0
    endloop
  endfacet
  facet normal 1 -0 0
    outer loop
      vertex 6 -148.439 13.3267
      vertex 6 -24.725 0
      vertex 6 -148.326 13.7048
    endloop
  endfacet
  facet normal 1 -0 0
    outer loop
      vertex 6 -148.636 12.9848
      vertex 6 -24.725 0
      vertex 6 -148.439 13.3267
    endloop
  endfacet
  facet normal 1 0 0
    outer loop
      vertex 6 -158 0
      vertex 6 -148.636 12.9848
      vertex 6 -148.907 12.6977
    endloop
  endfacet
  facet normal 1 0 0
    outer loop
      vertex 6 -158 0
      vertex 6 -148.907 12.6977
      vertex 6 -149.237 12.4808
    endloop
  endfacet
  facet normal 1 0 0
    outer loop
      vertex 6 -158 0
      vertex 6 -149.237 12.4808
      vertex 6 -149.608 12.3458
    endloop
  endfacet
  facet normal 1 0 0
    outer loop
      vertex 6 -158 0
      vertex 6 -149.608 12.3458
      vertex 6 -150 12.3
    endloop
  endfacet
  facet normal 1 0 0
    outer loop
      vertex 6 -152.122 34.1888
      vertex 6 -151.769 34.2228
      vertex 6 -151.948 34.2279
    endloop
  endfacet
  facet normal 1 0 0
    outer loop
      vertex 6 -153.606 34.1753
      vertex 6 -150.934 15.4203
      vertex 6 -153.22 34.0933
    endloop
  endfacet
  facet normal 1 0 0
    outer loop
      vertex 6 -152.474 34.1487
      vertex 6 -152.122 34.1888
      vertex 6 -152.3 34.1909
    endloop
  endfacet
  facet normal 1 0 0
    outer loop
      vertex 6 -150.934 15.4203
      vertex 6 -153.606 34.1753
      vertex 6 -151.237 15.1666
    endloop
  endfacet
  facet normal 1 0 0
    outer loop
      vertex 6 -152.825 34.1024
      vertex 6 -152.474 34.1487
      vertex 6 -152.652 34.1476
    endloop
  endfacet
  facet normal 1 0 0
    outer loop
      vertex 6 -153.963 34.3442
      vertex 6 -151.237 15.1666
      vertex 6 -153.606 34.1753
    endloop
  endfacet
  facet normal 1 0 0
    outer loop
      vertex 6 -151.237 15.1666
      vertex 6 -153.963 34.3442
      vertex 6 -151.472 14.85
    endloop
  endfacet
  facet normal 1 0 0
    outer loop
      vertex 6 -154.271 34.5908
      vertex 6 -151.472 14.85
      vertex 6 -153.963 34.3442
    endloop
  endfacet
  facet normal 1 0 0
    outer loop
      vertex 6 -151.472 14.85
      vertex 6 -154.271 34.5908
      vertex 6 -151.629 14.4876
    endloop
  endfacet
  facet normal 1 0 0
    outer loop
      vertex 6 -154.514 34.9019
      vertex 6 -151.629 14.4876
      vertex 6 -154.271 34.5908
    endloop
  endfacet
  facet normal 1 0 0
    outer loop
      vertex 6 -151.629 14.4876
      vertex 6 -154.514 34.9019
      vertex 6 -151.697 14.0988
    endloop
  endfacet
  facet normal 1 0 0
    outer loop
      vertex 6 -158 0
      vertex 6 -151.697 14.0988
      vertex 6 -154.514 34.9019
    endloop
  endfacet
  facet normal 1 0 0
    outer loop
      vertex 6 -158 0
      vertex 6 -154.514 34.9019
      vertex 6 -154.679 35.2606
    endloop
  endfacet
  facet normal 1 0 0
    outer loop
      vertex 6 -158 46
      vertex 6 -154.679 35.2606
      vertex 6 -154.756 35.6476
    endloop
  endfacet
  facet normal 1 0 0
    outer loop
      vertex 6 -154.679 35.2606
      vertex 6 -158 46
      vertex 6 -158 0
    endloop
  endfacet
  facet normal 1 0 0
    outer loop
      vertex 6 -148.636 12.9848
      vertex 6 -158 0
      vertex 6 -24.725 0
    endloop
  endfacet
  facet normal 1 0 0
    outer loop
      vertex 6 -150.392 12.3458
      vertex 6 -158 0
      vertex 6 -150 12.3
    endloop
  endfacet
  facet normal 1 0 0
    outer loop
      vertex 6 -150.763 12.4808
      vertex 6 -158 0
      vertex 6 -150.392 12.3458
    endloop
  endfacet
  facet normal 1 0 0
    outer loop
      vertex 6 -151.093 12.6977
      vertex 6 -158 0
      vertex 6 -150.763 12.4808
    endloop
  endfacet
  facet normal 1 0 0
    outer loop
      vertex 6 -151.364 12.9848
      vertex 6 -158 0
      vertex 6 -151.093 12.6977
    endloop
  endfacet
  facet normal 1 0 0
    outer loop
      vertex 6 -151.561 13.3267
      vertex 6 -158 0
      vertex 6 -151.364 12.9848
    endloop
  endfacet
  facet normal 1 0 0
    outer loop
      vertex 6 -151.674 13.7048
      vertex 6 -158 0
      vertex 6 -151.561 13.3267
    endloop
  endfacet
  facet normal 1 0 0
    outer loop
      vertex 6 -151.697 14.0988
      vertex 6 -158 0
      vertex 6 -151.674 13.7048
    endloop
  endfacet
  facet normal -0 0 1
    outer loop
      vertex -4 -94 30
      vertex 4 -134 30
      vertex 4 -94 30
    endloop
  endfacet
  facet normal 0 0 1
    outer loop
      vertex 4 -134 30
      vertex -4 -94 30
      vertex -4 -134 30
    endloop
  endfacet
  facet normal -0 0 1
    outer loop
      vertex -4 -49 30
      vertex 4 -86 30
      vertex 4 -49 30
    endloop
  endfacet
  facet normal 0 0 1
    outer loop
      vertex 4 -86 30
      vertex -4 -49 30
      vertex -4 -86 30
    endloop
  endfacet
  facet normal 0 0 1
    outer loop
      vertex 4 -49 30
      vertex 6 -24.725 30
      vertex 4 -41 30
    endloop
  endfacet
  facet normal 0 0 1
    outer loop
      vertex 6 -24.725 30
      vertex -4 -41 30
      vertex 4 -41 30
    endloop
  endfacet
  facet normal 0 0 1
    outer loop
      vertex -6 -24.725 30
      vertex -4 -49 30
      vertex -4 -41 30
    endloop
  endfacet
  facet normal 0 0 1
    outer loop
      vertex -4 -49 30
      vertex -6 -24.725 30
      vertex -4 -86 30
    endloop
  endfacet
  facet normal 0 0 1
    outer loop
      vertex -4 -86 30
      vertex -6 -24.725 30
      vertex -4 -94 30
    endloop
  endfacet
  facet normal 0 0 1
    outer loop
      vertex -4 -94 30
      vertex -6 -142 30
      vertex -4 -134 30
    endloop
  endfacet
  facet normal 0 0 1
    outer loop
      vertex -4 -94 30
      vertex -6 -24.725 30
      vertex -6 -142 30
    endloop
  endfacet
  facet normal 0 0 1
    outer loop
      vertex 6 -24.725 30
      vertex -6 -24.725 30
      vertex -4 -41 30
    endloop
  endfacet
  facet normal 0 0 0
    outer loop
      vertex 18 -24.725 30
      vertex -6 -24.725 30
      vertex 6 -24.725 30
    endloop
  endfacet
  facet normal 0 0 0
    outer loop
      vertex -18 -24.725 30
      vertex -6 -24.725 30
      vertex 18 -24.725 30
    endloop
  endfacet
  facet normal 0 0 1
    outer loop
      vertex 4 -86 30
      vertex 6 -24.725 30
      vertex 4 -49 30
    endloop
  endfacet
  facet normal 0 0 1
    outer loop
      vertex 6 -24.725 30
      vertex 4 -86 30
      vertex 6 -142 30
    endloop
  endfacet
  facet normal -0 0 1
    outer loop
      vertex 4 -94 30
      vertex 6 -142 30
      vertex 4 -86 30
    endloop
  endfacet
  facet normal -0 0 1
    outer loop
      vertex 4 -134 30
      vertex 6 -142 30
      vertex 4 -94 30
    endloop
  endfacet
  facet normal 0 0 1
    outer loop
      vertex 6 -142 30
      vertex 4 -134 30
      vertex 4 -142 30
    endloop
  endfacet
  facet normal 0 0 1
    outer loop
      vertex -4 -134 30
      vertex -6 -142 30
      vertex -4 -142 30
    endloop
  endfacet
  facet normal -1 0 0
    outer loop
      vertex -6 -142 0
      vertex -6 -24.725 30
      vertex -6 -24.725 0
    endloop
  endfacet
  facet normal -1 -0 0
    outer loop
      vertex -6 -24.725 30
      vertex -6 -142 0
      vertex -6 -142 30
    endloop
  endfacet
  facet normal 0 -1 0
    outer loop
      vertex -21.75 -158 0
      vertex 6 -158 46
      vertex -21.75 -158 46
    endloop
  endfacet
  facet normal 0 -1 -0
    outer loop
      vertex 6 -158 46
      vertex -21.75 -158 0
      vertex 6 -158 0
    endloop
  endfacet
  facet normal 0 -1 0
    outer loop
      vertex 6 -24.725 0
      vertex 18 -24.725 30
      vertex 6 -24.725 30
    endloop
  endfacet
  facet normal 0 -1 -0
    outer loop
      vertex 18 -24.725 30
      vertex 6 -24.725 0
      vertex 18 -24.725 0
    endloop
  endfacet
  facet normal 0 -1 0
    outer loop
      vertex -18 -24.725 0
      vertex -6 -24.725 30
      vertex -18 -24.725 30
    endloop
  endfacet
  facet normal 0 -1 -0
    outer loop
      vertex -6 -24.725 30
      vertex -18 -24.725 0
      vertex -6 -24.725 0
    endloop
  endfacet
  facet normal -0 0 1
    outer loop
      vertex -21.75 -142 46
      vertex 6 -158 46
      vertex 6 -142 46
    endloop
  endfacet
  facet normal 0 0 1
    outer loop
      vertex 6 -158 46
      vertex -21.75 -142 46
      vertex -21.75 -158 46
    endloop
  endfacet
  facet normal -1 0 0
    outer loop
      vertex -21.75 -145.321 35.2606
      vertex -21.75 -142 46
      vertex -21.75 -142 0
    endloop
  endfacet
  facet normal -1 0 0
    outer loop
      vertex -21.75 -142 46
      vertex -21.75 -145.321 35.2606
      vertex -21.75 -145.244 35.6476
    endloop
  endfacet
  facet normal -1 0 0
    outer loop
      vertex -21.75 -142 0
      vertex -21.75 -145.486 34.9019
      vertex -21.75 -145.321 35.2606
    endloop
  endfacet
  facet normal -1 0 0
    outer loop
      vertex -21.75 -148.371 14.4876
      vertex -21.75 -145.486 34.9019
      vertex -21.75 -142 0
    endloop
  endfacet
  facet normal -1 0 0
    outer loop
      vertex -21.75 -145.486 34.9019
      vertex -21.75 -148.371 14.4876
      vertex -21.75 -145.729 34.5908
    endloop
  endfacet
  facet normal -1 0 0
    outer loop
      vertex -21.75 -148.528 14.85
      vertex -21.75 -145.729 34.5908
      vertex -21.75 -148.371 14.4876
    endloop
  endfacet
  facet normal -1 0 0
    outer loop
      vertex -21.75 -145.729 34.5908
      vertex -21.75 -148.528 14.85
      vertex -21.75 -146.037 34.3442
    endloop
  endfacet
  facet normal -1 0 0
    outer loop
      vertex -21.75 -148.763 15.1666
      vertex -21.75 -146.037 34.3442
      vertex -21.75 -148.528 14.85
    endloop
  endfacet
  facet normal -1 0 0
    outer loop
      vertex -21.75 -146.037 34.3442
      vertex -21.75 -148.763 15.1666
      vertex -21.75 -146.394 34.1753
    endloop
  endfacet
  facet normal -1 0 0
    outer loop
      vertex -21.75 -149.066 15.4203
      vertex -21.75 -146.394 34.1753
      vertex -21.75 -148.763 15.1666
    endloop
  endfacet
  facet normal -1 0 0
    outer loop
      vertex -21.75 -146.394 34.1753
      vertex -21.75 -149.066 15.4203
      vertex -21.75 -146.78 34.0933
    endloop
  endfacet
  facet normal -1 0 0
    outer loop
      vertex -21.75 -149.419 15.5975
      vertex -21.75 -146.78 34.0933
      vertex -21.75 -149.066 15.4203
    endloop
  endfacet
  facet normal -1 -0 0
    outer loop
      vertex -21.75 -146.78 34.0933
      vertex -21.75 -149.419 15.5975
      vertex -21.75 -147.175 34.1024
    endloop
  endfacet
  facet normal -1 0 0
    outer loop
      vertex -21.75 -149.803 15.6885
      vertex -21.75 -147.175 34.1024
      vertex -21.75 -149.419 15.5975
    endloop
  endfacet
  facet normal -1 0 0
    outer loop
      vertex -21.75 -148.371 14.4876
      vertex -21.75 -142 0
      vertex -21.75 -148.303 14.0988
    endloop
  endfacet
  facet normal -1 0 0
    outer loop
      vertex -21.75 -142 0
      vertex -21.75 -148.326 13.7048
      vertex -21.75 -148.303 14.0988
    endloop
  endfacet
  facet normal -1 0 0
    outer loop
      vertex -21.75 -142 0
      vertex -21.75 -148.439 13.3267
      vertex -21.75 -148.326 13.7048
    endloop
  endfacet
  facet normal -1 0 0
    outer loop
      vertex -21.75 -142 0
      vertex -21.75 -148.636 12.9848
      vertex -21.75 -148.439 13.3267
    endloop
  endfacet
  facet normal -1 0 0
    outer loop
      vertex -21.75 -142 0
      vertex -21.75 -148.907 12.6977
      vertex -21.75 -148.636 12.9848
    endloop
  endfacet
  facet normal -1 0 0
    outer loop
      vertex -21.75 -142 0
      vertex -21.75 -149.237 12.4808
      vertex -21.75 -148.907 12.6977
    endloop
  endfacet
  facet normal -1 0 0
    outer loop
      vertex -21.75 -142 0
      vertex -21.75 -149.608 12.3458
      vertex -21.75 -149.237 12.4808
    endloop
  endfacet
  facet normal -1 0 0
    outer loop
      vertex -21.75 -142 0
      vertex -21.75 -150 12.3
      vertex -21.75 -149.608 12.3458
    endloop
  endfacet
  facet normal -1 0 0
    outer loop
      vertex -21.75 -158 0
      vertex -21.75 -150 12.3
      vertex -21.75 -142 0
    endloop
  endfacet
  facet normal -1 -0 0
    outer loop
      vertex -21.75 -150 12.3
      vertex -21.75 -158 0
      vertex -21.75 -150.392 12.3458
    endloop
  endfacet
  facet normal -1 -0 0
    outer loop
      vertex -21.75 -150.392 12.3458
      vertex -21.75 -158 0
      vertex -21.75 -150.763 12.4808
    endloop
  endfacet
  facet normal -1 -0 0
    outer loop
      vertex -21.75 -150.763 12.4808
      vertex -21.75 -158 0
      vertex -21.75 -151.093 12.6977
    endloop
  endfacet
  facet normal -1 0 0
    outer loop
      vertex -21.75 -150.197 15.6885
      vertex -21.75 -151.948 34.2279
      vertex -21.75 -151.769 34.2228
    endloop
  endfacet
  facet normal -1 0 0
    outer loop
      vertex -21.75 -151.629 14.4876
      vertex -21.75 -152.122 34.1888
      vertex -21.75 -151.948 34.2279
    endloop
  endfacet
  facet normal -1 0 0
    outer loop
      vertex -21.75 -151.629 14.4876
      vertex -21.75 -152.474 34.1487
      vertex -21.75 -152.122 34.1888
    endloop
  endfacet
  facet normal -1 -0 0
    outer loop
      vertex -21.75 -152.122 34.1888
      vertex -21.75 -152.474 34.1487
      vertex -21.75 -152.3 34.1909
    endloop
  endfacet
  facet normal -1 0 0
    outer loop
      vertex -21.75 -151.629 14.4876
      vertex -21.75 -152.825 34.1024
      vertex -21.75 -152.474 34.1487
    endloop
  endfacet
  facet normal -1 0 0
    outer loop
      vertex -21.75 -152.474 34.1487
      vertex -21.75 -152.825 34.1024
      vertex -21.75 -152.652 34.1476
    endloop
  endfacet
  facet normal -1 0 0
    outer loop
      vertex -21.75 -151.629 14.4876
      vertex -21.75 -153.22 34.0933
      vertex -21.75 -152.825 34.1024
    endloop
  endfacet
  facet normal -1 0 0
    outer loop
      vertex -21.75 -158 0
      vertex -21.75 -151.697 14.0988
      vertex -21.75 -151.674 13.7048
    endloop
  endfacet
  facet normal -1 0 0
    outer loop
      vertex -21.75 -151.629 14.4876
      vertex -21.75 -153.606 34.1753
      vertex -21.75 -153.22 34.0933
    endloop
  endfacet
  facet normal -1 0 0
    outer loop
      vertex -21.75 -151.629 14.4876
      vertex -21.75 -153.963 34.3442
      vertex -21.75 -153.606 34.1753
    endloop
  endfacet
  facet normal -1 0 0
    outer loop
      vertex -21.75 -151.629 14.4876
      vertex -21.75 -154.271 34.5908
      vertex -21.75 -153.963 34.3442
    endloop
  endfacet
  facet normal -1 0 0
    outer loop
      vertex -21.75 -151.629 14.4876
      vertex -21.75 -154.514 34.9019
      vertex -21.75 -154.271 34.5908
    endloop
  endfacet
  facet normal -1 -0 0
    outer loop
      vertex -21.75 -151.697 14.0988
      vertex -21.75 -158 0
      vertex -21.75 -154.514 34.9019
    endloop
  endfacet
  facet normal -1 -0 0
    outer loop
      vertex -21.75 -154.514 34.9019
      vertex -21.75 -158 0
      vertex -21.75 -154.679 35.2606
    endloop
  endfacet
  facet normal -1 0 0
    outer loop
      vertex -21.75 -158 46
      vertex -21.75 -154.679 35.2606
      vertex -21.75 -158 0
    endloop
  endfacet
  facet normal -1 -0 0
    outer loop
      vertex -21.75 -151.561 13.3267
      vertex -21.75 -158 0
      vertex -21.75 -151.674 13.7048
    endloop
  endfacet
  facet normal -1 -0 0
    outer loop
      vertex -21.75 -151.364 12.9848
      vertex -21.75 -158 0
      vertex -21.75 -151.561 13.3267
    endloop
  endfacet
  facet normal -1 -0 0
    outer loop
      vertex -21.75 -151.093 12.6977
      vertex -21.75 -158 0
      vertex -21.75 -151.364 12.9848
    endloop
  endfacet
  facet normal -1 0 0
    outer loop
      vertex -21.75 -145.258 36.0421
      vertex -21.75 -142 46
      vertex -21.75 -145.244 35.6476
    endloop
  endfacet
  facet normal -1 0 0
    outer loop
      vertex -21.75 -145.362 36.4227
      vertex -21.75 -142 46
      vertex -21.75 -145.258 36.0421
    endloop
  endfacet
  facet normal -1 0 0
    outer loop
      vertex -21.75 -145.551 36.7691
      vertex -21.75 -142 46
      vertex -21.75 -145.362 36.4227
    endloop
  endfacet
  facet normal -1 0 0
    outer loop
      vertex -21.75 -145.815 37.0624
      vertex -21.75 -142 46
      vertex -21.75 -145.551 36.7691
    endloop
  endfacet
  facet normal -1 0 0
    outer loop
      vertex -21.75 -146.14 37.2869
      vertex -21.75 -142 46
      vertex -21.75 -145.815 37.0624
    endloop
  endfacet
  facet normal -1 0 0
    outer loop
      vertex -21.75 -146.508 37.4305
      vertex -21.75 -142 46
      vertex -21.75 -146.14 37.2869
    endloop
  endfacet
  facet normal -1 0 0
    outer loop
      vertex -21.75 -146.899 37.4854
      vertex -21.75 -142 46
      vertex -21.75 -146.508 37.4305
    endloop
  endfacet
  facet normal -1 0 0
    outer loop
      vertex -21.75 -146.917 37.4879
      vertex -21.75 -146.899 37.4854
      vertex -21.75 -146.908 37.4845
    endloop
  endfacet
  facet normal -1 0 0
    outer loop
      vertex -21.75 -146.899 37.4854
      vertex -21.75 -146.917 37.4879
      vertex -21.75 -142 46
    endloop
  endfacet
  facet normal -1 0 0
    outer loop
      vertex -21.75 -147.309 37.536
      vertex -21.75 -142 46
      vertex -21.75 -146.917 37.4879
    endloop
  endfacet
  facet normal -1 0 0
    outer loop
      vertex -21.75 -147.328 37.5381
      vertex -21.75 -147.309 37.536
      vertex -21.75 -147.319 37.5349
    endloop
  endfacet
  facet normal -1 0 0
    outer loop
      vertex -21.75 -147.309 37.536
      vertex -21.75 -147.328 37.5381
      vertex -21.75 -142 46
    endloop
  endfacet
  facet normal -1 0 0
    outer loop
      vertex -21.75 -147.72 37.5794
      vertex -21.75 -142 46
      vertex -21.75 -147.328 37.5381
    endloop
  endfacet
  facet normal -1 0 0
    outer loop
      vertex -21.75 -147.739 37.5812
      vertex -21.75 -147.72 37.5794
      vertex -21.75 -147.73 37.5781
    endloop
  endfacet
  facet normal -1 0 0
    outer loop
      vertex -21.75 -147.72 37.5794
      vertex -21.75 -147.739 37.5812
      vertex -21.75 -142 46
    endloop
  endfacet
  facet normal -1 0 0
    outer loop
      vertex -21.75 -148.132 37.6156
      vertex -21.75 -142 46
      vertex -21.75 -147.739 37.5812
    endloop
  endfacet
  facet normal -1 0 0
    outer loop
      vertex -21.75 -148.151 37.617
      vertex -21.75 -148.132 37.6156
      vertex -21.75 -148.142 37.6142
    endloop
  endfacet
  facet normal -1 0 0
    outer loop
      vertex -21.75 -148.132 37.6156
      vertex -21.75 -148.151 37.617
      vertex -21.75 -142 46
    endloop
  endfacet
  facet normal -1 0 0
    outer loop
      vertex -21.75 -148.544 37.6446
      vertex -21.75 -142 46
      vertex -21.75 -148.151 37.617
    endloop
  endfacet
  facet normal -1 0 0
    outer loop
      vertex -21.75 -148.563 37.6457
      vertex -21.75 -148.544 37.6446
      vertex -21.75 -148.554 37.643
    endloop
  endfacet
  facet normal -1 0 0
    outer loop
      vertex -21.75 -148.544 37.6446
      vertex -21.75 -148.563 37.6457
      vertex -21.75 -142 46
    endloop
  endfacet
  facet normal -1 0 0
    outer loop
      vertex -21.75 -148.957 37.6664
      vertex -21.75 -142 46
      vertex -21.75 -148.563 37.6457
    endloop
  endfacet
  facet normal -1 0 0
    outer loop
      vertex -21.75 -148.976 37.6672
      vertex -21.75 -148.957 37.6664
      vertex -21.75 -148.967 37.6646
    endloop
  endfacet
  facet normal -1 0 0
    outer loop
      vertex -21.75 -148.957 37.6664
      vertex -21.75 -148.976 37.6672
      vertex -21.75 -142 46
    endloop
  endfacet
  facet normal -1 0 0
    outer loop
      vertex -21.75 -149.371 37.681
      vertex -21.75 -142 46
      vertex -21.75 -148.976 37.6672
    endloop
  endfacet
  facet normal -1 0 0
    outer loop
      vertex -21.75 -149.389 37.6815
      vertex -21.75 -149.371 37.681
      vertex -21.75 -149.38 37.6791
    endloop
  endfacet
  facet normal -1 0 0
    outer loop
      vertex -21.75 -149.371 37.681
      vertex -21.75 -149.389 37.6815
      vertex -21.75 -142 46
    endloop
  endfacet
  facet normal -1 0 0
    outer loop
      vertex -21.75 -149.784 37.6883
      vertex -21.75 -142 46
      vertex -21.75 -149.389 37.6815
    endloop
  endfacet
  facet normal -1 0 0
    outer loop
      vertex -21.75 -149.803 37.6885
      vertex -21.75 -149.784 37.6883
      vertex -21.75 -149.793 37.6863
    endloop
  endfacet
  facet normal -1 0 0
    outer loop
      vertex -21.75 -149.784 37.6883
      vertex -21.75 -149.803 37.6885
      vertex -21.75 -142 46
    endloop
  endfacet
  facet normal -1 0 0
    outer loop
      vertex -21.75 -150.197 37.6885
      vertex -21.75 -142 46
      vertex -21.75 -149.803 37.6885
    endloop
  endfacet
  facet normal -1 0 0
    outer loop
      vertex -21.75 -150.216 37.6883
      vertex -21.75 -150.197 37.6885
      vertex -21.75 -150.207 37.6863
    endloop
  endfacet
  facet normal -1 0 0
    outer loop
      vertex -21.75 -158 46
      vertex -21.75 -150.197 37.6885
      vertex -21.75 -150.216 37.6883
    endloop
  endfacet
  facet normal -1 0 0
    outer loop
      vertex -21.75 -158 46
      vertex -21.75 -150.216 37.6883
      vertex -21.75 -150.611 37.6815
    endloop
  endfacet
  facet normal -1 0 0
    outer loop
      vertex -21.75 -150.629 37.681
      vertex -21.75 -150.611 37.6815
      vertex -21.75 -150.62 37.6791
    endloop
  endfacet
  facet normal -1 0 0
    outer loop
      vertex -21.75 -158 46
      vertex -21.75 -150.611 37.6815
      vertex -21.75 -150.629 37.681
    endloop
  endfacet
  facet normal -1 0 0
    outer loop
      vertex -21.75 -158 46
      vertex -21.75 -150.629 37.681
      vertex -21.75 -151.024 37.6672
    endloop
  endfacet
  facet normal -1 0 0
    outer loop
      vertex -21.75 -151.043 37.6664
      vertex -21.75 -151.024 37.6672
      vertex -21.75 -151.033 37.6646
    endloop
  endfacet
  facet normal -1 0 0
    outer loop
      vertex -21.75 -158 46
      vertex -21.75 -151.024 37.6672
      vertex -21.75 -151.043 37.6664
    endloop
  endfacet
  facet normal -1 0 0
    outer loop
      vertex -21.75 -158 46
      vertex -21.75 -151.043 37.6664
      vertex -21.75 -151.437 37.6457
    endloop
  endfacet
  facet normal -1 0 0
    outer loop
      vertex -21.75 -151.456 37.6446
      vertex -21.75 -151.437 37.6457
      vertex -21.75 -151.446 37.643
    endloop
  endfacet
  facet normal -1 -0 0
    outer loop
      vertex -21.75 -151.437 37.6457
      vertex -21.75 -151.456 37.6446
      vertex -21.75 -158 46
    endloop
  endfacet
  facet normal -1 0 0
    outer loop
      vertex -21.75 -158 46
      vertex -21.75 -151.456 37.6446
      vertex -21.75 -151.849 37.617
    endloop
  endfacet
  facet normal -1 0 0
    outer loop
      vertex -21.75 -151.868 37.6156
      vertex -21.75 -151.849 37.617
      vertex -21.75 -151.858 37.6142
    endloop
  endfacet
  facet normal -1 -0 0
    outer loop
      vertex -21.75 -151.849 37.617
      vertex -21.75 -151.868 37.6156
      vertex -21.75 -158 46
    endloop
  endfacet
  facet normal -1 0 0
    outer loop
      vertex -21.75 -158 46
      vertex -21.75 -151.868 37.6156
      vertex -21.75 -152.261 37.5812
    endloop
  endfacet
  facet normal -1 0 0
    outer loop
      vertex -21.75 -152.28 37.5794
      vertex -21.75 -152.261 37.5812
      vertex -21.75 -152.27 37.5781
    endloop
  endfacet
  facet normal -1 -0 0
    outer loop
      vertex -21.75 -152.261 37.5812
      vertex -21.75 -152.28 37.5794
      vertex -21.75 -158 46
    endloop
  endfacet
  facet normal -1 0 0
    outer loop
      vertex -21.75 -158 46
      vertex -21.75 -152.28 37.5794
      vertex -21.75 -152.672 37.5381
    endloop
  endfacet
  facet normal -1 0 0
    outer loop
      vertex -21.75 -152.691 37.536
      vertex -21.75 -152.672 37.5381
      vertex -21.75 -152.681 37.5349
    endloop
  endfacet
  facet normal -1 -0 0
    outer loop
      vertex -21.75 -152.672 37.5381
      vertex -21.75 -152.691 37.536
      vertex -21.75 -158 46
    endloop
  endfacet
  facet normal -1 0 0
    outer loop
      vertex -21.75 -158 46
      vertex -21.75 -152.691 37.536
      vertex -21.75 -153.083 37.4879
    endloop
  endfacet
  facet normal -1 0 0
    outer loop
      vertex -21.75 -153.101 37.4854
      vertex -21.75 -153.083 37.4879
      vertex -21.75 -153.092 37.4845
    endloop
  endfacet
  facet normal -1 -0 0
    outer loop
      vertex -21.75 -153.083 37.4879
      vertex -21.75 -153.101 37.4854
      vertex -21.75 -158 46
    endloop
  endfacet
  facet normal -1 0 0
    outer loop
      vertex -21.75 -158 46
      vertex -21.75 -153.101 37.4854
      vertex -21.75 -153.492 37.4305
    endloop
  endfacet
  facet normal -1 0 0
    outer loop
      vertex -21.75 -158 46
      vertex -21.75 -153.492 37.4305
      vertex -21.75 -153.86 37.2869
    endloop
  endfacet
  facet normal -1 0 0
    outer loop
      vertex -21.75 -158 46
      vertex -21.75 -153.86 37.2869
      vertex -21.75 -154.185 37.0624
    endloop
  endfacet
  facet normal -1 0 0
    outer loop
      vertex -21.75 -154.679 35.2606
      vertex -21.75 -158 46
      vertex -21.75 -154.756 35.6476
    endloop
  endfacet
  facet normal -1 0 0
    outer loop
      vertex -21.75 -150.197 37.6885
      vertex -21.75 -158 46
      vertex -21.75 -142 46
    endloop
  endfacet
  facet normal -1 0 0
    outer loop
      vertex -21.75 -154.449 36.7691
      vertex -21.75 -158 46
      vertex -21.75 -154.185 37.0624
    endloop
  endfacet
  facet normal -1 0 0
    outer loop
      vertex -21.75 -154.638 36.4227
      vertex -21.75 -158 46
      vertex -21.75 -154.449 36.7691
    endloop
  endfacet
  facet normal -1 0 0
    outer loop
      vertex -21.75 -154.742 36.0421
      vertex -21.75 -158 46
      vertex -21.75 -154.638 36.4227
    endloop
  endfacet
  facet normal -1 0 0
    outer loop
      vertex -21.75 -154.756 35.6476
      vertex -21.75 -158 46
      vertex -21.75 -154.742 36.0421
    endloop
  endfacet
  facet normal -1 0 0
    outer loop
      vertex -21.75 -147.175 34.1024
      vertex -21.75 -147.526 34.1487
      vertex -21.75 -147.348 34.1476
    endloop
  endfacet
  facet normal -1 -0 0
    outer loop
      vertex -21.75 -147.175 34.1024
      vertex -21.75 -149.803 15.6885
      vertex -21.75 -147.526 34.1487
    endloop
  endfacet
  facet normal -1 0 -0
    outer loop
      vertex -21.75 -147.878 34.1888
      vertex -21.75 -147.526 34.1487
      vertex -21.75 -149.803 15.6885
    endloop
  endfacet
  facet normal -1 0 0
    outer loop
      vertex -21.75 -147.526 34.1487
      vertex -21.75 -147.878 34.1888
      vertex -21.75 -147.7 34.1909
    endloop
  endfacet
  facet normal -1 0 -0
    outer loop
      vertex -21.75 -148.231 34.2228
      vertex -21.75 -147.878 34.1888
      vertex -21.75 -149.803 15.6885
    endloop
  endfacet
  facet normal -1 0 0
    outer loop
      vertex -21.75 -147.878 34.1888
      vertex -21.75 -148.231 34.2228
      vertex -21.75 -148.052 34.2279
    endloop
  endfacet
  facet normal -1 0 -0
    outer loop
      vertex -21.75 -148.584 34.2505
      vertex -21.75 -148.231 34.2228
      vertex -21.75 -149.803 15.6885
    endloop
  endfacet
  facet normal -1 0 0
    outer loop
      vertex -21.75 -148.231 34.2228
      vertex -21.75 -148.584 34.2505
      vertex -21.75 -148.406 34.2589
    endloop
  endfacet
  facet normal -1 0 -0
    outer loop
      vertex -21.75 -148.938 34.2722
      vertex -21.75 -148.584 34.2505
      vertex -21.75 -149.803 15.6885
    endloop
  endfacet
  facet normal -1 0 0
    outer loop
      vertex -21.75 -148.584 34.2505
      vertex -21.75 -148.938 34.2722
      vertex -21.75 -148.759 34.2836
    endloop
  endfacet
  facet normal -1 0 -0
    outer loop
      vertex -21.75 -149.292 34.2876
      vertex -21.75 -148.938 34.2722
      vertex -21.75 -149.803 15.6885
    endloop
  endfacet
  facet normal -1 0 0
    outer loop
      vertex -21.75 -148.938 34.2722
      vertex -21.75 -149.292 34.2876
      vertex -21.75 -149.114 34.3022
    endloop
  endfacet
  facet normal -1 0 -0
    outer loop
      vertex -21.75 -149.646 34.2969
      vertex -21.75 -149.292 34.2876
      vertex -21.75 -149.803 15.6885
    endloop
  endfacet
  facet normal -1 0 0
    outer loop
      vertex -21.75 -149.292 34.2876
      vertex -21.75 -149.646 34.2969
      vertex -21.75 -149.468 34.3145
    endloop
  endfacet
  facet normal -1 0 0
    outer loop
      vertex -21.75 -150 34.3
      vertex -21.75 -149.646 34.2969
      vertex -21.75 -149.803 15.6885
    endloop
  endfacet
  facet normal -1 0 0
    outer loop
      vertex -21.75 -149.646 34.2969
      vertex -21.75 -150 34.3
      vertex -21.75 -149.823 34.3207
    endloop
  endfacet
  facet normal -1 0 0
    outer loop
      vertex -21.75 -150.197 15.6885
      vertex -21.75 -150 34.3
      vertex -21.75 -149.803 15.6885
    endloop
  endfacet
  facet normal -1 0 0
    outer loop
      vertex -21.75 -150 34.3
      vertex -21.75 -150.197 15.6885
      vertex -21.75 -150.354 34.2969
    endloop
  endfacet
  facet normal -1 -0 0
    outer loop
      vertex -21.75 -150 34.3
      vertex -21.75 -150.354 34.2969
      vertex -21.75 -150.177 34.3207
    endloop
  endfacet
  facet normal -1 0 0
    outer loop
      vertex -21.75 -150.708 34.2876
      vertex -21.75 -150.354 34.2969
      vertex -21.75 -150.197 15.6885
    endloop
  endfacet
  facet normal -1 0 0
    outer loop
      vertex -21.75 -151.948 34.2279
      vertex -21.75 -150.197 15.6885
      vertex -21.75 -150.581 15.5975
    endloop
  endfacet
  facet normal -1 -0 0
    outer loop
      vertex -21.75 -150.354 34.2969
      vertex -21.75 -150.708 34.2876
      vertex -21.75 -150.532 34.3145
    endloop
  endfacet
  facet normal -1 0 0
    outer loop
      vertex -21.75 -150.197 15.6885
      vertex -21.75 -151.062 34.2722
      vertex -21.75 -150.708 34.2876
    endloop
  endfacet
  facet normal -1 0 0
    outer loop
      vertex -21.75 -151.948 34.2279
      vertex -21.75 -150.581 15.5975
      vertex -21.75 -150.934 15.4203
    endloop
  endfacet
  facet normal -1 -0 0
    outer loop
      vertex -21.75 -150.708 34.2876
      vertex -21.75 -151.062 34.2722
      vertex -21.75 -150.886 34.3022
    endloop
  endfacet
  facet normal -1 0 0
    outer loop
      vertex -21.75 -151.948 34.2279
      vertex -21.75 -150.934 15.4203
      vertex -21.75 -151.237 15.1666
    endloop
  endfacet
  facet normal -1 0 0
    outer loop
      vertex -21.75 -150.197 15.6885
      vertex -21.75 -151.416 34.2505
      vertex -21.75 -151.062 34.2722
    endloop
  endfacet
  facet normal -1 -0 0
    outer loop
      vertex -21.75 -151.062 34.2722
      vertex -21.75 -151.416 34.2505
      vertex -21.75 -151.241 34.2836
    endloop
  endfacet
  facet normal -1 0 0
    outer loop
      vertex -21.75 -151.948 34.2279
      vertex -21.75 -151.237 15.1666
      vertex -21.75 -151.472 14.85
    endloop
  endfacet
  facet normal -1 0 0
    outer loop
      vertex -21.75 -150.197 15.6885
      vertex -21.75 -151.769 34.2228
      vertex -21.75 -151.416 34.2505
    endloop
  endfacet
  facet normal -1 0 0
    outer loop
      vertex -21.75 -151.948 34.2279
      vertex -21.75 -151.472 14.85
      vertex -21.75 -151.629 14.4876
    endloop
  endfacet
  facet normal -1 0 0
    outer loop
      vertex -21.75 -154.514 34.9019
      vertex -21.75 -151.629 14.4876
      vertex -21.75 -151.697 14.0988
    endloop
  endfacet
  facet normal -1 -0 0
    outer loop
      vertex -21.75 -151.416 34.2505
      vertex -21.75 -151.769 34.2228
      vertex -21.75 -151.594 34.2589
    endloop
  endfacet
  facet normal 0 1 -0
    outer loop
      vertex 1.26 -142 35.59
      vertex -4 -142 36.7655
      vertex 4 -142 36.7655
    endloop
  endfacet
  facet normal 0 1 0
    outer loop
      vertex 1.26 -142 35.59
      vertex -1.26 -142 35.59
      vertex -4 -142 36.7655
    endloop
  endfacet
  facet normal 0 1 -0
    outer loop
      vertex 1.26 -142 35.3408
      vertex -1.26 -142 35.59
      vertex 1.26 -142 35.59
    endloop
  endfacet
  facet normal 0 1 0
    outer loop
      vertex 1.26 -142 35.3408
      vertex -1.26 -142 35.3408
      vertex -1.26 -142 35.59
    endloop
  endfacet
  facet normal 0 1 0
    outer loop
      vertex 1.66294 -142 34.9111
      vertex 1.26 -142 35.3408
      vertex 1.41421 -142 35.2142
    endloop
  endfacet
  facet normal 0 1 0
    outer loop
      vertex 1.84776 -142 34.5654
      vertex 1.26 -142 35.3408
      vertex 1.66294 -142 34.9111
    endloop
  endfacet
  facet normal 0 1 0
    outer loop
      vertex 1.96157 -142 34.1902
      vertex 1.26 -142 35.3408
      vertex 1.84776 -142 34.5654
    endloop
  endfacet
  facet normal 0 1 0
    outer loop
      vertex -1.26 -142 35.3408
      vertex -1.66294 -142 34.9111
      vertex -1.41421 -142 35.2142
    endloop
  endfacet
  facet normal 0 1 0
    outer loop
      vertex 1.26 -142 35.3408
      vertex 1.96157 -142 34.1902
      vertex -1.26 -142 35.3408
    endloop
  endfacet
  facet normal 0 1 0
    outer loop
      vertex -1.26 -142 35.3408
      vertex -1.84776 -142 34.5654
      vertex -1.66294 -142 34.9111
    endloop
  endfacet
  facet normal 0 1 0
    outer loop
      vertex -1.96157 -142 34.1902
      vertex -1.26 -142 35.3408
      vertex 1.96157 -142 34.1902
    endloop
  endfacet
  facet normal 0 1 0
    outer loop
      vertex -1.26 -142 35.3408
      vertex -1.96157 -142 34.1902
      vertex -1.84776 -142 34.5654
    endloop
  endfacet
  facet normal 0 1 0
    outer loop
      vertex 2 -142 33.8
      vertex -1.96157 -142 34.1902
      vertex 1.96157 -142 34.1902
    endloop
  endfacet
  facet normal 0 1 0
    outer loop
      vertex 2 -142 33.8
      vertex -2 -142 33.8
      vertex -1.96157 -142 34.1902
    endloop
  endfacet
  facet normal 0 1 -0
    outer loop
      vertex 1.96157 -142 33.4098
      vertex -2 -142 33.8
      vertex 2 -142 33.8
    endloop
  endfacet
  facet normal 0 1 0
    outer loop
      vertex 1.96157 -142 33.4098
      vertex -1.96157 -142 33.4098
      vertex -2 -142 33.8
    endloop
  endfacet
  facet normal 0 1 -0
    outer loop
      vertex 1.84776 -142 33.0346
      vertex -1.96157 -142 33.4098
      vertex 1.96157 -142 33.4098
    endloop
  endfacet
  facet normal 0 1 0
    outer loop
      vertex 1.84776 -142 33.0346
      vertex -1.84776 -142 33.0346
      vertex -1.96157 -142 33.4098
    endloop
  endfacet
  facet normal 0 1 -0
    outer loop
      vertex 1.66294 -142 32.6889
      vertex -1.84776 -142 33.0346
      vertex 1.84776 -142 33.0346
    endloop
  endfacet
  facet normal 0 1 0
    outer loop
      vertex 1.66294 -142 32.6889
      vertex -1.66294 -142 32.6889
      vertex -1.84776 -142 33.0346
    endloop
  endfacet
  facet normal 0 1 -0
    outer loop
      vertex 1.41421 -142 32.3858
      vertex -1.66294 -142 32.6889
      vertex 1.66294 -142 32.6889
    endloop
  endfacet
  facet normal 0 1 0
    outer loop
      vertex 1.41421 -142 32.3858
      vertex -1.41421 -142 32.3858
      vertex -1.66294 -142 32.6889
    endloop
  endfacet
  facet normal 0 1 -0
    outer loop
      vertex 1.11114 -142 32.1371
      vertex -1.41421 -142 32.3858
      vertex 1.41421 -142 32.3858
    endloop
  endfacet
  facet normal 0 1 0
    outer loop
      vertex 1.11114 -142 32.1371
      vertex -1.11114 -142 32.1371
      vertex -1.41421 -142 32.3858
    endloop
  endfacet
  facet normal 0 1 -0
    outer loop
      vertex 0.765367 -142 31.9522
      vertex -1.11114 -142 32.1371
      vertex 1.11114 -142 32.1371
    endloop
  endfacet
  facet normal 0 1 0
    outer loop
      vertex 0.765367 -142 31.9522
      vertex -0.765367 -142 31.9522
      vertex -1.11114 -142 32.1371
    endloop
  endfacet
  facet normal 0 1 -0
    outer loop
      vertex 0.390181 -142 31.8384
      vertex -0.765367 -142 31.9522
      vertex 0.765367 -142 31.9522
    endloop
  endfacet
  facet normal 0 1 0
    outer loop
      vertex 0.390181 -142 31.8384
      vertex -0.390181 -142 31.8384
      vertex -0.765367 -142 31.9522
    endloop
  endfacet
  facet normal -0 1 0
    outer loop
      vertex -0.390181 -142 31.8384
      vertex 0.390181 -142 31.8384
      vertex 0 -142 31.8
    endloop
  endfacet
  facet normal 0 1 0
    outer loop
      vertex -4 -142 36.7655
      vertex 6 -142 46
      vertex 4 -142 36.7655
    endloop
  endfacet
  facet normal 0 1 -0
    outer loop
      vertex 6 -142 30
      vertex 4 -142 36.7655
      vertex 6 -142 46
    endloop
  endfacet
  facet normal 0 1 0
    outer loop
      vertex 4 -142 36.7655
      vertex 6 -142 30
      vertex 4 -142 30
    endloop
  endfacet
  facet normal 0 1 0
    outer loop
      vertex 6 -142 46
      vertex -4 -142 36.7655
      vertex -21.75 -142 46
    endloop
  endfacet
  facet normal 0 1 0
    outer loop
      vertex -6 -142 30
      vertex -4 -142 36.7655
      vertex -4 -142 30
    endloop
  endfacet
  facet normal 0 1 0
    outer loop
      vertex -4 -142 36.7655
      vertex -6 -142 30
      vertex -21.75 -142 46
    endloop
  endfacet
  facet normal 0 1 0
    outer loop
      vertex -21.75 -142 0
      vertex -6 -142 30
      vertex -6 -142 0
    endloop
  endfacet
  facet normal 0 1 0
    outer loop
      vertex -6 -142 30
      vertex -21.75 -142 0
      vertex -21.75 -142 46
    endloop
  endfacet
  facet normal 1 -0 0
    outer loop
      vertex 8 24.725 31.5
      vertex 8 32.725 13.5
      vertex 8 32.725 31.5
    endloop
  endfacet
  facet normal 1 0 0
    outer loop
      vertex 8 32.725 13.5
      vertex 8 24.725 31.5
      vertex 8 24.725 13.5
    endloop
  endfacet
  facet normal -0 0 1
    outer loop
      vertex -8 32.725 31.5
      vertex 8 24.725 31.5
      vertex 8 32.725 31.5
    endloop
  endfacet
  facet normal 0 0 1
    outer loop
      vertex 8 24.725 31.5
      vertex -8 32.725 31.5
      vertex -8 24.725 31.5
    endloop
  endfacet
  facet normal 0 0 -1
    outer loop
      vertex -8 24.725 13.5
      vertex 8 32.725 13.5
      vertex 8 24.725 13.5
    endloop
  endfacet
  facet normal -0 0 -1
    outer loop
      vertex 8 32.725 13.5
      vertex -8 24.725 13.5
      vertex -8 32.725 13.5
    endloop
  endfacet
  facet normal -1 0 0
    outer loop
      vertex -8 24.725 13.5
      vertex -8 32.725 31.5
      vertex -8 32.725 13.5
    endloop
  endfacet
  facet normal -1 -0 0
    outer loop
      vertex -8 32.725 31.5
      vertex -8 24.725 13.5
      vertex -8 24.725 31.5
    endloop
  endfacet
  facet normal 0 1 0
    outer loop
      vertex 8 32.725 31.5
      vertex 0.197357 32.725 24.1885
      vertex -8 32.725 31.5
    endloop
  endfacet
  facet normal 0 1 0
    outer loop
      vertex 8 32.725 31.5
      vertex 0.581433 32.725 24.0975
      vertex 0.197357 32.725 24.1885
    endloop
  endfacet
  facet normal 0 1 0
    outer loop
      vertex 8 32.725 31.5
      vertex 0.934165 32.725 23.9203
      vertex 0.581433 32.725 24.0975
    endloop
  endfacet
  facet normal 0 1 0
    outer loop
      vertex 8 32.725 31.5
      vertex 1.23654 32.725 23.6666
      vertex 0.934165 32.725 23.9203
    endloop
  endfacet
  facet normal 0 1 0
    outer loop
      vertex 8 32.725 31.5
      vertex 1.47224 32.725 23.35
      vertex 1.23654 32.725 23.6666
    endloop
  endfacet
  facet normal 0 1 0
    outer loop
      vertex 8 32.725 31.5
      vertex 1.62858 32.725 22.9876
      vertex 1.47224 32.725 23.35
    endloop
  endfacet
  facet normal 0 1 0
    outer loop
      vertex 8 32.725 31.5
      vertex 1.69712 32.725 22.5988
      vertex 1.62858 32.725 22.9876
    endloop
  endfacet
  facet normal 0 1 -0
    outer loop
      vertex 8 32.725 13.5
      vertex 1.69712 32.725 22.5988
      vertex 8 32.725 31.5
    endloop
  endfacet
  facet normal 0 1 0
    outer loop
      vertex 1.69712 32.725 22.5988
      vertex 8 32.725 13.5
      vertex 1.67417 32.725 22.2048
    endloop
  endfacet
  facet normal 0 1 0
    outer loop
      vertex 1.67417 32.725 22.2048
      vertex 8 32.725 13.5
      vertex 1.56097 32.725 21.8267
    endloop
  endfacet
  facet normal 0 1 0
    outer loop
      vertex 0.392047 32.725 20.8458
      vertex 8 32.725 13.5
      vertex 0 32.725 20.8
    endloop
  endfacet
  facet normal 0 1 0
    outer loop
      vertex 0.762959 32.725 20.9808
      vertex 8 32.725 13.5
      vertex 0.392047 32.725 20.8458
    endloop
  endfacet
  facet normal 0 1 0
    outer loop
      vertex 1.09274 32.725 21.1977
      vertex 8 32.725 13.5
      vertex 0.762959 32.725 20.9808
    endloop
  endfacet
  facet normal 0 1 0
    outer loop
      vertex 1.36361 32.725 21.4848
      vertex 8 32.725 13.5
      vertex 1.09274 32.725 21.1977
    endloop
  endfacet
  facet normal 0 1 0
    outer loop
      vertex 1.56097 32.725 21.8267
      vertex 8 32.725 13.5
      vertex 1.36361 32.725 21.4848
    endloop
  endfacet
  facet normal 0 1 -0
    outer loop
      vertex -0.197357 32.725 24.1885
      vertex -8 32.725 31.5
      vertex 0.197357 32.725 24.1885
    endloop
  endfacet
  facet normal 0 1 -0
    outer loop
      vertex -0.581433 32.725 24.0975
      vertex -8 32.725 31.5
      vertex -0.197357 32.725 24.1885
    endloop
  endfacet
  facet normal 0 1 -0
    outer loop
      vertex -0.934165 32.725 23.9203
      vertex -8 32.725 31.5
      vertex -0.581433 32.725 24.0975
    endloop
  endfacet
  facet normal 0 1 -0
    outer loop
      vertex -1.23654 32.725 23.6666
      vertex -8 32.725 31.5
      vertex -0.934165 32.725 23.9203
    endloop
  endfacet
  facet normal 0 1 -0
    outer loop
      vertex -1.47224 32.725 23.35
      vertex -8 32.725 31.5
      vertex -1.23654 32.725 23.6666
    endloop
  endfacet
  facet normal 0 1 -0
    outer loop
      vertex -1.62858 32.725 22.9876
      vertex -8 32.725 31.5
      vertex -1.47224 32.725 23.35
    endloop
  endfacet
  facet normal 0 1 -0
    outer loop
      vertex -1.69712 32.725 22.5988
      vertex -8 32.725 31.5
      vertex -1.62858 32.725 22.9876
    endloop
  endfacet
  facet normal 0 1 0
    outer loop
      vertex -8 32.725 13.5
      vertex -1.69712 32.725 22.5988
      vertex -1.67417 32.725 22.2048
    endloop
  endfacet
  facet normal 0 1 0
    outer loop
      vertex -8 32.725 13.5
      vertex -1.67417 32.725 22.2048
      vertex -1.56097 32.725 21.8267
    endloop
  endfacet
  facet normal 0 1 0
    outer loop
      vertex -8 32.725 13.5
      vertex -1.56097 32.725 21.8267
      vertex -1.36361 32.725 21.4848
    endloop
  endfacet
  facet normal 0 1 0
    outer loop
      vertex -8 32.725 13.5
      vertex 0 32.725 20.8
      vertex 8 32.725 13.5
    endloop
  endfacet
  facet normal 0 1 0
    outer loop
      vertex 0 32.725 20.8
      vertex -8 32.725 13.5
      vertex -0.392047 32.725 20.8458
    endloop
  endfacet
  facet normal 0 1 0
    outer loop
      vertex -0.392047 32.725 20.8458
      vertex -8 32.725 13.5
      vertex -0.762959 32.725 20.9808
    endloop
  endfacet
  facet normal 0 1 0
    outer loop
      vertex -1.69712 32.725 22.5988
      vertex -8 32.725 13.5
      vertex -8 32.725 31.5
    endloop
  endfacet
  facet normal 0 1 0
    outer loop
      vertex -1.09274 32.725 21.1977
      vertex -8 32.725 13.5
      vertex -1.36361 32.725 21.4848
    endloop
  endfacet
  facet normal 0 1 0
    outer loop
      vertex -0.762959 32.725 20.9808
      vertex -8 32.725 13.5
      vertex -1.09274 32.725 21.1977
    endloop
  endfacet
  facet normal 0 -0.964635 -0.263589
    outer loop
      vertex -21.75 -145.258 36.0421
      vertex 6 -145.362 36.4227
      vertex -21.75 -145.362 36.4227
    endloop
  endfacet
  facet normal 0 -0.964635 -0.263589
    outer loop
      vertex 6 -145.362 36.4227
      vertex -21.75 -145.258 36.0421
      vertex 6 -145.258 36.0421
    endloop
  endfacet
  facet normal -0 0.252786 0.967522
    outer loop
      vertex -21.75 -147.175 34.1024
      vertex 6 -147.348 34.1476
      vertex 6 -147.175 34.1024
    endloop
  endfacet
  facet normal 0 0.252786 0.967522
    outer loop
      vertex 6 -147.348 34.1476
      vertex -21.75 -147.175 34.1024
      vertex -21.75 -147.348 34.1476
    endloop
  endfacet
  facet normal 0 -0.625004 0.780621
    outer loop
      vertex -21.75 -145.729 34.5908
      vertex 6 -146.037 34.3442
      vertex 6 -145.729 34.5908
    endloop
  endfacet
  facet normal 0 -0.625004 0.780621
    outer loop
      vertex 6 -146.037 34.3442
      vertex -21.75 -145.729 34.5908
      vertex -21.75 -146.037 34.3442
    endloop
  endfacet
  facet normal -0 0.0230319 0.999735
    outer loop
      vertex -21.75 -146.78 34.0933
      vertex 6 -147.175 34.1024
      vertex 6 -146.78 34.0933
    endloop
  endfacet
  facet normal 0 0.0230319 0.999735
    outer loop
      vertex 6 -147.175 34.1024
      vertex -21.75 -146.78 34.0933
      vertex -21.75 -147.175 34.1024
    endloop
  endfacet
  facet normal 0 -0.877837 -0.478959
    outer loop
      vertex -21.75 -145.362 36.4227
      vertex 6 -145.551 36.7691
      vertex -21.75 -145.551 36.7691
    endloop
  endfacet
  facet normal 0 -0.877837 -0.478959
    outer loop
      vertex 6 -145.551 36.7691
      vertex -21.75 -145.362 36.4227
      vertex 6 -145.362 36.4227
    endloop
  endfacet
  facet normal 0 -0.999371 -0.0354656
    outer loop
      vertex -21.75 -145.244 35.6476
      vertex 6 -145.258 36.0421
      vertex -21.75 -145.258 36.0421
    endloop
  endfacet
  facet normal 0 -0.999371 -0.0354656
    outer loop
      vertex 6 -145.258 36.0421
      vertex -21.75 -145.244 35.6476
      vertex 6 -145.244 35.6476
    endloop
  endfacet
  facet normal 0 -0.788082 0.61557
    outer loop
      vertex -21.75 -145.729 34.5908
      vertex 6 -145.486 34.9019
      vertex -21.75 -145.486 34.9019
    endloop
  endfacet
  facet normal 0 -0.788082 0.61557
    outer loop
      vertex 6 -145.486 34.9019
      vertex -21.75 -145.729 34.5908
      vertex 6 -145.729 34.5908
    endloop
  endfacet
  facet normal 0 -0.207798 0.978172
    outer loop
      vertex -21.75 -146.394 34.1753
      vertex 6 -146.78 34.0933
      vertex 6 -146.394 34.1753
    endloop
  endfacet
  facet normal 0 -0.207798 0.978172
    outer loop
      vertex 6 -146.78 34.0933
      vertex -21.75 -146.394 34.1753
      vertex -21.75 -146.78 34.0933
    endloop
  endfacet
  facet normal 0 -0.139045 -0.990286
    outer loop
      vertex -21.75 -146.899 37.4854
      vertex 6 -146.508 37.4305
      vertex 6 -146.899 37.4854
    endloop
  endfacet
  facet normal -0 -0.139045 -0.990286
    outer loop
      vertex 6 -146.508 37.4305
      vertex -21.75 -146.899 37.4854
      vertex -21.75 -146.508 37.4305
    endloop
  endfacet
  facet normal 0 0.0995037 -0.995037
    outer loop
      vertex -21.75 -146.908 37.4845
      vertex 6 -146.899 37.4854
      vertex 6 -146.908 37.4845
    endloop
  endfacet
  facet normal 0 0.0995037 -0.995037
    outer loop
      vertex 6 -146.899 37.4854
      vertex -21.75 -146.908 37.4845
      vertex -21.75 -146.899 37.4854
    endloop
  endfacet
  facet normal 0 -0.743256 -0.669007
    outer loop
      vertex -21.75 -145.551 36.7691
      vertex 6 -145.815 37.0624
      vertex -21.75 -145.815 37.0624
    endloop
  endfacet
  facet normal 0 -0.743256 -0.669007
    outer loop
      vertex 6 -145.815 37.0624
      vertex -21.75 -145.551 36.7691
      vertex 6 -145.551 36.7691
    endloop
  endfacet
  facet normal 0 -0.908492 0.417901
    outer loop
      vertex -21.75 -145.486 34.9019
      vertex 6 -145.321 35.2606
      vertex -21.75 -145.321 35.2606
    endloop
  endfacet
  facet normal 0 -0.908492 0.417901
    outer loop
      vertex 6 -145.321 35.2606
      vertex -21.75 -145.486 34.9019
      vertex 6 -145.486 34.9019
    endloop
  endfacet
  facet normal 0 -0.427662 0.903939
    outer loop
      vertex -21.75 -146.037 34.3442
      vertex 6 -146.394 34.1753
      vertex 6 -146.037 34.3442
    endloop
  endfacet
  facet normal 0 -0.427662 0.903939
    outer loop
      vertex 6 -146.394 34.1753
      vertex -21.75 -146.037 34.3442
      vertex -21.75 -146.394 34.1753
    endloop
  endfacet
  facet normal 0 -0.980775 0.195141
    outer loop
      vertex -21.75 -145.321 35.2606
      vertex 6 -145.244 35.6476
      vertex -21.75 -145.244 35.6476
    endloop
  endfacet
  facet normal 0 -0.980775 0.195141
    outer loop
      vertex 6 -145.244 35.6476
      vertex -21.75 -145.321 35.2606
      vertex 6 -145.321 35.2606
    endloop
  endfacet
  facet normal 0 -0.568354 -0.822784
    outer loop
      vertex -21.75 -146.14 37.2869
      vertex 6 -145.815 37.0624
      vertex 6 -146.14 37.2869
    endloop
  endfacet
  facet normal -0 -0.568354 -0.822784
    outer loop
      vertex 6 -145.815 37.0624
      vertex -21.75 -146.14 37.2869
      vertex -21.75 -145.815 37.0624
    endloop
  endfacet
  facet normal 0 -0.363521 -0.931586
    outer loop
      vertex -21.75 -146.508 37.4305
      vertex 6 -146.14 37.2869
      vertex 6 -146.508 37.4305
    endloop
  endfacet
  facet normal -0 -0.363521 -0.931586
    outer loop
      vertex 6 -146.14 37.2869
      vertex -21.75 -146.508 37.4305
      vertex -21.75 -146.14 37.2869
    endloop
  endfacet
  facet normal -0 0.00617966 0.999981
    outer loop
      vertex -21.75 -147.348 34.1476
      vertex 6 -147.526 34.1487
      vertex 6 -147.348 34.1476
    endloop
  endfacet
  facet normal 0 0.00617966 0.999981
    outer loop
      vertex 6 -147.526 34.1487
      vertex -21.75 -147.348 34.1476
      vertex -21.75 -147.526 34.1487
    endloop
  endfacet
  facet normal -0 0.235696 0.971827
    outer loop
      vertex -21.75 -147.526 34.1487
      vertex 6 -147.7 34.1909
      vertex 6 -147.526 34.1487
    endloop
  endfacet
  facet normal 0 0.235696 0.971827
    outer loop
      vertex 6 -147.7 34.1909
      vertex -21.75 -147.526 34.1487
      vertex -21.75 -147.7 34.1909
    endloop
  endfacet
  facet normal 0 0.10934 -0.994004
    outer loop
      vertex -21.75 -147.319 37.5349
      vertex 6 -147.309 37.536
      vertex 6 -147.319 37.5349
    endloop
  endfacet
  facet normal 0 0.10934 -0.994004
    outer loop
      vertex 6 -147.309 37.536
      vertex -21.75 -147.319 37.5349
      vertex -21.75 -147.309 37.536
    endloop
  endfacet
  facet normal 0 -0.121791 -0.992556
    outer loop
      vertex -21.75 -147.309 37.536
      vertex 6 -146.917 37.4879
      vertex 6 -147.309 37.536
    endloop
  endfacet
  facet normal -0 -0.121791 -0.992556
    outer loop
      vertex 6 -146.917 37.4879
      vertex -21.75 -147.309 37.536
      vertex -21.75 -146.917 37.4879
    endloop
  endfacet
  facet normal 0 -0.353401 -0.935472
    outer loop
      vertex -21.75 -146.917 37.4879
      vertex 6 -146.908 37.4845
      vertex 6 -146.917 37.4879
    endloop
  endfacet
  facet normal -0 -0.353401 -0.935472
    outer loop
      vertex 6 -146.908 37.4845
      vertex -21.75 -146.917 37.4879
      vertex -21.75 -146.908 37.4845
    endloop
  endfacet
  facet normal 0 -0.0117969 0.99993
    outer loop
      vertex -21.75 -147.7 34.1909
      vertex 6 -147.878 34.1888
      vertex 6 -147.7 34.1909
    endloop
  endfacet
  facet normal 0 -0.0117969 0.99993
    outer loop
      vertex 6 -147.878 34.1888
      vertex -21.75 -147.7 34.1909
      vertex -21.75 -147.878 34.1888
    endloop
  endfacet
  facet normal -0 0.219245 0.97567
    outer loop
      vertex -21.75 -147.878 34.1888
      vertex 6 -148.052 34.2279
      vertex 6 -147.878 34.1888
    endloop
  endfacet
  facet normal 0 0.219245 0.97567
    outer loop
      vertex 6 -148.052 34.2279
      vertex -21.75 -147.878 34.1888
      vertex -21.75 -148.052 34.2279
    endloop
  endfacet
  facet normal 0 -0.104777 -0.994496
    outer loop
      vertex -21.75 -147.72 37.5794
      vertex 6 -147.328 37.5381
      vertex 6 -147.72 37.5794
    endloop
  endfacet
  facet normal -0 -0.104777 -0.994496
    outer loop
      vertex 6 -147.328 37.5381
      vertex -21.75 -147.72 37.5794
      vertex -21.75 -147.328 37.5381
    endloop
  endfacet
  facet normal 0 0.128915 -0.991656
    outer loop
      vertex -21.75 -147.73 37.5781
      vertex 6 -147.72 37.5794
      vertex 6 -147.73 37.5781
    endloop
  endfacet
  facet normal 0 0.128915 -0.991656
    outer loop
      vertex 6 -147.72 37.5794
      vertex -21.75 -147.73 37.5781
      vertex -21.75 -147.72 37.5794
    endloop
  endfacet
  facet normal 0 -0.33501 -0.942215
    outer loop
      vertex -21.75 -147.328 37.5381
      vertex 6 -147.319 37.5349
      vertex 6 -147.328 37.5381
    endloop
  endfacet
  facet normal -0 -0.33501 -0.942215
    outer loop
      vertex 6 -147.319 37.5349
      vertex -21.75 -147.328 37.5381
      vertex -21.75 -147.319 37.5349
    endloop
  endfacet
  facet normal 0 -0.0284801 0.999594
    outer loop
      vertex -21.75 -148.052 34.2279
      vertex 6 -148.231 34.2228
      vertex 6 -148.052 34.2279
    endloop
  endfacet
  facet normal 0 -0.0284801 0.999594
    outer loop
      vertex 6 -148.231 34.2228
      vertex -21.75 -148.052 34.2279
      vertex -21.75 -148.231 34.2228
    endloop
  endfacet
  facet normal -0 0.202032 0.979379
    outer loop
      vertex -21.75 -148.231 34.2228
      vertex 6 -148.406 34.2589
      vertex 6 -148.231 34.2228
    endloop
  endfacet
  facet normal 0 0.202032 0.979379
    outer loop
      vertex 6 -148.406 34.2589
      vertex -21.75 -148.231 34.2228
      vertex -21.75 -148.406 34.2589
    endloop
  endfacet
  facet normal 0 0.138648 -0.990342
    outer loop
      vertex -21.75 -148.142 37.6142
      vertex 6 -148.132 37.6156
      vertex 6 -148.142 37.6142
    endloop
  endfacet
  facet normal 0 0.138648 -0.990342
    outer loop
      vertex 6 -148.132 37.6156
      vertex -21.75 -148.142 37.6142
      vertex -21.75 -148.132 37.6156
    endloop
  endfacet
  facet normal 0 -0.325667 -0.945485
    outer loop
      vertex -21.75 -147.739 37.5812
      vertex 6 -147.73 37.5781
      vertex 6 -147.739 37.5812
    endloop
  endfacet
  facet normal -0 -0.325667 -0.945485
    outer loop
      vertex 6 -147.73 37.5781
      vertex -21.75 -147.739 37.5812
      vertex -21.75 -147.73 37.5781
    endloop
  endfacet
  facet normal 0 -0.0871984 -0.996191
    outer loop
      vertex -21.75 -148.132 37.6156
      vertex 6 -147.739 37.5812
      vertex 6 -148.132 37.6156
    endloop
  endfacet
  facet normal -0 -0.0871984 -0.996191
    outer loop
      vertex 6 -147.739 37.5812
      vertex -21.75 -148.132 37.6156
      vertex -21.75 -147.739 37.5812
    endloop
  endfacet
  facet normal 0 -0.0471386 0.998888
    outer loop
      vertex -21.75 -148.406 34.2589
      vertex 6 -148.584 34.2505
      vertex 6 -148.406 34.2589
    endloop
  endfacet
  facet normal 0 -0.0471386 0.998888
    outer loop
      vertex 6 -148.584 34.2505
      vertex -21.75 -148.406 34.2589
      vertex -21.75 -148.584 34.2505
    endloop
  endfacet
  facet normal 0 -0.297067 -0.954857
    outer loop
      vertex -21.75 -148.151 37.617
      vertex 6 -148.142 37.6142
      vertex 6 -148.151 37.617
    endloop
  endfacet
  facet normal -0 -0.297067 -0.954857
    outer loop
      vertex 6 -148.142 37.6142
      vertex -21.75 -148.151 37.617
      vertex -21.75 -148.142 37.6142
    endloop
  endfacet
  facet normal -0 0.185848 0.982579
    outer loop
      vertex -21.75 -148.584 34.2505
      vertex 6 -148.759 34.2836
      vertex 6 -148.584 34.2505
    endloop
  endfacet
  facet normal 0 0.185848 0.982579
    outer loop
      vertex 6 -148.759 34.2836
      vertex -21.75 -148.584 34.2505
      vertex -21.75 -148.759 34.2836
    endloop
  endfacet
  facet normal 0 0.157991 -0.987441
    outer loop
      vertex -21.75 -148.554 37.643
      vertex 6 -148.544 37.6446
      vertex 6 -148.554 37.643
    endloop
  endfacet
  facet normal 0 0.157991 -0.987441
    outer loop
      vertex 6 -148.544 37.6446
      vertex -21.75 -148.554 37.643
      vertex -21.75 -148.544 37.6446
    endloop
  endfacet
  facet normal 0 -0.0700565 -0.997543
    outer loop
      vertex -21.75 -148.544 37.6446
      vertex 6 -148.151 37.617
      vertex 6 -148.544 37.6446
    endloop
  endfacet
  facet normal -0 -0.0700565 -0.997543
    outer loop
      vertex 6 -148.151 37.617
      vertex -21.75 -148.544 37.6446
      vertex -21.75 -148.151 37.617
    endloop
  endfacet
  facet normal 0 -0.0635584 0.997978
    outer loop
      vertex -21.75 -148.759 34.2836
      vertex 6 -148.938 34.2722
      vertex 6 -148.759 34.2836
    endloop
  endfacet
  facet normal 0 -0.0635584 0.997978
    outer loop
      vertex 6 -148.938 34.2722
      vertex -21.75 -148.759 34.2836
      vertex -21.75 -148.938 34.2722
    endloop
  endfacet
  facet normal -0 0.168031 0.985782
    outer loop
      vertex -21.75 -148.938 34.2722
      vertex 6 -149.114 34.3022
      vertex 6 -148.938 34.2722
    endloop
  endfacet
  facet normal 0 0.168031 0.985782
    outer loop
      vertex 6 -149.114 34.3022
      vertex -21.75 -148.938 34.2722
      vertex -21.75 -149.114 34.3022
    endloop
  endfacet
  facet normal 0 0.177153 -0.984183
    outer loop
      vertex -21.75 -148.967 37.6646
      vertex 6 -148.957 37.6664
      vertex 6 -148.967 37.6646
    endloop
  endfacet
  facet normal 0 0.177153 -0.984183
    outer loop
      vertex 6 -148.957 37.6664
      vertex -21.75 -148.967 37.6646
      vertex -21.75 -148.957 37.6664
    endloop
  endfacet
  facet normal 0 -0.287348 -0.957826
    outer loop
      vertex -21.75 -148.563 37.6457
      vertex 6 -148.554 37.643
      vertex 6 -148.563 37.6457
    endloop
  endfacet
  facet normal -0 -0.287348 -0.957826
    outer loop
      vertex 6 -148.554 37.643
      vertex -21.75 -148.563 37.6457
      vertex -21.75 -148.554 37.643
    endloop
  endfacet
  facet normal 0 -0.0524657 -0.998623
    outer loop
      vertex -21.75 -148.957 37.6664
      vertex 6 -148.563 37.6457
      vertex 6 -148.957 37.6664
    endloop
  endfacet
  facet normal -0 -0.0524657 -0.998623
    outer loop
      vertex 6 -148.563 37.6457
      vertex -21.75 -148.957 37.6664
      vertex -21.75 -148.563 37.6457
    endloop
  endfacet
  facet normal 0 -0.0349154 -0.99939
    outer loop
      vertex -21.75 -149.371 37.681
      vertex 6 -148.976 37.6672
      vertex 6 -149.371 37.681
    endloop
  endfacet
  facet normal -0 -0.0349154 -0.99939
    outer loop
      vertex 6 -148.976 37.6672
      vertex -21.75 -149.371 37.681
      vertex -21.75 -148.976 37.6672
    endloop
  endfacet
  facet normal -0 0.151086 0.988521
    outer loop
      vertex -21.75 -149.292 34.2876
      vertex 6 -149.468 34.3145
      vertex 6 -149.292 34.2876
    endloop
  endfacet
  facet normal 0 0.151086 0.988521
    outer loop
      vertex 6 -149.468 34.3145
      vertex -21.75 -149.292 34.2876
      vertex -21.75 -149.468 34.3145
    endloop
  endfacet
  facet normal 0 -0.0817479 0.996653
    outer loop
      vertex -21.75 -149.114 34.3022
      vertex 6 -149.292 34.2876
      vertex 6 -149.114 34.3022
    endloop
  endfacet
  facet normal 0 -0.0817479 0.996653
    outer loop
      vertex 6 -149.292 34.2876
      vertex -21.75 -149.114 34.3022
      vertex -21.75 -149.292 34.2876
    endloop
  endfacet
  facet normal 0 -0.27754 -0.960714
    outer loop
      vertex -21.75 -148.976 37.6672
      vertex 6 -148.967 37.6646
      vertex 6 -148.976 37.6672
    endloop
  endfacet
  facet normal -0 -0.27754 -0.960714
    outer loop
      vertex 6 -148.967 37.6646
      vertex -21.75 -148.976 37.6672
      vertex -21.75 -148.967 37.6646
    endloop
  endfacet
  facet normal 0 0.206558 -0.978434
    outer loop
      vertex -21.75 -149.38 37.6791
      vertex 6 -149.371 37.681
      vertex 6 -149.38 37.6791
    endloop
  endfacet
  facet normal 0 0.206558 -0.978434
    outer loop
      vertex 6 -149.371 37.681
      vertex -21.75 -149.38 37.6791
      vertex -21.75 -149.371 37.681
    endloop
  endfacet
  facet normal -0 0.133264 0.991081
    outer loop
      vertex -21.75 -149.646 34.2969
      vertex 6 -149.823 34.3207
      vertex 6 -149.646 34.2969
    endloop
  endfacet
  facet normal 0 0.133264 0.991081
    outer loop
      vertex 6 -149.823 34.3207
      vertex -21.75 -149.646 34.2969
      vertex -21.75 -149.823 34.3207
    endloop
  endfacet
  facet normal 0 -0.0172126 -0.999852
    outer loop
      vertex -21.75 -149.784 37.6883
      vertex 6 -149.389 37.6815
      vertex 6 -149.784 37.6883
    endloop
  endfacet
  facet normal -0 -0.0172126 -0.999852
    outer loop
      vertex 6 -149.389 37.6815
      vertex -21.75 -149.784 37.6883
      vertex -21.75 -149.389 37.6815
    endloop
  endfacet
  facet normal 0 -0.0983966 0.995147
    outer loop
      vertex -21.75 -149.468 34.3145
      vertex 6 -149.646 34.2969
      vertex 6 -149.468 34.3145
    endloop
  endfacet
  facet normal 0 -0.0983966 0.995147
    outer loop
      vertex 6 -149.646 34.2969
      vertex -21.75 -149.468 34.3145
      vertex -21.75 -149.646 34.2969
    endloop
  endfacet
  facet normal 0 -0.257663 -0.966235
    outer loop
      vertex -21.75 -149.389 37.6815
      vertex 6 -149.38 37.6791
      vertex 6 -149.389 37.6815
    endloop
  endfacet
  facet normal -0 -0.257663 -0.966235
    outer loop
      vertex 6 -149.38 37.6791
      vertex -21.75 -149.389 37.6815
      vertex -21.75 -149.38 37.6791
    endloop
  endfacet
  facet normal 0 0.21693 -0.976187
    outer loop
      vertex -21.75 -149.793 37.6863
      vertex 6 -149.784 37.6883
      vertex 6 -149.793 37.6863
    endloop
  endfacet
  facet normal 0 0.21693 -0.976187
    outer loop
      vertex 6 -149.784 37.6883
      vertex -21.75 -149.793 37.6863
      vertex -21.75 -149.784 37.6883
    endloop
  endfacet
  facet normal 0 0 -1
    outer loop
      vertex -21.75 -150.197 37.6885
      vertex 6 -149.803 37.6885
      vertex 6 -150.197 37.6885
    endloop
  endfacet
  facet normal -0 0 -1
    outer loop
      vertex 6 -149.803 37.6885
      vertex -21.75 -150.197 37.6885
      vertex -21.75 -149.803 37.6885
    endloop
  endfacet
  facet normal 0 -0.116158 0.993231
    outer loop
      vertex -21.75 -149.823 34.3207
      vertex 6 -150 34.3
      vertex 6 -149.823 34.3207
    endloop
  endfacet
  facet normal 0 -0.116158 0.993231
    outer loop
      vertex 6 -150 34.3
      vertex -21.75 -149.823 34.3207
      vertex -21.75 -150 34.3
    endloop
  endfacet
  facet normal -0 0.116158 0.993231
    outer loop
      vertex -21.75 -150 34.3
      vertex 6 -150.177 34.3207
      vertex 6 -150 34.3
    endloop
  endfacet
  facet normal 0 0.116158 0.993231
    outer loop
      vertex 6 -150.177 34.3207
      vertex -21.75 -150 34.3
      vertex -21.75 -150.177 34.3207
    endloop
  endfacet
  facet normal 0 0.214862 -0.976644
    outer loop
      vertex -21.75 -150.207 37.6863
      vertex 6 -150.197 37.6885
      vertex 6 -150.207 37.6863
    endloop
  endfacet
  facet normal 0 0.214862 -0.976644
    outer loop
      vertex 6 -150.197 37.6885
      vertex -21.75 -150.207 37.6863
      vertex -21.75 -150.197 37.6885
    endloop
  endfacet
  facet normal 0 -0.214862 -0.976644
    outer loop
      vertex -21.75 -149.803 37.6885
      vertex 6 -149.793 37.6863
      vertex 6 -149.803 37.6885
    endloop
  endfacet
  facet normal -0 -0.214862 -0.976644
    outer loop
      vertex 6 -149.793 37.6863
      vertex -21.75 -149.803 37.6885
      vertex -21.75 -149.793 37.6863
    endloop
  endfacet
  facet normal 0 -0.133264 0.991081
    outer loop
      vertex -21.75 -150.177 34.3207
      vertex 6 -150.354 34.2969
      vertex 6 -150.177 34.3207
    endloop
  endfacet
  facet normal 0 -0.133264 0.991081
    outer loop
      vertex 6 -150.354 34.2969
      vertex -21.75 -150.177 34.3207
      vertex -21.75 -150.354 34.2969
    endloop
  endfacet
  facet normal 0 0.0172126 -0.999852
    outer loop
      vertex -21.75 -150.611 37.6815
      vertex 6 -150.216 37.6883
      vertex 6 -150.611 37.6815
    endloop
  endfacet
  facet normal 0 0.0172126 -0.999852
    outer loop
      vertex 6 -150.216 37.6883
      vertex -21.75 -150.611 37.6815
      vertex -21.75 -150.216 37.6883
    endloop
  endfacet
  facet normal 0 -0.21693 -0.976187
    outer loop
      vertex -21.75 -150.216 37.6883
      vertex 6 -150.207 37.6863
      vertex 6 -150.216 37.6883
    endloop
  endfacet
  facet normal -0 -0.21693 -0.976187
    outer loop
      vertex 6 -150.207 37.6863
      vertex -21.75 -150.216 37.6883
      vertex -21.75 -150.207 37.6863
    endloop
  endfacet
  facet normal -0 0.0983966 0.995147
    outer loop
      vertex -21.75 -150.354 34.2969
      vertex 6 -150.532 34.3145
      vertex 6 -150.354 34.2969
    endloop
  endfacet
  facet normal 0 0.0983966 0.995147
    outer loop
      vertex 6 -150.532 34.3145
      vertex -21.75 -150.354 34.2969
      vertex -21.75 -150.532 34.3145
    endloop
  endfacet
  facet normal 0 0.257663 -0.966235
    outer loop
      vertex -21.75 -150.62 37.6791
      vertex 6 -150.611 37.6815
      vertex 6 -150.62 37.6791
    endloop
  endfacet
  facet normal 0 0.257663 -0.966235
    outer loop
      vertex 6 -150.611 37.6815
      vertex -21.75 -150.62 37.6791
      vertex -21.75 -150.611 37.6815
    endloop
  endfacet
  facet normal -0 0.0817479 0.996653
    outer loop
      vertex -21.75 -150.708 34.2876
      vertex 6 -150.886 34.3022
      vertex 6 -150.708 34.2876
    endloop
  endfacet
  facet normal 0 0.0817479 0.996653
    outer loop
      vertex 6 -150.886 34.3022
      vertex -21.75 -150.708 34.2876
      vertex -21.75 -150.886 34.3022
    endloop
  endfacet
  facet normal 0 -0.151086 0.988521
    outer loop
      vertex -21.75 -150.532 34.3145
      vertex 6 -150.708 34.2876
      vertex 6 -150.532 34.3145
    endloop
  endfacet
  facet normal 0 -0.151086 0.988521
    outer loop
      vertex 6 -150.708 34.2876
      vertex -21.75 -150.532 34.3145
      vertex -21.75 -150.708 34.2876
    endloop
  endfacet
  facet normal 0 -0.206558 -0.978434
    outer loop
      vertex -21.75 -150.629 37.681
      vertex 6 -150.62 37.6791
      vertex 6 -150.629 37.681
    endloop
  endfacet
  facet normal -0 -0.206558 -0.978434
    outer loop
      vertex 6 -150.62 37.6791
      vertex -21.75 -150.629 37.681
      vertex -21.75 -150.62 37.6791
    endloop
  endfacet
  facet normal 0 0.27754 -0.960714
    outer loop
      vertex -21.75 -151.033 37.6646
      vertex 6 -151.024 37.6672
      vertex 6 -151.033 37.6646
    endloop
  endfacet
  facet normal 0 0.27754 -0.960714
    outer loop
      vertex 6 -151.024 37.6672
      vertex -21.75 -151.033 37.6646
      vertex -21.75 -151.024 37.6672
    endloop
  endfacet
  facet normal 0 0.0349154 -0.99939
    outer loop
      vertex -21.75 -151.024 37.6672
      vertex 6 -150.629 37.681
      vertex 6 -151.024 37.6672
    endloop
  endfacet
  facet normal 0 0.0349154 -0.99939
    outer loop
      vertex 6 -150.629 37.681
      vertex -21.75 -151.024 37.6672
      vertex -21.75 -150.629 37.681
    endloop
  endfacet
  facet normal 0 0.0524657 -0.998623
    outer loop
      vertex -21.75 -151.437 37.6457
      vertex 6 -151.043 37.6664
      vertex 6 -151.437 37.6457
    endloop
  endfacet
  facet normal 0 0.0524657 -0.998623
    outer loop
      vertex 6 -151.043 37.6664
      vertex -21.75 -151.437 37.6457
      vertex -21.75 -151.043 37.6664
    endloop
  endfacet
  facet normal 0 -0.168031 0.985782
    outer loop
      vertex -21.75 -150.886 34.3022
      vertex 6 -151.062 34.2722
      vertex 6 -150.886 34.3022
    endloop
  endfacet
  facet normal 0 -0.168031 0.985782
    outer loop
      vertex 6 -151.062 34.2722
      vertex -21.75 -150.886 34.3022
      vertex -21.75 -151.062 34.2722
    endloop
  endfacet
  facet normal -0 0.0635584 0.997978
    outer loop
      vertex -21.75 -151.062 34.2722
      vertex 6 -151.241 34.2836
      vertex 6 -151.062 34.2722
    endloop
  endfacet
  facet normal 0 0.0635584 0.997978
    outer loop
      vertex 6 -151.241 34.2836
      vertex -21.75 -151.062 34.2722
      vertex -21.75 -151.241 34.2836
    endloop
  endfacet
  facet normal 0 -0.177153 -0.984183
    outer loop
      vertex -21.75 -151.043 37.6664
      vertex 6 -151.033 37.6646
      vertex 6 -151.043 37.6664
    endloop
  endfacet
  facet normal -0 -0.177153 -0.984183
    outer loop
      vertex 6 -151.033 37.6646
      vertex -21.75 -151.043 37.6664
      vertex -21.75 -151.033 37.6646
    endloop
  endfacet
  facet normal 0 0.287348 -0.957826
    outer loop
      vertex -21.75 -151.446 37.643
      vertex 6 -151.437 37.6457
      vertex 6 -151.446 37.643
    endloop
  endfacet
  facet normal 0 0.287348 -0.957826
    outer loop
      vertex 6 -151.437 37.6457
      vertex -21.75 -151.446 37.643
      vertex -21.75 -151.437 37.6457
    endloop
  endfacet
  facet normal 0 -0.185848 0.982579
    outer loop
      vertex -21.75 -151.241 34.2836
      vertex 6 -151.416 34.2505
      vertex 6 -151.241 34.2836
    endloop
  endfacet
  facet normal 0 -0.185848 0.982579
    outer loop
      vertex 6 -151.416 34.2505
      vertex -21.75 -151.241 34.2836
      vertex -21.75 -151.416 34.2505
    endloop
  endfacet
  facet normal 0 0.297067 -0.954857
    outer loop
      vertex -21.75 -151.858 37.6142
      vertex 6 -151.849 37.617
      vertex 6 -151.858 37.6142
    endloop
  endfacet
  facet normal 0 0.297067 -0.954857
    outer loop
      vertex 6 -151.849 37.617
      vertex -21.75 -151.858 37.6142
      vertex -21.75 -151.849 37.617
    endloop
  endfacet
  facet normal 0 0.0700565 -0.997543
    outer loop
      vertex -21.75 -151.849 37.617
      vertex 6 -151.456 37.6446
      vertex 6 -151.849 37.617
    endloop
  endfacet
  facet normal 0 0.0700565 -0.997543
    outer loop
      vertex 6 -151.456 37.6446
      vertex -21.75 -151.849 37.617
      vertex -21.75 -151.456 37.6446
    endloop
  endfacet
  facet normal -0 0.0471386 0.998888
    outer loop
      vertex -21.75 -151.416 34.2505
      vertex 6 -151.594 34.2589
      vertex 6 -151.416 34.2505
    endloop
  endfacet
  facet normal 0 0.0471386 0.998888
    outer loop
      vertex 6 -151.594 34.2589
      vertex -21.75 -151.416 34.2505
      vertex -21.75 -151.594 34.2589
    endloop
  endfacet
  facet normal 0 -0.157991 -0.987441
    outer loop
      vertex -21.75 -151.456 37.6446
      vertex 6 -151.446 37.643
      vertex 6 -151.456 37.6446
    endloop
  endfacet
  facet normal -0 -0.157991 -0.987441
    outer loop
      vertex 6 -151.446 37.643
      vertex -21.75 -151.456 37.6446
      vertex -21.75 -151.446 37.643
    endloop
  endfacet
  facet normal 0 -0.138648 -0.990342
    outer loop
      vertex -21.75 -151.868 37.6156
      vertex 6 -151.858 37.6142
      vertex 6 -151.868 37.6156
    endloop
  endfacet
  facet normal -0 -0.138648 -0.990342
    outer loop
      vertex 6 -151.858 37.6142
      vertex -21.75 -151.868 37.6156
      vertex -21.75 -151.858 37.6142
    endloop
  endfacet
  facet normal -0 0.0284801 0.999594
    outer loop
      vertex -21.75 -151.769 34.2228
      vertex 6 -151.948 34.2279
      vertex 6 -151.769 34.2228
    endloop
  endfacet
  facet normal 0 0.0284801 0.999594
    outer loop
      vertex 6 -151.948 34.2279
      vertex -21.75 -151.769 34.2228
      vertex -21.75 -151.948 34.2279
    endloop
  endfacet
  facet normal 0 -0.202032 0.979379
    outer loop
      vertex -21.75 -151.594 34.2589
      vertex 6 -151.769 34.2228
      vertex 6 -151.594 34.2589
    endloop
  endfacet
  facet normal 0 -0.202032 0.979379
    outer loop
      vertex 6 -151.769 34.2228
      vertex -21.75 -151.594 34.2589
      vertex -21.75 -151.769 34.2228
    endloop
  endfacet
  facet normal 0 0.325667 -0.945485
    outer loop
      vertex -21.75 -152.27 37.5781
      vertex 6 -152.261 37.5812
      vertex 6 -152.27 37.5781
    endloop
  endfacet
  facet normal 0 0.325667 -0.945485
    outer loop
      vertex 6 -152.261 37.5812
      vertex -21.75 -152.27 37.5781
      vertex -21.75 -152.261 37.5812
    endloop
  endfacet
  facet normal 0 0.0871984 -0.996191
    outer loop
      vertex -21.75 -152.261 37.5812
      vertex 6 -151.868 37.6156
      vertex 6 -152.261 37.5812
    endloop
  endfacet
  facet normal 0 0.0871984 -0.996191
    outer loop
      vertex 6 -151.868 37.6156
      vertex -21.75 -152.261 37.5812
      vertex -21.75 -151.868 37.6156
    endloop
  endfacet
  facet normal -0 0.0117969 0.99993
    outer loop
      vertex -21.75 -152.122 34.1888
      vertex 6 -152.3 34.1909
      vertex 6 -152.122 34.1888
    endloop
  endfacet
  facet normal 0 0.0117969 0.99993
    outer loop
      vertex 6 -152.3 34.1909
      vertex -21.75 -152.122 34.1888
      vertex -21.75 -152.3 34.1909
    endloop
  endfacet
  facet normal 0 -0.219245 0.97567
    outer loop
      vertex -21.75 -151.948 34.2279
      vertex 6 -152.122 34.1888
      vertex 6 -151.948 34.2279
    endloop
  endfacet
  facet normal 0 -0.219245 0.97567
    outer loop
      vertex 6 -152.122 34.1888
      vertex -21.75 -151.948 34.2279
      vertex -21.75 -152.122 34.1888
    endloop
  endfacet
  facet normal 0 0.104777 -0.994496
    outer loop
      vertex -21.75 -152.672 37.5381
      vertex 6 -152.28 37.5794
      vertex 6 -152.672 37.5381
    endloop
  endfacet
  facet normal 0 0.104777 -0.994496
    outer loop
      vertex 6 -152.28 37.5794
      vertex -21.75 -152.672 37.5381
      vertex -21.75 -152.28 37.5794
    endloop
  endfacet
  facet normal 0 0.33501 -0.942215
    outer loop
      vertex -21.75 -152.681 37.5349
      vertex 6 -152.672 37.5381
      vertex 6 -152.681 37.5349
    endloop
  endfacet
  facet normal 0 0.33501 -0.942215
    outer loop
      vertex 6 -152.672 37.5381
      vertex -21.75 -152.681 37.5349
      vertex -21.75 -152.672 37.5381
    endloop
  endfacet
  facet normal 0 -0.128915 -0.991656
    outer loop
      vertex -21.75 -152.28 37.5794
      vertex 6 -152.27 37.5781
      vertex 6 -152.28 37.5794
    endloop
  endfacet
  facet normal -0 -0.128915 -0.991656
    outer loop
      vertex 6 -152.27 37.5781
      vertex -21.75 -152.28 37.5794
      vertex -21.75 -152.27 37.5781
    endloop
  endfacet
  facet normal 0 -0.00617966 0.999981
    outer loop
      vertex -21.75 -152.474 34.1487
      vertex 6 -152.652 34.1476
      vertex 6 -152.474 34.1487
    endloop
  endfacet
  facet normal 0 -0.00617966 0.999981
    outer loop
      vertex 6 -152.652 34.1476
      vertex -21.75 -152.474 34.1487
      vertex -21.75 -152.652 34.1476
    endloop
  endfacet
  facet normal 0 0.121791 -0.992556
    outer loop
      vertex -21.75 -153.083 37.4879
      vertex 6 -152.691 37.536
      vertex 6 -153.083 37.4879
    endloop
  endfacet
  facet normal 0 0.121791 -0.992556
    outer loop
      vertex 6 -152.691 37.536
      vertex -21.75 -153.083 37.4879
      vertex -21.75 -152.691 37.536
    endloop
  endfacet
  facet normal 0 -0.235696 0.971827
    outer loop
      vertex -21.75 -152.3 34.1909
      vertex 6 -152.474 34.1487
      vertex 6 -152.3 34.1909
    endloop
  endfacet
  facet normal 0 -0.235696 0.971827
    outer loop
      vertex 6 -152.474 34.1487
      vertex -21.75 -152.3 34.1909
      vertex -21.75 -152.474 34.1487
    endloop
  endfacet
  facet normal 0 0.353401 -0.935472
    outer loop
      vertex -21.75 -153.092 37.4845
      vertex 6 -153.083 37.4879
      vertex 6 -153.092 37.4845
    endloop
  endfacet
  facet normal 0 0.353401 -0.935472
    outer loop
      vertex 6 -153.083 37.4879
      vertex -21.75 -153.092 37.4845
      vertex -21.75 -153.083 37.4879
    endloop
  endfacet
  facet normal 0 -0.10934 -0.994004
    outer loop
      vertex -21.75 -152.691 37.536
      vertex 6 -152.681 37.5349
      vertex 6 -152.691 37.536
    endloop
  endfacet
  facet normal -0 -0.10934 -0.994004
    outer loop
      vertex 6 -152.681 37.5349
      vertex -21.75 -152.691 37.536
      vertex -21.75 -152.681 37.5349
    endloop
  endfacet
  facet normal -0 0.427662 0.903939
    outer loop
      vertex -21.75 -153.606 34.1753
      vertex 6 -153.963 34.3442
      vertex 6 -153.606 34.1753
    endloop
  endfacet
  facet normal 0 0.427662 0.903939
    outer loop
      vertex 6 -153.963 34.3442
      vertex -21.75 -153.606 34.1753
      vertex -21.75 -153.963 34.3442
    endloop
  endfacet
  facet normal 0 0.908492 0.417901
    outer loop
      vertex 6 -154.514 34.9019
      vertex -21.75 -154.679 35.2606
      vertex 6 -154.679 35.2606
    endloop
  endfacet
  facet normal 0 0.908492 0.417901
    outer loop
      vertex -21.75 -154.679 35.2606
      vertex 6 -154.514 34.9019
      vertex -21.75 -154.514 34.9019
    endloop
  endfacet
  facet normal 0 -0.252786 0.967522
    outer loop
      vertex -21.75 -152.652 34.1476
      vertex 6 -152.825 34.1024
      vertex 6 -152.652 34.1476
    endloop
  endfacet
  facet normal 0 -0.252786 0.967522
    outer loop
      vertex 6 -152.825 34.1024
      vertex -21.75 -152.652 34.1476
      vertex -21.75 -152.825 34.1024
    endloop
  endfacet
  facet normal 0 -0.0995037 -0.995037
    outer loop
      vertex -21.75 -153.101 37.4854
      vertex 6 -153.092 37.4845
      vertex 6 -153.101 37.4854
    endloop
  endfacet
  facet normal -0 -0.0995037 -0.995037
    outer loop
      vertex 6 -153.092 37.4845
      vertex -21.75 -153.101 37.4854
      vertex -21.75 -153.092 37.4845
    endloop
  endfacet
  facet normal 0 0.964635 -0.263589
    outer loop
      vertex 6 -154.742 36.0421
      vertex -21.75 -154.638 36.4227
      vertex 6 -154.638 36.4227
    endloop
  endfacet
  facet normal 0 0.964635 -0.263589
    outer loop
      vertex -21.75 -154.638 36.4227
      vertex 6 -154.742 36.0421
      vertex -21.75 -154.742 36.0421
    endloop
  endfacet
  facet normal 0 -0.0230319 0.999735
    outer loop
      vertex -21.75 -152.825 34.1024
      vertex 6 -153.22 34.0933
      vertex 6 -152.825 34.1024
    endloop
  endfacet
  facet normal 0 -0.0230319 0.999735
    outer loop
      vertex 6 -153.22 34.0933
      vertex -21.75 -152.825 34.1024
      vertex -21.75 -153.22 34.0933
    endloop
  endfacet
  facet normal 0 0.877837 -0.478959
    outer loop
      vertex 6 -154.638 36.4227
      vertex -21.75 -154.449 36.7691
      vertex 6 -154.449 36.7691
    endloop
  endfacet
  facet normal 0 0.877837 -0.478959
    outer loop
      vertex -21.75 -154.449 36.7691
      vertex 6 -154.638 36.4227
      vertex -21.75 -154.638 36.4227
    endloop
  endfacet
  facet normal 0 0.363521 -0.931586
    outer loop
      vertex -21.75 -153.86 37.2869
      vertex 6 -153.492 37.4305
      vertex 6 -153.86 37.2869
    endloop
  endfacet
  facet normal 0 0.363521 -0.931586
    outer loop
      vertex 6 -153.492 37.4305
      vertex -21.75 -153.86 37.2869
      vertex -21.75 -153.492 37.4305
    endloop
  endfacet
  facet normal 0 0.788082 0.61557
    outer loop
      vertex 6 -154.271 34.5908
      vertex -21.75 -154.514 34.9019
      vertex 6 -154.514 34.9019
    endloop
  endfacet
  facet normal 0 0.788082 0.61557
    outer loop
      vertex -21.75 -154.514 34.9019
      vertex 6 -154.271 34.5908
      vertex -21.75 -154.271 34.5908
    endloop
  endfacet
  facet normal -0 0.625004 0.780621
    outer loop
      vertex -21.75 -153.963 34.3442
      vertex 6 -154.271 34.5908
      vertex 6 -153.963 34.3442
    endloop
  endfacet
  facet normal 0 0.625004 0.780621
    outer loop
      vertex 6 -154.271 34.5908
      vertex -21.75 -153.963 34.3442
      vertex -21.75 -154.271 34.5908
    endloop
  endfacet
  facet normal 0 0.139045 -0.990286
    outer loop
      vertex -21.75 -153.492 37.4305
      vertex 6 -153.101 37.4854
      vertex 6 -153.492 37.4305
    endloop
  endfacet
  facet normal 0 0.139045 -0.990286
    outer loop
      vertex 6 -153.101 37.4854
      vertex -21.75 -153.492 37.4305
      vertex -21.75 -153.101 37.4854
    endloop
  endfacet
  facet normal -0 0.207798 0.978172
    outer loop
      vertex -21.75 -153.22 34.0933
      vertex 6 -153.606 34.1753
      vertex 6 -153.22 34.0933
    endloop
  endfacet
  facet normal 0 0.207798 0.978172
    outer loop
      vertex 6 -153.606 34.1753
      vertex -21.75 -153.22 34.0933
      vertex -21.75 -153.606 34.1753
    endloop
  endfacet
  facet normal 0 0.743256 -0.669007
    outer loop
      vertex 6 -154.449 36.7691
      vertex -21.75 -154.185 37.0624
      vertex 6 -154.185 37.0624
    endloop
  endfacet
  facet normal 0 0.743256 -0.669007
    outer loop
      vertex -21.75 -154.185 37.0624
      vertex 6 -154.449 36.7691
      vertex -21.75 -154.449 36.7691
    endloop
  endfacet
  facet normal 0 0.568354 -0.822784
    outer loop
      vertex -21.75 -154.185 37.0624
      vertex 6 -153.86 37.2869
      vertex 6 -154.185 37.0624
    endloop
  endfacet
  facet normal 0 0.568354 -0.822784
    outer loop
      vertex 6 -153.86 37.2869
      vertex -21.75 -154.185 37.0624
      vertex -21.75 -153.86 37.2869
    endloop
  endfacet
  facet normal 0 0.999371 -0.0354656
    outer loop
      vertex 6 -154.756 35.6476
      vertex -21.75 -154.742 36.0421
      vertex 6 -154.742 36.0421
    endloop
  endfacet
  facet normal 0 0.999371 -0.0354656
    outer loop
      vertex -21.75 -154.742 36.0421
      vertex 6 -154.756 35.6476
      vertex -21.75 -154.756 35.6476
    endloop
  endfacet
  facet normal 0 0.980775 0.195141
    outer loop
      vertex 6 -154.679 35.2606
      vertex -21.75 -154.756 35.6476
      vertex 6 -154.756 35.6476
    endloop
  endfacet
  facet normal 0 0.980775 0.195141
    outer loop
      vertex -21.75 -154.756 35.6476
      vertex 6 -154.679 35.2606
      vertex -21.75 -154.679 35.2606
    endloop
  endfacet
  facet normal 0 0 -1
    outer loop
      vertex -21.75 -150.197 15.6885
      vertex 6 -149.803 15.6885
      vertex 6 -150.197 15.6885
    endloop
  endfacet
  facet normal -0 0 -1
    outer loop
      vertex 6 -149.803 15.6885
      vertex -21.75 -150.197 15.6885
      vertex -21.75 -149.803 15.6885
    endloop
  endfacet
  facet normal 0 -0.958126 0.286348
    outer loop
      vertex -21.75 -148.439 13.3267
      vertex 6 -148.326 13.7048
      vertex -21.75 -148.326 13.7048
    endloop
  endfacet
  facet normal 0 -0.958126 0.286348
    outer loop
      vertex 6 -148.326 13.7048
      vertex -21.75 -148.439 13.3267
      vertex 6 -148.439 13.3267
    endloop
  endfacet
  facet normal 0 -0.116047 0.993244
    outer loop
      vertex -21.75 -149.608 12.3458
      vertex 6 -150 12.3
      vertex 6 -149.608 12.3458
    endloop
  endfacet
  facet normal 0 -0.116047 0.993244
    outer loop
      vertex 6 -150 12.3
      vertex -21.75 -149.608 12.3458
      vertex -21.75 -150 12.3
    endloop
  endfacet
  facet normal 0 0.86646 0.499247
    outer loop
      vertex 6 -151.364 12.9848
      vertex -21.75 -151.561 13.3267
      vertex 6 -151.561 13.3267
    endloop
  endfacet
  facet normal 0 0.86646 0.499247
    outer loop
      vertex -21.75 -151.561 13.3267
      vertex 6 -151.364 12.9848
      vertex -21.75 -151.364 12.9848
    endloop
  endfacet
  facet normal 0 -0.341946 0.939719
    outer loop
      vertex -21.75 -149.237 12.4808
      vertex 6 -149.608 12.3458
      vertex 6 -149.237 12.4808
    endloop
  endfacet
  facet normal 0 -0.341946 0.939719
    outer loop
      vertex 6 -149.608 12.3458
      vertex -21.75 -149.237 12.4808
      vertex -21.75 -149.608 12.3458
    endloop
  endfacet
  facet normal -0 0.549254 0.835656
    outer loop
      vertex -21.75 -150.763 12.4808
      vertex 6 -151.093 12.6977
      vertex 6 -150.763 12.4808
    endloop
  endfacet
  facet normal 0 0.549254 0.835656
    outer loop
      vertex 6 -151.093 12.6977
      vertex -21.75 -150.763 12.4808
      vertex -21.75 -151.093 12.6977
    endloop
  endfacet
  facet normal 0 -0.917593 -0.397522
    outer loop
      vertex -21.75 -148.371 14.4876
      vertex 6 -148.528 14.85
      vertex -21.75 -148.528 14.85
    endloop
  endfacet
  facet normal 0 -0.917593 -0.397522
    outer loop
      vertex 6 -148.528 14.85
      vertex -21.75 -148.371 14.4876
      vertex 6 -148.371 14.4876
    endloop
  endfacet
  facet normal 0 0.802973 -0.596016
    outer loop
      vertex 6 -151.472 14.85
      vertex -21.75 -151.237 15.1666
      vertex 6 -151.237 15.1666
    endloop
  endfacet
  facet normal 0 0.802973 -0.596016
    outer loop
      vertex -21.75 -151.237 15.1666
      vertex 6 -151.472 14.85
      vertex -21.75 -151.472 14.85
    endloop
  endfacet
  facet normal 0 0.9983 0.0582764
    outer loop
      vertex 6 -151.674 13.7048
      vertex -21.75 -151.697 14.0988
      vertex 6 -151.697 14.0988
    endloop
  endfacet
  facet normal 0 0.9983 0.0582764
    outer loop
      vertex -21.75 -151.697 14.0988
      vertex 6 -151.674 13.7048
      vertex -21.75 -151.674 13.7048
    endloop
  endfacet
  facet normal 0 0.985048 -0.172282
    outer loop
      vertex 6 -151.697 14.0988
      vertex -21.75 -151.629 14.4876
      vertex 6 -151.629 14.4876
    endloop
  endfacet
  facet normal 0 0.985048 -0.172282
    outer loop
      vertex -21.75 -151.629 14.4876
      vertex 6 -151.697 14.0988
      vertex -21.75 -151.697 14.0988
    endloop
  endfacet
  facet normal 0 -0.448631 -0.893717
    outer loop
      vertex -21.75 -149.419 15.5975
      vertex 6 -149.066 15.4203
      vertex 6 -149.419 15.5975
    endloop
  endfacet
  facet normal -0 -0.448631 -0.893717
    outer loop
      vertex 6 -149.066 15.4203
      vertex -21.75 -149.419 15.5975
      vertex -21.75 -149.066 15.4203
    endloop
  endfacet
  facet normal 0 -0.230593 -0.97305
    outer loop
      vertex -21.75 -149.803 15.6885
      vertex 6 -149.419 15.5975
      vertex 6 -149.803 15.6885
    endloop
  endfacet
  facet normal -0 -0.230593 -0.97305
    outer loop
      vertex 6 -149.419 15.5975
      vertex -21.75 -149.803 15.6885
      vertex -21.75 -149.419 15.5975
    endloop
  endfacet
  facet normal 0 -0.985048 -0.172282
    outer loop
      vertex -21.75 -148.303 14.0988
      vertex 6 -148.371 14.4876
      vertex -21.75 -148.371 14.4876
    endloop
  endfacet
  facet normal 0 -0.985048 -0.172282
    outer loop
      vertex 6 -148.371 14.4876
      vertex -21.75 -148.303 14.0988
      vertex 6 -148.303 14.0988
    endloop
  endfacet
  facet normal 0 -0.549254 0.835656
    outer loop
      vertex -21.75 -148.907 12.6977
      vertex 6 -149.237 12.4808
      vertex 6 -148.907 12.6977
    endloop
  endfacet
  facet normal 0 -0.549254 0.835656
    outer loop
      vertex 6 -149.237 12.4808
      vertex -21.75 -148.907 12.6977
      vertex -21.75 -149.237 12.4808
    endloop
  endfacet
  facet normal 0 -0.641975 -0.766726
    outer loop
      vertex -21.75 -149.066 15.4203
      vertex 6 -148.763 15.1666
      vertex 6 -149.066 15.4203
    endloop
  endfacet
  facet normal -0 -0.641975 -0.766726
    outer loop
      vertex 6 -148.763 15.1666
      vertex -21.75 -149.066 15.4203
      vertex -21.75 -148.763 15.1666
    endloop
  endfacet
  facet normal 0 0.641975 -0.766726
    outer loop
      vertex -21.75 -151.237 15.1666
      vertex 6 -150.934 15.4203
      vertex 6 -151.237 15.1666
    endloop
  endfacet
  facet normal 0 0.641975 -0.766726
    outer loop
      vertex 6 -150.934 15.4203
      vertex -21.75 -151.237 15.1666
      vertex -21.75 -150.934 15.4203
    endloop
  endfacet
  facet normal 0 0.727203 0.686423
    outer loop
      vertex 6 -151.093 12.6977
      vertex -21.75 -151.364 12.9848
      vertex 6 -151.364 12.9848
    endloop
  endfacet
  facet normal 0 0.727203 0.686423
    outer loop
      vertex -21.75 -151.364 12.9848
      vertex 6 -151.093 12.6977
      vertex -21.75 -151.093 12.6977
    endloop
  endfacet
  facet normal 0 0.230593 -0.97305
    outer loop
      vertex -21.75 -150.581 15.5975
      vertex 6 -150.197 15.6885
      vertex 6 -150.581 15.5975
    endloop
  endfacet
  facet normal 0 0.230593 -0.97305
    outer loop
      vertex 6 -150.197 15.6885
      vertex -21.75 -150.581 15.5975
      vertex -21.75 -150.197 15.6885
    endloop
  endfacet
  facet normal 0 -0.727203 0.686423
    outer loop
      vertex -21.75 -148.907 12.6977
      vertex 6 -148.636 12.9848
      vertex -21.75 -148.636 12.9848
    endloop
  endfacet
  facet normal 0 -0.727203 0.686423
    outer loop
      vertex 6 -148.636 12.9848
      vertex -21.75 -148.907 12.6977
      vertex 6 -148.907 12.6977
    endloop
  endfacet
  facet normal 0 -0.86646 0.499247
    outer loop
      vertex -21.75 -148.636 12.9848
      vertex 6 -148.439 13.3267
      vertex -21.75 -148.439 13.3267
    endloop
  endfacet
  facet normal 0 -0.86646 0.499247
    outer loop
      vertex 6 -148.439 13.3267
      vertex -21.75 -148.636 12.9848
      vertex 6 -148.636 12.9848
    endloop
  endfacet
  facet normal -0 0.341946 0.939719
    outer loop
      vertex -21.75 -150.392 12.3458
      vertex 6 -150.763 12.4808
      vertex 6 -150.392 12.3458
    endloop
  endfacet
  facet normal 0 0.341946 0.939719
    outer loop
      vertex 6 -150.763 12.4808
      vertex -21.75 -150.392 12.3458
      vertex -21.75 -150.763 12.4808
    endloop
  endfacet
  facet normal -0 0.116047 0.993244
    outer loop
      vertex -21.75 -150 12.3
      vertex 6 -150.392 12.3458
      vertex 6 -150 12.3
    endloop
  endfacet
  facet normal 0 0.116047 0.993244
    outer loop
      vertex 6 -150.392 12.3458
      vertex -21.75 -150 12.3
      vertex -21.75 -150.392 12.3458
    endloop
  endfacet
  facet normal 0 -0.802973 -0.596016
    outer loop
      vertex -21.75 -148.528 14.85
      vertex 6 -148.763 15.1666
      vertex -21.75 -148.763 15.1666
    endloop
  endfacet
  facet normal 0 -0.802973 -0.596016
    outer loop
      vertex 6 -148.763 15.1666
      vertex -21.75 -148.528 14.85
      vertex 6 -148.528 14.85
    endloop
  endfacet
  facet normal 0 0.958126 0.286348
    outer loop
      vertex 6 -151.561 13.3267
      vertex -21.75 -151.674 13.7048
      vertex 6 -151.674 13.7048
    endloop
  endfacet
  facet normal 0 0.958126 0.286348
    outer loop
      vertex -21.75 -151.674 13.7048
      vertex 6 -151.561 13.3267
      vertex -21.75 -151.561 13.3267
    endloop
  endfacet
  facet normal 0 0.448631 -0.893717
    outer loop
      vertex -21.75 -150.934 15.4203
      vertex 6 -150.581 15.5975
      vertex 6 -150.934 15.4203
    endloop
  endfacet
  facet normal 0 0.448631 -0.893717
    outer loop
      vertex 6 -150.581 15.5975
      vertex -21.75 -150.934 15.4203
      vertex -21.75 -150.581 15.5975
    endloop
  endfacet
  facet normal 0 0.917593 -0.397522
    outer loop
      vertex 6 -151.629 14.4876
      vertex -21.75 -151.472 14.85
      vertex 6 -151.472 14.85
    endloop
  endfacet
  facet normal 0 0.917593 -0.397522
    outer loop
      vertex -21.75 -151.472 14.85
      vertex 6 -151.629 14.4876
      vertex -21.75 -151.629 14.4876
    endloop
  endfacet
  facet normal 0 -0.9983 0.0582764
    outer loop
      vertex -21.75 -148.326 13.7048
      vertex 6 -148.303 14.0988
      vertex -21.75 -148.303 14.0988
    endloop
  endfacet
  facet normal 0 -0.9983 0.0582764
    outer loop
      vertex 6 -148.303 14.0988
      vertex -21.75 -148.326 13.7048
      vertex 6 -148.326 13.7048
    endloop
  endfacet
  facet normal 1 -0 0
    outer loop
      vertex -17.725 -17.725 45
      vertex -17.725 17.725 0
      vertex -17.725 17.725 45
    endloop
  endfacet
  facet normal 1 0 0
    outer loop
      vertex -17.725 17.725 0
      vertex -17.725 -17.725 45
      vertex -17.725 -17.725 0
    endloop
  endfacet
  facet normal 0 -1 0
    outer loop
      vertex -17.725 17.725 45
      vertex -0.197357 17.725 24.1885
      vertex 17.725 17.725 45
    endloop
  endfacet
  facet normal 0 -1 0
    outer loop
      vertex -17.725 17.725 45
      vertex -0.581433 17.725 24.0975
      vertex -0.197357 17.725 24.1885
    endloop
  endfacet
  facet normal 0 -1 0
    outer loop
      vertex -17.725 17.725 45
      vertex -0.934165 17.725 23.9203
      vertex -0.581433 17.725 24.0975
    endloop
  endfacet
  facet normal 0 -1 0
    outer loop
      vertex -17.725 17.725 45
      vertex -1.23654 17.725 23.6666
      vertex -0.934165 17.725 23.9203
    endloop
  endfacet
  facet normal 0 -1 0
    outer loop
      vertex -17.725 17.725 45
      vertex -1.47224 17.725 23.35
      vertex -1.23654 17.725 23.6666
    endloop
  endfacet
  facet normal 0 -1 0
    outer loop
      vertex -17.725 17.725 45
      vertex -1.62858 17.725 22.9876
      vertex -1.47224 17.725 23.35
    endloop
  endfacet
  facet normal 0 -1 0
    outer loop
      vertex -17.725 17.725 45
      vertex -1.69712 17.725 22.5988
      vertex -1.62858 17.725 22.9876
    endloop
  endfacet
  facet normal 0 -1 0
    outer loop
      vertex -17.725 17.725 0
      vertex -1.69712 17.725 22.5988
      vertex -17.725 17.725 45
    endloop
  endfacet
  facet normal 0 -1 -0
    outer loop
      vertex -1.69712 17.725 22.5988
      vertex -17.725 17.725 0
      vertex -1.67417 17.725 22.2048
    endloop
  endfacet
  facet normal 0 -1 -0
    outer loop
      vertex -1.67417 17.725 22.2048
      vertex -17.725 17.725 0
      vertex -1.56097 17.725 21.8267
    endloop
  endfacet
  facet normal 0 -1 -0
    outer loop
      vertex -0.392047 17.725 20.8458
      vertex -17.725 17.725 0
      vertex 0 17.725 20.8
    endloop
  endfacet
  facet normal 0 -1 -0
    outer loop
      vertex -0.762959 17.725 20.9808
      vertex -17.725 17.725 0
      vertex -0.392047 17.725 20.8458
    endloop
  endfacet
  facet normal 0 -1 -0
    outer loop
      vertex -1.09274 17.725 21.1977
      vertex -17.725 17.725 0
      vertex -0.762959 17.725 20.9808
    endloop
  endfacet
  facet normal 0 -1 -0
    outer loop
      vertex -1.36361 17.725 21.4848
      vertex -17.725 17.725 0
      vertex -1.09274 17.725 21.1977
    endloop
  endfacet
  facet normal 0 -1 -0
    outer loop
      vertex -1.56097 17.725 21.8267
      vertex -17.725 17.725 0
      vertex -1.36361 17.725 21.4848
    endloop
  endfacet
  facet normal 0 -1 0
    outer loop
      vertex 0.197357 17.725 24.1885
      vertex 17.725 17.725 45
      vertex -0.197357 17.725 24.1885
    endloop
  endfacet
  facet normal 0 -1 0
    outer loop
      vertex 0.581433 17.725 24.0975
      vertex 17.725 17.725 45
      vertex 0.197357 17.725 24.1885
    endloop
  endfacet
  facet normal 0 -1 0
    outer loop
      vertex 0.934165 17.725 23.9203
      vertex 17.725 17.725 45
      vertex 0.581433 17.725 24.0975
    endloop
  endfacet
  facet normal 0 -1 0
    outer loop
      vertex 1.23654 17.725 23.6666
      vertex 17.725 17.725 45
      vertex 0.934165 17.725 23.9203
    endloop
  endfacet
  facet normal 0 -1 0
    outer loop
      vertex 1.47224 17.725 23.35
      vertex 17.725 17.725 45
      vertex 1.23654 17.725 23.6666
    endloop
  endfacet
  facet normal 0 -1 0
    outer loop
      vertex 1.62858 17.725 22.9876
      vertex 17.725 17.725 45
      vertex 1.47224 17.725 23.35
    endloop
  endfacet
  facet normal 0 -1 0
    outer loop
      vertex 1.69712 17.725 22.5988
      vertex 17.725 17.725 45
      vertex 1.62858 17.725 22.9876
    endloop
  endfacet
  facet normal 0 -1 0
    outer loop
      vertex 17.725 17.725 0
      vertex 1.69712 17.725 22.5988
      vertex 1.67417 17.725 22.2048
    endloop
  endfacet
  facet normal 0 -1 0
    outer loop
      vertex 17.725 17.725 0
      vertex 1.67417 17.725 22.2048
      vertex 1.56097 17.725 21.8267
    endloop
  endfacet
  facet normal 0 -1 0
    outer loop
      vertex 17.725 17.725 0
      vertex 1.56097 17.725 21.8267
      vertex 1.36361 17.725 21.4848
    endloop
  endfacet
  facet normal 0 -1 0
    outer loop
      vertex 17.725 17.725 0
      vertex 0 17.725 20.8
      vertex -17.725 17.725 0
    endloop
  endfacet
  facet normal 0 -1 0
    outer loop
      vertex 0 17.725 20.8
      vertex 17.725 17.725 0
      vertex 0.392047 17.725 20.8458
    endloop
  endfacet
  facet normal 0 -1 0
    outer loop
      vertex 0.392047 17.725 20.8458
      vertex 17.725 17.725 0
      vertex 0.762959 17.725 20.9808
    endloop
  endfacet
  facet normal 0 -1 0
    outer loop
      vertex 0.762959 17.725 20.9808
      vertex 17.725 17.725 0
      vertex 1.09274 17.725 21.1977
    endloop
  endfacet
  facet normal 0 -1 0
    outer loop
      vertex 1.69712 17.725 22.5988
      vertex 17.725 17.725 0
      vertex 17.725 17.725 45
    endloop
  endfacet
  facet normal 0 -1 0
    outer loop
      vertex 1.09274 17.725 21.1977
      vertex 17.725 17.725 0
      vertex 1.36361 17.725 21.4848
    endloop
  endfacet
  facet normal -1 0 0
    outer loop
      vertex 17.725 -17.725 0
      vertex 17.725 17.725 45
      vertex 17.725 17.725 0
    endloop
  endfacet
  facet normal -1 -0 0
    outer loop
      vertex 17.725 17.725 45
      vertex 17.725 -17.725 0
      vertex 17.725 -17.725 45
    endloop
  endfacet
  facet normal 0 1 -0
    outer loop
      vertex 17.725 -17.725 0
      vertex -17.725 -17.725 45
      vertex 17.725 -17.725 45
    endloop
  endfacet
  facet normal 0 1 0
    outer loop
      vertex -17.725 -17.725 45
      vertex 17.725 -17.725 0
      vertex -17.725 -17.725 0
    endloop
  endfacet
  facet normal 0.642754 0 -0.766073
    outer loop
      vertex -1.23654 17.725 23.6666
      vertex -0.934165 32.725 23.9203
      vertex -0.934165 17.725 23.9203
    endloop
  endfacet
  facet normal 0.642754 0 -0.766073
    outer loop
      vertex -0.934165 32.725 23.9203
      vertex -1.23654 17.725 23.6666
      vertex -1.23654 32.725 23.6666
    endloop
  endfacet
  facet normal 0.998308 -0 0.0581502
    outer loop
      vertex -1.69712 17.725 22.5988
      vertex -1.67417 32.725 22.2048
      vertex -1.69712 32.725 22.5988
    endloop
  endfacet
  facet normal 0.998308 0 0.0581502
    outer loop
      vertex -1.67417 32.725 22.2048
      vertex -1.69712 17.725 22.5988
      vertex -1.67417 17.725 22.2048
    endloop
  endfacet
  facet normal 0.342018 0 0.939693
    outer loop
      vertex -0.762959 32.725 20.9808
      vertex -0.392047 17.725 20.8458
      vertex -0.392047 32.725 20.8458
    endloop
  endfacet
  facet normal 0.342018 0 0.939693
    outer loop
      vertex -0.392047 17.725 20.8458
      vertex -0.762959 32.725 20.9808
      vertex -0.762959 17.725 20.9808
    endloop
  endfacet
  facet normal 0.116034 0 0.993245
    outer loop
      vertex -0.392047 32.725 20.8458
      vertex 0 17.725 20.8
      vertex 0 32.725 20.8
    endloop
  endfacet
  facet normal 0.116034 0 0.993245
    outer loop
      vertex 0 17.725 20.8
      vertex -0.392047 32.725 20.8458
      vertex -0.392047 17.725 20.8458
    endloop
  endfacet
  facet normal 0 0 -1
    outer loop
      vertex -0.197357 17.725 24.1885
      vertex 0.197357 32.725 24.1885
      vertex 0.197357 17.725 24.1885
    endloop
  endfacet
  facet normal -0 0 -1
    outer loop
      vertex 0.197357 32.725 24.1885
      vertex -0.197357 17.725 24.1885
      vertex -0.197357 32.725 24.1885
    endloop
  endfacet
  facet normal 0.957987 -0 0.286813
    outer loop
      vertex -1.67417 17.725 22.2048
      vertex -1.56097 32.725 21.8267
      vertex -1.67417 32.725 22.2048
    endloop
  endfacet
  facet normal 0.957987 0 0.286813
    outer loop
      vertex -1.56097 32.725 21.8267
      vertex -1.67417 17.725 22.2048
      vertex -1.56097 17.725 21.8267
    endloop
  endfacet
  facet normal -0.998308 0 0.0581502
    outer loop
      vertex 1.67417 17.725 22.2048
      vertex 1.69712 32.725 22.5988
      vertex 1.67417 32.725 22.2048
    endloop
  endfacet
  facet normal -0.998308 0 0.0581502
    outer loop
      vertex 1.69712 32.725 22.5988
      vertex 1.67417 17.725 22.2048
      vertex 1.69712 17.725 22.5988
    endloop
  endfacet
  facet normal -0.727367 0 0.686249
    outer loop
      vertex 1.09274 17.725 21.1977
      vertex 1.36361 32.725 21.4848
      vertex 1.09274 32.725 21.1977
    endloop
  endfacet
  facet normal -0.727367 0 0.686249
    outer loop
      vertex 1.36361 32.725 21.4848
      vertex 1.09274 17.725 21.1977
      vertex 1.36361 17.725 21.4848
    endloop
  endfacet
  facet normal -0.918201 0 -0.396114
    outer loop
      vertex 1.62858 17.725 22.9876
      vertex 1.47224 32.725 23.35
      vertex 1.62858 32.725 22.9876
    endloop
  endfacet
  facet normal -0.918201 -0 -0.396114
    outer loop
      vertex 1.47224 32.725 23.35
      vertex 1.62858 17.725 22.9876
      vertex 1.47224 17.725 23.35
    endloop
  endfacet
  facet normal 0.230549 0 -0.973061
    outer loop
      vertex -0.581433 17.725 24.0975
      vertex -0.197357 32.725 24.1885
      vertex -0.197357 17.725 24.1885
    endloop
  endfacet
  facet normal 0.230549 0 -0.973061
    outer loop
      vertex -0.197357 32.725 24.1885
      vertex -0.581433 17.725 24.0975
      vertex -0.581433 32.725 24.0975
    endloop
  endfacet
  facet normal -0.984815 0 -0.173609
    outer loop
      vertex 1.69712 17.725 22.5988
      vertex 1.62858 32.725 22.9876
      vertex 1.69712 32.725 22.5988
    endloop
  endfacet
  facet normal -0.984815 -0 -0.173609
    outer loop
      vertex 1.62858 32.725 22.9876
      vertex 1.69712 17.725 22.5988
      vertex 1.62858 17.725 22.9876
    endloop
  endfacet
  facet normal 0.918201 0 -0.396114
    outer loop
      vertex -1.47224 17.725 23.35
      vertex -1.62858 32.725 22.9876
      vertex -1.47224 32.725 23.35
    endloop
  endfacet
  facet normal 0.918201 0 -0.396114
    outer loop
      vertex -1.62858 32.725 22.9876
      vertex -1.47224 17.725 23.35
      vertex -1.62858 17.725 22.9876
    endloop
  endfacet
  facet normal -0.642754 0 -0.766073
    outer loop
      vertex 0.934165 17.725 23.9203
      vertex 1.23654 32.725 23.6666
      vertex 1.23654 17.725 23.6666
    endloop
  endfacet
  facet normal -0.642754 0 -0.766073
    outer loop
      vertex 1.23654 32.725 23.6666
      vertex 0.934165 17.725 23.9203
      vertex 0.934165 32.725 23.9203
    endloop
  endfacet
  facet normal -0.342018 0 0.939693
    outer loop
      vertex 0.392047 32.725 20.8458
      vertex 0.762959 17.725 20.9808
      vertex 0.762959 32.725 20.9808
    endloop
  endfacet
  facet normal -0.342018 0 0.939693
    outer loop
      vertex 0.762959 17.725 20.9808
      vertex 0.392047 32.725 20.8458
      vertex 0.392047 17.725 20.8458
    endloop
  endfacet
  facet normal -0.549508 0 0.835488
    outer loop
      vertex 0.762959 32.725 20.9808
      vertex 1.09274 17.725 21.1977
      vertex 1.09274 32.725 21.1977
    endloop
  endfacet
  facet normal -0.549508 0 0.835488
    outer loop
      vertex 1.09274 17.725 21.1977
      vertex 0.762959 32.725 20.9808
      vertex 0.762959 17.725 20.9808
    endloop
  endfacet
  facet normal -0.802123 0 -0.597159
    outer loop
      vertex 1.47224 17.725 23.35
      vertex 1.23654 32.725 23.6666
      vertex 1.47224 32.725 23.35
    endloop
  endfacet
  facet normal -0.802123 -0 -0.597159
    outer loop
      vertex 1.23654 32.725 23.6666
      vertex 1.47224 17.725 23.35
      vertex 1.23654 17.725 23.6666
    endloop
  endfacet
  facet normal 0.984815 0 -0.173609
    outer loop
      vertex -1.62858 17.725 22.9876
      vertex -1.69712 32.725 22.5988
      vertex -1.62858 32.725 22.9876
    endloop
  endfacet
  facet normal 0.984815 0 -0.173609
    outer loop
      vertex -1.69712 32.725 22.5988
      vertex -1.62858 17.725 22.9876
      vertex -1.69712 17.725 22.5988
    endloop
  endfacet
  facet normal 0.448903 0 -0.89358
    outer loop
      vertex -0.934165 17.725 23.9203
      vertex -0.581433 32.725 24.0975
      vertex -0.581433 17.725 24.0975
    endloop
  endfacet
  facet normal 0.448903 0 -0.89358
    outer loop
      vertex -0.581433 32.725 24.0975
      vertex -0.934165 17.725 23.9203
      vertex -0.934165 32.725 23.9203
    endloop
  endfacet
  facet normal 0.866065 -0 0.499931
    outer loop
      vertex -1.56097 17.725 21.8267
      vertex -1.36361 32.725 21.4848
      vertex -1.56097 32.725 21.8267
    endloop
  endfacet
  facet normal 0.866065 0 0.499931
    outer loop
      vertex -1.36361 32.725 21.4848
      vertex -1.56097 17.725 21.8267
      vertex -1.36361 17.725 21.4848
    endloop
  endfacet
  facet normal 0.727367 -0 0.686249
    outer loop
      vertex -1.36361 17.725 21.4848
      vertex -1.09274 32.725 21.1977
      vertex -1.36361 32.725 21.4848
    endloop
  endfacet
  facet normal 0.727367 0 0.686249
    outer loop
      vertex -1.09274 32.725 21.1977
      vertex -1.36361 17.725 21.4848
      vertex -1.09274 17.725 21.1977
    endloop
  endfacet
  facet normal -0.448903 0 -0.89358
    outer loop
      vertex 0.581433 17.725 24.0975
      vertex 0.934165 32.725 23.9203
      vertex 0.934165 17.725 23.9203
    endloop
  endfacet
  facet normal -0.448903 0 -0.89358
    outer loop
      vertex 0.934165 32.725 23.9203
      vertex 0.581433 17.725 24.0975
      vertex 0.581433 32.725 24.0975
    endloop
  endfacet
  facet normal -0.957987 0 0.286813
    outer loop
      vertex 1.56097 17.725 21.8267
      vertex 1.67417 32.725 22.2048
      vertex 1.56097 32.725 21.8267
    endloop
  endfacet
  facet normal -0.957987 0 0.286813
    outer loop
      vertex 1.67417 32.725 22.2048
      vertex 1.56097 17.725 21.8267
      vertex 1.67417 17.725 22.2048
    endloop
  endfacet
  facet normal -0.866065 0 0.499931
    outer loop
      vertex 1.36361 17.725 21.4848
      vertex 1.56097 32.725 21.8267
      vertex 1.36361 32.725 21.4848
    endloop
  endfacet
  facet normal -0.866065 0 0.499931
    outer loop
      vertex 1.56097 32.725 21.8267
      vertex 1.36361 17.725 21.4848
      vertex 1.56097 17.725 21.8267
    endloop
  endfacet
  facet normal -0.116034 0 0.993245
    outer loop
      vertex 0 32.725 20.8
      vertex 0.392047 17.725 20.8458
      vertex 0.392047 32.725 20.8458
    endloop
  endfacet
  facet normal -0.116034 0 0.993245
    outer loop
      vertex 0.392047 17.725 20.8458
      vertex 0 32.725 20.8
      vertex 0 17.725 20.8
    endloop
  endfacet
  facet normal 0.549508 0 0.835488
    outer loop
      vertex -1.09274 32.725 21.1977
      vertex -0.762959 17.725 20.9808
      vertex -0.762959 32.725 20.9808
    endloop
  endfacet
  facet normal 0.549508 0 0.835488
    outer loop
      vertex -0.762959 17.725 20.9808
      vertex -1.09274 32.725 21.1977
      vertex -1.09274 17.725 21.1977
    endloop
  endfacet
  facet normal 0.802123 0 -0.597159
    outer loop
      vertex -1.23654 17.725 23.6666
      vertex -1.47224 32.725 23.35
      vertex -1.23654 32.725 23.6666
    endloop
  endfacet
  facet normal 0.802123 0 -0.597159
    outer loop
      vertex -1.47224 32.725 23.35
      vertex -1.23654 17.725 23.6666
      vertex -1.47224 17.725 23.35
    endloop
  endfacet
  facet normal -0.230549 0 -0.973061
    outer loop
      vertex 0.197357 17.725 24.1885
      vertex 0.581433 32.725 24.0975
      vertex 0.581433 17.725 24.0975
    endloop
  endfacet
  facet normal -0.230549 0 -0.973061
    outer loop
      vertex 0.581433 32.725 24.0975
      vertex 0.197357 17.725 24.1885
      vertex 0.197357 32.725 24.1885
    endloop
  endfacet
  facet normal 1 -0 0
    outer loop
      vertex 4 -49 36.7655
      vertex 4 -41 30
      vertex 4 -41 36.7655
    endloop
  endfacet
  facet normal 1 0 0
    outer loop
      vertex 4 -41 30
      vertex 4 -49 36.7655
      vertex 4 -49 30
    endloop
  endfacet
  facet normal -1 0 0
    outer loop
      vertex -4 -49 30
      vertex -4 -41 36.7655
      vertex -4 -41 30
    endloop
  endfacet
  facet normal -1 -0 0
    outer loop
      vertex -4 -41 36.7655
      vertex -4 -49 30
      vertex -4 -49 36.7655
    endloop
  endfacet
  facet normal 0 1 -0
    outer loop
      vertex 1.66294 -41 34.9111
      vertex 1.26 -41 35.59
      vertex 4 -41 36.7655
    endloop
  endfacet
  facet normal 0 1 0
    outer loop
      vertex 1.26 -41 35.59
      vertex 1.41421 -41 35.2142
      vertex 1.26 -41 35.3408
    endloop
  endfacet
  facet normal 0 1 0
    outer loop
      vertex 1.26 -41 35.59
      vertex 1.66294 -41 34.9111
      vertex 1.41421 -41 35.2142
    endloop
  endfacet
  facet normal 0 1 0
    outer loop
      vertex 4 -41 36.7655
      vertex 1.84776 -41 34.5654
      vertex 1.66294 -41 34.9111
    endloop
  endfacet
  facet normal 0 1 0
    outer loop
      vertex 4 -41 36.7655
      vertex 1.96157 -41 34.1902
      vertex 1.84776 -41 34.5654
    endloop
  endfacet
  facet normal 0 1 0
    outer loop
      vertex 4 -41 36.7655
      vertex 2 -41 33.8
      vertex 1.96157 -41 34.1902
    endloop
  endfacet
  facet normal 0 1 -0
    outer loop
      vertex 4 -41 30
      vertex 2 -41 33.8
      vertex 4 -41 36.7655
    endloop
  endfacet
  facet normal 0 1 0
    outer loop
      vertex 2 -41 33.8
      vertex 4 -41 30
      vertex 1.96157 -41 33.4098
    endloop
  endfacet
  facet normal 0 1 0
    outer loop
      vertex 1.96157 -41 33.4098
      vertex 4 -41 30
      vertex 1.84776 -41 33.0346
    endloop
  endfacet
  facet normal 0 1 0
    outer loop
      vertex 0.390181 -41 31.8384
      vertex 4 -41 30
      vertex 0 -41 31.8
    endloop
  endfacet
  facet normal 0 1 0
    outer loop
      vertex 0.765367 -41 31.9522
      vertex 4 -41 30
      vertex 0.390181 -41 31.8384
    endloop
  endfacet
  facet normal 0 1 0
    outer loop
      vertex 1.11114 -41 32.1371
      vertex 4 -41 30
      vertex 0.765367 -41 31.9522
    endloop
  endfacet
  facet normal 0 1 0
    outer loop
      vertex 1.41421 -41 32.3858
      vertex 4 -41 30
      vertex 1.11114 -41 32.1371
    endloop
  endfacet
  facet normal 0 1 0
    outer loop
      vertex 1.66294 -41 32.6889
      vertex 4 -41 30
      vertex 1.41421 -41 32.3858
    endloop
  endfacet
  facet normal 0 1 0
    outer loop
      vertex 1.84776 -41 33.0346
      vertex 4 -41 30
      vertex 1.66294 -41 32.6889
    endloop
  endfacet
  facet normal 0 1 0
    outer loop
      vertex -1.41421 -41 35.2142
      vertex -1.26 -41 35.59
      vertex -1.26 -41 35.3408
    endloop
  endfacet
  facet normal 0 1 0
    outer loop
      vertex -1.66294 -41 34.9111
      vertex -1.26 -41 35.59
      vertex -1.41421 -41 35.2142
    endloop
  endfacet
  facet normal 0 1 0
    outer loop
      vertex -1.26 -41 35.59
      vertex -1.66294 -41 34.9111
      vertex -4 -41 36.7655
    endloop
  endfacet
  facet normal 0 1 -0
    outer loop
      vertex -1.84776 -41 34.5654
      vertex -4 -41 36.7655
      vertex -1.66294 -41 34.9111
    endloop
  endfacet
  facet normal 0 1 -0
    outer loop
      vertex -1.96157 -41 34.1902
      vertex -4 -41 36.7655
      vertex -1.84776 -41 34.5654
    endloop
  endfacet
  facet normal 0 1 -0
    outer loop
      vertex -2 -41 33.8
      vertex -4 -41 36.7655
      vertex -1.96157 -41 34.1902
    endloop
  endfacet
  facet normal 0 1 0
    outer loop
      vertex -4 -41 30
      vertex -2 -41 33.8
      vertex -1.96157 -41 33.4098
    endloop
  endfacet
  facet normal 0 1 0
    outer loop
      vertex -4 -41 30
      vertex -1.96157 -41 33.4098
      vertex -1.84776 -41 33.0346
    endloop
  endfacet
  facet normal 0 1 0
    outer loop
      vertex -4 -41 30
      vertex -1.84776 -41 33.0346
      vertex -1.66294 -41 32.6889
    endloop
  endfacet
  facet normal 0 1 0
    outer loop
      vertex -4 -41 30
      vertex 0 -41 31.8
      vertex 4 -41 30
    endloop
  endfacet
  facet normal 0 1 0
    outer loop
      vertex 0 -41 31.8
      vertex -4 -41 30
      vertex -0.390181 -41 31.8384
    endloop
  endfacet
  facet normal 0 1 0
    outer loop
      vertex -2 -41 33.8
      vertex -4 -41 30
      vertex -4 -41 36.7655
    endloop
  endfacet
  facet normal 0 1 0
    outer loop
      vertex -1.41421 -41 32.3858
      vertex -4 -41 30
      vertex -1.66294 -41 32.6889
    endloop
  endfacet
  facet normal 0 1 0
    outer loop
      vertex -1.11114 -41 32.1371
      vertex -4 -41 30
      vertex -1.41421 -41 32.3858
    endloop
  endfacet
  facet normal 0 1 0
    outer loop
      vertex -0.765367 -41 31.9522
      vertex -4 -41 30
      vertex -1.11114 -41 32.1371
    endloop
  endfacet
  facet normal 0 1 0
    outer loop
      vertex -0.390181 -41 31.8384
      vertex -4 -41 30
      vertex -0.765367 -41 31.9522
    endloop
  endfacet
  facet normal 0 -1 0
    outer loop
      vertex -1.66294 -49 34.9111
      vertex -1.26 -49 35.59
      vertex -4 -49 36.7655
    endloop
  endfacet
  facet normal 0 -1 -0
    outer loop
      vertex -1.26 -49 35.59
      vertex -1.41421 -49 35.2142
      vertex -1.26 -49 35.3408
    endloop
  endfacet
  facet normal 0 -1 0
    outer loop
      vertex -1.26 -49 35.59
      vertex -1.66294 -49 34.9111
      vertex -1.41421 -49 35.2142
    endloop
  endfacet
  facet normal 0 -1 0
    outer loop
      vertex -4 -49 36.7655
      vertex -1.84776 -49 34.5654
      vertex -1.66294 -49 34.9111
    endloop
  endfacet
  facet normal 0 -1 0
    outer loop
      vertex -4 -49 36.7655
      vertex -1.96157 -49 34.1902
      vertex -1.84776 -49 34.5654
    endloop
  endfacet
  facet normal 0 -1 0
    outer loop
      vertex -4 -49 36.7655
      vertex -2 -49 33.8
      vertex -1.96157 -49 34.1902
    endloop
  endfacet
  facet normal 0 -1 0
    outer loop
      vertex -4 -49 30
      vertex -2 -49 33.8
      vertex -4 -49 36.7655
    endloop
  endfacet
  facet normal 0 -1 -0
    outer loop
      vertex -2 -49 33.8
      vertex -4 -49 30
      vertex -1.96157 -49 33.4098
    endloop
  endfacet
  facet normal 0 -1 -0
    outer loop
      vertex -1.96157 -49 33.4098
      vertex -4 -49 30
      vertex -1.84776 -49 33.0346
    endloop
  endfacet
  facet normal 0 -1 -0
    outer loop
      vertex -0.390181 -49 31.8384
      vertex -4 -49 30
      vertex 0 -49 31.8
    endloop
  endfacet
  facet normal 0 -1 -0
    outer loop
      vertex -0.765367 -49 31.9522
      vertex -4 -49 30
      vertex -0.390181 -49 31.8384
    endloop
  endfacet
  facet normal 0 -1 -0
    outer loop
      vertex -1.11114 -49 32.1371
      vertex -4 -49 30
      vertex -0.765367 -49 31.9522
    endloop
  endfacet
  facet normal 0 -1 -0
    outer loop
      vertex -1.41421 -49 32.3858
      vertex -4 -49 30
      vertex -1.11114 -49 32.1371
    endloop
  endfacet
  facet normal 0 -1 -0
    outer loop
      vertex -1.66294 -49 32.6889
      vertex -4 -49 30
      vertex -1.41421 -49 32.3858
    endloop
  endfacet
  facet normal 0 -1 -0
    outer loop
      vertex -1.84776 -49 33.0346
      vertex -4 -49 30
      vertex -1.66294 -49 32.6889
    endloop
  endfacet
  facet normal 0 -1 0
    outer loop
      vertex 1.41421 -49 35.2142
      vertex 1.26 -49 35.59
      vertex 1.26 -49 35.3408
    endloop
  endfacet
  facet normal 0 -1 0
    outer loop
      vertex 1.66294 -49 34.9111
      vertex 1.26 -49 35.59
      vertex 1.41421 -49 35.2142
    endloop
  endfacet
  facet normal 0 -1 0
    outer loop
      vertex 1.26 -49 35.59
      vertex 1.66294 -49 34.9111
      vertex 4 -49 36.7655
    endloop
  endfacet
  facet normal 0 -1 0
    outer loop
      vertex 1.84776 -49 34.5654
      vertex 4 -49 36.7655
      vertex 1.66294 -49 34.9111
    endloop
  endfacet
  facet normal 0 -1 0
    outer loop
      vertex 1.96157 -49 34.1902
      vertex 4 -49 36.7655
      vertex 1.84776 -49 34.5654
    endloop
  endfacet
  facet normal 0 -1 0
    outer loop
      vertex 2 -49 33.8
      vertex 4 -49 36.7655
      vertex 1.96157 -49 34.1902
    endloop
  endfacet
  facet normal 0 -1 0
    outer loop
      vertex 4 -49 30
      vertex 2 -49 33.8
      vertex 1.96157 -49 33.4098
    endloop
  endfacet
  facet normal 0 -1 0
    outer loop
      vertex 4 -49 30
      vertex 1.96157 -49 33.4098
      vertex 1.84776 -49 33.0346
    endloop
  endfacet
  facet normal 0 -1 0
    outer loop
      vertex 4 -49 30
      vertex 1.84776 -49 33.0346
      vertex 1.66294 -49 32.6889
    endloop
  endfacet
  facet normal 0 -1 0
    outer loop
      vertex 4 -49 30
      vertex 0 -49 31.8
      vertex -4 -49 30
    endloop
  endfacet
  facet normal 0 -1 0
    outer loop
      vertex 0 -49 31.8
      vertex 4 -49 30
      vertex 0.390181 -49 31.8384
    endloop
  endfacet
  facet normal 0 -1 0
    outer loop
      vertex 2 -49 33.8
      vertex 4 -49 30
      vertex 4 -49 36.7655
    endloop
  endfacet
  facet normal 0 -1 0
    outer loop
      vertex 1.41421 -49 32.3858
      vertex 4 -49 30
      vertex 1.66294 -49 32.6889
    endloop
  endfacet
  facet normal 0 -1 0
    outer loop
      vertex 1.11114 -49 32.1371
      vertex 4 -49 30
      vertex 1.41421 -49 32.3858
    endloop
  endfacet
  facet normal 0 -1 0
    outer loop
      vertex 0.765367 -49 31.9522
      vertex 4 -49 30
      vertex 1.11114 -49 32.1371
    endloop
  endfacet
  facet normal 0 -1 0
    outer loop
      vertex 0.390181 -49 31.8384
      vertex 4 -49 30
      vertex 0.765367 -49 31.9522
    endloop
  endfacet
  facet normal -0.956944 0 -0.290271
    outer loop
      vertex 1.96157 -49 34.1902
      vertex 1.84776 -41 34.5654
      vertex 1.96157 -41 34.1902
    endloop
  endfacet
  facet normal -0.956944 -0 -0.290271
    outer loop
      vertex 1.84776 -41 34.5654
      vertex 1.96157 -49 34.1902
      vertex 1.84776 -49 34.5654
    endloop
  endfacet
  facet normal -0.995185 0 -0.0980137
    outer loop
      vertex 2 -49 33.8
      vertex 1.96157 -41 34.1902
      vertex 2 -41 33.8
    endloop
  endfacet
  facet normal -0.995185 -0 -0.0980137
    outer loop
      vertex 1.96157 -41 34.1902
      vertex 2 -49 33.8
      vertex 1.96157 -49 34.1902
    endloop
  endfacet
  facet normal -0.773033 0 -0.634366
    outer loop
      vertex 1.66294 -49 34.9111
      vertex 1.41421 -41 35.2142
      vertex 1.66294 -41 34.9111
    endloop
  endfacet
  facet normal -0.773033 -0 -0.634366
    outer loop
      vertex 1.41421 -41 35.2142
      vertex 1.66294 -49 34.9111
      vertex 1.41421 -49 35.2142
    endloop
  endfacet
  facet normal -0.881879 0 0.471475
    outer loop
      vertex 1.66294 -49 32.6889
      vertex 1.84776 -41 33.0346
      vertex 1.66294 -41 32.6889
    endloop
  endfacet
  facet normal -0.881879 0 0.471475
    outer loop
      vertex 1.84776 -41 33.0346
      vertex 1.66294 -49 32.6889
      vertex 1.84776 -49 33.0346
    endloop
  endfacet
  facet normal 0.471556 0 0.881836
    outer loop
      vertex -1.11114 -41 32.1371
      vertex -0.765367 -49 31.9522
      vertex -0.765367 -41 31.9522
    endloop
  endfacet
  facet normal 0.471556 0 0.881836
    outer loop
      vertex -0.765367 -49 31.9522
      vertex -1.11114 -41 32.1371
      vertex -1.11114 -49 32.1371
    endloop
  endfacet
  facet normal -0.881879 0 -0.471475
    outer loop
      vertex 1.84776 -49 34.5654
      vertex 1.66294 -41 34.9111
      vertex 1.84776 -41 34.5654
    endloop
  endfacet
  facet normal -0.881879 -0 -0.471475
    outer loop
      vertex 1.66294 -41 34.9111
      vertex 1.84776 -49 34.5654
      vertex 1.66294 -49 34.9111
    endloop
  endfacet
  facet normal 0.881879 0 -0.471475
    outer loop
      vertex -1.66294 -49 34.9111
      vertex -1.84776 -41 34.5654
      vertex -1.66294 -41 34.9111
    endloop
  endfacet
  facet normal 0.881879 0 -0.471475
    outer loop
      vertex -1.84776 -41 34.5654
      vertex -1.66294 -49 34.9111
      vertex -1.84776 -49 34.5654
    endloop
  endfacet
  facet normal 0.634522 0 -0.772904
    outer loop
      vertex -1.41421 -49 35.2142
      vertex -1.26 -41 35.3408
      vertex -1.26 -49 35.3408
    endloop
  endfacet
  facet normal 0.634522 0 -0.772904
    outer loop
      vertex -1.26 -41 35.3408
      vertex -1.41421 -49 35.2142
      vertex -1.41421 -41 35.2142
    endloop
  endfacet
  facet normal 0.773033 0 -0.634366
    outer loop
      vertex -1.41421 -49 35.2142
      vertex -1.66294 -41 34.9111
      vertex -1.41421 -41 35.2142
    endloop
  endfacet
  facet normal 0.773033 0 -0.634366
    outer loop
      vertex -1.66294 -41 34.9111
      vertex -1.41421 -49 35.2142
      vertex -1.66294 -49 34.9111
    endloop
  endfacet
  facet normal -0.634358 0 0.773039
    outer loop
      vertex 1.11114 -41 32.1371
      vertex 1.41421 -49 32.3858
      vertex 1.41421 -41 32.3858
    endloop
  endfacet
  facet normal -0.634358 0 0.773039
    outer loop
      vertex 1.41421 -49 32.3858
      vertex 1.11114 -41 32.1371
      vertex 1.11114 -49 32.1371
    endloop
  endfacet
  facet normal 0.881879 -0 0.471475
    outer loop
      vertex -1.84776 -49 33.0346
      vertex -1.66294 -41 32.6889
      vertex -1.84776 -41 33.0346
    endloop
  endfacet
  facet normal 0.881879 0 0.471475
    outer loop
      vertex -1.66294 -41 32.6889
      vertex -1.84776 -49 33.0346
      vertex -1.66294 -49 32.6889
    endloop
  endfacet
  facet normal 0.634358 0 0.773039
    outer loop
      vertex -1.41421 -41 32.3858
      vertex -1.11114 -49 32.1371
      vertex -1.11114 -41 32.1371
    endloop
  endfacet
  facet normal 0.634358 0 0.773039
    outer loop
      vertex -1.11114 -49 32.1371
      vertex -1.41421 -41 32.3858
      vertex -1.41421 -49 32.3858
    endloop
  endfacet
  facet normal -0.995185 0 0.0980137
    outer loop
      vertex 1.96157 -49 33.4098
      vertex 2 -41 33.8
      vertex 1.96157 -41 33.4098
    endloop
  endfacet
  facet normal -0.995185 0 0.0980137
    outer loop
      vertex 2 -41 33.8
      vertex 1.96157 -49 33.4098
      vertex 2 -49 33.8
    endloop
  endfacet
  facet normal -0.956944 0 0.290271
    outer loop
      vertex 1.84776 -49 33.0346
      vertex 1.96157 -41 33.4098
      vertex 1.84776 -41 33.0346
    endloop
  endfacet
  facet normal -0.956944 0 0.290271
    outer loop
      vertex 1.96157 -41 33.4098
      vertex 1.84776 -49 33.0346
      vertex 1.96157 -49 33.4098
    endloop
  endfacet
  facet normal 0.773033 -0 0.634366
    outer loop
      vertex -1.66294 -49 32.6889
      vertex -1.41421 -41 32.3858
      vertex -1.66294 -41 32.6889
    endloop
  endfacet
  facet normal 0.773033 0 0.634366
    outer loop
      vertex -1.41421 -41 32.3858
      vertex -1.66294 -49 32.6889
      vertex -1.41421 -49 32.3858
    endloop
  endfacet
  facet normal 0.995185 0 -0.0980137
    outer loop
      vertex -1.96157 -49 34.1902
      vertex -2 -41 33.8
      vertex -1.96157 -41 34.1902
    endloop
  endfacet
  facet normal 0.995185 0 -0.0980137
    outer loop
      vertex -2 -41 33.8
      vertex -1.96157 -49 34.1902
      vertex -2 -49 33.8
    endloop
  endfacet
  facet normal 0.956944 0 -0.290271
    outer loop
      vertex -1.84776 -49 34.5654
      vertex -1.96157 -41 34.1902
      vertex -1.84776 -41 34.5654
    endloop
  endfacet
  facet normal 0.956944 0 -0.290271
    outer loop
      vertex -1.96157 -41 34.1902
      vertex -1.84776 -49 34.5654
      vertex -1.96157 -49 34.1902
    endloop
  endfacet
  facet normal -0.471556 0 0.881836
    outer loop
      vertex 0.765367 -41 31.9522
      vertex 1.11114 -49 32.1371
      vertex 1.11114 -41 32.1371
    endloop
  endfacet
  facet normal -0.471556 0 0.881836
    outer loop
      vertex 1.11114 -49 32.1371
      vertex 0.765367 -41 31.9522
      vertex 0.765367 -49 31.9522
    endloop
  endfacet
  facet normal 0.0979427 0 0.995192
    outer loop
      vertex -0.390181 -41 31.8384
      vertex 0 -49 31.8
      vertex 0 -41 31.8
    endloop
  endfacet
  facet normal 0.0979427 0 0.995192
    outer loop
      vertex 0 -49 31.8
      vertex -0.390181 -41 31.8384
      vertex -0.390181 -49 31.8384
    endloop
  endfacet
  facet normal -0.773033 0 0.634366
    outer loop
      vertex 1.41421 -49 32.3858
      vertex 1.66294 -41 32.6889
      vertex 1.41421 -41 32.3858
    endloop
  endfacet
  facet normal -0.773033 0 0.634366
    outer loop
      vertex 1.66294 -41 32.6889
      vertex 1.41421 -49 32.3858
      vertex 1.66294 -49 32.6889
    endloop
  endfacet
  facet normal -0.634522 0 -0.772904
    outer loop
      vertex 1.26 -49 35.3408
      vertex 1.41421 -41 35.2142
      vertex 1.41421 -49 35.2142
    endloop
  endfacet
  facet normal -0.634522 0 -0.772904
    outer loop
      vertex 1.41421 -41 35.2142
      vertex 1.26 -49 35.3408
      vertex 1.26 -41 35.3408
    endloop
  endfacet
  facet normal 0.290258 0 0.956948
    outer loop
      vertex -0.765367 -41 31.9522
      vertex -0.390181 -49 31.8384
      vertex -0.390181 -41 31.8384
    endloop
  endfacet
  facet normal 0.290258 0 0.956948
    outer loop
      vertex -0.390181 -49 31.8384
      vertex -0.765367 -41 31.9522
      vertex -0.765367 -49 31.9522
    endloop
  endfacet
  facet normal -0.0979427 0 0.995192
    outer loop
      vertex 0 -41 31.8
      vertex 0.390181 -49 31.8384
      vertex 0.390181 -41 31.8384
    endloop
  endfacet
  facet normal -0.0979427 0 0.995192
    outer loop
      vertex 0.390181 -49 31.8384
      vertex 0 -41 31.8
      vertex 0 -49 31.8
    endloop
  endfacet
  facet normal -0.290258 0 0.956948
    outer loop
      vertex 0.390181 -41 31.8384
      vertex 0.765367 -49 31.9522
      vertex 0.765367 -41 31.9522
    endloop
  endfacet
  facet normal -0.290258 0 0.956948
    outer loop
      vertex 0.765367 -49 31.9522
      vertex 0.390181 -41 31.8384
      vertex 0.390181 -49 31.8384
    endloop
  endfacet
  facet normal 0.956944 -0 0.290271
    outer loop
      vertex -1.96157 -49 33.4098
      vertex -1.84776 -41 33.0346
      vertex -1.96157 -41 33.4098
    endloop
  endfacet
  facet normal 0.956944 0 0.290271
    outer loop
      vertex -1.84776 -41 33.0346
      vertex -1.96157 -49 33.4098
      vertex -1.84776 -49 33.0346
    endloop
  endfacet
  facet normal 0.995185 -0 0.0980137
    outer loop
      vertex -2 -49 33.8
      vertex -1.96157 -41 33.4098
      vertex -2 -41 33.8
    endloop
  endfacet
  facet normal 0.995185 0 0.0980137
    outer loop
      vertex -1.96157 -41 33.4098
      vertex -2 -49 33.8
      vertex -1.96157 -49 33.4098
    endloop
  endfacet
  facet normal -1 0 0
    outer loop
      vertex 1.26 -49 35.3408
      vertex 1.26 -41 35.59
      vertex 1.26 -41 35.3408
    endloop
  endfacet
  facet normal -1 -0 0
    outer loop
      vertex 1.26 -41 35.59
      vertex 1.26 -49 35.3408
      vertex 1.26 -49 35.59
    endloop
  endfacet
  facet normal 1 -0 0
    outer loop
      vertex -1.26 -49 35.59
      vertex -1.26 -41 35.3408
      vertex -1.26 -41 35.59
    endloop
  endfacet
  facet normal 1 0 0
    outer loop
      vertex -1.26 -41 35.3408
      vertex -1.26 -49 35.59
      vertex -1.26 -49 35.3408
    endloop
  endfacet
  facet normal 0.394263 0 0.918998
    outer loop
      vertex -4 -41 36.7655
      vertex -1.26 -49 35.59
      vertex -1.26 -41 35.59
    endloop
  endfacet
  facet normal 0.394263 0 0.918998
    outer loop
      vertex -1.26 -49 35.59
      vertex -4 -41 36.7655
      vertex -4 -49 36.7655
    endloop
  endfacet
  facet normal -0.394263 0 0.918998
    outer loop
      vertex 1.26 -41 35.59
      vertex 4 -49 36.7655
      vertex 4 -41 36.7655
    endloop
  endfacet
  facet normal -0.394263 0 0.918998
    outer loop
      vertex 4 -49 36.7655
      vertex 1.26 -41 35.59
      vertex 1.26 -49 35.59
    endloop
  endfacet
  facet normal 1 -0 0
    outer loop
      vertex 4 -94 36.7655
      vertex 4 -86 30
      vertex 4 -86 36.7655
    endloop
  endfacet
  facet normal 1 0 0
    outer loop
      vertex 4 -86 30
      vertex 4 -94 36.7655
      vertex 4 -94 30
    endloop
  endfacet
  facet normal -1 0 0
    outer loop
      vertex -4 -94 30
      vertex -4 -86 36.7655
      vertex -4 -86 30
    endloop
  endfacet
  facet normal -1 -0 0
    outer loop
      vertex -4 -86 36.7655
      vertex -4 -94 30
      vertex -4 -94 36.7655
    endloop
  endfacet
  facet normal 0 1 -0
    outer loop
      vertex 1.66294 -86 34.9111
      vertex 1.26 -86 35.59
      vertex 4 -86 36.7655
    endloop
  endfacet
  facet normal 0 1 0
    outer loop
      vertex 1.26 -86 35.59
      vertex 1.41421 -86 35.2142
      vertex 1.26 -86 35.3408
    endloop
  endfacet
  facet normal 0 1 0
    outer loop
      vertex 1.26 -86 35.59
      vertex 1.66294 -86 34.9111
      vertex 1.41421 -86 35.2142
    endloop
  endfacet
  facet normal 0 1 0
    outer loop
      vertex 4 -86 36.7655
      vertex 1.84776 -86 34.5654
      vertex 1.66294 -86 34.9111
    endloop
  endfacet
  facet normal 0 1 0
    outer loop
      vertex 4 -86 36.7655
      vertex 1.96157 -86 34.1902
      vertex 1.84776 -86 34.5654
    endloop
  endfacet
  facet normal 0 1 0
    outer loop
      vertex 4 -86 36.7655
      vertex 2 -86 33.8
      vertex 1.96157 -86 34.1902
    endloop
  endfacet
  facet normal 0 1 -0
    outer loop
      vertex 4 -86 30
      vertex 2 -86 33.8
      vertex 4 -86 36.7655
    endloop
  endfacet
  facet normal 0 1 0
    outer loop
      vertex 2 -86 33.8
      vertex 4 -86 30
      vertex 1.96157 -86 33.4098
    endloop
  endfacet
  facet normal 0 1 0
    outer loop
      vertex 1.96157 -86 33.4098
      vertex 4 -86 30
      vertex 1.84776 -86 33.0346
    endloop
  endfacet
  facet normal 0 1 0
    outer loop
      vertex 0.390181 -86 31.8384
      vertex 4 -86 30
      vertex 0 -86 31.8
    endloop
  endfacet
  facet normal 0 1 0
    outer loop
      vertex 0.765367 -86 31.9522
      vertex 4 -86 30
      vertex 0.390181 -86 31.8384
    endloop
  endfacet
  facet normal 0 1 0
    outer loop
      vertex 1.11114 -86 32.1371
      vertex 4 -86 30
      vertex 0.765367 -86 31.9522
    endloop
  endfacet
  facet normal 0 1 0
    outer loop
      vertex 1.41421 -86 32.3858
      vertex 4 -86 30
      vertex 1.11114 -86 32.1371
    endloop
  endfacet
  facet normal 0 1 0
    outer loop
      vertex 1.66294 -86 32.6889
      vertex 4 -86 30
      vertex 1.41421 -86 32.3858
    endloop
  endfacet
  facet normal 0 1 0
    outer loop
      vertex 1.84776 -86 33.0346
      vertex 4 -86 30
      vertex 1.66294 -86 32.6889
    endloop
  endfacet
  facet normal 0 1 0
    outer loop
      vertex -1.41421 -86 35.2142
      vertex -1.26 -86 35.59
      vertex -1.26 -86 35.3408
    endloop
  endfacet
  facet normal 0 1 0
    outer loop
      vertex -1.66294 -86 34.9111
      vertex -1.26 -86 35.59
      vertex -1.41421 -86 35.2142
    endloop
  endfacet
  facet normal 0 1 0
    outer loop
      vertex -1.26 -86 35.59
      vertex -1.66294 -86 34.9111
      vertex -4 -86 36.7655
    endloop
  endfacet
  facet normal 0 1 -0
    outer loop
      vertex -1.84776 -86 34.5654
      vertex -4 -86 36.7655
      vertex -1.66294 -86 34.9111
    endloop
  endfacet
  facet normal 0 1 -0
    outer loop
      vertex -1.96157 -86 34.1902
      vertex -4 -86 36.7655
      vertex -1.84776 -86 34.5654
    endloop
  endfacet
  facet normal 0 1 -0
    outer loop
      vertex -2 -86 33.8
      vertex -4 -86 36.7655
      vertex -1.96157 -86 34.1902
    endloop
  endfacet
  facet normal 0 1 0
    outer loop
      vertex -4 -86 30
      vertex -2 -86 33.8
      vertex -1.96157 -86 33.4098
    endloop
  endfacet
  facet normal 0 1 0
    outer loop
      vertex -4 -86 30
      vertex -1.96157 -86 33.4098
      vertex -1.84776 -86 33.0346
    endloop
  endfacet
  facet normal 0 1 0
    outer loop
      vertex -4 -86 30
      vertex -1.84776 -86 33.0346
      vertex -1.66294 -86 32.6889
    endloop
  endfacet
  facet normal 0 1 0
    outer loop
      vertex -4 -86 30
      vertex 0 -86 31.8
      vertex 4 -86 30
    endloop
  endfacet
  facet normal 0 1 0
    outer loop
      vertex 0 -86 31.8
      vertex -4 -86 30
      vertex -0.390181 -86 31.8384
    endloop
  endfacet
  facet normal 0 1 0
    outer loop
      vertex -2 -86 33.8
      vertex -4 -86 30
      vertex -4 -86 36.7655
    endloop
  endfacet
  facet normal 0 1 0
    outer loop
      vertex -1.41421 -86 32.3858
      vertex -4 -86 30
      vertex -1.66294 -86 32.6889
    endloop
  endfacet
  facet normal 0 1 0
    outer loop
      vertex -1.11114 -86 32.1371
      vertex -4 -86 30
      vertex -1.41421 -86 32.3858
    endloop
  endfacet
  facet normal 0 1 0
    outer loop
      vertex -0.765367 -86 31.9522
      vertex -4 -86 30
      vertex -1.11114 -86 32.1371
    endloop
  endfacet
  facet normal 0 1 0
    outer loop
      vertex -0.390181 -86 31.8384
      vertex -4 -86 30
      vertex -0.765367 -86 31.9522
    endloop
  endfacet
  facet normal 0 -1 0
    outer loop
      vertex -1.66294 -94 34.9111
      vertex -1.26 -94 35.59
      vertex -4 -94 36.7655
    endloop
  endfacet
  facet normal 0 -1 -0
    outer loop
      vertex -1.26 -94 35.59
      vertex -1.41421 -94 35.2142
      vertex -1.26 -94 35.3408
    endloop
  endfacet
  facet normal 0 -1 0
    outer loop
      vertex -1.26 -94 35.59
      vertex -1.66294 -94 34.9111
      vertex -1.41421 -94 35.2142
    endloop
  endfacet
  facet normal 0 -1 0
    outer loop
      vertex -4 -94 36.7655
      vertex -1.84776 -94 34.5654
      vertex -1.66294 -94 34.9111
    endloop
  endfacet
  facet normal 0 -1 0
    outer loop
      vertex -4 -94 36.7655
      vertex -1.96157 -94 34.1902
      vertex -1.84776 -94 34.5654
    endloop
  endfacet
  facet normal 0 -1 0
    outer loop
      vertex -4 -94 36.7655
      vertex -2 -94 33.8
      vertex -1.96157 -94 34.1902
    endloop
  endfacet
  facet normal 0 -1 0
    outer loop
      vertex -4 -94 30
      vertex -2 -94 33.8
      vertex -4 -94 36.7655
    endloop
  endfacet
  facet normal 0 -1 -0
    outer loop
      vertex -2 -94 33.8
      vertex -4 -94 30
      vertex -1.96157 -94 33.4098
    endloop
  endfacet
  facet normal 0 -1 -0
    outer loop
      vertex -1.96157 -94 33.4098
      vertex -4 -94 30
      vertex -1.84776 -94 33.0346
    endloop
  endfacet
  facet normal 0 -1 -0
    outer loop
      vertex -0.390181 -94 31.8384
      vertex -4 -94 30
      vertex 0 -94 31.8
    endloop
  endfacet
  facet normal 0 -1 -0
    outer loop
      vertex -0.765367 -94 31.9522
      vertex -4 -94 30
      vertex -0.390181 -94 31.8384
    endloop
  endfacet
  facet normal 0 -1 -0
    outer loop
      vertex -1.11114 -94 32.1371
      vertex -4 -94 30
      vertex -0.765367 -94 31.9522
    endloop
  endfacet
  facet normal 0 -1 -0
    outer loop
      vertex -1.41421 -94 32.3858
      vertex -4 -94 30
      vertex -1.11114 -94 32.1371
    endloop
  endfacet
  facet normal 0 -1 -0
    outer loop
      vertex -1.66294 -94 32.6889
      vertex -4 -94 30
      vertex -1.41421 -94 32.3858
    endloop
  endfacet
  facet normal 0 -1 -0
    outer loop
      vertex -1.84776 -94 33.0346
      vertex -4 -94 30
      vertex -1.66294 -94 32.6889
    endloop
  endfacet
  facet normal 0 -1 0
    outer loop
      vertex 1.41421 -94 35.2142
      vertex 1.26 -94 35.59
      vertex 1.26 -94 35.3408
    endloop
  endfacet
  facet normal 0 -1 0
    outer loop
      vertex 1.66294 -94 34.9111
      vertex 1.26 -94 35.59
      vertex 1.41421 -94 35.2142
    endloop
  endfacet
  facet normal 0 -1 0
    outer loop
      vertex 1.26 -94 35.59
      vertex 1.66294 -94 34.9111
      vertex 4 -94 36.7655
    endloop
  endfacet
  facet normal 0 -1 0
    outer loop
      vertex 1.84776 -94 34.5654
      vertex 4 -94 36.7655
      vertex 1.66294 -94 34.9111
    endloop
  endfacet
  facet normal 0 -1 0
    outer loop
      vertex 1.96157 -94 34.1902
      vertex 4 -94 36.7655
      vertex 1.84776 -94 34.5654
    endloop
  endfacet
  facet normal 0 -1 0
    outer loop
      vertex 2 -94 33.8
      vertex 4 -94 36.7655
      vertex 1.96157 -94 34.1902
    endloop
  endfacet
  facet normal 0 -1 0
    outer loop
      vertex 4 -94 30
      vertex 2 -94 33.8
      vertex 1.96157 -94 33.4098
    endloop
  endfacet
  facet normal 0 -1 0
    outer loop
      vertex 4 -94 30
      vertex 1.96157 -94 33.4098
      vertex 1.84776 -94 33.0346
    endloop
  endfacet
  facet normal 0 -1 0
    outer loop
      vertex 4 -94 30
      vertex 1.84776 -94 33.0346
      vertex 1.66294 -94 32.6889
    endloop
  endfacet
  facet normal 0 -1 0
    outer loop
      vertex 4 -94 30
      vertex 0 -94 31.8
      vertex -4 -94 30
    endloop
  endfacet
  facet normal 0 -1 0
    outer loop
      vertex 0 -94 31.8
      vertex 4 -94 30
      vertex 0.390181 -94 31.8384
    endloop
  endfacet
  facet normal 0 -1 0
    outer loop
      vertex 2 -94 33.8
      vertex 4 -94 30
      vertex 4 -94 36.7655
    endloop
  endfacet
  facet normal 0 -1 0
    outer loop
      vertex 1.41421 -94 32.3858
      vertex 4 -94 30
      vertex 1.66294 -94 32.6889
    endloop
  endfacet
  facet normal 0 -1 0
    outer loop
      vertex 1.11114 -94 32.1371
      vertex 4 -94 30
      vertex 1.41421 -94 32.3858
    endloop
  endfacet
  facet normal 0 -1 0
    outer loop
      vertex 0.765367 -94 31.9522
      vertex 4 -94 30
      vertex 1.11114 -94 32.1371
    endloop
  endfacet
  facet normal 0 -1 0
    outer loop
      vertex 0.390181 -94 31.8384
      vertex 4 -94 30
      vertex 0.765367 -94 31.9522
    endloop
  endfacet
  facet normal -0.956944 0 -0.290271
    outer loop
      vertex 1.96157 -94 34.1902
      vertex 1.84776 -86 34.5654
      vertex 1.96157 -86 34.1902
    endloop
  endfacet
  facet normal -0.956944 -0 -0.290271
    outer loop
      vertex 1.84776 -86 34.5654
      vertex 1.96157 -94 34.1902
      vertex 1.84776 -94 34.5654
    endloop
  endfacet
  facet normal -0.995185 0 -0.0980137
    outer loop
      vertex 2 -94 33.8
      vertex 1.96157 -86 34.1902
      vertex 2 -86 33.8
    endloop
  endfacet
  facet normal -0.995185 -0 -0.0980137
    outer loop
      vertex 1.96157 -86 34.1902
      vertex 2 -94 33.8
      vertex 1.96157 -94 34.1902
    endloop
  endfacet
  facet normal -0.773033 0 -0.634366
    outer loop
      vertex 1.66294 -94 34.9111
      vertex 1.41421 -86 35.2142
      vertex 1.66294 -86 34.9111
    endloop
  endfacet
  facet normal -0.773033 -0 -0.634366
    outer loop
      vertex 1.41421 -86 35.2142
      vertex 1.66294 -94 34.9111
      vertex 1.41421 -94 35.2142
    endloop
  endfacet
  facet normal -0.881879 0 0.471475
    outer loop
      vertex 1.66294 -94 32.6889
      vertex 1.84776 -86 33.0346
      vertex 1.66294 -86 32.6889
    endloop
  endfacet
  facet normal -0.881879 0 0.471475
    outer loop
      vertex 1.84776 -86 33.0346
      vertex 1.66294 -94 32.6889
      vertex 1.84776 -94 33.0346
    endloop
  endfacet
  facet normal 0.471556 0 0.881836
    outer loop
      vertex -1.11114 -86 32.1371
      vertex -0.765367 -94 31.9522
      vertex -0.765367 -86 31.9522
    endloop
  endfacet
  facet normal 0.471556 0 0.881836
    outer loop
      vertex -0.765367 -94 31.9522
      vertex -1.11114 -86 32.1371
      vertex -1.11114 -94 32.1371
    endloop
  endfacet
  facet normal -0.881879 0 -0.471475
    outer loop
      vertex 1.84776 -94 34.5654
      vertex 1.66294 -86 34.9111
      vertex 1.84776 -86 34.5654
    endloop
  endfacet
  facet normal -0.881879 -0 -0.471475
    outer loop
      vertex 1.66294 -86 34.9111
      vertex 1.84776 -94 34.5654
      vertex 1.66294 -94 34.9111
    endloop
  endfacet
  facet normal 0.881879 0 -0.471475
    outer loop
      vertex -1.66294 -94 34.9111
      vertex -1.84776 -86 34.5654
      vertex -1.66294 -86 34.9111
    endloop
  endfacet
  facet normal 0.881879 0 -0.471475
    outer loop
      vertex -1.84776 -86 34.5654
      vertex -1.66294 -94 34.9111
      vertex -1.84776 -94 34.5654
    endloop
  endfacet
  facet normal 0.634522 0 -0.772904
    outer loop
      vertex -1.41421 -94 35.2142
      vertex -1.26 -86 35.3408
      vertex -1.26 -94 35.3408
    endloop
  endfacet
  facet normal 0.634522 0 -0.772904
    outer loop
      vertex -1.26 -86 35.3408
      vertex -1.41421 -94 35.2142
      vertex -1.41421 -86 35.2142
    endloop
  endfacet
  facet normal 0.773033 0 -0.634366
    outer loop
      vertex -1.41421 -94 35.2142
      vertex -1.66294 -86 34.9111
      vertex -1.41421 -86 35.2142
    endloop
  endfacet
  facet normal 0.773033 0 -0.634366
    outer loop
      vertex -1.66294 -86 34.9111
      vertex -1.41421 -94 35.2142
      vertex -1.66294 -94 34.9111
    endloop
  endfacet
  facet normal -0.634358 0 0.773039
    outer loop
      vertex 1.11114 -86 32.1371
      vertex 1.41421 -94 32.3858
      vertex 1.41421 -86 32.3858
    endloop
  endfacet
  facet normal -0.634358 0 0.773039
    outer loop
      vertex 1.41421 -94 32.3858
      vertex 1.11114 -86 32.1371
      vertex 1.11114 -94 32.1371
    endloop
  endfacet
  facet normal 0.881879 -0 0.471475
    outer loop
      vertex -1.84776 -94 33.0346
      vertex -1.66294 -86 32.6889
      vertex -1.84776 -86 33.0346
    endloop
  endfacet
  facet normal 0.881879 0 0.471475
    outer loop
      vertex -1.66294 -86 32.6889
      vertex -1.84776 -94 33.0346
      vertex -1.66294 -94 32.6889
    endloop
  endfacet
  facet normal 0.634358 0 0.773039
    outer loop
      vertex -1.41421 -86 32.3858
      vertex -1.11114 -94 32.1371
      vertex -1.11114 -86 32.1371
    endloop
  endfacet
  facet normal 0.634358 0 0.773039
    outer loop
      vertex -1.11114 -94 32.1371
      vertex -1.41421 -86 32.3858
      vertex -1.41421 -94 32.3858
    endloop
  endfacet
  facet normal -0.995185 0 0.0980137
    outer loop
      vertex 1.96157 -94 33.4098
      vertex 2 -86 33.8
      vertex 1.96157 -86 33.4098
    endloop
  endfacet
  facet normal -0.995185 0 0.0980137
    outer loop
      vertex 2 -86 33.8
      vertex 1.96157 -94 33.4098
      vertex 2 -94 33.8
    endloop
  endfacet
  facet normal -0.956944 0 0.290271
    outer loop
      vertex 1.84776 -94 33.0346
      vertex 1.96157 -86 33.4098
      vertex 1.84776 -86 33.0346
    endloop
  endfacet
  facet normal -0.956944 0 0.290271
    outer loop
      vertex 1.96157 -86 33.4098
      vertex 1.84776 -94 33.0346
      vertex 1.96157 -94 33.4098
    endloop
  endfacet
  facet normal 0.773033 -0 0.634366
    outer loop
      vertex -1.66294 -94 32.6889
      vertex -1.41421 -86 32.3858
      vertex -1.66294 -86 32.6889
    endloop
  endfacet
  facet normal 0.773033 0 0.634366
    outer loop
      vertex -1.41421 -86 32.3858
      vertex -1.66294 -94 32.6889
      vertex -1.41421 -94 32.3858
    endloop
  endfacet
  facet normal 0.995185 0 -0.0980137
    outer loop
      vertex -1.96157 -94 34.1902
      vertex -2 -86 33.8
      vertex -1.96157 -86 34.1902
    endloop
  endfacet
  facet normal 0.995185 0 -0.0980137
    outer loop
      vertex -2 -86 33.8
      vertex -1.96157 -94 34.1902
      vertex -2 -94 33.8
    endloop
  endfacet
  facet normal 0.956944 0 -0.290271
    outer loop
      vertex -1.84776 -94 34.5654
      vertex -1.96157 -86 34.1902
      vertex -1.84776 -86 34.5654
    endloop
  endfacet
  facet normal 0.956944 0 -0.290271
    outer loop
      vertex -1.96157 -86 34.1902
      vertex -1.84776 -94 34.5654
      vertex -1.96157 -94 34.1902
    endloop
  endfacet
  facet normal -0.471556 0 0.881836
    outer loop
      vertex 0.765367 -86 31.9522
      vertex 1.11114 -94 32.1371
      vertex 1.11114 -86 32.1371
    endloop
  endfacet
  facet normal -0.471556 0 0.881836
    outer loop
      vertex 1.11114 -94 32.1371
      vertex 0.765367 -86 31.9522
      vertex 0.765367 -94 31.9522
    endloop
  endfacet
  facet normal 0.0979427 0 0.995192
    outer loop
      vertex -0.390181 -86 31.8384
      vertex 0 -94 31.8
      vertex 0 -86 31.8
    endloop
  endfacet
  facet normal 0.0979427 0 0.995192
    outer loop
      vertex 0 -94 31.8
      vertex -0.390181 -86 31.8384
      vertex -0.390181 -94 31.8384
    endloop
  endfacet
  facet normal -0.773033 0 0.634366
    outer loop
      vertex 1.41421 -94 32.3858
      vertex 1.66294 -86 32.6889
      vertex 1.41421 -86 32.3858
    endloop
  endfacet
  facet normal -0.773033 0 0.634366
    outer loop
      vertex 1.66294 -86 32.6889
      vertex 1.41421 -94 32.3858
      vertex 1.66294 -94 32.6889
    endloop
  endfacet
  facet normal -0.634522 0 -0.772904
    outer loop
      vertex 1.26 -94 35.3408
      vertex 1.41421 -86 35.2142
      vertex 1.41421 -94 35.2142
    endloop
  endfacet
  facet normal -0.634522 0 -0.772904
    outer loop
      vertex 1.41421 -86 35.2142
      vertex 1.26 -94 35.3408
      vertex 1.26 -86 35.3408
    endloop
  endfacet
  facet normal 0.290258 0 0.956948
    outer loop
      vertex -0.765367 -86 31.9522
      vertex -0.390181 -94 31.8384
      vertex -0.390181 -86 31.8384
    endloop
  endfacet
  facet normal 0.290258 0 0.956948
    outer loop
      vertex -0.390181 -94 31.8384
      vertex -0.765367 -86 31.9522
      vertex -0.765367 -94 31.9522
    endloop
  endfacet
  facet normal -0.0979427 0 0.995192
    outer loop
      vertex 0 -86 31.8
      vertex 0.390181 -94 31.8384
      vertex 0.390181 -86 31.8384
    endloop
  endfacet
  facet normal -0.0979427 0 0.995192
    outer loop
      vertex 0.390181 -94 31.8384
      vertex 0 -86 31.8
      vertex 0 -94 31.8
    endloop
  endfacet
  facet normal -0.290258 0 0.956948
    outer loop
      vertex 0.390181 -86 31.8384
      vertex 0.765367 -94 31.9522
      vertex 0.765367 -86 31.9522
    endloop
  endfacet
  facet normal -0.290258 0 0.956948
    outer loop
      vertex 0.765367 -94 31.9522
      vertex 0.390181 -86 31.8384
      vertex 0.390181 -94 31.8384
    endloop
  endfacet
  facet normal 0.956944 -0 0.290271
    outer loop
      vertex -1.96157 -94 33.4098
      vertex -1.84776 -86 33.0346
      vertex -1.96157 -86 33.4098
    endloop
  endfacet
  facet normal 0.956944 0 0.290271
    outer loop
      vertex -1.84776 -86 33.0346
      vertex -1.96157 -94 33.4098
      vertex -1.84776 -94 33.0346
    endloop
  endfacet
  facet normal 0.995185 -0 0.0980137
    outer loop
      vertex -2 -94 33.8
      vertex -1.96157 -86 33.4098
      vertex -2 -86 33.8
    endloop
  endfacet
  facet normal 0.995185 0 0.0980137
    outer loop
      vertex -1.96157 -86 33.4098
      vertex -2 -94 33.8
      vertex -1.96157 -94 33.4098
    endloop
  endfacet
  facet normal -1 0 0
    outer loop
      vertex 1.26 -94 35.3408
      vertex 1.26 -86 35.59
      vertex 1.26 -86 35.3408
    endloop
  endfacet
  facet normal -1 -0 0
    outer loop
      vertex 1.26 -86 35.59
      vertex 1.26 -94 35.3408
      vertex 1.26 -94 35.59
    endloop
  endfacet
  facet normal 1 -0 0
    outer loop
      vertex -1.26 -94 35.59
      vertex -1.26 -86 35.3408
      vertex -1.26 -86 35.59
    endloop
  endfacet
  facet normal 1 0 0
    outer loop
      vertex -1.26 -86 35.3408
      vertex -1.26 -94 35.59
      vertex -1.26 -94 35.3408
    endloop
  endfacet
  facet normal 0.394263 0 0.918998
    outer loop
      vertex -4 -86 36.7655
      vertex -1.26 -94 35.59
      vertex -1.26 -86 35.59
    endloop
  endfacet
  facet normal 0.394263 0 0.918998
    outer loop
      vertex -1.26 -94 35.59
      vertex -4 -86 36.7655
      vertex -4 -94 36.7655
    endloop
  endfacet
  facet normal -0.394263 0 0.918998
    outer loop
      vertex 1.26 -86 35.59
      vertex 4 -94 36.7655
      vertex 4 -86 36.7655
    endloop
  endfacet
  facet normal -0.394263 0 0.918998
    outer loop
      vertex 4 -94 36.7655
      vertex 1.26 -86 35.59
      vertex 1.26 -94 35.59
    endloop
  endfacet
  facet normal 1 -0 0
    outer loop
      vertex 4 -142 36.7655
      vertex 4 -134 30
      vertex 4 -134 36.7655
    endloop
  endfacet
  facet normal 1 0 0
    outer loop
      vertex 4 -134 30
      vertex 4 -142 36.7655
      vertex 4 -142 30
    endloop
  endfacet
  facet normal -1 0 0
    outer loop
      vertex -4 -142 30
      vertex -4 -134 36.7655
      vertex -4 -134 30
    endloop
  endfacet
  facet normal -1 -0 0
    outer loop
      vertex -4 -134 36.7655
      vertex -4 -142 30
      vertex -4 -142 36.7655
    endloop
  endfacet
  facet normal 0 1 -0
    outer loop
      vertex 1.66294 -134 34.9111
      vertex 1.26 -134 35.59
      vertex 4 -134 36.7655
    endloop
  endfacet
  facet normal 0 1 0
    outer loop
      vertex 1.26 -134 35.59
      vertex 1.41421 -134 35.2142
      vertex 1.26 -134 35.3408
    endloop
  endfacet
  facet normal 0 1 0
    outer loop
      vertex 1.26 -134 35.59
      vertex 1.66294 -134 34.9111
      vertex 1.41421 -134 35.2142
    endloop
  endfacet
  facet normal 0 1 0
    outer loop
      vertex 4 -134 36.7655
      vertex 1.84776 -134 34.5654
      vertex 1.66294 -134 34.9111
    endloop
  endfacet
  facet normal 0 1 0
    outer loop
      vertex 4 -134 36.7655
      vertex 1.96157 -134 34.1902
      vertex 1.84776 -134 34.5654
    endloop
  endfacet
  facet normal 0 1 0
    outer loop
      vertex 4 -134 36.7655
      vertex 2 -134 33.8
      vertex 1.96157 -134 34.1902
    endloop
  endfacet
  facet normal 0 1 -0
    outer loop
      vertex 4 -134 30
      vertex 2 -134 33.8
      vertex 4 -134 36.7655
    endloop
  endfacet
  facet normal 0 1 0
    outer loop
      vertex 2 -134 33.8
      vertex 4 -134 30
      vertex 1.96157 -134 33.4098
    endloop
  endfacet
  facet normal 0 1 0
    outer loop
      vertex 1.96157 -134 33.4098
      vertex 4 -134 30
      vertex 1.84776 -134 33.0346
    endloop
  endfacet
  facet normal 0 1 0
    outer loop
      vertex 0.390181 -134 31.8384
      vertex 4 -134 30
      vertex 0 -134 31.8
    endloop
  endfacet
  facet normal 0 1 0
    outer loop
      vertex 0.765367 -134 31.9522
      vertex 4 -134 30
      vertex 0.390181 -134 31.8384
    endloop
  endfacet
  facet normal 0 1 0
    outer loop
      vertex 1.11114 -134 32.1371
      vertex 4 -134 30
      vertex 0.765367 -134 31.9522
    endloop
  endfacet
  facet normal 0 1 0
    outer loop
      vertex 1.41421 -134 32.3858
      vertex 4 -134 30
      vertex 1.11114 -134 32.1371
    endloop
  endfacet
  facet normal 0 1 0
    outer loop
      vertex 1.66294 -134 32.6889
      vertex 4 -134 30
      vertex 1.41421 -134 32.3858
    endloop
  endfacet
  facet normal 0 1 0
    outer loop
      vertex 1.84776 -134 33.0346
      vertex 4 -134 30
      vertex 1.66294 -134 32.6889
    endloop
  endfacet
  facet normal 0 1 0
    outer loop
      vertex -1.41421 -134 35.2142
      vertex -1.26 -134 35.59
      vertex -1.26 -134 35.3408
    endloop
  endfacet
  facet normal 0 1 0
    outer loop
      vertex -1.66294 -134 34.9111
      vertex -1.26 -134 35.59
      vertex -1.41421 -134 35.2142
    endloop
  endfacet
  facet normal 0 1 0
    outer loop
      vertex -1.26 -134 35.59
      vertex -1.66294 -134 34.9111
      vertex -4 -134 36.7655
    endloop
  endfacet
  facet normal 0 1 -0
    outer loop
      vertex -1.84776 -134 34.5654
      vertex -4 -134 36.7655
      vertex -1.66294 -134 34.9111
    endloop
  endfacet
  facet normal 0 1 -0
    outer loop
      vertex -1.96157 -134 34.1902
      vertex -4 -134 36.7655
      vertex -1.84776 -134 34.5654
    endloop
  endfacet
  facet normal 0 1 -0
    outer loop
      vertex -2 -134 33.8
      vertex -4 -134 36.7655
      vertex -1.96157 -134 34.1902
    endloop
  endfacet
  facet normal 0 1 0
    outer loop
      vertex -4 -134 30
      vertex -2 -134 33.8
      vertex -1.96157 -134 33.4098
    endloop
  endfacet
  facet normal 0 1 0
    outer loop
      vertex -4 -134 30
      vertex -1.96157 -134 33.4098
      vertex -1.84776 -134 33.0346
    endloop
  endfacet
  facet normal 0 1 0
    outer loop
      vertex -4 -134 30
      vertex -1.84776 -134 33.0346
      vertex -1.66294 -134 32.6889
    endloop
  endfacet
  facet normal 0 1 0
    outer loop
      vertex -4 -134 30
      vertex 0 -134 31.8
      vertex 4 -134 30
    endloop
  endfacet
  facet normal 0 1 0
    outer loop
      vertex 0 -134 31.8
      vertex -4 -134 30
      vertex -0.390181 -134 31.8384
    endloop
  endfacet
  facet normal 0 1 0
    outer loop
      vertex -2 -134 33.8
      vertex -4 -134 30
      vertex -4 -134 36.7655
    endloop
  endfacet
  facet normal 0 1 0
    outer loop
      vertex -1.41421 -134 32.3858
      vertex -4 -134 30
      vertex -1.66294 -134 32.6889
    endloop
  endfacet
  facet normal 0 1 0
    outer loop
      vertex -1.11114 -134 32.1371
      vertex -4 -134 30
      vertex -1.41421 -134 32.3858
    endloop
  endfacet
  facet normal 0 1 0
    outer loop
      vertex -0.765367 -134 31.9522
      vertex -4 -134 30
      vertex -1.11114 -134 32.1371
    endloop
  endfacet
  facet normal 0 1 0
    outer loop
      vertex -0.390181 -134 31.8384
      vertex -4 -134 30
      vertex -0.765367 -134 31.9522
    endloop
  endfacet
  facet normal -0.956944 0 -0.290271
    outer loop
      vertex 1.96157 -142 34.1902
      vertex 1.84776 -134 34.5654
      vertex 1.96157 -134 34.1902
    endloop
  endfacet
  facet normal -0.956944 -0 -0.290271
    outer loop
      vertex 1.84776 -134 34.5654
      vertex 1.96157 -142 34.1902
      vertex 1.84776 -142 34.5654
    endloop
  endfacet
  facet normal -0.995185 0 -0.0980137
    outer loop
      vertex 2 -142 33.8
      vertex 1.96157 -134 34.1902
      vertex 2 -134 33.8
    endloop
  endfacet
  facet normal -0.995185 -0 -0.0980137
    outer loop
      vertex 1.96157 -134 34.1902
      vertex 2 -142 33.8
      vertex 1.96157 -142 34.1902
    endloop
  endfacet
  facet normal -0.773033 0 -0.634366
    outer loop
      vertex 1.66294 -142 34.9111
      vertex 1.41421 -134 35.2142
      vertex 1.66294 -134 34.9111
    endloop
  endfacet
  facet normal -0.773033 -0 -0.634366
    outer loop
      vertex 1.41421 -134 35.2142
      vertex 1.66294 -142 34.9111
      vertex 1.41421 -142 35.2142
    endloop
  endfacet
  facet normal -0.881879 0 0.471475
    outer loop
      vertex 1.66294 -142 32.6889
      vertex 1.84776 -134 33.0346
      vertex 1.66294 -134 32.6889
    endloop
  endfacet
  facet normal -0.881879 0 0.471475
    outer loop
      vertex 1.84776 -134 33.0346
      vertex 1.66294 -142 32.6889
      vertex 1.84776 -142 33.0346
    endloop
  endfacet
  facet normal 0.471556 0 0.881836
    outer loop
      vertex -1.11114 -134 32.1371
      vertex -0.765367 -142 31.9522
      vertex -0.765367 -134 31.9522
    endloop
  endfacet
  facet normal 0.471556 0 0.881836
    outer loop
      vertex -0.765367 -142 31.9522
      vertex -1.11114 -134 32.1371
      vertex -1.11114 -142 32.1371
    endloop
  endfacet
  facet normal -0.881879 0 -0.471475
    outer loop
      vertex 1.84776 -142 34.5654
      vertex 1.66294 -134 34.9111
      vertex 1.84776 -134 34.5654
    endloop
  endfacet
  facet normal -0.881879 -0 -0.471475
    outer loop
      vertex 1.66294 -134 34.9111
      vertex 1.84776 -142 34.5654
      vertex 1.66294 -142 34.9111
    endloop
  endfacet
  facet normal 0.881879 0 -0.471475
    outer loop
      vertex -1.66294 -142 34.9111
      vertex -1.84776 -134 34.5654
      vertex -1.66294 -134 34.9111
    endloop
  endfacet
  facet normal 0.881879 0 -0.471475
    outer loop
      vertex -1.84776 -134 34.5654
      vertex -1.66294 -142 34.9111
      vertex -1.84776 -142 34.5654
    endloop
  endfacet
  facet normal 0.634522 0 -0.772904
    outer loop
      vertex -1.41421 -142 35.2142
      vertex -1.26 -134 35.3408
      vertex -1.26 -142 35.3408
    endloop
  endfacet
  facet normal 0.634522 0 -0.772904
    outer loop
      vertex -1.26 -134 35.3408
      vertex -1.41421 -142 35.2142
      vertex -1.41421 -134 35.2142
    endloop
  endfacet
  facet normal 0.773033 0 -0.634366
    outer loop
      vertex -1.41421 -142 35.2142
      vertex -1.66294 -134 34.9111
      vertex -1.41421 -134 35.2142
    endloop
  endfacet
  facet normal 0.773033 0 -0.634366
    outer loop
      vertex -1.66294 -134 34.9111
      vertex -1.41421 -142 35.2142
      vertex -1.66294 -142 34.9111
    endloop
  endfacet
  facet normal -0.634358 0 0.773039
    outer loop
      vertex 1.11114 -134 32.1371
      vertex 1.41421 -142 32.3858
      vertex 1.41421 -134 32.3858
    endloop
  endfacet
  facet normal -0.634358 0 0.773039
    outer loop
      vertex 1.41421 -142 32.3858
      vertex 1.11114 -134 32.1371
      vertex 1.11114 -142 32.1371
    endloop
  endfacet
  facet normal 0.881879 -0 0.471475
    outer loop
      vertex -1.84776 -142 33.0346
      vertex -1.66294 -134 32.6889
      vertex -1.84776 -134 33.0346
    endloop
  endfacet
  facet normal 0.881879 0 0.471475
    outer loop
      vertex -1.66294 -134 32.6889
      vertex -1.84776 -142 33.0346
      vertex -1.66294 -142 32.6889
    endloop
  endfacet
  facet normal 0.634358 0 0.773039
    outer loop
      vertex -1.41421 -134 32.3858
      vertex -1.11114 -142 32.1371
      vertex -1.11114 -134 32.1371
    endloop
  endfacet
  facet normal 0.634358 0 0.773039
    outer loop
      vertex -1.11114 -142 32.1371
      vertex -1.41421 -134 32.3858
      vertex -1.41421 -142 32.3858
    endloop
  endfacet
  facet normal -0.995185 0 0.0980137
    outer loop
      vertex 1.96157 -142 33.4098
      vertex 2 -134 33.8
      vertex 1.96157 -134 33.4098
    endloop
  endfacet
  facet normal -0.995185 0 0.0980137
    outer loop
      vertex 2 -134 33.8
      vertex 1.96157 -142 33.4098
      vertex 2 -142 33.8
    endloop
  endfacet
  facet normal -0.956944 0 0.290271
    outer loop
      vertex 1.84776 -142 33.0346
      vertex 1.96157 -134 33.4098
      vertex 1.84776 -134 33.0346
    endloop
  endfacet
  facet normal -0.956944 0 0.290271
    outer loop
      vertex 1.96157 -134 33.4098
      vertex 1.84776 -142 33.0346
      vertex 1.96157 -142 33.4098
    endloop
  endfacet
  facet normal 0.773033 -0 0.634366
    outer loop
      vertex -1.66294 -142 32.6889
      vertex -1.41421 -134 32.3858
      vertex -1.66294 -134 32.6889
    endloop
  endfacet
  facet normal 0.773033 0 0.634366
    outer loop
      vertex -1.41421 -134 32.3858
      vertex -1.66294 -142 32.6889
      vertex -1.41421 -142 32.3858
    endloop
  endfacet
  facet normal 0.995185 0 -0.0980137
    outer loop
      vertex -1.96157 -142 34.1902
      vertex -2 -134 33.8
      vertex -1.96157 -134 34.1902
    endloop
  endfacet
  facet normal 0.995185 0 -0.0980137
    outer loop
      vertex -2 -134 33.8
      vertex -1.96157 -142 34.1902
      vertex -2 -142 33.8
    endloop
  endfacet
  facet normal 0.956944 0 -0.290271
    outer loop
      vertex -1.84776 -142 34.5654
      vertex -1.96157 -134 34.1902
      vertex -1.84776 -134 34.5654
    endloop
  endfacet
  facet normal 0.956944 0 -0.290271
    outer loop
      vertex -1.96157 -134 34.1902
      vertex -1.84776 -142 34.5654
      vertex -1.96157 -142 34.1902
    endloop
  endfacet
  facet normal -0.471556 0 0.881836
    outer loop
      vertex 0.765367 -134 31.9522
      vertex 1.11114 -142 32.1371
      vertex 1.11114 -134 32.1371
    endloop
  endfacet
  facet normal -0.471556 0 0.881836
    outer loop
      vertex 1.11114 -142 32.1371
      vertex 0.765367 -134 31.9522
      vertex 0.765367 -142 31.9522
    endloop
  endfacet
  facet normal 0.0979427 0 0.995192
    outer loop
      vertex -0.390181 -134 31.8384
      vertex 0 -142 31.8
      vertex 0 -134 31.8
    endloop
  endfacet
  facet normal 0.0979427 0 0.995192
    outer loop
      vertex 0 -142 31.8
      vertex -0.390181 -134 31.8384
      vertex -0.390181 -142 31.8384
    endloop
  endfacet
  facet normal -0.773033 0 0.634366
    outer loop
      vertex 1.41421 -142 32.3858
      vertex 1.66294 -134 32.6889
      vertex 1.41421 -134 32.3858
    endloop
  endfacet
  facet normal -0.773033 0 0.634366
    outer loop
      vertex 1.66294 -134 32.6889
      vertex 1.41421 -142 32.3858
      vertex 1.66294 -142 32.6889
    endloop
  endfacet
  facet normal -0.634522 0 -0.772904
    outer loop
      vertex 1.26 -142 35.3408
      vertex 1.41421 -134 35.2142
      vertex 1.41421 -142 35.2142
    endloop
  endfacet
  facet normal -0.634522 0 -0.772904
    outer loop
      vertex 1.41421 -134 35.2142
      vertex 1.26 -142 35.3408
      vertex 1.26 -134 35.3408
    endloop
  endfacet
  facet normal 0.290258 0 0.956948
    outer loop
      vertex -0.765367 -134 31.9522
      vertex -0.390181 -142 31.8384
      vertex -0.390181 -134 31.8384
    endloop
  endfacet
  facet normal 0.290258 0 0.956948
    outer loop
      vertex -0.390181 -142 31.8384
      vertex -0.765367 -134 31.9522
      vertex -0.765367 -142 31.9522
    endloop
  endfacet
  facet normal -0.0979427 0 0.995192
    outer loop
      vertex 0 -134 31.8
      vertex 0.390181 -142 31.8384
      vertex 0.390181 -134 31.8384
    endloop
  endfacet
  facet normal -0.0979427 0 0.995192
    outer loop
      vertex 0.390181 -142 31.8384
      vertex 0 -134 31.8
      vertex 0 -142 31.8
    endloop
  endfacet
  facet normal -0.290258 0 0.956948
    outer loop
      vertex 0.390181 -134 31.8384
      vertex 0.765367 -142 31.9522
      vertex 0.765367 -134 31.9522
    endloop
  endfacet
  facet normal -0.290258 0 0.956948
    outer loop
      vertex 0.765367 -142 31.9522
      vertex 0.390181 -134 31.8384
      vertex 0.390181 -142 31.8384
    endloop
  endfacet
  facet normal 0.956944 -0 0.290271
    outer loop
      vertex -1.96157 -142 33.4098
      vertex -1.84776 -134 33.0346
      vertex -1.96157 -134 33.4098
    endloop
  endfacet
  facet normal 0.956944 0 0.290271
    outer loop
      vertex -1.84776 -134 33.0346
      vertex -1.96157 -142 33.4098
      vertex -1.84776 -142 33.0346
    endloop
  endfacet
  facet normal 0.995185 -0 0.0980137
    outer loop
      vertex -2 -142 33.8
      vertex -1.96157 -134 33.4098
      vertex -2 -134 33.8
    endloop
  endfacet
  facet normal 0.995185 0 0.0980137
    outer loop
      vertex -1.96157 -134 33.4098
      vertex -2 -142 33.8
      vertex -1.96157 -142 33.4098
    endloop
  endfacet
  facet normal -1 0 0
    outer loop
      vertex 1.26 -142 35.3408
      vertex 1.26 -134 35.59
      vertex 1.26 -134 35.3408
    endloop
  endfacet
  facet normal -1 -0 0
    outer loop
      vertex 1.26 -134 35.59
      vertex 1.26 -142 35.3408
      vertex 1.26 -142 35.59
    endloop
  endfacet
  facet normal 1 -0 0
    outer loop
      vertex -1.26 -142 35.59
      vertex -1.26 -134 35.3408
      vertex -1.26 -134 35.59
    endloop
  endfacet
  facet normal 1 0 0
    outer loop
      vertex -1.26 -134 35.3408
      vertex -1.26 -142 35.59
      vertex -1.26 -142 35.3408
    endloop
  endfacet
  facet normal 0.394263 0 0.918998
    outer loop
      vertex -4 -134 36.7655
      vertex -1.26 -142 35.59
      vertex -1.26 -134 35.59
    endloop
  endfacet
  facet normal 0.394263 0 0.918998
    outer loop
      vertex -1.26 -142 35.59
      vertex -4 -134 36.7655
      vertex -4 -142 36.7655
    endloop
  endfacet
  facet normal -0.394263 0 0.918998
    outer loop
      vertex 1.26 -134 35.59
      vertex 4 -142 36.7655
      vertex 4 -134 36.7655
    endloop
  endfacet
  facet normal -0.394263 0 0.918998
    outer loop
      vertex 4 -142 36.7655
      vertex 1.26 -134 35.59
      vertex 1.26 -142 35.59
    endloop
  endfacet
endsolid OpenSCAD_Model
