solid OpenSCAD_Model
  facet normal 1 -0 0
    outer loop
      vertex -30.55 -4 7.65398
      vertex -30.55 4 2
      vertex -30.55 4 7.65398
    endloop
  endfacet
  facet normal 1 0 0
    outer loop
      vertex -30.55 4 2
      vertex -30.55 -4 7.65398
      vertex -30.55 -4 2
    endloop
  endfacet
  facet normal 0 0 1
    outer loop
      vertex -36.4168 11.8088 2
      vertex -35.7126 11.0666 2
      vertex -35.7151 11.1433 2
    endloop
  endfacet
  facet normal 0 0 1
    outer loop
      vertex -35.7126 11.0666 2
      vertex -36.4168 11.8088 2
      vertex -35.7141 11.0089 2
    endloop
  endfacet
  facet normal 0 0 1
    outer loop
      vertex -36.2687 11.7895 2
      vertex -35.7151 11.1433 2
      vertex -35.7228 11.2161 2
    endloop
  endfacet
  facet normal 0 0 1
    outer loop
      vertex -36.4168 11.8088 2
      vertex -35.7151 11.1433 2
      vertex -36.3407 11.8015 2
    endloop
  endfacet
  facet normal 0 0 1
    outer loop
      vertex -36.2006 11.7726 2
      vertex -35.7228 11.2161 2
      vertex -35.7356 11.2849 2
    endloop
  endfacet
  facet normal 0 0 1
    outer loop
      vertex -35.7141 11.0089 2
      vertex -36.4168 11.8088 2
      vertex -35.7185 10.9527 2
    endloop
  endfacet
  facet normal 0 0 1
    outer loop
      vertex -36.4968 11.8112 2
      vertex -35.7185 10.9527 2
      vertex -36.4168 11.8088 2
    endloop
  endfacet
  facet normal 0 0 1
    outer loop
      vertex -36.2006 11.7726 2
      vertex -35.7356 11.2849 2
      vertex -35.7536 11.3499 2
    endloop
  endfacet
  facet normal 0 0 1
    outer loop
      vertex -35.7185 10.9527 2
      vertex -36.4968 11.8112 2
      vertex -35.726 10.8977 2
    endloop
  endfacet
  facet normal 0 0 1
    outer loop
      vertex -36.2006 11.7726 2
      vertex -35.7536 11.3499 2
      vertex -35.7766 11.4109 2
    endloop
  endfacet
  facet normal 0 0 1
    outer loop
      vertex -35.726 10.8977 2
      vertex -36.4968 11.8112 2
      vertex -35.7364 10.8442 2
    endloop
  endfacet
  facet normal 0 0 1
    outer loop
      vertex -36.2006 11.7726 2
      vertex -35.7766 11.4109 2
      vertex -35.8048 11.468 2
    endloop
  endfacet
  facet normal 0 0 1
    outer loop
      vertex -35.7151 11.1433 2
      vertex -36.2687 11.7895 2
      vertex -36.3407 11.8015 2
    endloop
  endfacet
  facet normal 0 0 1
    outer loop
      vertex -35.7364 10.8442 2
      vertex -36.4968 11.8112 2
      vertex -35.7498 10.7919 2
    endloop
  endfacet
  facet normal 0 0 1
    outer loop
      vertex -36.2006 11.7726 2
      vertex -35.8048 11.468 2
      vertex -35.8381 11.5212 2
    endloop
  endfacet
  facet normal -0 0 1
    outer loop
      vertex -36.5733 11.8088 2
      vertex -35.7498 10.7919 2
      vertex -36.4968 11.8112 2
    endloop
  endfacet
  facet normal 0 0 1
    outer loop
      vertex -36.2006 11.7726 2
      vertex -35.8381 11.5212 2
      vertex -35.8766 11.5705 2
    endloop
  endfacet
  facet normal 0 0 1
    outer loop
      vertex -35.7498 10.7919 2
      vertex -36.5733 11.8088 2
      vertex -35.7662 10.7411 2
    endloop
  endfacet
  facet normal 0 0 1
    outer loop
      vertex -36.2006 11.7726 2
      vertex -35.8766 11.5705 2
      vertex -35.9201 11.6159 2
    endloop
  endfacet
  facet normal 0 0 1
    outer loop
      vertex -35.7662 10.7411 2
      vertex -36.5733 11.8088 2
      vertex -35.7855 10.6916 2
    endloop
  endfacet
  facet normal 0 0 1
    outer loop
      vertex -35.7855 10.6916 2
      vertex -36.5733 11.8088 2
      vertex -35.8078 10.6434 2
    endloop
  endfacet
  facet normal 0 0 1
    outer loop
      vertex -36.2006 11.7726 2
      vertex -35.9201 11.6159 2
      vertex -35.9682 11.6569 2
    endloop
  endfacet
  facet normal 0 0 1
    outer loop
      vertex -35.7228 11.2161 2
      vertex -36.2006 11.7726 2
      vertex -36.2687 11.7895 2
    endloop
  endfacet
  facet normal 0 0 1
    outer loop
      vertex -36.2006 11.7726 2
      vertex -35.9682 11.6569 2
      vertex -36.0203 11.693 2
    endloop
  endfacet
  facet normal 0 0 1
    outer loop
      vertex -35.8078 10.6434 2
      vertex -36.5733 11.8088 2
      vertex -35.8331 10.5966 2
    endloop
  endfacet
  facet normal 0 0 1
    outer loop
      vertex -35.8331 10.5966 2
      vertex -36.5733 11.8088 2
      vertex -35.8608 10.5507 2
    endloop
  endfacet
  facet normal 0 0 1
    outer loop
      vertex -36.1365 11.7509 2
      vertex -36.0203 11.693 2
      vertex -36.0764 11.7244 2
    endloop
  endfacet
  facet normal 0 0 1
    outer loop
      vertex -36.2006 11.7726 2
      vertex -36.0203 11.693 2
      vertex -36.1365 11.7509 2
    endloop
  endfacet
  facet normal -0 0 1
    outer loop
      vertex -37.3421 11.0849 2
      vertex -35.8608 10.5507 2
      vertex -36.5733 11.8088 2
    endloop
  endfacet
  facet normal 0 0 1
    outer loop
      vertex -35.8608 10.5507 2
      vertex -37.3421 11.0849 2
      vertex -35.8904 10.5053 2
    endloop
  endfacet
  facet normal 0 0 1
    outer loop
      vertex -35.8904 10.5053 2
      vertex -37.3421 11.0849 2
      vertex -35.9218 10.4603 2
    endloop
  endfacet
  facet normal 0 0 1
    outer loop
      vertex -35.9218 10.4603 2
      vertex -37.3421 11.0849 2
      vertex -35.9551 10.4158 2
    endloop
  endfacet
  facet normal 0 0 1
    outer loop
      vertex -35.9551 10.4158 2
      vertex -37.3421 11.0849 2
      vertex -35.9901 10.3717 2
    endloop
  endfacet
  facet normal 0 0 1
    outer loop
      vertex -35.9901 10.3717 2
      vertex -37.3421 11.0849 2
      vertex -36.0271 10.3281 2
    endloop
  endfacet
  facet normal 0 0 1
    outer loop
      vertex -36.0659 10.2849 2
      vertex -37.3421 11.0849 2
      vertex -36.1065 10.2422 2
    endloop
  endfacet
  facet normal 0 0 1
    outer loop
      vertex -36.1065 10.2422 2
      vertex -37.3421 11.0849 2
      vertex -36.149 10.1999 2
    endloop
  endfacet
  facet normal 0 0 1
    outer loop
      vertex -36.193 10.1579 2
      vertex -37.3421 11.0849 2
      vertex -36.2381 10.1158 2
    endloop
  endfacet
  facet normal 0 0 1
    outer loop
      vertex -36.2844 10.0738 2
      vertex -37.3421 11.0849 2
      vertex -36.3319 10.0317 2
    endloop
  endfacet
  facet normal 0 0 1
    outer loop
      vertex -36.2381 10.1158 2
      vertex -37.3421 11.0849 2
      vertex -36.2844 10.0738 2
    endloop
  endfacet
  facet normal 0 0 1
    outer loop
      vertex -36.3319 10.0317 2
      vertex -37.3421 11.0849 2
      vertex -36.3806 9.98972 2
    endloop
  endfacet
  facet normal 0 0 1
    outer loop
      vertex -36.3806 9.98972 2
      vertex -37.3421 11.0849 2
      vertex -36.4304 9.94768 2
    endloop
  endfacet
  facet normal 0 0 1
    outer loop
      vertex -36.149 10.1999 2
      vertex -37.3421 11.0849 2
      vertex -36.193 10.1579 2
    endloop
  endfacet
  facet normal 0 0 1
    outer loop
      vertex -36.4304 9.94768 2
      vertex -37.3421 11.0849 2
      vertex -36.4814 9.90564 2
    endloop
  endfacet
  facet normal 0 0 1
    outer loop
      vertex -36.0271 10.3281 2
      vertex -37.3421 11.0849 2
      vertex -36.0659 10.2849 2
    endloop
  endfacet
  facet normal 0 0 1
    outer loop
      vertex -36.4814 9.90564 2
      vertex -37.3421 11.0849 2
      vertex -36.5336 9.8636 2
    endloop
  endfacet
  facet normal 0 0 1
    outer loop
      vertex -36.5336 9.8636 2
      vertex -37.3421 11.0849 2
      vertex -36.5869 9.82156 2
    endloop
  endfacet
  facet normal 0 0 1
    outer loop
      vertex -37.3421 11.0849 2
      vertex -36.5733 11.8088 2
      vertex -36.6467 11.8018 2
    endloop
  endfacet
  facet normal 0 0 1
    outer loop
      vertex -36.5869 9.82156 2
      vertex -37.3421 11.0849 2
      vertex -36.6409 9.77913 2
    endloop
  endfacet
  facet normal 0 0 1
    outer loop
      vertex -37.331 11.1596 2
      vertex -36.6467 11.8018 2
      vertex -36.7171 11.79 2
    endloop
  endfacet
  facet normal 0 0 1
    outer loop
      vertex -36.6409 9.77913 2
      vertex -37.3421 11.0849 2
      vertex -36.6949 9.7359 2
    endloop
  endfacet
  facet normal 0 0 1
    outer loop
      vertex -37.331 11.1596 2
      vertex -36.7171 11.79 2
      vertex -36.7844 11.7735 2
    endloop
  endfacet
  facet normal 0 0 1
    outer loop
      vertex -36.6949 9.7359 2
      vertex -37.3421 11.0849 2
      vertex -36.7491 9.69188 2
    endloop
  endfacet
  facet normal 0 0 1
    outer loop
      vertex -37.3152 11.2305 2
      vertex -36.7844 11.7735 2
      vertex -36.8486 11.7523 2
    endloop
  endfacet
  facet normal 0 0 1
    outer loop
      vertex -36.7491 9.69188 2
      vertex -37.3421 11.0849 2
      vertex -36.8034 9.64706 2
    endloop
  endfacet
  facet normal 0 0 1
    outer loop
      vertex -37.3152 11.2305 2
      vertex -36.8486 11.7523 2
      vertex -36.9098 11.7264 2
    endloop
  endfacet
  facet normal 0 0 1
    outer loop
      vertex -36.8034 9.64706 2
      vertex -37.3421 11.0849 2
      vertex -36.8578 9.60146 2
    endloop
  endfacet
  facet normal 0 0 1
    outer loop
      vertex -36.8578 9.60146 2
      vertex -37.3421 11.0849 2
      vertex -36.9124 9.55505 2
    endloop
  endfacet
  facet normal 0 0 1
    outer loop
      vertex -37.3152 11.2305 2
      vertex -36.9098 11.7264 2
      vertex -36.968 11.6958 2
    endloop
  endfacet
  facet normal 0 0 1
    outer loop
      vertex -36.9124 9.55505 2
      vertex -37.3421 11.0849 2
      vertex -36.967 9.50787 2
    endloop
  endfacet
  facet normal 0 0 1
    outer loop
      vertex -37.2948 11.2976 2
      vertex -36.968 11.6958 2
      vertex -37.0231 11.6605 2
    endloop
  endfacet
  facet normal 0 0 1
    outer loop
      vertex -37.2948 11.2976 2
      vertex -37.0231 11.6605 2
      vertex -37.0751 11.6204 2
    endloop
  endfacet
  facet normal 0 0 1
    outer loop
      vertex -36.967 9.50787 2
      vertex -37.3421 11.0849 2
      vertex -37.0218 9.45988 2
    endloop
  endfacet
  facet normal 0 0 1
    outer loop
      vertex -37.2948 11.2976 2
      vertex -37.0751 11.6204 2
      vertex -37.1233 11.5761 2
    endloop
  endfacet
  facet normal 0 0 1
    outer loop
      vertex -37.0218 9.45988 2
      vertex -37.3421 11.0849 2
      vertex -37.0767 9.41112 2
    endloop
  endfacet
  facet normal 0 0 1
    outer loop
      vertex -37.2948 11.2976 2
      vertex -37.1233 11.5761 2
      vertex -37.1669 11.528 2
    endloop
  endfacet
  facet normal 0 0 1
    outer loop
      vertex -37.9036 11.1368 2
      vertex -37.0767 9.41112 2
      vertex -37.3421 11.0849 2
    endloop
  endfacet
  facet normal 0 0 1
    outer loop
      vertex -37.2948 11.2976 2
      vertex -37.1669 11.528 2
      vertex -37.2058 11.4762 2
    endloop
  endfacet
  facet normal 0 0 1
    outer loop
      vertex -37.0767 9.41112 2
      vertex -37.9036 11.1368 2
      vertex -37.1313 9.36131 2
    endloop
  endfacet
  facet normal 0 0 1
    outer loop
      vertex -37.2698 11.3609 2
      vertex -37.2058 11.4762 2
      vertex -37.2401 11.4205 2
    endloop
  endfacet
  facet normal 0 0 1
    outer loop
      vertex -37.2948 11.2976 2
      vertex -37.2058 11.4762 2
      vertex -37.2698 11.3609 2
    endloop
  endfacet
  facet normal 0 0 1
    outer loop
      vertex -37.1313 9.36131 2
      vertex -37.9036 11.1368 2
      vertex -37.1854 9.31023 2
    endloop
  endfacet
  facet normal 0 0 1
    outer loop
      vertex -36.968 11.6958 2
      vertex -37.2948 11.2976 2
      vertex -37.3152 11.2305 2
    endloop
  endfacet
  facet normal 0 0 1
    outer loop
      vertex -36.7844 11.7735 2
      vertex -37.3152 11.2305 2
      vertex -37.331 11.1596 2
    endloop
  endfacet
  facet normal 0 0 1
    outer loop
      vertex -36.6467 11.8018 2
      vertex -37.331 11.1596 2
      vertex -37.3421 11.0849 2
    endloop
  endfacet
  facet normal 0 0 1
    outer loop
      vertex -37.1854 9.31023 2
      vertex -37.9036 11.1368 2
      vertex -37.2389 9.25786 2
    endloop
  endfacet
  facet normal 0 0 1
    outer loop
      vertex -37.2389 9.25786 2
      vertex -37.9036 11.1368 2
      vertex -37.2918 9.20422 2
    endloop
  endfacet
  facet normal 0 0 1
    outer loop
      vertex -37.2918 9.20422 2
      vertex -37.9036 11.1368 2
      vertex -37.3442 9.14929 2
    endloop
  endfacet
  facet normal 0 0 1
    outer loop
      vertex -37.3442 9.14929 2
      vertex -37.9036 11.1368 2
      vertex -37.396 9.09308 2
    endloop
  endfacet
  facet normal 0 0 1
    outer loop
      vertex -37.396 9.09308 2
      vertex -37.9036 11.1368 2
      vertex -37.4473 9.03558 2
    endloop
  endfacet
  facet normal 0 0 1
    outer loop
      vertex -37.4473 9.03558 2
      vertex -37.9036 11.1368 2
      vertex -37.498 8.97681 2
    endloop
  endfacet
  facet normal 0 0 1
    outer loop
      vertex -37.498 8.97681 2
      vertex -37.9036 11.1368 2
      vertex -37.5481 8.91675 2
    endloop
  endfacet
  facet normal 0 0 1
    outer loop
      vertex -37.5481 8.91675 2
      vertex -37.9036 11.1368 2
      vertex -37.5971 8.85503 2
    endloop
  endfacet
  facet normal 0 0 1
    outer loop
      vertex -37.5971 8.85503 2
      vertex -37.9036 11.1368 2
      vertex -37.6444 8.79121 2
    endloop
  endfacet
  facet normal 0 0 1
    outer loop
      vertex -37.6444 8.79121 2
      vertex -37.9036 11.1368 2
      vertex -37.69 8.72536 2
    endloop
  endfacet
  facet normal 0 0 1
    outer loop
      vertex -37.69 8.72536 2
      vertex -37.9036 11.1368 2
      vertex -37.7339 8.65741 2
    endloop
  endfacet
  facet normal 0 0 1
    outer loop
      vertex -37.7339 8.65741 2
      vertex -37.9036 11.1368 2
      vertex -37.7761 8.58739 2
    endloop
  endfacet
  facet normal 0 0 1
    outer loop
      vertex -37.7761 8.58739 2
      vertex -37.9036 11.1368 2
      vertex -37.8167 8.5153 2
    endloop
  endfacet
  facet normal 0 0 1
    outer loop
      vertex -37.8167 8.5153 2
      vertex -37.9036 11.1368 2
      vertex -37.8555 8.44115 2
    endloop
  endfacet
  facet normal 0 0 1
    outer loop
      vertex -37.8555 8.44115 2
      vertex -37.9036 11.1368 2
      vertex -37.8926 8.36491 2
    endloop
  endfacet
  facet normal 0 0 1
    outer loop
      vertex -37.8926 8.36491 2
      vertex -37.9036 11.1368 2
      vertex -37.928 8.28661 2
    endloop
  endfacet
  facet normal -0 0 1
    outer loop
      vertex -30.6475 8.01166 2
      vertex -30.55 4 2
      vertex -30.5383 8.07434 2
    endloop
  endfacet
  facet normal -0 0 1
    outer loop
      vertex -30.7644 7.9586 2
      vertex -30.55 4 2
      vertex -30.6475 8.01166 2
    endloop
  endfacet
  facet normal -0 0 1
    outer loop
      vertex -30.889 7.91521 2
      vertex -30.55 4 2
      vertex -30.7644 7.9586 2
    endloop
  endfacet
  facet normal -0 0 1
    outer loop
      vertex -31.0213 7.88145 2
      vertex -30.55 4 2
      vertex -30.889 7.91521 2
    endloop
  endfacet
  facet normal -0 0 1
    outer loop
      vertex -31.1613 7.85735 2
      vertex -30.55 4 2
      vertex -31.0213 7.88145 2
    endloop
  endfacet
  facet normal -0 0 1
    outer loop
      vertex -31.3091 7.84286 2
      vertex -30.55 4 2
      vertex -31.1613 7.85735 2
    endloop
  endfacet
  facet normal -0 0 1
    outer loop
      vertex -31.4646 7.83804 2
      vertex -30.55 4 2
      vertex -31.3091 7.84286 2
    endloop
  endfacet
  facet normal 0 0 1
    outer loop
      vertex -31.5954 7.84129 2
      vertex -30.55 4 2
      vertex -31.4646 7.83804 2
    endloop
  endfacet
  facet normal 0 0 1
    outer loop
      vertex -31.7204 7.85101 2
      vertex -30.55 4 2
      vertex -31.5954 7.84129 2
    endloop
  endfacet
  facet normal 0 0 1
    outer loop
      vertex -31.8396 7.8672 2
      vertex -30.55 4 2
      vertex -31.7204 7.85101 2
    endloop
  endfacet
  facet normal 0 0 1
    outer loop
      vertex -31.9532 7.88989 2
      vertex -30.55 4 2
      vertex -31.8396 7.8672 2
    endloop
  endfacet
  facet normal 0 0 1
    outer loop
      vertex -32.061 7.91905 2
      vertex -30.55 4 2
      vertex -31.9532 7.88989 2
    endloop
  endfacet
  facet normal 0 0 1
    outer loop
      vertex -33.6822 7.89906 2
      vertex -32.061 7.91905 2
      vertex -32.1631 7.9547 2
    endloop
  endfacet
  facet normal 0 0 1
    outer loop
      vertex -33.6822 7.89906 2
      vertex -32.1631 7.9547 2
      vertex -32.2595 7.99681 2
    endloop
  endfacet
  facet normal 0 0 1
    outer loop
      vertex -33.6822 7.89906 2
      vertex -32.2595 7.99681 2
      vertex -32.3501 8.04541 2
    endloop
  endfacet
  facet normal 0 0 1
    outer loop
      vertex -33.6822 7.89906 2
      vertex -32.3501 8.04541 2
      vertex -32.435 8.10049 2
    endloop
  endfacet
  facet normal 0 0 1
    outer loop
      vertex -33.6822 7.89906 2
      vertex -32.435 8.10049 2
      vertex -32.5137 8.16171 2
    endloop
  endfacet
  facet normal 0 0 1
    outer loop
      vertex -33.6822 7.89906 2
      vertex -32.5137 8.16171 2
      vertex -32.5857 8.22873 2
    endloop
  endfacet
  facet normal 0 0 1
    outer loop
      vertex -33.6822 7.89906 2
      vertex -32.5857 8.22873 2
      vertex -32.651 8.30156 2
    endloop
  endfacet
  facet normal 0 0 1
    outer loop
      vertex -33.6822 7.89906 2
      vertex -32.651 8.30156 2
      vertex -32.7096 8.38017 2
    endloop
  endfacet
  facet normal 0 0 1
    outer loop
      vertex -33.6822 7.89906 2
      vertex -32.7096 8.38017 2
      vertex -32.7614 8.4646 2
    endloop
  endfacet
  facet normal 0 0 1
    outer loop
      vertex -33.6822 8.56737 2
      vertex -32.7614 8.4646 2
      vertex -32.8066 8.55482 2
    endloop
  endfacet
  facet normal 0 0 1
    outer loop
      vertex -33.6822 8.56737 2
      vertex -32.8768 8.75269 2
      vertex -32.9019 8.86032 2
    endloop
  endfacet
  facet normal 0 0 1
    outer loop
      vertex -33.6822 8.56737 2
      vertex -32.8451 8.65086 2
      vertex -32.8768 8.75269 2
    endloop
  endfacet
  facet normal -0 0 1
    outer loop
      vertex -33.6822 8.56737 2
      vertex -32.8066 8.55482 2
      vertex -32.8451 8.65086 2
    endloop
  endfacet
  facet normal 0 0 1
    outer loop
      vertex -32.7614 8.4646 2
      vertex -33.6822 8.56737 2
      vertex -33.6822 7.89906 2
    endloop
  endfacet
  facet normal 0 0 1
    outer loop
      vertex -32.061 7.91905 2
      vertex -33.6822 7.89906 2
      vertex -30.55 4 2
    endloop
  endfacet
  facet normal -0 0 1
    outer loop
      vertex -34.2772 7.89906 2
      vertex -30.55 4 2
      vertex -33.6822 7.89906 2
    endloop
  endfacet
  facet normal 0 0 1
    outer loop
      vertex -35.0809 7.89906 2
      vertex -34.2772 7.89906 2
      vertex -35.0809 8.36595 2
    endloop
  endfacet
  facet normal 0 0 1
    outer loop
      vertex -37.45 4 2
      vertex -34.2772 7.89906 2
      vertex -35.0809 7.89906 2
    endloop
  endfacet
  facet normal 0 0 1
    outer loop
      vertex -34.2772 7.89906 2
      vertex -37.45 4 2
      vertex -30.55 4 2
    endloop
  endfacet
  facet normal 0 0 1
    outer loop
      vertex -42.5 14 2
      vertex -37.45 4 2
      vertex -37.928 7.89906 2
    endloop
  endfacet
  facet normal -0 0 1
    outer loop
      vertex -37.928 7.89906 2
      vertex -37.45 4 2
      vertex -35.0809 7.89906 2
    endloop
  endfacet
  facet normal 0 0 1
    outer loop
      vertex -2.16187 10.4125 2
      vertex -1.72482 11.0666 2
      vertex -1.72733 11.1414 2
    endloop
  endfacet
  facet normal 0 0 1
    outer loop
      vertex -2.28578 11.789 2
      vertex -1.72733 11.1414 2
      vertex -1.73483 11.2127 2
    endloop
  endfacet
  facet normal 0 0 1
    outer loop
      vertex -1.72482 11.0666 2
      vertex -2.16187 10.4125 2
      vertex -1.72789 10.9911 2
    endloop
  endfacet
  facet normal 0 0 1
    outer loop
      vertex -2.28578 11.789 2
      vertex -1.73483 11.2127 2
      vertex -1.74736 11.2803 2
    endloop
  endfacet
  facet normal 0 -0 1
    outer loop
      vertex -2.09407 10.4441 2
      vertex -1.72789 10.9911 2
      vertex -2.16187 10.4125 2
    endloop
  endfacet
  facet normal 0 0 1
    outer loop
      vertex -2.21396 11.7717 2
      vertex -1.74736 11.2803 2
      vertex -1.76491 11.3445 2
    endloop
  endfacet
  facet normal 0 -0 1
    outer loop
      vertex -2.0313 10.4806 2
      vertex -1.73709 10.9194 2
      vertex -2.09407 10.4441 2
    endloop
  endfacet
  facet normal 0 0 1
    outer loop
      vertex -2.21396 11.7717 2
      vertex -1.76491 11.3445 2
      vertex -1.78746 11.405 2
    endloop
  endfacet
  facet normal 0 0 1
    outer loop
      vertex -1.73709 10.9194 2
      vertex -2.0313 10.4806 2
      vertex -1.75246 10.8514 2
    endloop
  endfacet
  facet normal 0 0 1
    outer loop
      vertex -2.147 11.7495 2
      vertex -1.78746 11.405 2
      vertex -1.81502 11.4619 2
    endloop
  endfacet
  facet normal 0 0 1
    outer loop
      vertex -1.75246 10.8514 2
      vertex -1.97353 10.5219 2
      vertex -1.77394 10.7872 2
    endloop
  endfacet
  facet normal 0 0 1
    outer loop
      vertex -2.147 11.7495 2
      vertex -1.81502 11.4619 2
      vertex -1.8476 11.5153 2
    endloop
  endfacet
  facet normal 0 0 1
    outer loop
      vertex -1.80157 10.7267 2
      vertex -1.92133 10.5675 2
      vertex -1.83536 10.6699 2
    endloop
  endfacet
  facet normal 0 0 1
    outer loop
      vertex -2.147 11.7495 2
      vertex -1.8476 11.5153 2
      vertex -1.88518 11.5651 2
    endloop
  endfacet
  facet normal 0 0 1
    outer loop
      vertex -1.83536 10.6699 2
      vertex -1.92133 10.5675 2
      vertex -1.87527 10.6168 2
    endloop
  endfacet
  facet normal 0 0 1
    outer loop
      vertex -2.147 11.7495 2
      vertex -1.88518 11.5651 2
      vertex -1.92776 11.6113 2
    endloop
  endfacet
  facet normal 0 0 1
    outer loop
      vertex -1.74736 11.2803 2
      vertex -2.21396 11.7717 2
      vertex -2.28578 11.789 2
    endloop
  endfacet
  facet normal 0 0 1
    outer loop
      vertex -2.0849 11.7223 2
      vertex -1.92776 11.6113 2
      vertex -1.97528 11.6532 2
    endloop
  endfacet
  facet normal 0 0 1
    outer loop
      vertex -2.0849 11.7223 2
      vertex -1.97528 11.6532 2
      vertex -2.02766 11.6902 2
    endloop
  endfacet
  facet normal 0 0 1
    outer loop
      vertex -1.92776 11.6113 2
      vertex -2.0849 11.7223 2
      vertex -2.147 11.7495 2
    endloop
  endfacet
  facet normal 0 0 1
    outer loop
      vertex -1.78746 11.405 2
      vertex -2.147 11.7495 2
      vertex -2.21396 11.7717 2
    endloop
  endfacet
  facet normal 0 0 1
    outer loop
      vertex -1.80157 10.7267 2
      vertex -1.97353 10.5219 2
      vertex -1.92133 10.5675 2
    endloop
  endfacet
  facet normal 0 0 1
    outer loop
      vertex -1.77394 10.7872 2
      vertex -1.97353 10.5219 2
      vertex -1.80157 10.7267 2
    endloop
  endfacet
  facet normal 0 -0 1
    outer loop
      vertex -1.97353 10.5219 2
      vertex -1.75246 10.8514 2
      vertex -2.0313 10.4806 2
    endloop
  endfacet
  facet normal 0 0 1
    outer loop
      vertex -1.72733 11.1414 2
      vertex -2.28578 11.789 2
      vertex -2.36247 11.8013 2
    endloop
  endfacet
  facet normal 0 0 1
    outer loop
      vertex -1.72789 10.9911 2
      vertex -2.09407 10.4441 2
      vertex -1.73709 10.9194 2
    endloop
  endfacet
  facet normal 0 0 1
    outer loop
      vertex -1.72733 11.1414 2
      vertex -2.36247 11.8013 2
      vertex -2.16187 10.4125 2
    endloop
  endfacet
  facet normal 0 0 1
    outer loop
      vertex -2.16187 10.4125 2
      vertex -2.36247 11.8013 2
      vertex -2.23466 10.3858 2
    endloop
  endfacet
  facet normal 0 0 1
    outer loop
      vertex -2.23466 10.3858 2
      vertex -2.36247 11.8013 2
      vertex -2.31247 10.3639 2
    endloop
  endfacet
  facet normal 0 0 1
    outer loop
      vertex -2.444 11.8087 2
      vertex -2.31247 10.3639 2
      vertex -2.36247 11.8013 2
    endloop
  endfacet
  facet normal 0 0 1
    outer loop
      vertex -2.31247 10.3639 2
      vertex -2.444 11.8087 2
      vertex -2.39529 10.3469 2
    endloop
  endfacet
  facet normal 0 0 1
    outer loop
      vertex -2.53041 11.8112 2
      vertex -2.39529 10.3469 2
      vertex -2.444 11.8087 2
    endloop
  endfacet
  facet normal 0 0 1
    outer loop
      vertex -2.39529 10.3469 2
      vertex -2.53041 11.8112 2
      vertex -2.48312 10.3348 2
    endloop
  endfacet
  facet normal -0 0 1
    outer loop
      vertex -2.60939 11.8089 2
      vertex -2.48312 10.3348 2
      vertex -2.53041 11.8112 2
    endloop
  endfacet
  facet normal -0 0 1
    outer loop
      vertex -2.68495 11.802 2
      vertex -2.48312 10.3348 2
      vertex -2.60939 11.8089 2
    endloop
  endfacet
  facet normal 0 0 1
    outer loop
      vertex -2.48312 10.3348 2
      vertex -2.68495 11.802 2
      vertex -2.57597 10.3275 2
    endloop
  endfacet
  facet normal -0 0 1
    outer loop
      vertex -2.75708 11.7905 2
      vertex -2.57597 10.3275 2
      vertex -2.68495 11.802 2
    endloop
  endfacet
  facet normal -0 0 1
    outer loop
      vertex -2.82578 11.7744 2
      vertex -2.57597 10.3275 2
      vertex -2.75708 11.7905 2
    endloop
  endfacet
  facet normal 0 0 1
    outer loop
      vertex -2.57597 10.3275 2
      vertex -2.82578 11.7744 2
      vertex -2.67383 10.325 2
    endloop
  endfacet
  facet normal -0 0 1
    outer loop
      vertex -2.89105 11.7537 2
      vertex -2.67383 10.325 2
      vertex -2.82578 11.7744 2
    endloop
  endfacet
  facet normal -0 0 1
    outer loop
      vertex -2.95288 11.7284 2
      vertex -2.67383 10.325 2
      vertex -2.89105 11.7537 2
    endloop
  endfacet
  facet normal -0 0 1
    outer loop
      vertex -3.37874 11.1001 2
      vertex -2.67383 10.325 2
      vertex -2.95288 11.7284 2
    endloop
  endfacet
  facet normal 0 0 1
    outer loop
      vertex -2.67383 10.325 2
      vertex -3.37874 11.1001 2
      vertex -2.97289 10.325 2
    endloop
  endfacet
  facet normal 0 0 1
    outer loop
      vertex -3.37874 11.1001 2
      vertex -2.95288 11.7284 2
      vertex -3.01129 11.6986 2
    endloop
  endfacet
  facet normal 0 0 1
    outer loop
      vertex -1.94493 9.6935 2
      vertex -1.61191 9.10445 2
      vertex -1.61525 9.18051 2
    endloop
  endfacet
  facet normal 0 0 1
    outer loop
      vertex -1.61191 9.10445 2
      vertex -2.01381 9.72993 2
      vertex -1.61484 9.01738 2
    endloop
  endfacet
  facet normal 0 0 1
    outer loop
      vertex -1.88196 9.65218 2
      vertex -1.61525 9.18051 2
      vertex -1.62524 9.25279 2
    endloop
  endfacet
  facet normal 0 0 1
    outer loop
      vertex -2.08861 9.76154 2
      vertex -1.61484 9.01738 2
      vertex -2.01381 9.72993 2
    endloop
  endfacet
  facet normal 0 0 1
    outer loop
      vertex -1.82529 9.60654 2
      vertex -1.62524 9.25279 2
      vertex -1.64192 9.32126 2
    endloop
  endfacet
  facet normal 0 0 1
    outer loop
      vertex -1.61484 9.01738 2
      vertex -2.08861 9.76154 2
      vertex -1.6236 8.93521 2
    endloop
  endfacet
  facet normal 0 0 1
    outer loop
      vertex -1.82529 9.60654 2
      vertex -1.64192 9.32126 2
      vertex -1.66525 9.38593 2
    endloop
  endfacet
  facet normal 0 0 1
    outer loop
      vertex -1.61191 9.10445 2
      vertex -1.94493 9.6935 2
      vertex -2.01381 9.72993 2
    endloop
  endfacet
  facet normal 0 0 1
    outer loop
      vertex -1.82529 9.60654 2
      vertex -1.66525 9.38593 2
      vertex -1.69525 9.44678 2
    endloop
  endfacet
  facet normal 0 0 1
    outer loop
      vertex -1.61525 9.18051 2
      vertex -1.88196 9.65218 2
      vertex -1.94493 9.6935 2
    endloop
  endfacet
  facet normal 0 0 1
    outer loop
      vertex -1.82529 9.60654 2
      vertex -1.69525 9.44678 2
      vertex -1.73193 9.50385 2
    endloop
  endfacet
  facet normal 0 0 1
    outer loop
      vertex -1.62524 9.25279 2
      vertex -1.82529 9.60654 2
      vertex -1.88196 9.65218 2
    endloop
  endfacet
  facet normal 0 0 1
    outer loop
      vertex -1.82529 9.60654 2
      vertex -1.73193 9.50385 2
      vertex -1.77527 9.5571 2
    endloop
  endfacet
  facet normal 0 0 1
    outer loop
      vertex -2.16628 8.33311 2
      vertex -1.6236 8.93521 2
      vertex -2.08861 9.76154 2
    endloop
  endfacet
  facet normal 0 -0 1
    outer loop
      vertex -2.09389 8.35583 2
      vertex -1.6236 8.93521 2
      vertex -2.16628 8.33311 2
    endloop
  endfacet
  facet normal 0 -0 1
    outer loop
      vertex -2.02591 8.38359 2
      vertex -1.63818 8.85794 2
      vertex -2.09389 8.35583 2
    endloop
  endfacet
  facet normal 0 0 1
    outer loop
      vertex -1.65863 8.78557 2
      vertex -1.96234 8.4164 2
      vertex -1.68491 8.71809 2
    endloop
  endfacet
  facet normal 0 0 1
    outer loop
      vertex -1.75499 8.59784 2
      vertex -1.84843 8.49716 2
      vertex -1.7988 8.54506 2
    endloop
  endfacet
  facet normal 0 0 1
    outer loop
      vertex -1.75499 8.59784 2
      vertex -1.90318 8.45425 2
      vertex -1.84843 8.49716 2
    endloop
  endfacet
  facet normal 0 0 1
    outer loop
      vertex -1.71703 8.65552 2
      vertex -1.90318 8.45425 2
      vertex -1.75499 8.59784 2
    endloop
  endfacet
  facet normal 0 0 1
    outer loop
      vertex -1.68491 8.71809 2
      vertex -1.90318 8.45425 2
      vertex -1.71703 8.65552 2
    endloop
  endfacet
  facet normal 0 -0 1
    outer loop
      vertex -1.90318 8.45425 2
      vertex -1.68491 8.71809 2
      vertex -1.96234 8.4164 2
    endloop
  endfacet
  facet normal 0 0 1
    outer loop
      vertex -1.63818 8.85794 2
      vertex -2.02591 8.38359 2
      vertex -1.65863 8.78557 2
    endloop
  endfacet
  facet normal 0 -0 1
    outer loop
      vertex -1.96234 8.4164 2
      vertex -1.65863 8.78557 2
      vertex -2.02591 8.38359 2
    endloop
  endfacet
  facet normal 0 0 1
    outer loop
      vertex -1.6236 8.93521 2
      vertex -2.09389 8.35583 2
      vertex -1.63818 8.85794 2
    endloop
  endfacet
  facet normal 0 0 1
    outer loop
      vertex -2.16933 9.78825 2
      vertex -2.16628 8.33311 2
      vertex -2.08861 9.76154 2
    endloop
  endfacet
  facet normal 0 0 1
    outer loop
      vertex -2.16933 9.78825 2
      vertex -2.24307 8.31544 2
      vertex -2.16628 8.33311 2
    endloop
  endfacet
  facet normal 0 0 1
    outer loop
      vertex -2.25595 9.81013 2
      vertex -2.24307 8.31544 2
      vertex -2.16933 9.78825 2
    endloop
  endfacet
  facet normal 0 0 1
    outer loop
      vertex -2.25595 9.81013 2
      vertex -2.32426 8.30283 2
      vertex -2.24307 8.31544 2
    endloop
  endfacet
  facet normal 0 0 1
    outer loop
      vertex -2.3485 9.82713 2
      vertex -2.32426 8.30283 2
      vertex -2.25595 9.81013 2
    endloop
  endfacet
  facet normal 0 0 1
    outer loop
      vertex -2.3485 9.82713 2
      vertex -2.40988 8.29526 2
      vertex -2.32426 8.30283 2
    endloop
  endfacet
  facet normal 0 0 1
    outer loop
      vertex -2.49989 8.29272 2
      vertex -2.3485 9.82713 2
      vertex -2.44696 9.83929 2
    endloop
  endfacet
  facet normal 0 0 1
    outer loop
      vertex -2.3485 9.82713 2
      vertex -2.49989 8.29272 2
      vertex -2.40988 8.29526 2
    endloop
  endfacet
  facet normal 0 0 1
    outer loop
      vertex -2.55133 9.84657 2
      vertex -2.49989 8.29272 2
      vertex -2.44696 9.83929 2
    endloop
  endfacet
  facet normal 0 0 1
    outer loop
      vertex -2.67482 8.30215 2
      vertex -2.55133 9.84657 2
      vertex -2.66162 9.84901 2
    endloop
  endfacet
  facet normal 0 0 1
    outer loop
      vertex -2.55133 9.84657 2
      vertex -2.67482 8.30215 2
      vertex -2.49989 8.29272 2
    endloop
  endfacet
  facet normal 0 0 1
    outer loop
      vertex -2.66162 9.84901 2
      vertex -2.83202 8.3304 2
      vertex -2.67482 8.30215 2
    endloop
  endfacet
  facet normal 0 0 1
    outer loop
      vertex -2.66162 9.84901 2
      vertex -2.97153 8.3775 2
      vertex -2.83202 8.3304 2
    endloop
  endfacet
  facet normal 0 0 1
    outer loop
      vertex -3.43671 9.05562 2
      vertex -2.66162 9.84901 2
      vertex -2.97289 9.84901 2
    endloop
  endfacet
  facet normal 0 0 1
    outer loop
      vertex -3.93108 11.1429 2
      vertex -2.97289 10.325 2
      vertex -3.37874 11.1001 2
    endloop
  endfacet
  facet normal 0 0 1
    outer loop
      vertex -3.33348 11.309 2
      vertex -3.01129 11.6986 2
      vertex -3.06628 11.6641 2
    endloop
  endfacet
  facet normal 0 0 1
    outer loop
      vertex -2.97289 10.325 2
      vertex -3.93108 11.1429 2
      vertex -2.97289 9.84901 2
    endloop
  endfacet
  facet normal 0 0 1
    outer loop
      vertex -3.33348 11.309 2
      vertex -3.06628 11.6641 2
      vertex -3.11784 11.625 2
    endloop
  endfacet
  facet normal 0 0 1
    outer loop
      vertex -3.33348 11.309 2
      vertex -3.11784 11.625 2
      vertex -3.16536 11.5818 2
    endloop
  endfacet
  facet normal 0 0 1
    outer loop
      vertex -2.66162 9.84901 2
      vertex -3.43671 9.05562 2
      vertex -3.40344 8.89551 2
    endloop
  endfacet
  facet normal 0 0 1
    outer loop
      vertex -3.33348 11.309 2
      vertex -3.16536 11.5818 2
      vertex -3.20825 11.5348 2
    endloop
  endfacet
  facet normal 0 0 1
    outer loop
      vertex -3.33348 11.309 2
      vertex -3.20825 11.5348 2
      vertex -3.24651 11.484 2
    endloop
  endfacet
  facet normal 0 0 1
    outer loop
      vertex -3.30911 11.3711 2
      vertex -3.24651 11.484 2
      vertex -3.28014 11.4294 2
    endloop
  endfacet
  facet normal 0 0 1
    outer loop
      vertex -2.66162 9.84901 2
      vertex -3.40344 8.89551 2
      vertex -2.97153 8.3775 2
    endloop
  endfacet
  facet normal 0 0 1
    outer loop
      vertex -3.33348 11.309 2
      vertex -3.24651 11.484 2
      vertex -3.30911 11.3711 2
    endloop
  endfacet
  facet normal 0 0 1
    outer loop
      vertex -3.01129 11.6986 2
      vertex -3.33348 11.309 2
      vertex -3.3532 11.2431 2
    endloop
  endfacet
  facet normal -0 -0 1
    outer loop
      vertex -3.35248 8.75423 2
      vertex -2.97153 8.3775 2
      vertex -3.40344 8.89551 2
    endloop
  endfacet
  facet normal 0 0 1
    outer loop
      vertex -3.01129 11.6986 2
      vertex -3.3532 11.2431 2
      vertex -3.36829 11.1735 2
    endloop
  endfacet
  facet normal 0 0 1
    outer loop
      vertex -3.01129 11.6986 2
      vertex -3.36829 11.1735 2
      vertex -3.37874 11.1001 2
    endloop
  endfacet
  facet normal 0 0 1
    outer loop
      vertex -2.97153 8.3775 2
      vertex -3.35248 8.75423 2
      vertex -3.09332 8.44342 2
    endloop
  endfacet
  facet normal 0 0 1
    outer loop
      vertex -3.09332 8.44342 2
      vertex -3.35248 8.75423 2
      vertex -3.19742 8.52818 2
    endloop
  endfacet
  facet normal 0 0 1
    outer loop
      vertex -3.19742 8.52818 2
      vertex -3.35248 8.75423 2
      vertex -3.2838 8.63179 2
    endloop
  endfacet
  facet normal 0 0 1
    outer loop
      vertex -4.00433 9.00372 2
      vertex -2.97289 9.84901 2
      vertex -3.93108 11.1429 2
    endloop
  endfacet
  facet normal 0 0 1
    outer loop
      vertex -2.97289 9.84901 2
      vertex -4.00433 9.00372 2
      vertex -3.43671 9.05562 2
    endloop
  endfacet
  facet normal 0 0 1
    outer loop
      vertex -4.00433 9.00372 2
      vertex -15.5008 8.95721 2
      vertex -13.3 4 2
    endloop
  endfacet
  facet normal -0 0 1
    outer loop
      vertex -15.5148 8.83493 2
      vertex -13.3 4 2
      vertex -15.5008 8.95721 2
    endloop
  endfacet
  facet normal -0 0 1
    outer loop
      vertex -15.5382 8.71927 2
      vertex -13.3 4 2
      vertex -15.5148 8.83493 2
    endloop
  endfacet
  facet normal -0 0 1
    outer loop
      vertex -15.5709 8.61024 2
      vertex -13.3 4 2
      vertex -15.5382 8.71927 2
    endloop
  endfacet
  facet normal -0 0 1
    outer loop
      vertex -15.613 8.50784 2
      vertex -13.3 4 2
      vertex -15.5709 8.61024 2
    endloop
  endfacet
  facet normal -0 0 1
    outer loop
      vertex -15.6644 8.41208 2
      vertex -13.3 4 2
      vertex -15.613 8.50784 2
    endloop
  endfacet
  facet normal -0 0 1
    outer loop
      vertex -15.7251 8.32295 2
      vertex -13.3 4 2
      vertex -15.6644 8.41208 2
    endloop
  endfacet
  facet normal -0 0 1
    outer loop
      vertex -15.7952 8.24045 2
      vertex -13.3 4 2
      vertex -15.7251 8.32295 2
    endloop
  endfacet
  facet normal -0 0 1
    outer loop
      vertex -15.8746 8.16457 2
      vertex -13.3 4 2
      vertex -15.7952 8.24045 2
    endloop
  endfacet
  facet normal -0 0 1
    outer loop
      vertex -15.9626 8.09604 2
      vertex -13.3 4 2
      vertex -15.8746 8.16457 2
    endloop
  endfacet
  facet normal -0 0 1
    outer loop
      vertex -16.0587 8.03557 2
      vertex -13.3 4 2
      vertex -15.9626 8.09604 2
    endloop
  endfacet
  facet normal -0 0 1
    outer loop
      vertex -16.1628 7.98317 2
      vertex -13.3 4 2
      vertex -16.0587 8.03557 2
    endloop
  endfacet
  facet normal -0 0 1
    outer loop
      vertex -16.2748 7.93883 2
      vertex -13.3 4 2
      vertex -16.1628 7.98317 2
    endloop
  endfacet
  facet normal -0 0 1
    outer loop
      vertex -16.3948 7.90254 2
      vertex -13.3 4 2
      vertex -16.2748 7.93883 2
    endloop
  endfacet
  facet normal -0 0 1
    outer loop
      vertex -16.5228 7.87433 2
      vertex -13.3 4 2
      vertex -16.3948 7.90254 2
    endloop
  endfacet
  facet normal -0 0 1
    outer loop
      vertex -16.6588 7.85417 2
      vertex -13.3 4 2
      vertex -16.5228 7.87433 2
    endloop
  endfacet
  facet normal -0 0 1
    outer loop
      vertex -16.8028 7.84209 2
      vertex -13.3 4 2
      vertex -16.6588 7.85417 2
    endloop
  endfacet
  facet normal -0 0 1
    outer loop
      vertex -16.9548 7.83804 2
      vertex -13.3 4 2
      vertex -16.8028 7.84209 2
    endloop
  endfacet
  facet normal 0 0 1
    outer loop
      vertex -20.7 4 2
      vertex -16.9548 7.83804 2
      vertex -17.0966 7.84169 2
    endloop
  endfacet
  facet normal 0 0 1
    outer loop
      vertex -20.7 4 2
      vertex -17.0966 7.84169 2
      vertex -17.232 7.85258 2
    endloop
  endfacet
  facet normal 0 0 1
    outer loop
      vertex -20.7 4 2
      vertex -17.232 7.85258 2
      vertex -17.3608 7.87077 2
    endloop
  endfacet
  facet normal 0 0 1
    outer loop
      vertex -20.7 4 2
      vertex -17.3608 7.87077 2
      vertex -17.4831 7.89622 2
    endloop
  endfacet
  facet normal 0 0 1
    outer loop
      vertex -20.7 4 2
      vertex -17.4831 7.89622 2
      vertex -17.5989 7.92894 2
    endloop
  endfacet
  facet normal 0 0 1
    outer loop
      vertex -20.7 4 2
      vertex -17.5989 7.92894 2
      vertex -17.7082 7.96893 2
    endloop
  endfacet
  facet normal 0 0 1
    outer loop
      vertex -20.7 4 2
      vertex -17.7082 7.96893 2
      vertex -17.8109 8.01619 2
    endloop
  endfacet
  facet normal 0 0 1
    outer loop
      vertex -20.7 4 2
      vertex -17.8109 8.01619 2
      vertex -17.9072 8.07072 2
    endloop
  endfacet
  facet normal 0 0 1
    outer loop
      vertex -20.7 4 2
      vertex -17.9072 8.07072 2
      vertex -17.9969 8.13252 2
    endloop
  endfacet
  facet normal 0 0 1
    outer loop
      vertex -20.7 4 2
      vertex -17.9969 8.13252 2
      vertex -18.0795 8.20146 2
    endloop
  endfacet
  facet normal 0 0 1
    outer loop
      vertex -16.9548 7.83804 2
      vertex -20.7 4 2
      vertex -13.3 4 2
    endloop
  endfacet
  facet normal 0 0 1
    outer loop
      vertex -18.1542 8.27734 2
      vertex -20.7 4 2
      vertex -18.0795 8.20146 2
    endloop
  endfacet
  facet normal 0 0 1
    outer loop
      vertex -18.2212 8.36021 2
      vertex -20.7 4 2
      vertex -18.1542 8.27734 2
    endloop
  endfacet
  facet normal 0 0 1
    outer loop
      vertex -18.2803 8.45004 2
      vertex -20.7 4 2
      vertex -18.2212 8.36021 2
    endloop
  endfacet
  facet normal 0 0 1
    outer loop
      vertex -18.3317 8.54684 2
      vertex -20.7 4 2
      vertex -18.2803 8.45004 2
    endloop
  endfacet
  facet normal 0 0 1
    outer loop
      vertex -18.3753 8.6506 2
      vertex -20.7 4 2
      vertex -18.3317 8.54684 2
    endloop
  endfacet
  facet normal 0 0 1
    outer loop
      vertex -18.4111 8.76135 2
      vertex -20.7 4 2
      vertex -18.3753 8.6506 2
    endloop
  endfacet
  facet normal 0 0 1
    outer loop
      vertex -18.439 8.87906 2
      vertex -20.7 4 2
      vertex -18.4111 8.76135 2
    endloop
  endfacet
  facet normal 0 0 1
    outer loop
      vertex -20.7 4 2
      vertex -18.439 8.87906 2
      vertex -18.4592 9.00372 2
    endloop
  endfacet
  facet normal 0 0 1
    outer loop
      vertex -15.526 9.34517 2
      vertex -15.6265 10.9491 2
      vertex -15.5492 9.42459 2
    endloop
  endfacet
  facet normal -0 0 1
    outer loop
      vertex -15.6407 10.867 2
      vertex -15.5492 9.42459 2
      vertex -15.6265 10.9491 2
    endloop
  endfacet
  facet normal 0 0 1
    outer loop
      vertex -15.5492 9.42459 2
      vertex -15.6407 10.867 2
      vertex -15.5791 9.50055 2
    endloop
  endfacet
  facet normal -0 0 1
    outer loop
      vertex -15.6607 10.7888 2
      vertex -15.5791 9.50055 2
      vertex -15.6407 10.867 2
    endloop
  endfacet
  facet normal 0 0 1
    outer loop
      vertex -15.5791 9.50055 2
      vertex -15.6607 10.7888 2
      vertex -15.6155 9.57303 2
    endloop
  endfacet
  facet normal -0 0 1
    outer loop
      vertex -15.6863 10.7144 2
      vertex -15.6155 9.57303 2
      vertex -15.6607 10.7888 2
    endloop
  endfacet
  facet normal -0 0 1
    outer loop
      vertex -15.7175 10.6438 2
      vertex -15.6155 9.57303 2
      vertex -15.6863 10.7144 2
    endloop
  endfacet
  facet normal 0 0 1
    outer loop
      vertex -15.6155 9.57303 2
      vertex -15.7175 10.6438 2
      vertex -15.6586 9.64204 2
    endloop
  endfacet
  facet normal -0 0 1
    outer loop
      vertex -15.7545 10.577 2
      vertex -15.6586 9.64204 2
      vertex -15.7175 10.6438 2
    endloop
  endfacet
  facet normal 0 0 1
    outer loop
      vertex -15.6586 9.64204 2
      vertex -15.7545 10.577 2
      vertex -15.7084 9.7076 2
    endloop
  endfacet
  facet normal -0 0 1
    outer loop
      vertex -15.7972 10.5139 2
      vertex -15.7084 9.7076 2
      vertex -15.7545 10.577 2
    endloop
  endfacet
  facet normal 0 0 1
    outer loop
      vertex -15.7084 9.7076 2
      vertex -15.7972 10.5139 2
      vertex -15.7647 9.76967 2
    endloop
  endfacet
  facet normal -0 0 1
    outer loop
      vertex -15.8456 10.4547 2
      vertex -15.7647 9.76967 2
      vertex -15.7972 10.5139 2
    endloop
  endfacet
  facet normal 0 0 1
    outer loop
      vertex -15.7647 9.76967 2
      vertex -15.8456 10.4547 2
      vertex -15.827 9.82732 2
    endloop
  endfacet
  facet normal -0 0 1
    outer loop
      vertex -15.8993 10.3995 2
      vertex -15.827 9.82732 2
      vertex -15.8456 10.4547 2
    endloop
  endfacet
  facet normal 0 0 1
    outer loop
      vertex -15.827 9.82732 2
      vertex -15.8993 10.3995 2
      vertex -15.8946 9.87953 2
    endloop
  endfacet
  facet normal -0 0 1
    outer loop
      vertex -15.9583 10.3484 2
      vertex -15.8946 9.87953 2
      vertex -15.8993 10.3995 2
    endloop
  endfacet
  facet normal 0 0 1
    outer loop
      vertex -15.9583 10.3484 2
      vertex -15.9675 9.92632 2
      vertex -15.8946 9.87953 2
    endloop
  endfacet
  facet normal -0 0 1
    outer loop
      vertex -16.0224 10.3013 2
      vertex -15.9675 9.92632 2
      vertex -15.9583 10.3484 2
    endloop
  endfacet
  facet normal 0 0 1
    outer loop
      vertex -16.0224 10.3013 2
      vertex -16.0456 9.96768 2
      vertex -15.9675 9.92632 2
    endloop
  endfacet
  facet normal -0 0 1
    outer loop
      vertex -16.0916 10.2584 2
      vertex -16.0456 9.96768 2
      vertex -16.0224 10.3013 2
    endloop
  endfacet
  facet normal 0 0 1
    outer loop
      vertex -16.0916 10.2584 2
      vertex -16.129 10.0036 2
      vertex -16.0456 9.96768 2
    endloop
  endfacet
  facet normal -0 0 1
    outer loop
      vertex -16.1661 10.2196 2
      vertex -16.129 10.0036 2
      vertex -16.0916 10.2584 2
    endloop
  endfacet
  facet normal 0 0 1
    outer loop
      vertex -16.1661 10.2196 2
      vertex -16.2177 10.0341 2
      vertex -16.129 10.0036 2
    endloop
  endfacet
  facet normal -0 0 1
    outer loop
      vertex -16.2457 10.1848 2
      vertex -16.2177 10.0341 2
      vertex -16.1661 10.2196 2
    endloop
  endfacet
  facet normal 0 0 1
    outer loop
      vertex -16.2457 10.1848 2
      vertex -16.3116 10.0592 2
      vertex -16.2177 10.0341 2
    endloop
  endfacet
  facet normal -0 0 1
    outer loop
      vertex -16.3304 10.1542 2
      vertex -16.3116 10.0592 2
      vertex -16.2457 10.1848 2
    endloop
  endfacet
  facet normal 0 0 1
    outer loop
      vertex -16.3304 10.1542 2
      vertex -16.4109 10.0789 2
      vertex -16.3116 10.0592 2
    endloop
  endfacet
  facet normal -0 0 1
    outer loop
      vertex -16.4203 10.1277 2
      vertex -16.4109 10.0789 2
      vertex -16.3304 10.1542 2
    endloop
  endfacet
  facet normal 0 0 1
    outer loop
      vertex -16.5154 10.0931 2
      vertex -16.4203 10.1277 2
      vertex -16.5154 10.1053 2
    endloop
  endfacet
  facet normal 0 0 1
    outer loop
      vertex -16.4203 10.1277 2
      vertex -16.5154 10.0931 2
      vertex -16.4109 10.0789 2
    endloop
  endfacet
  facet normal 0 0 1
    outer loop
      vertex -16.6168 10.4125 2
      vertex -16.1797 11.0666 2
      vertex -16.1822 11.1414 2
    endloop
  endfacet
  facet normal 0 0 1
    outer loop
      vertex -16.7407 11.789 2
      vertex -16.1822 11.1414 2
      vertex -16.1897 11.2127 2
    endloop
  endfacet
  facet normal 0 0 1
    outer loop
      vertex -16.1797 11.0666 2
      vertex -16.6168 10.4125 2
      vertex -16.1828 10.9911 2
    endloop
  endfacet
  facet normal 0 0 1
    outer loop
      vertex -16.7407 11.789 2
      vertex -16.1897 11.2127 2
      vertex -16.2023 11.2803 2
    endloop
  endfacet
  facet normal 0 -0 1
    outer loop
      vertex -16.549 10.4441 2
      vertex -16.1828 10.9911 2
      vertex -16.6168 10.4125 2
    endloop
  endfacet
  facet normal 0 0 1
    outer loop
      vertex -16.6689 11.7717 2
      vertex -16.2023 11.2803 2
      vertex -16.2198 11.3445 2
    endloop
  endfacet
  facet normal 0 -0 1
    outer loop
      vertex -16.4862 10.4806 2
      vertex -16.192 10.9194 2
      vertex -16.549 10.4441 2
    endloop
  endfacet
  facet normal 0 0 1
    outer loop
      vertex -16.6689 11.7717 2
      vertex -16.2198 11.3445 2
      vertex -16.2424 11.405 2
    endloop
  endfacet
  facet normal 0 0 1
    outer loop
      vertex -16.192 10.9194 2
      vertex -16.4862 10.4806 2
      vertex -16.2074 10.8514 2
    endloop
  endfacet
  facet normal 0 0 1
    outer loop
      vertex -16.6019 11.7495 2
      vertex -16.2424 11.405 2
      vertex -16.2699 11.4619 2
    endloop
  endfacet
  facet normal 0 0 1
    outer loop
      vertex -16.2074 10.8514 2
      vertex -16.4284 10.5219 2
      vertex -16.2289 10.7872 2
    endloop
  endfacet
  facet normal 0 0 1
    outer loop
      vertex -16.6019 11.7495 2
      vertex -16.2699 11.4619 2
      vertex -16.3025 11.5153 2
    endloop
  endfacet
  facet normal 0 0 1
    outer loop
      vertex -16.2565 10.7267 2
      vertex -16.4284 10.5219 2
      vertex -16.2903 10.6699 2
    endloop
  endfacet
  facet normal 0 0 1
    outer loop
      vertex -16.6019 11.7495 2
      vertex -16.3025 11.5153 2
      vertex -16.3401 11.5651 2
    endloop
  endfacet
  facet normal 0 0 1
    outer loop
      vertex -16.2903 10.6699 2
      vertex -16.3762 10.5675 2
      vertex -16.3302 10.6168 2
    endloop
  endfacet
  facet normal 0 0 1
    outer loop
      vertex -16.6019 11.7495 2
      vertex -16.3401 11.5651 2
      vertex -16.3827 11.6113 2
    endloop
  endfacet
  facet normal 0 0 1
    outer loop
      vertex -16.2903 10.6699 2
      vertex -16.4284 10.5219 2
      vertex -16.3762 10.5675 2
    endloop
  endfacet
  facet normal 0 0 1
    outer loop
      vertex -16.5398 11.7223 2
      vertex -16.3827 11.6113 2
      vertex -16.4302 11.6532 2
    endloop
  endfacet
  facet normal 0 0 1
    outer loop
      vertex -16.5398 11.7223 2
      vertex -16.4302 11.6532 2
      vertex -16.4826 11.6902 2
    endloop
  endfacet
  facet normal 0 0 1
    outer loop
      vertex -16.3827 11.6113 2
      vertex -16.5398 11.7223 2
      vertex -16.6019 11.7495 2
    endloop
  endfacet
  facet normal 0 0 1
    outer loop
      vertex -16.2424 11.405 2
      vertex -16.6019 11.7495 2
      vertex -16.6689 11.7717 2
    endloop
  endfacet
  facet normal 0 0 1
    outer loop
      vertex -16.2023 11.2803 2
      vertex -16.6689 11.7717 2
      vertex -16.7407 11.789 2
    endloop
  endfacet
  facet normal 0 0 1
    outer loop
      vertex -16.2289 10.7872 2
      vertex -16.4284 10.5219 2
      vertex -16.2565 10.7267 2
    endloop
  endfacet
  facet normal 0 -0 1
    outer loop
      vertex -16.4284 10.5219 2
      vertex -16.2074 10.8514 2
      vertex -16.4862 10.4806 2
    endloop
  endfacet
  facet normal 0 0 1
    outer loop
      vertex -16.1822 11.1414 2
      vertex -16.7407 11.789 2
      vertex -16.8174 11.8013 2
    endloop
  endfacet
  facet normal 0 0 1
    outer loop
      vertex -16.1828 10.9911 2
      vertex -16.549 10.4441 2
      vertex -16.192 10.9194 2
    endloop
  endfacet
  facet normal 0 0 1
    outer loop
      vertex -16.1822 11.1414 2
      vertex -16.8174 11.8013 2
      vertex -16.6168 10.4125 2
    endloop
  endfacet
  facet normal 0 0 1
    outer loop
      vertex -16.6168 10.4125 2
      vertex -16.8174 11.8013 2
      vertex -16.6896 10.3858 2
    endloop
  endfacet
  facet normal 0 0 1
    outer loop
      vertex -16.6896 10.3858 2
      vertex -16.8174 11.8013 2
      vertex -16.7674 10.3639 2
    endloop
  endfacet
  facet normal 0 0 1
    outer loop
      vertex -16.8989 11.8087 2
      vertex -16.7674 10.3639 2
      vertex -16.8174 11.8013 2
    endloop
  endfacet
  facet normal 0 0 1
    outer loop
      vertex -16.7674 10.3639 2
      vertex -16.8989 11.8087 2
      vertex -16.8502 10.3469 2
    endloop
  endfacet
  facet normal 0 0 1
    outer loop
      vertex -16.9853 11.8112 2
      vertex -16.8502 10.3469 2
      vertex -16.8989 11.8087 2
    endloop
  endfacet
  facet normal 0 0 1
    outer loop
      vertex -16.8502 10.3469 2
      vertex -16.9853 11.8112 2
      vertex -16.938 10.3348 2
    endloop
  endfacet
  facet normal -0 0 1
    outer loop
      vertex -17.0643 11.8089 2
      vertex -16.938 10.3348 2
      vertex -16.9853 11.8112 2
    endloop
  endfacet
  facet normal -0 0 1
    outer loop
      vertex -17.1398 11.802 2
      vertex -16.938 10.3348 2
      vertex -17.0643 11.8089 2
    endloop
  endfacet
  facet normal 0 0 1
    outer loop
      vertex -16.938 10.3348 2
      vertex -17.1398 11.802 2
      vertex -17.0309 10.3275 2
    endloop
  endfacet
  facet normal -0 0 1
    outer loop
      vertex -17.212 11.7905 2
      vertex -17.0309 10.3275 2
      vertex -17.1398 11.802 2
    endloop
  endfacet
  facet normal -0 0 1
    outer loop
      vertex -17.2807 11.7744 2
      vertex -17.0309 10.3275 2
      vertex -17.212 11.7905 2
    endloop
  endfacet
  facet normal 0 0 1
    outer loop
      vertex -17.0309 10.3275 2
      vertex -17.2807 11.7744 2
      vertex -17.1287 10.325 2
    endloop
  endfacet
  facet normal -0 0 1
    outer loop
      vertex -17.3459 11.7537 2
      vertex -17.1287 10.325 2
      vertex -17.2807 11.7744 2
    endloop
  endfacet
  facet normal -0 0 1
    outer loop
      vertex -17.4078 11.7284 2
      vertex -17.1287 10.325 2
      vertex -17.3459 11.7537 2
    endloop
  endfacet
  facet normal -0 0 1
    outer loop
      vertex -17.8336 11.1001 2
      vertex -17.1287 10.325 2
      vertex -17.4078 11.7284 2
    endloop
  endfacet
  facet normal 0 0 1
    outer loop
      vertex -17.1287 10.325 2
      vertex -17.8336 11.1001 2
      vertex -17.4278 10.325 2
    endloop
  endfacet
  facet normal 0 0 1
    outer loop
      vertex -17.8336 11.1001 2
      vertex -17.4078 11.7284 2
      vertex -17.4662 11.6986 2
    endloop
  endfacet
  facet normal 0 0 1
    outer loop
      vertex -16.3998 9.6935 2
      vertex -16.0668 9.10445 2
      vertex -16.0701 9.18051 2
    endloop
  endfacet
  facet normal 0 0 1
    outer loop
      vertex -16.0668 9.10445 2
      vertex -16.4687 9.72993 2
      vertex -16.0697 9.01738 2
    endloop
  endfacet
  facet normal 0 0 1
    outer loop
      vertex -16.3369 9.65218 2
      vertex -16.0701 9.18051 2
      vertex -16.0802 9.25279 2
    endloop
  endfacet
  facet normal 0 0 1
    outer loop
      vertex -16.5435 9.76154 2
      vertex -16.0697 9.01738 2
      vertex -16.4687 9.72993 2
    endloop
  endfacet
  facet normal 0 0 1
    outer loop
      vertex -16.2802 9.60654 2
      vertex -16.0802 9.25279 2
      vertex -16.0968 9.32126 2
    endloop
  endfacet
  facet normal 0 0 1
    outer loop
      vertex -16.0697 9.01738 2
      vertex -16.5435 9.76154 2
      vertex -16.0785 8.93521 2
    endloop
  endfacet
  facet normal 0 0 1
    outer loop
      vertex -16.2802 9.60654 2
      vertex -16.0968 9.32126 2
      vertex -16.1201 9.38593 2
    endloop
  endfacet
  facet normal 0 0 1
    outer loop
      vertex -16.0668 9.10445 2
      vertex -16.3998 9.6935 2
      vertex -16.4687 9.72993 2
    endloop
  endfacet
  facet normal 0 0 1
    outer loop
      vertex -16.2802 9.60654 2
      vertex -16.1201 9.38593 2
      vertex -16.1502 9.44678 2
    endloop
  endfacet
  facet normal 0 0 1
    outer loop
      vertex -16.0701 9.18051 2
      vertex -16.3369 9.65218 2
      vertex -16.3998 9.6935 2
    endloop
  endfacet
  facet normal 0 0 1
    outer loop
      vertex -16.2802 9.60654 2
      vertex -16.1502 9.44678 2
      vertex -16.1868 9.50385 2
    endloop
  endfacet
  facet normal 0 0 1
    outer loop
      vertex -16.0802 9.25279 2
      vertex -16.2802 9.60654 2
      vertex -16.3369 9.65218 2
    endloop
  endfacet
  facet normal 0 0 1
    outer loop
      vertex -16.2802 9.60654 2
      vertex -16.1868 9.50385 2
      vertex -16.2302 9.5571 2
    endloop
  endfacet
  facet normal 0 0 1
    outer loop
      vertex -16.6212 8.33311 2
      vertex -16.0785 8.93521 2
      vertex -16.5435 9.76154 2
    endloop
  endfacet
  facet normal 0 -0 1
    outer loop
      vertex -16.5488 8.35583 2
      vertex -16.0785 8.93521 2
      vertex -16.6212 8.33311 2
    endloop
  endfacet
  facet normal 0 -0 1
    outer loop
      vertex -16.4808 8.38359 2
      vertex -16.0931 8.85794 2
      vertex -16.5488 8.35583 2
    endloop
  endfacet
  facet normal 0 0 1
    outer loop
      vertex -16.1135 8.78557 2
      vertex -16.4173 8.4164 2
      vertex -16.1398 8.71809 2
    endloop
  endfacet
  facet normal 0 0 1
    outer loop
      vertex -16.2099 8.59784 2
      vertex -16.3033 8.49716 2
      vertex -16.2537 8.54506 2
    endloop
  endfacet
  facet normal 0 0 1
    outer loop
      vertex -16.2099 8.59784 2
      vertex -16.3581 8.45425 2
      vertex -16.3033 8.49716 2
    endloop
  endfacet
  facet normal 0 0 1
    outer loop
      vertex -16.1719 8.65552 2
      vertex -16.3581 8.45425 2
      vertex -16.2099 8.59784 2
    endloop
  endfacet
  facet normal 0 0 1
    outer loop
      vertex -16.1398 8.71809 2
      vertex -16.3581 8.45425 2
      vertex -16.1719 8.65552 2
    endloop
  endfacet
  facet normal 0 -0 1
    outer loop
      vertex -16.3581 8.45425 2
      vertex -16.1398 8.71809 2
      vertex -16.4173 8.4164 2
    endloop
  endfacet
  facet normal 0 0 1
    outer loop
      vertex -16.0931 8.85794 2
      vertex -16.4808 8.38359 2
      vertex -16.1135 8.78557 2
    endloop
  endfacet
  facet normal 0 -0 1
    outer loop
      vertex -16.4173 8.4164 2
      vertex -16.1135 8.78557 2
      vertex -16.4808 8.38359 2
    endloop
  endfacet
  facet normal 0 0 1
    outer loop
      vertex -16.0785 8.93521 2
      vertex -16.5488 8.35583 2
      vertex -16.0931 8.85794 2
    endloop
  endfacet
  facet normal 0 0 1
    outer loop
      vertex -16.6242 9.78825 2
      vertex -16.6212 8.33311 2
      vertex -16.5435 9.76154 2
    endloop
  endfacet
  facet normal 0 0 1
    outer loop
      vertex -16.6242 9.78825 2
      vertex -16.698 8.31544 2
      vertex -16.6212 8.33311 2
    endloop
  endfacet
  facet normal 0 0 1
    outer loop
      vertex -16.7108 9.81013 2
      vertex -16.698 8.31544 2
      vertex -16.6242 9.78825 2
    endloop
  endfacet
  facet normal 0 0 1
    outer loop
      vertex -16.7108 9.81013 2
      vertex -16.7792 8.30283 2
      vertex -16.698 8.31544 2
    endloop
  endfacet
  facet normal 0 0 1
    outer loop
      vertex -16.8034 9.82713 2
      vertex -16.7792 8.30283 2
      vertex -16.7108 9.81013 2
    endloop
  endfacet
  facet normal 0 0 1
    outer loop
      vertex -16.8034 9.82713 2
      vertex -16.8648 8.29526 2
      vertex -16.7792 8.30283 2
    endloop
  endfacet
  facet normal 0 0 1
    outer loop
      vertex -16.9548 8.29272 2
      vertex -16.8034 9.82713 2
      vertex -16.9019 9.83929 2
    endloop
  endfacet
  facet normal 0 0 1
    outer loop
      vertex -16.8034 9.82713 2
      vertex -16.9548 8.29272 2
      vertex -16.8648 8.29526 2
    endloop
  endfacet
  facet normal 0 0 1
    outer loop
      vertex -17.0062 9.84657 2
      vertex -16.9548 8.29272 2
      vertex -16.9019 9.83929 2
    endloop
  endfacet
  facet normal 0 0 1
    outer loop
      vertex -17.1297 8.30215 2
      vertex -17.0062 9.84657 2
      vertex -17.1165 9.84901 2
    endloop
  endfacet
  facet normal 0 0 1
    outer loop
      vertex -17.0062 9.84657 2
      vertex -17.1297 8.30215 2
      vertex -16.9548 8.29272 2
    endloop
  endfacet
  facet normal 0 0 1
    outer loop
      vertex -17.1165 9.84901 2
      vertex -17.2869 8.3304 2
      vertex -17.1297 8.30215 2
    endloop
  endfacet
  facet normal 0 0 1
    outer loop
      vertex -17.1165 9.84901 2
      vertex -17.4264 8.3775 2
      vertex -17.2869 8.3304 2
    endloop
  endfacet
  facet normal 0 0 1
    outer loop
      vertex -17.8916 9.05562 2
      vertex -17.1165 9.84901 2
      vertex -17.4278 9.84901 2
    endloop
  endfacet
  facet normal 0 0 1
    outer loop
      vertex -18.386 11.1429 2
      vertex -17.4278 10.325 2
      vertex -17.8336 11.1001 2
    endloop
  endfacet
  facet normal 0 0 1
    outer loop
      vertex -17.8081 11.2431 2
      vertex -17.4662 11.6986 2
      vertex -17.5212 11.6641 2
    endloop
  endfacet
  facet normal 0 0 1
    outer loop
      vertex -17.4278 10.325 2
      vertex -18.386 11.1429 2
      vertex -17.4278 9.84901 2
    endloop
  endfacet
  facet normal 0 0 1
    outer loop
      vertex -17.8081 11.2431 2
      vertex -17.5212 11.6641 2
      vertex -17.5727 11.625 2
    endloop
  endfacet
  facet normal 0 0 1
    outer loop
      vertex -17.8081 11.2431 2
      vertex -17.5727 11.625 2
      vertex -17.6202 11.5818 2
    endloop
  endfacet
  facet normal 0 0 1
    outer loop
      vertex -17.1165 9.84901 2
      vertex -17.8916 9.05562 2
      vertex -17.8583 8.89551 2
    endloop
  endfacet
  facet normal 0 0 1
    outer loop
      vertex -17.8081 11.2431 2
      vertex -17.6202 11.5818 2
      vertex -17.6631 11.5348 2
    endloop
  endfacet
  facet normal 0 0 1
    outer loop
      vertex -17.8081 11.2431 2
      vertex -17.6631 11.5348 2
      vertex -17.7014 11.484 2
    endloop
  endfacet
  facet normal 0 0 1
    outer loop
      vertex -17.8081 11.2431 2
      vertex -17.7014 11.484 2
      vertex -17.735 11.4294 2
    endloop
  endfacet
  facet normal 0 0 1
    outer loop
      vertex -17.1165 9.84901 2
      vertex -17.8583 8.89551 2
      vertex -17.4264 8.3775 2
    endloop
  endfacet
  facet normal 0 0 1
    outer loop
      vertex -17.7884 11.309 2
      vertex -17.735 11.4294 2
      vertex -17.764 11.3711 2
    endloop
  endfacet
  facet normal 0 0 1
    outer loop
      vertex -17.8081 11.2431 2
      vertex -17.735 11.4294 2
      vertex -17.7884 11.309 2
    endloop
  endfacet
  facet normal -0 -0 1
    outer loop
      vertex -17.8074 8.75423 2
      vertex -17.4264 8.3775 2
      vertex -17.8583 8.89551 2
    endloop
  endfacet
  facet normal 0 0 1
    outer loop
      vertex -17.4662 11.6986 2
      vertex -17.8081 11.2431 2
      vertex -17.8232 11.1735 2
    endloop
  endfacet
  facet normal 0 0 1
    outer loop
      vertex -17.4662 11.6986 2
      vertex -17.8232 11.1735 2
      vertex -17.8336 11.1001 2
    endloop
  endfacet
  facet normal 0 0 1
    outer loop
      vertex -17.4264 8.3775 2
      vertex -17.8074 8.75423 2
      vertex -17.5482 8.44342 2
    endloop
  endfacet
  facet normal 0 0 1
    outer loop
      vertex -17.5482 8.44342 2
      vertex -17.8074 8.75423 2
      vertex -17.6523 8.52818 2
    endloop
  endfacet
  facet normal 0 0 1
    outer loop
      vertex -17.6523 8.52818 2
      vertex -17.8074 8.75423 2
      vertex -17.7387 8.63179 2
    endloop
  endfacet
  facet normal 0 0 1
    outer loop
      vertex -18.4592 9.00372 2
      vertex -17.4278 9.84901 2
      vertex -18.386 11.1429 2
    endloop
  endfacet
  facet normal 0 0 1
    outer loop
      vertex -17.4278 9.84901 2
      vertex -18.4592 9.00372 2
      vertex -17.8916 9.05562 2
    endloop
  endfacet
  facet normal 0 0 1
    outer loop
      vertex -30.1063 9.99684 2
      vertex -30.1891 11.7318 2
      vertex -30.1668 10.0935 2
    endloop
  endfacet
  facet normal 0 0 1
    outer loop
      vertex -30.1891 11.7318 2
      vertex -30.2366 10.1846 2
      vertex -30.1668 10.0935 2
    endloop
  endfacet
  facet normal 0 0 1
    outer loop
      vertex -30.1891 11.7318 2
      vertex -30.3157 10.2701 2
      vertex -30.2366 10.1846 2
    endloop
  endfacet
  facet normal 0 0 1
    outer loop
      vertex -30.1891 11.7318 2
      vertex -30.4026 10.3482 2
      vertex -30.3157 10.2701 2
    endloop
  endfacet
  facet normal 0 0 1
    outer loop
      vertex -30.1891 11.7318 2
      vertex -30.4959 10.4172 2
      vertex -30.4026 10.3482 2
    endloop
  endfacet
  facet normal 0 0 1
    outer loop
      vertex -30.1891 11.7318 2
      vertex -30.5956 10.4769 2
      vertex -30.4959 10.4172 2
    endloop
  endfacet
  facet normal 0 0 1
    outer loop
      vertex -30.1891 11.7318 2
      vertex -30.7016 10.5275 2
      vertex -30.5956 10.4769 2
    endloop
  endfacet
  facet normal 0 0 1
    outer loop
      vertex -30.1891 11.7318 2
      vertex -30.814 10.5688 2
      vertex -30.7016 10.5275 2
    endloop
  endfacet
  facet normal 0 0 1
    outer loop
      vertex -30.1891 11.7318 2
      vertex -30.9328 10.601 2
      vertex -30.814 10.5688 2
    endloop
  endfacet
  facet normal 0 0 1
    outer loop
      vertex -30.1891 11.7318 2
      vertex -31.0579 10.624 2
      vertex -30.9328 10.601 2
    endloop
  endfacet
  facet normal 0 0 1
    outer loop
      vertex -30.1891 11.7318 2
      vertex -31.1894 10.6378 2
      vertex -31.0579 10.624 2
    endloop
  endfacet
  facet normal -0 0 1
    outer loop
      vertex -32.1329 11.7318 2
      vertex -31.1894 10.6378 2
      vertex -30.1891 11.7318 2
    endloop
  endfacet
  facet normal 0 0 1
    outer loop
      vertex -31.1894 10.6378 2
      vertex -32.1329 11.7318 2
      vertex -31.3273 10.6424 2
    endloop
  endfacet
  facet normal 0 0 1
    outer loop
      vertex -31.3273 10.6424 2
      vertex -32.1329 11.7318 2
      vertex -31.4431 10.639 2
    endloop
  endfacet
  facet normal 0 0 1
    outer loop
      vertex -31.4431 10.639 2
      vertex -32.1329 11.7318 2
      vertex -31.5547 10.6288 2
    endloop
  endfacet
  facet normal 0 0 1
    outer loop
      vertex -31.5547 10.6288 2
      vertex -32.1329 11.7318 2
      vertex -31.6619 10.6119 2
    endloop
  endfacet
  facet normal 0 0 1
    outer loop
      vertex -31.6619 10.6119 2
      vertex -32.1329 11.7318 2
      vertex -31.7649 10.5881 2
    endloop
  endfacet
  facet normal 0 0 1
    outer loop
      vertex -31.7649 10.5881 2
      vertex -32.1329 11.7318 2
      vertex -31.8636 10.5576 2
    endloop
  endfacet
  facet normal 0 0 1
    outer loop
      vertex -31.8636 10.5576 2
      vertex -32.1329 11.7318 2
      vertex -31.9579 10.5203 2
    endloop
  endfacet
  facet normal 0 0 1
    outer loop
      vertex -31.9579 10.5203 2
      vertex -32.1329 11.7318 2
      vertex -32.048 10.4763 2
    endloop
  endfacet
  facet normal 0 0 1
    outer loop
      vertex -32.1329 11.7318 2
      vertex -32.1338 10.4254 2
      vertex -32.048 10.4763 2
    endloop
  endfacet
  facet normal 0 -0 1
    outer loop
      vertex -32.1338 10.4254 2
      vertex -32.1329 11.7318 2
      vertex -32.2153 10.3678 2
    endloop
  endfacet
  facet normal 0 0 1
    outer loop
      vertex -31.3474 10.1907 2
      vertex -30.5095 9.28755 2
      vertex -30.5126 9.37581 2
    endloop
  endfacet
  facet normal 0 0 1
    outer loop
      vertex -30.5095 9.28755 2
      vertex -31.4402 10.1938 2
      vertex -30.5125 9.18625 2
    endloop
  endfacet
  facet normal 0 0 1
    outer loop
      vertex -31.259 10.1815 2
      vertex -30.5126 9.37581 2
      vertex -30.5219 9.46024 2
    endloop
  endfacet
  facet normal -0 0 1
    outer loop
      vertex -31.4893 10.193 2
      vertex -30.5125 9.18625 2
      vertex -31.4402 10.1938 2
    endloop
  endfacet
  facet normal 0 0 1
    outer loop
      vertex -31.1749 10.166 2
      vertex -30.5219 9.46024 2
      vertex -30.5374 9.54082 2
    endloop
  endfacet
  facet normal 0 0 1
    outer loop
      vertex -30.5095 9.28755 2
      vertex -31.3474 10.1907 2
      vertex -31.4402 10.1938 2
    endloop
  endfacet
  facet normal 0 0 1
    outer loop
      vertex -31.1749 10.166 2
      vertex -30.5374 9.54082 2
      vertex -30.5592 9.61755 2
    endloop
  endfacet
  facet normal 0 0 1
    outer loop
      vertex -32.3465 8.92439 2
      vertex -30.5125 9.18625 2
      vertex -31.4893 10.193 2
    endloop
  endfacet
  facet normal 0 0 1
    outer loop
      vertex -31.1749 10.166 2
      vertex -30.5592 9.61755 2
      vertex -30.5872 9.69046 2
    endloop
  endfacet
  facet normal 0 0 1
    outer loop
      vertex -30.5125 9.18625 2
      vertex -32.3465 8.92439 2
      vertex -30.5218 9.08989 2
    endloop
  endfacet
  facet normal 0 0 1
    outer loop
      vertex -31.1749 10.166 2
      vertex -30.5872 9.69046 2
      vertex -30.6214 9.75951 2
    endloop
  endfacet
  facet normal 0 0 1
    outer loop
      vertex -30.5218 9.08989 2
      vertex -31.3564 8.2899 2
      vertex -30.5373 8.99847 2
    endloop
  endfacet
  facet normal 0 0 1
    outer loop
      vertex -31.1749 10.166 2
      vertex -30.6214 9.75951 2
      vertex -30.6618 9.82471 2
    endloop
  endfacet
  facet normal 0 0 1
    outer loop
      vertex -30.5373 8.99847 2
      vertex -31.3564 8.2899 2
      vertex -30.5589 8.91199 2
    endloop
  endfacet
  facet normal 0 0 1
    outer loop
      vertex -31.1749 10.166 2
      vertex -30.6618 9.82471 2
      vertex -30.7084 9.88608 2
    endloop
  endfacet
  facet normal 0 0 1
    outer loop
      vertex -30.5126 9.37581 2
      vertex -31.259 10.1815 2
      vertex -31.3474 10.1907 2
    endloop
  endfacet
  facet normal 0 0 1
    outer loop
      vertex -31.0951 10.1444 2
      vertex -30.7084 9.88608 2
      vertex -30.7612 9.9436 2
    endloop
  endfacet
  facet normal 0 -0 1
    outer loop
      vertex -31.1788 8.31627 2
      vertex -30.5867 8.83044 2
      vertex -31.2652 8.29979 2
    endloop
  endfacet
  facet normal 0 0 1
    outer loop
      vertex -31.0951 10.1444 2
      vertex -30.7612 9.9436 2
      vertex -30.8193 9.99612 2
    endloop
  endfacet
  facet normal 0 0 1
    outer loop
      vertex -30.5219 9.46024 2
      vertex -31.1749 10.166 2
      vertex -31.259 10.1815 2
    endloop
  endfacet
  facet normal 0 0 1
    outer loop
      vertex -31.0951 10.1444 2
      vertex -30.8193 9.99612 2
      vertex -30.8818 10.0424 2
    endloop
  endfacet
  facet normal 0 0 1
    outer loop
      vertex -30.5867 8.83044 2
      vertex -31.1788 8.31627 2
      vertex -30.6207 8.75383 2
    endloop
  endfacet
  facet normal 0 0 1
    outer loop
      vertex -31.0197 10.1166 2
      vertex -30.8818 10.0424 2
      vertex -30.9485 10.0826 2
    endloop
  endfacet
  facet normal 0 0 1
    outer loop
      vertex -31.0951 10.1444 2
      vertex -30.8818 10.0424 2
      vertex -31.0197 10.1166 2
    endloop
  endfacet
  facet normal 0 0 1
    outer loop
      vertex -30.7084 9.88608 2
      vertex -31.0951 10.1444 2
      vertex -31.1749 10.166 2
    endloop
  endfacet
  facet normal 0 0 1
    outer loop
      vertex -30.6608 8.68214 2
      vertex -31.1788 8.31627 2
      vertex -30.7072 8.6154 2
    endloop
  endfacet
  facet normal 0 0 1
    outer loop
      vertex -30.8177 8.49756 2
      vertex -31.1788 8.31627 2
      vertex -30.8804 8.44812 2
    endloop
  endfacet
  facet normal 0 0 1
    outer loop
      vertex -30.9479 8.40527 2
      vertex -31.0971 8.33936 2
      vertex -31.0201 8.36902 2
    endloop
  endfacet
  facet normal 0 0 1
    outer loop
      vertex -30.9479 8.40527 2
      vertex -31.1788 8.31627 2
      vertex -31.0971 8.33936 2
    endloop
  endfacet
  facet normal 0 0 1
    outer loop
      vertex -30.8804 8.44812 2
      vertex -31.1788 8.31627 2
      vertex -30.9479 8.40527 2
    endloop
  endfacet
  facet normal 0 0 1
    outer loop
      vertex -30.7597 8.55359 2
      vertex -31.1788 8.31627 2
      vertex -30.8177 8.49756 2
    endloop
  endfacet
  facet normal 0 0 1
    outer loop
      vertex -30.7072 8.6154 2
      vertex -31.1788 8.31627 2
      vertex -30.7597 8.55359 2
    endloop
  endfacet
  facet normal 0 0 1
    outer loop
      vertex -30.6207 8.75383 2
      vertex -31.1788 8.31627 2
      vertex -30.6608 8.68214 2
    endloop
  endfacet
  facet normal 0 0 1
    outer loop
      vertex -30.5589 8.91199 2
      vertex -31.2652 8.29979 2
      vertex -30.5867 8.83044 2
    endloop
  endfacet
  facet normal 0 -0 1
    outer loop
      vertex -31.2652 8.29979 2
      vertex -30.5589 8.91199 2
      vertex -31.3564 8.2899 2
    endloop
  endfacet
  facet normal 0 -0 1
    outer loop
      vertex -31.4524 8.28661 2
      vertex -30.5218 9.08989 2
      vertex -32.3465 8.92439 2
    endloop
  endfacet
  facet normal 0 0 1
    outer loop
      vertex -32.3465 8.92439 2
      vertex -31.4893 10.193 2
      vertex -31.5377 10.1904 2
    endloop
  endfacet
  facet normal 0 0 1
    outer loop
      vertex -32.3465 8.92439 2
      vertex -31.5377 10.1904 2
      vertex -31.5853 10.186 2
    endloop
  endfacet
  facet normal 0 -0 1
    outer loop
      vertex -31.3564 8.2899 2
      vertex -30.5218 9.08989 2
      vertex -31.4524 8.28661 2
    endloop
  endfacet
  facet normal 0 0 1
    outer loop
      vertex -32.3465 8.92439 2
      vertex -31.5853 10.186 2
      vertex -31.6322 10.18 2
    endloop
  endfacet
  facet normal 0 0 1
    outer loop
      vertex -32.3465 8.92439 2
      vertex -31.6322 10.18 2
      vertex -31.6783 10.1722 2
    endloop
  endfacet
  facet normal 0 0 1
    outer loop
      vertex -32.3465 8.92439 2
      vertex -31.6783 10.1722 2
      vertex -31.7236 10.1626 2
    endloop
  endfacet
  facet normal 0 0 1
    outer loop
      vertex -31.4524 8.28661 2
      vertex -32.3465 8.92439 2
      vertex -31.6057 8.29448 2
    endloop
  endfacet
  facet normal 0 0 1
    outer loop
      vertex -32.3465 8.92439 2
      vertex -31.7236 10.1626 2
      vertex -31.7683 10.1514 2
    endloop
  endfacet
  facet normal 0 0 1
    outer loop
      vertex -32.3465 8.92439 2
      vertex -31.7683 10.1514 2
      vertex -31.8121 10.1384 2
    endloop
  endfacet
  facet normal 0 0 1
    outer loop
      vertex -32.3465 8.92439 2
      vertex -31.8121 10.1384 2
      vertex -31.8552 10.1236 2
    endloop
  endfacet
  facet normal 0 0 1
    outer loop
      vertex -31.6057 8.29448 2
      vertex -32.3465 8.92439 2
      vertex -31.7455 8.3181 2
    endloop
  endfacet
  facet normal 0 0 1
    outer loop
      vertex -32.3465 8.92439 2
      vertex -31.8552 10.1236 2
      vertex -31.8979 10.1068 2
    endloop
  endfacet
  facet normal 0 0 1
    outer loop
      vertex -32.3465 8.92439 2
      vertex -31.8979 10.1068 2
      vertex -31.9407 10.0876 2
    endloop
  endfacet
  facet normal 0 0 1
    outer loop
      vertex -32.3465 8.92439 2
      vertex -31.9407 10.0876 2
      vertex -31.9834 10.066 2
    endloop
  endfacet
  facet normal -0 -0 1
    outer loop
      vertex -32.3011 8.79054 2
      vertex -31.7455 8.3181 2
      vertex -32.3465 8.92439 2
    endloop
  endfacet
  facet normal 0 0 1
    outer loop
      vertex -32.3465 8.92439 2
      vertex -31.9834 10.066 2
      vertex -32.0261 10.042 2
    endloop
  endfacet
  facet normal 0 0 1
    outer loop
      vertex -32.3465 8.92439 2
      vertex -32.0261 10.042 2
      vertex -32.0688 10.0155 2
    endloop
  endfacet
  facet normal 0 0 1
    outer loop
      vertex -31.7455 8.3181 2
      vertex -32.3011 8.79054 2
      vertex -31.8718 8.35747 2
    endloop
  endfacet
  facet normal 0 0 1
    outer loop
      vertex -32.3465 8.92439 2
      vertex -32.0688 10.0155 2
      vertex -32.1115 9.98668 2
    endloop
  endfacet
  facet normal 0 0 1
    outer loop
      vertex -32.3465 8.92439 2
      vertex -32.1115 9.98668 2
      vertex -32.1543 9.95541 2
    endloop
  endfacet
  facet normal -0 -0 1
    outer loop
      vertex -32.2422 8.67242 2
      vertex -31.8718 8.35747 2
      vertex -32.3011 8.79054 2
    endloop
  endfacet
  facet normal 0 0 1
    outer loop
      vertex -32.3465 8.92439 2
      vertex -32.1543 9.95541 2
      vertex -32.197 9.92174 2
    endloop
  endfacet
  facet normal 0 0 1
    outer loop
      vertex -32.3465 8.92439 2
      vertex -32.197 9.92174 2
      vertex -32.2397 9.88564 2
    endloop
  endfacet
  facet normal 0 0 1
    outer loop
      vertex -31.8718 8.35747 2
      vertex -32.2422 8.67242 2
      vertex -31.9846 8.4126 2
    endloop
  endfacet
  facet normal 0 0 1
    outer loop
      vertex -31.9846 8.4126 2
      vertex -32.2422 8.67242 2
      vertex -32.084 8.48346 2
    endloop
  endfacet
  facet normal 0 0 1
    outer loop
      vertex -32.084 8.48346 2
      vertex -32.2422 8.67242 2
      vertex -32.1698 8.57007 2
    endloop
  endfacet
  facet normal -0 0 1
    outer loop
      vertex -32.7768 9.88564 2
      vertex -32.3465 8.92439 2
      vertex -32.2397 9.88564 2
    endloop
  endfacet
  facet normal 0 0 1
    outer loop
      vertex -32.3465 8.92439 2
      vertex -32.7768 9.88564 2
      vertex -32.9019 8.86032 2
    endloop
  endfacet
  facet normal -0 0 1
    outer loop
      vertex -35.1608 10.9184 2
      vertex -32.7768 9.88564 2
      vertex -35.1537 10.9738 2
    endloop
  endfacet
  facet normal -0 0 1
    outer loop
      vertex -35.1707 10.8631 2
      vertex -32.7768 9.88564 2
      vertex -35.1608 10.9184 2
    endloop
  endfacet
  facet normal -0 0 1
    outer loop
      vertex -35.1834 10.8078 2
      vertex -32.7768 9.88564 2
      vertex -35.1707 10.8631 2
    endloop
  endfacet
  facet normal -0 0 1
    outer loop
      vertex -35.1989 10.7526 2
      vertex -32.7768 9.88564 2
      vertex -35.1834 10.8078 2
    endloop
  endfacet
  facet normal -0 0 1
    outer loop
      vertex -35.2173 10.6975 2
      vertex -32.7768 9.88564 2
      vertex -35.1989 10.7526 2
    endloop
  endfacet
  facet normal -0 0 1
    outer loop
      vertex -35.2385 10.6425 2
      vertex -32.7768 9.88564 2
      vertex -35.2173 10.6975 2
    endloop
  endfacet
  facet normal -0 0 1
    outer loop
      vertex -35.2625 10.5875 2
      vertex -32.7768 9.88564 2
      vertex -35.2385 10.6425 2
    endloop
  endfacet
  facet normal -0 0 1
    outer loop
      vertex -35.2893 10.5326 2
      vertex -32.7768 9.88564 2
      vertex -35.2625 10.5875 2
    endloop
  endfacet
  facet normal 0 0 1
    outer loop
      vertex -32.7768 9.88564 2
      vertex -35.2893 10.5326 2
      vertex -34.2772 8.56737 2
    endloop
  endfacet
  facet normal -0 0 1
    outer loop
      vertex -35.3188 10.4776 2
      vertex -34.2772 8.56737 2
      vertex -35.2893 10.5326 2
    endloop
  endfacet
  facet normal -0 0 1
    outer loop
      vertex -35.3512 10.4227 2
      vertex -34.2772 8.56737 2
      vertex -35.3188 10.4776 2
    endloop
  endfacet
  facet normal -0 0 1
    outer loop
      vertex -35.3862 10.3678 2
      vertex -34.2772 8.56737 2
      vertex -35.3512 10.4227 2
    endloop
  endfacet
  facet normal -0 0 1
    outer loop
      vertex -35.424 10.3128 2
      vertex -34.2772 8.56737 2
      vertex -35.3862 10.3678 2
    endloop
  endfacet
  facet normal -0 0 1
    outer loop
      vertex -35.4646 10.2579 2
      vertex -34.2772 8.56737 2
      vertex -35.424 10.3128 2
    endloop
  endfacet
  facet normal -0 0 1
    outer loop
      vertex -35.5079 10.203 2
      vertex -34.2772 8.56737 2
      vertex -35.4646 10.2579 2
    endloop
  endfacet
  facet normal -0 0 1
    outer loop
      vertex -35.5539 10.1481 2
      vertex -34.2772 8.56737 2
      vertex -35.5079 10.203 2
    endloop
  endfacet
  facet normal -0 0 1
    outer loop
      vertex -35.6027 10.0931 2
      vertex -34.2772 8.56737 2
      vertex -35.5539 10.1481 2
    endloop
  endfacet
  facet normal 0 0 1
    outer loop
      vertex -34.2772 8.56737 2
      vertex -35.6027 10.0931 2
      vertex -35.0809 8.36595 2
    endloop
  endfacet
  facet normal -0 0 1
    outer loop
      vertex -35.658 10.0348 2
      vertex -35.0809 8.36595 2
      vertex -35.6027 10.0931 2
    endloop
  endfacet
  facet normal -0 0 1
    outer loop
      vertex -35.7234 9.96986 2
      vertex -35.0809 8.36595 2
      vertex -35.658 10.0348 2
    endloop
  endfacet
  facet normal -0 0 1
    outer loop
      vertex -35.799 9.89816 2
      vertex -35.0809 8.36595 2
      vertex -35.7234 9.96986 2
    endloop
  endfacet
  facet normal -0 0 1
    outer loop
      vertex -35.8848 9.81976 2
      vertex -35.0809 8.36595 2
      vertex -35.799 9.89816 2
    endloop
  endfacet
  facet normal -0 0 1
    outer loop
      vertex -35.9808 9.73466 2
      vertex -35.0809 8.36595 2
      vertex -35.8848 9.81976 2
    endloop
  endfacet
  facet normal -0 0 1
    outer loop
      vertex -36.0869 9.64285 2
      vertex -35.0809 8.36595 2
      vertex -35.9808 9.73466 2
    endloop
  endfacet
  facet normal -0 0 1
    outer loop
      vertex -36.2032 9.54434 2
      vertex -35.0809 8.36595 2
      vertex -36.0869 9.64285 2
    endloop
  endfacet
  facet normal -0 0 1
    outer loop
      vertex -36.3297 9.43912 2
      vertex -35.0809 8.36595 2
      vertex -36.2032 9.54434 2
    endloop
  endfacet
  facet normal -0 0 1
    outer loop
      vertex -36.4663 9.32719 2
      vertex -35.0809 8.36595 2
      vertex -36.3297 9.43912 2
    endloop
  endfacet
  facet normal -0 0 1
    outer loop
      vertex -36.5425 9.26414 2
      vertex -35.0809 8.36595 2
      vertex -36.4663 9.32719 2
    endloop
  endfacet
  facet normal -0 0 1
    outer loop
      vertex -36.6152 9.2025 2
      vertex -35.0809 8.36595 2
      vertex -36.5425 9.26414 2
    endloop
  endfacet
  facet normal -0 0 1
    outer loop
      vertex -36.6844 9.14224 2
      vertex -35.0809 8.36595 2
      vertex -36.6152 9.2025 2
    endloop
  endfacet
  facet normal -0 0 1
    outer loop
      vertex -36.75 9.08337 2
      vertex -35.0809 8.36595 2
      vertex -36.6844 9.14224 2
    endloop
  endfacet
  facet normal -0 0 1
    outer loop
      vertex -36.812 9.02591 2
      vertex -35.0809 8.36595 2
      vertex -36.75 9.08337 2
    endloop
  endfacet
  facet normal -0 0 1
    outer loop
      vertex -36.8705 8.96983 2
      vertex -35.0809 8.36595 2
      vertex -36.812 9.02591 2
    endloop
  endfacet
  facet normal -0 0 1
    outer loop
      vertex -36.9255 8.91515 2
      vertex -35.0809 8.36595 2
      vertex -36.8705 8.96983 2
    endloop
  endfacet
  facet normal -0 0 1
    outer loop
      vertex -36.9769 8.86186 2
      vertex -35.0809 8.36595 2
      vertex -36.9255 8.91515 2
    endloop
  endfacet
  facet normal -0 0 1
    outer loop
      vertex -37.0248 8.80997 2
      vertex -35.0809 8.36595 2
      vertex -36.9769 8.86186 2
    endloop
  endfacet
  facet normal -0 0 1
    outer loop
      vertex -37.0695 8.75897 2
      vertex -35.0809 8.36595 2
      vertex -37.0248 8.80997 2
    endloop
  endfacet
  facet normal -0 0 1
    outer loop
      vertex -37.1113 8.70839 2
      vertex -35.0809 8.36595 2
      vertex -37.0695 8.75897 2
    endloop
  endfacet
  facet normal -0 0 1
    outer loop
      vertex -37.1502 8.65822 2
      vertex -35.0809 8.36595 2
      vertex -37.1113 8.70839 2
    endloop
  endfacet
  facet normal -0 0 1
    outer loop
      vertex -37.1863 8.60847 2
      vertex -35.0809 8.36595 2
      vertex -37.1502 8.65822 2
    endloop
  endfacet
  facet normal -0 0 1
    outer loop
      vertex -37.2195 8.55914 2
      vertex -35.0809 8.36595 2
      vertex -37.1863 8.60847 2
    endloop
  endfacet
  facet normal -0 0 1
    outer loop
      vertex -37.2499 8.51022 2
      vertex -35.0809 8.36595 2
      vertex -37.2195 8.55914 2
    endloop
  endfacet
  facet normal -0 0 1
    outer loop
      vertex -37.2774 8.46172 2
      vertex -35.0809 8.36595 2
      vertex -37.2499 8.51022 2
    endloop
  endfacet
  facet normal -0 0 1
    outer loop
      vertex -37.302 8.41362 2
      vertex -35.0809 8.36595 2
      vertex -37.2774 8.46172 2
    endloop
  endfacet
  facet normal 0 0 1
    outer loop
      vertex -35.0809 8.36595 2
      vertex -37.302 8.41362 2
      vertex -37.3238 8.36595 2
    endloop
  endfacet
  facet normal -0 0 1
    outer loop
      vertex 3.88147 8.52126 2
      vertex 12.8 4 2
      vertex 3.93639 8.63312 2
    endloop
  endfacet
  facet normal 0 0 1
    outer loop
      vertex 12.8 4 2
      vertex 3.88147 8.52126 2
      vertex 3.95 4 2
    endloop
  endfacet
  facet normal -0 0 1
    outer loop
      vertex 3.81657 8.41656 2
      vertex 3.95 4 2
      vertex 3.88147 8.52126 2
    endloop
  endfacet
  facet normal -0 0 1
    outer loop
      vertex 3.74168 8.31903 2
      vertex 3.95 4 2
      vertex 3.81657 8.41656 2
    endloop
  endfacet
  facet normal -0 0 1
    outer loop
      vertex 3.65681 8.22865 2
      vertex 3.95 4 2
      vertex 3.74168 8.31903 2
    endloop
  endfacet
  facet normal -0 0 1
    outer loop
      vertex 3.56311 8.14667 2
      vertex 3.95 4 2
      vertex 3.65681 8.22865 2
    endloop
  endfacet
  facet normal -0 0 1
    outer loop
      vertex 3.46167 8.07434 2
      vertex 3.95 4 2
      vertex 3.56311 8.14667 2
    endloop
  endfacet
  facet normal -0 0 1
    outer loop
      vertex 3.35251 8.01166 2
      vertex 3.95 4 2
      vertex 3.46167 8.07434 2
    endloop
  endfacet
  facet normal -0 0 1
    outer loop
      vertex 3.23563 7.9586 2
      vertex 3.95 4 2
      vertex 3.35251 8.01166 2
    endloop
  endfacet
  facet normal -0 0 1
    outer loop
      vertex 3.11102 7.91521 2
      vertex 3.95 4 2
      vertex 3.23563 7.9586 2
    endloop
  endfacet
  facet normal -0 0 1
    outer loop
      vertex 2.9787 7.88145 2
      vertex 3.95 4 2
      vertex 3.11102 7.91521 2
    endloop
  endfacet
  facet normal -0 0 1
    outer loop
      vertex 2.83865 7.85735 2
      vertex 3.95 4 2
      vertex 2.9787 7.88145 2
    endloop
  endfacet
  facet normal -0 0 1
    outer loop
      vertex 2.69087 7.84286 2
      vertex 3.95 4 2
      vertex 2.83865 7.85735 2
    endloop
  endfacet
  facet normal -0 0 1
    outer loop
      vertex 2.53537 7.83804 2
      vertex 3.95 4 2
      vertex 2.69087 7.84286 2
    endloop
  endfacet
  facet normal 0 0 1
    outer loop
      vertex 2.40465 7.84129 2
      vertex 3.95 4 2
      vertex 2.53537 7.83804 2
    endloop
  endfacet
  facet normal 0 0 1
    outer loop
      vertex 2.27965 7.85101 2
      vertex 3.95 4 2
      vertex 2.40465 7.84129 2
    endloop
  endfacet
  facet normal 0 0 1
    outer loop
      vertex 2.16037 7.8672 2
      vertex 3.95 4 2
      vertex 2.27965 7.85101 2
    endloop
  endfacet
  facet normal 0 0 1
    outer loop
      vertex 2.04683 7.88989 2
      vertex 3.95 4 2
      vertex 2.16037 7.8672 2
    endloop
  endfacet
  facet normal 0 0 1
    outer loop
      vertex 1.93901 7.91905 2
      vertex 3.95 4 2
      vertex 2.04683 7.88989 2
    endloop
  endfacet
  facet normal 0 0 1
    outer loop
      vertex 0.317795 7.89906 2
      vertex 1.93901 7.91905 2
      vertex 1.83691 7.9547 2
    endloop
  endfacet
  facet normal 0 0 1
    outer loop
      vertex 0.317795 7.89906 2
      vertex 1.83691 7.9547 2
      vertex 1.74054 7.99681 2
    endloop
  endfacet
  facet normal 0 0 1
    outer loop
      vertex 0.317795 7.89906 2
      vertex 1.74054 7.99681 2
      vertex 1.6499 8.04541 2
    endloop
  endfacet
  facet normal 0 0 1
    outer loop
      vertex 0.317795 7.89906 2
      vertex 1.6499 8.04541 2
      vertex 1.56499 8.10049 2
    endloop
  endfacet
  facet normal 0 0 1
    outer loop
      vertex 0.317795 7.89906 2
      vertex 1.56499 8.10049 2
      vertex 1.4863 8.16171 2
    endloop
  endfacet
  facet normal 0 0 1
    outer loop
      vertex 0.317795 7.89906 2
      vertex 1.4863 8.16171 2
      vertex 1.41431 8.22873 2
    endloop
  endfacet
  facet normal 0 0 1
    outer loop
      vertex 0.317795 7.89906 2
      vertex 1.41431 8.22873 2
      vertex 1.34901 8.30156 2
    endloop
  endfacet
  facet normal 0 0 1
    outer loop
      vertex 0.317795 7.89906 2
      vertex 1.34901 8.30156 2
      vertex 1.29044 8.38017 2
    endloop
  endfacet
  facet normal 0 0 1
    outer loop
      vertex 0.317795 7.89906 2
      vertex 1.29044 8.38017 2
      vertex 1.23856 8.4646 2
    endloop
  endfacet
  facet normal 0 0 1
    outer loop
      vertex 0.317795 8.56737 2
      vertex 1.12317 8.75269 2
      vertex 1.09811 8.86032 2
    endloop
  endfacet
  facet normal 0 0 1
    outer loop
      vertex 0.317795 8.56737 2
      vertex 1.15492 8.65086 2
      vertex 1.12317 8.75269 2
    endloop
  endfacet
  facet normal -0 0 1
    outer loop
      vertex 0.317795 8.56737 2
      vertex 1.19339 8.55482 2
      vertex 1.15492 8.65086 2
    endloop
  endfacet
  facet normal 0 0 1
    outer loop
      vertex 0.317795 8.56737 2
      vertex 1.23856 8.4646 2
      vertex 1.19339 8.55482 2
    endloop
  endfacet
  facet normal 0 0 1
    outer loop
      vertex 0.317795 7.89906 2
      vertex 1.23856 8.4646 2
      vertex 0.317795 8.56737 2
    endloop
  endfacet
  facet normal 0 0 1
    outer loop
      vertex 1.93901 7.91905 2
      vertex 0.317795 7.89906 2
      vertex 3.95 4 2
    endloop
  endfacet
  facet normal -0 0 1
    outer loop
      vertex -0.277222 7.89906 2
      vertex 3.95 4 2
      vertex 0.317795 7.89906 2
    endloop
  endfacet
  facet normal -0 0 1
    outer loop
      vertex -1.05995 8.83493 2
      vertex -0.277222 8.56737 2
      vertex -1.04594 8.95721 2
    endloop
  endfacet
  facet normal -0 0 1
    outer loop
      vertex -1.08331 8.71927 2
      vertex -0.277222 8.56737 2
      vertex -1.05995 8.83493 2
    endloop
  endfacet
  facet normal -0 0 1
    outer loop
      vertex -1.11601 8.61024 2
      vertex -0.277222 8.56737 2
      vertex -1.08331 8.71927 2
    endloop
  endfacet
  facet normal 0 0 1
    outer loop
      vertex -1.15805 8.50784 2
      vertex -0.277222 8.56737 2
      vertex -1.11601 8.61024 2
    endloop
  endfacet
  facet normal 0 0 1
    outer loop
      vertex -0.277222 8.56737 2
      vertex -1.15805 8.50784 2
      vertex -0.277222 7.89906 2
    endloop
  endfacet
  facet normal -0 0 1
    outer loop
      vertex -1.20944 8.41208 2
      vertex -0.277222 7.89906 2
      vertex -1.15805 8.50784 2
    endloop
  endfacet
  facet normal -0 0 1
    outer loop
      vertex -1.27017 8.32295 2
      vertex -0.277222 7.89906 2
      vertex -1.20944 8.41208 2
    endloop
  endfacet
  facet normal -0 0 1
    outer loop
      vertex -1.34026 8.24045 2
      vertex -0.277222 7.89906 2
      vertex -1.27017 8.32295 2
    endloop
  endfacet
  facet normal -0 0 1
    outer loop
      vertex -1.41968 8.16457 2
      vertex -0.277222 7.89906 2
      vertex -1.34026 8.24045 2
    endloop
  endfacet
  facet normal -0 0 1
    outer loop
      vertex -1.50775 8.09604 2
      vertex -0.277222 7.89906 2
      vertex -1.41968 8.16457 2
    endloop
  endfacet
  facet normal -0 0 1
    outer loop
      vertex -1.60381 8.03557 2
      vertex -0.277222 7.89906 2
      vertex -1.50775 8.09604 2
    endloop
  endfacet
  facet normal -0 0 1
    outer loop
      vertex -1.70786 7.98317 2
      vertex -0.277222 7.89906 2
      vertex -1.60381 8.03557 2
    endloop
  endfacet
  facet normal -0 0 1
    outer loop
      vertex -1.8199 7.93883 2
      vertex -0.277222 7.89906 2
      vertex -1.70786 7.98317 2
    endloop
  endfacet
  facet normal -0 0 1
    outer loop
      vertex -1.93991 7.90254 2
      vertex -0.277222 7.89906 2
      vertex -1.8199 7.93883 2
    endloop
  endfacet
  facet normal 0 0 1
    outer loop
      vertex -0.277222 7.89906 2
      vertex -1.93991 7.90254 2
      vertex -3.95 4 2
    endloop
  endfacet
  facet normal 0 0 1
    outer loop
      vertex -3.95 4 2
      vertex -1.93991 7.90254 2
      vertex -2.06793 7.87433 2
    endloop
  endfacet
  facet normal 0 0 1
    outer loop
      vertex -3.95 4 2
      vertex -2.06793 7.87433 2
      vertex -2.20393 7.85417 2
    endloop
  endfacet
  facet normal 0 0 1
    outer loop
      vertex -3.95 4 2
      vertex -2.20393 7.85417 2
      vertex -2.34792 7.84209 2
    endloop
  endfacet
  facet normal 0 0 1
    outer loop
      vertex -3.95 4 2
      vertex -2.34792 7.84209 2
      vertex -2.49989 7.83804 2
    endloop
  endfacet
  facet normal 0 0 1
    outer loop
      vertex -3.95 4 2
      vertex -2.49989 7.83804 2
      vertex -2.64175 7.84169 2
    endloop
  endfacet
  facet normal 0 0 1
    outer loop
      vertex -3.95 4 2
      vertex -2.64175 7.84169 2
      vertex -2.7771 7.85258 2
    endloop
  endfacet
  facet normal 0 0 1
    outer loop
      vertex -3.95 4 2
      vertex -2.7771 7.85258 2
      vertex -2.90593 7.87077 2
    endloop
  endfacet
  facet normal 0 0 1
    outer loop
      vertex -3.95 4 2
      vertex -2.90593 7.87077 2
      vertex -3.02823 7.89622 2
    endloop
  endfacet
  facet normal 0 0 1
    outer loop
      vertex -3.95 4 2
      vertex -3.02823 7.89622 2
      vertex -3.14403 7.92894 2
    endloop
  endfacet
  facet normal 0 0 1
    outer loop
      vertex -3.95 4 2
      vertex -3.14403 7.92894 2
      vertex -3.2533 7.96893 2
    endloop
  endfacet
  facet normal 0 0 1
    outer loop
      vertex -3.95 4 2
      vertex -3.2533 7.96893 2
      vertex -3.35605 8.01619 2
    endloop
  endfacet
  facet normal 0 0 1
    outer loop
      vertex -0.277222 7.89906 2
      vertex -3.95 4 2
      vertex 3.95 4 2
    endloop
  endfacet
  facet normal 0 0 1
    outer loop
      vertex -3.45229 8.07072 2
      vertex -3.95 4 2
      vertex -3.35605 8.01619 2
    endloop
  endfacet
  facet normal 0 0 1
    outer loop
      vertex -3.54201 8.13252 2
      vertex -3.95 4 2
      vertex -3.45229 8.07072 2
    endloop
  endfacet
  facet normal 0 0 1
    outer loop
      vertex -3.62457 8.20146 2
      vertex -3.95 4 2
      vertex -3.54201 8.13252 2
    endloop
  endfacet
  facet normal 0 0 1
    outer loop
      vertex -3.69933 8.27734 2
      vertex -3.95 4 2
      vertex -3.62457 8.20146 2
    endloop
  endfacet
  facet normal 0 0 1
    outer loop
      vertex -3.7663 8.36021 2
      vertex -3.95 4 2
      vertex -3.69933 8.27734 2
    endloop
  endfacet
  facet normal 0 0 1
    outer loop
      vertex -3.82547 8.45004 2
      vertex -3.95 4 2
      vertex -3.7663 8.36021 2
    endloop
  endfacet
  facet normal 0 0 1
    outer loop
      vertex -3.87683 8.54684 2
      vertex -3.95 4 2
      vertex -3.82547 8.45004 2
    endloop
  endfacet
  facet normal 0 0 1
    outer loop
      vertex -13.3 4 2
      vertex -3.87683 8.54684 2
      vertex -3.92041 8.6506 2
    endloop
  endfacet
  facet normal 0 0 1
    outer loop
      vertex -3.87683 8.54684 2
      vertex -13.3 4 2
      vertex -3.95 4 2
    endloop
  endfacet
  facet normal 0 0 1
    outer loop
      vertex -13.3 4 2
      vertex -3.92041 8.6506 2
      vertex -3.95618 8.76135 2
    endloop
  endfacet
  facet normal 0 0 1
    outer loop
      vertex 3.89369 9.99684 2
      vertex 3.81094 11.7318 2
      vertex 3.83321 10.0935 2
    endloop
  endfacet
  facet normal 0 0 1
    outer loop
      vertex 3.81094 11.7318 2
      vertex 3.76341 10.1846 2
      vertex 3.83321 10.0935 2
    endloop
  endfacet
  facet normal 0 0 1
    outer loop
      vertex 3.81094 11.7318 2
      vertex 3.68431 10.2701 2
      vertex 3.76341 10.1846 2
    endloop
  endfacet
  facet normal 0 0 1
    outer loop
      vertex 3.81094 11.7318 2
      vertex 3.59738 10.3482 2
      vertex 3.68431 10.2701 2
    endloop
  endfacet
  facet normal 0 0 1
    outer loop
      vertex 3.81094 11.7318 2
      vertex 3.50407 10.4172 2
      vertex 3.59738 10.3482 2
    endloop
  endfacet
  facet normal 0 0 1
    outer loop
      vertex 3.81094 11.7318 2
      vertex 3.40442 10.4769 2
      vertex 3.50407 10.4172 2
    endloop
  endfacet
  facet normal 0 0 1
    outer loop
      vertex 3.81094 11.7318 2
      vertex 3.29839 10.5275 2
      vertex 3.40442 10.4769 2
    endloop
  endfacet
  facet normal 0 0 1
    outer loop
      vertex 3.81094 11.7318 2
      vertex 3.18597 10.5688 2
      vertex 3.29839 10.5275 2
    endloop
  endfacet
  facet normal 0 0 1
    outer loop
      vertex 3.81094 11.7318 2
      vertex 3.06721 10.601 2
      vertex 3.18597 10.5688 2
    endloop
  endfacet
  facet normal 0 0 1
    outer loop
      vertex 3.81094 11.7318 2
      vertex 2.94208 10.624 2
      vertex 3.06721 10.601 2
    endloop
  endfacet
  facet normal 0 0 1
    outer loop
      vertex 3.81094 11.7318 2
      vertex 2.81058 10.6378 2
      vertex 2.94208 10.624 2
    endloop
  endfacet
  facet normal -0 0 1
    outer loop
      vertex 1.86708 11.7318 2
      vertex 2.81058 10.6378 2
      vertex 3.81094 11.7318 2
    endloop
  endfacet
  facet normal 0 0 1
    outer loop
      vertex 2.81058 10.6378 2
      vertex 1.86708 11.7318 2
      vertex 2.67271 10.6424 2
    endloop
  endfacet
  facet normal 0 0 1
    outer loop
      vertex 2.67271 10.6424 2
      vertex 1.86708 11.7318 2
      vertex 2.55687 10.639 2
    endloop
  endfacet
  facet normal 0 0 1
    outer loop
      vertex 2.55687 10.639 2
      vertex 1.86708 11.7318 2
      vertex 2.44531 10.6288 2
    endloop
  endfacet
  facet normal 0 0 1
    outer loop
      vertex 2.44531 10.6288 2
      vertex 1.86708 11.7318 2
      vertex 2.33806 10.6119 2
    endloop
  endfacet
  facet normal 0 0 1
    outer loop
      vertex 2.33806 10.6119 2
      vertex 1.86708 11.7318 2
      vertex 2.23511 10.5881 2
    endloop
  endfacet
  facet normal 0 0 1
    outer loop
      vertex 2.23511 10.5881 2
      vertex 1.86708 11.7318 2
      vertex 2.13643 10.5576 2
    endloop
  endfacet
  facet normal 0 0 1
    outer loop
      vertex 2.13643 10.5576 2
      vertex 1.86708 11.7318 2
      vertex 2.04205 10.5203 2
    endloop
  endfacet
  facet normal 0 0 1
    outer loop
      vertex 2.04205 10.5203 2
      vertex 1.86708 11.7318 2
      vertex 1.95197 10.4763 2
    endloop
  endfacet
  facet normal 0 0 1
    outer loop
      vertex 1.86708 11.7318 2
      vertex 1.86618 10.4254 2
      vertex 1.95197 10.4763 2
    endloop
  endfacet
  facet normal 0 -0 1
    outer loop
      vertex 1.86618 10.4254 2
      vertex 1.86708 11.7318 2
      vertex 1.78468 10.3678 2
    endloop
  endfacet
  facet normal 0 0 1
    outer loop
      vertex 2.65259 10.1907 2
      vertex 3.49054 9.28755 2
      vertex 3.48744 9.37581 2
    endloop
  endfacet
  facet normal 0 0 1
    outer loop
      vertex 3.49054 9.28755 2
      vertex 2.55981 10.1938 2
      vertex 3.48746 9.18625 2
    endloop
  endfacet
  facet normal 0 0 1
    outer loop
      vertex 2.74103 10.1815 2
      vertex 3.48744 9.37581 2
      vertex 3.4781 9.46024 2
    endloop
  endfacet
  facet normal -0 0 1
    outer loop
      vertex 2.51068 10.193 2
      vertex 3.48746 9.18625 2
      vertex 2.55981 10.1938 2
    endloop
  endfacet
  facet normal 0 0 1
    outer loop
      vertex 2.82513 10.166 2
      vertex 3.4781 9.46024 2
      vertex 3.46257 9.54082 2
    endloop
  endfacet
  facet normal 0 0 1
    outer loop
      vertex 3.49054 9.28755 2
      vertex 2.65259 10.1907 2
      vertex 2.55981 10.1938 2
    endloop
  endfacet
  facet normal 0 0 1
    outer loop
      vertex 2.82513 10.166 2
      vertex 3.46257 9.54082 2
      vertex 3.44081 9.61755 2
    endloop
  endfacet
  facet normal 0 0 1
    outer loop
      vertex 1.6535 8.92439 2
      vertex 3.48746 9.18625 2
      vertex 2.51068 10.193 2
    endloop
  endfacet
  facet normal 0 0 1
    outer loop
      vertex 2.82513 10.166 2
      vertex 3.44081 9.61755 2
      vertex 3.41284 9.69046 2
    endloop
  endfacet
  facet normal 0 0 1
    outer loop
      vertex 3.48746 9.18625 2
      vertex 1.6535 8.92439 2
      vertex 3.47818 9.08989 2
    endloop
  endfacet
  facet normal 0 0 1
    outer loop
      vertex 2.82513 10.166 2
      vertex 3.41284 9.69046 2
      vertex 3.37865 9.75951 2
    endloop
  endfacet
  facet normal 0 0 1
    outer loop
      vertex 3.47818 9.08989 2
      vertex 2.64355 8.2899 2
      vertex 3.46274 8.99847 2
    endloop
  endfacet
  facet normal 0 0 1
    outer loop
      vertex 2.82513 10.166 2
      vertex 3.37865 9.75951 2
      vertex 3.33824 9.82471 2
    endloop
  endfacet
  facet normal 0 0 1
    outer loop
      vertex 3.46274 8.99847 2
      vertex 2.64355 8.2899 2
      vertex 3.44112 8.91199 2
    endloop
  endfacet
  facet normal 0 0 1
    outer loop
      vertex 2.82513 10.166 2
      vertex 3.33824 9.82471 2
      vertex 3.29161 9.88608 2
    endloop
  endfacet
  facet normal 0 0 1
    outer loop
      vertex 3.48744 9.37581 2
      vertex 2.74103 10.1815 2
      vertex 2.65259 10.1907 2
    endloop
  endfacet
  facet normal 0 0 1
    outer loop
      vertex 2.90491 10.1444 2
      vertex 3.29161 9.88608 2
      vertex 3.23877 9.9436 2
    endloop
  endfacet
  facet normal 0 -0 1
    outer loop
      vertex 2.82121 8.31627 2
      vertex 3.4133 8.83044 2
      vertex 2.73476 8.29979 2
    endloop
  endfacet
  facet normal 0 0 1
    outer loop
      vertex 2.90491 10.1444 2
      vertex 3.23877 9.9436 2
      vertex 3.18066 9.99612 2
    endloop
  endfacet
  facet normal 0 0 1
    outer loop
      vertex 3.4781 9.46024 2
      vertex 2.82513 10.166 2
      vertex 2.74103 10.1815 2
    endloop
  endfacet
  facet normal 0 0 1
    outer loop
      vertex 2.90491 10.1444 2
      vertex 3.18066 9.99612 2
      vertex 3.11823 10.0424 2
    endloop
  endfacet
  facet normal 0 0 1
    outer loop
      vertex 3.4133 8.83044 2
      vertex 2.82121 8.31627 2
      vertex 3.37932 8.75383 2
    endloop
  endfacet
  facet normal 0 0 1
    outer loop
      vertex 2.98035 10.1166 2
      vertex 3.11823 10.0424 2
      vertex 3.05145 10.0826 2
    endloop
  endfacet
  facet normal 0 0 1
    outer loop
      vertex 2.90491 10.1444 2
      vertex 3.11823 10.0424 2
      vertex 2.98035 10.1166 2
    endloop
  endfacet
  facet normal 0 0 1
    outer loop
      vertex 3.29161 9.88608 2
      vertex 2.90491 10.1444 2
      vertex 2.82513 10.166 2
    endloop
  endfacet
  facet normal 0 0 1
    outer loop
      vertex 3.33916 8.68214 2
      vertex 2.82121 8.31627 2
      vertex 3.29282 8.6154 2
    endloop
  endfacet
  facet normal 0 0 1
    outer loop
      vertex 3.18231 8.49756 2
      vertex 2.82121 8.31627 2
      vertex 3.11958 8.44812 2
    endloop
  endfacet
  facet normal 0 0 1
    outer loop
      vertex 3.05211 8.40527 2
      vertex 2.90292 8.33936 2
      vertex 2.97989 8.36902 2
    endloop
  endfacet
  facet normal 0 0 1
    outer loop
      vertex 3.05211 8.40527 2
      vertex 2.82121 8.31627 2
      vertex 2.90292 8.33936 2
    endloop
  endfacet
  facet normal 0 0 1
    outer loop
      vertex 3.11958 8.44812 2
      vertex 2.82121 8.31627 2
      vertex 3.05211 8.40527 2
    endloop
  endfacet
  facet normal 0 0 1
    outer loop
      vertex 3.2403 8.55359 2
      vertex 2.82121 8.31627 2
      vertex 3.18231 8.49756 2
    endloop
  endfacet
  facet normal 0 0 1
    outer loop
      vertex 3.29282 8.6154 2
      vertex 2.82121 8.31627 2
      vertex 3.2403 8.55359 2
    endloop
  endfacet
  facet normal 0 0 1
    outer loop
      vertex 3.37932 8.75383 2
      vertex 2.82121 8.31627 2
      vertex 3.33916 8.68214 2
    endloop
  endfacet
  facet normal 0 0 1
    outer loop
      vertex 3.44112 8.91199 2
      vertex 2.73476 8.29979 2
      vertex 3.4133 8.83044 2
    endloop
  endfacet
  facet normal 0 -0 1
    outer loop
      vertex 2.73476 8.29979 2
      vertex 3.44112 8.91199 2
      vertex 2.64355 8.2899 2
    endloop
  endfacet
  facet normal 0 -0 1
    outer loop
      vertex 2.54761 8.28661 2
      vertex 3.47818 9.08989 2
      vertex 1.6535 8.92439 2
    endloop
  endfacet
  facet normal 0 0 1
    outer loop
      vertex 1.6535 8.92439 2
      vertex 2.51068 10.193 2
      vertex 2.46231 10.1904 2
    endloop
  endfacet
  facet normal 0 0 1
    outer loop
      vertex 1.6535 8.92439 2
      vertex 2.46231 10.1904 2
      vertex 2.41469 10.186 2
    endloop
  endfacet
  facet normal 0 -0 1
    outer loop
      vertex 2.64355 8.2899 2
      vertex 3.47818 9.08989 2
      vertex 2.54761 8.28661 2
    endloop
  endfacet
  facet normal 0 0 1
    outer loop
      vertex 1.6535 8.92439 2
      vertex 2.41469 10.186 2
      vertex 2.36783 10.18 2
    endloop
  endfacet
  facet normal 0 0 1
    outer loop
      vertex 1.6535 8.92439 2
      vertex 2.36783 10.18 2
      vertex 2.32172 10.1722 2
    endloop
  endfacet
  facet normal 0 0 1
    outer loop
      vertex 1.6535 8.92439 2
      vertex 2.32172 10.1722 2
      vertex 2.27635 10.1626 2
    endloop
  endfacet
  facet normal 0 0 1
    outer loop
      vertex 2.54761 8.28661 2
      vertex 1.6535 8.92439 2
      vertex 2.39432 8.29448 2
    endloop
  endfacet
  facet normal 0 0 1
    outer loop
      vertex 1.6535 8.92439 2
      vertex 2.27635 10.1626 2
      vertex 2.23174 10.1514 2
    endloop
  endfacet
  facet normal 0 0 1
    outer loop
      vertex 1.6535 8.92439 2
      vertex 2.23174 10.1514 2
      vertex 2.18788 10.1384 2
    endloop
  endfacet
  facet normal 0 0 1
    outer loop
      vertex 1.6535 8.92439 2
      vertex 2.18788 10.1384 2
      vertex 2.14478 10.1236 2
    endloop
  endfacet
  facet normal 0 0 1
    outer loop
      vertex 2.39432 8.29448 2
      vertex 1.6535 8.92439 2
      vertex 2.2545 8.3181 2
    endloop
  endfacet
  facet normal 0 0 1
    outer loop
      vertex 1.6535 8.92439 2
      vertex 2.14478 10.1236 2
      vertex 2.10205 10.1068 2
    endloop
  endfacet
  facet normal 0 0 1
    outer loop
      vertex 1.6535 8.92439 2
      vertex 2.10205 10.1068 2
      vertex 2.05933 10.0876 2
    endloop
  endfacet
  facet normal 0 0 1
    outer loop
      vertex 1.6535 8.92439 2
      vertex 2.05933 10.0876 2
      vertex 2.01662 10.066 2
    endloop
  endfacet
  facet normal -0 -0 1
    outer loop
      vertex 1.6989 8.79054 2
      vertex 2.2545 8.3181 2
      vertex 1.6535 8.92439 2
    endloop
  endfacet
  facet normal 0 0 1
    outer loop
      vertex 1.6535 8.92439 2
      vertex 2.01662 10.066 2
      vertex 1.97389 10.042 2
    endloop
  endfacet
  facet normal 0 0 1
    outer loop
      vertex 1.6535 8.92439 2
      vertex 1.97389 10.042 2
      vertex 1.93117 10.0155 2
    endloop
  endfacet
  facet normal 0 0 1
    outer loop
      vertex 2.2545 8.3181 2
      vertex 1.6989 8.79054 2
      vertex 2.12819 8.35747 2
    endloop
  endfacet
  facet normal 0 0 1
    outer loop
      vertex 1.6535 8.92439 2
      vertex 1.93117 10.0155 2
      vertex 1.88846 9.98668 2
    endloop
  endfacet
  facet normal 0 0 1
    outer loop
      vertex 1.6535 8.92439 2
      vertex 1.88846 9.98668 2
      vertex 1.84573 9.95541 2
    endloop
  endfacet
  facet normal -0 -0 1
    outer loop
      vertex 1.75778 8.67242 2
      vertex 2.12819 8.35747 2
      vertex 1.6989 8.79054 2
    endloop
  endfacet
  facet normal 0 0 1
    outer loop
      vertex 1.6535 8.92439 2
      vertex 1.84573 9.95541 2
      vertex 1.80301 9.92174 2
    endloop
  endfacet
  facet normal 0 0 1
    outer loop
      vertex 1.6535 8.92439 2
      vertex 1.80301 9.92174 2
      vertex 1.7603 9.88564 2
    endloop
  endfacet
  facet normal 0 0 1
    outer loop
      vertex 2.12819 8.35747 2
      vertex 1.75778 8.67242 2
      vertex 2.01535 8.4126 2
    endloop
  endfacet
  facet normal 0 0 1
    outer loop
      vertex 2.01535 8.4126 2
      vertex 1.75778 8.67242 2
      vertex 1.91602 8.48346 2
    endloop
  endfacet
  facet normal 0 0 1
    outer loop
      vertex 1.91602 8.48346 2
      vertex 1.75778 8.67242 2
      vertex 1.83015 8.57007 2
    endloop
  endfacet
  facet normal -0 0 1
    outer loop
      vertex 1.22322 9.88564 2
      vertex 1.6535 8.92439 2
      vertex 1.7603 9.88564 2
    endloop
  endfacet
  facet normal 0 0 1
    outer loop
      vertex 1.6535 8.92439 2
      vertex 1.22322 9.88564 2
      vertex 1.09811 8.86032 2
    endloop
  endfacet
  facet normal 0 0 1
    outer loop
      vertex 1.22322 9.88564 2
      vertex -1.16063 9.57303 2
      vertex -1.12416 9.50055 2
    endloop
  endfacet
  facet normal -0 0 1
    outer loop
      vertex -1.17163 10.9491 2
      vertex 1.22322 9.88564 2
      vertex -1.16309 11.0349 2
    endloop
  endfacet
  facet normal -0 0 1
    outer loop
      vertex -1.18585 10.867 2
      vertex 1.22322 9.88564 2
      vertex -1.17163 10.9491 2
    endloop
  endfacet
  facet normal -0 0 1
    outer loop
      vertex -1.20575 10.7888 2
      vertex 1.22322 9.88564 2
      vertex -1.18585 10.867 2
    endloop
  endfacet
  facet normal -0 0 1
    outer loop
      vertex -1.23135 10.7144 2
      vertex 1.22322 9.88564 2
      vertex -1.20575 10.7888 2
    endloop
  endfacet
  facet normal 0 0 1
    outer loop
      vertex 1.22322 9.88564 2
      vertex -1.23135 10.7144 2
      vertex -1.16063 9.57303 2
    endloop
  endfacet
  facet normal -0 0 1
    outer loop
      vertex -1.26265 10.6438 2
      vertex -1.16063 9.57303 2
      vertex -1.23135 10.7144 2
    endloop
  endfacet
  facet normal 0 0 1
    outer loop
      vertex -1.16063 9.57303 2
      vertex -1.26265 10.6438 2
      vertex -1.20374 9.64204 2
    endloop
  endfacet
  facet normal -0 0 1
    outer loop
      vertex -1.29962 10.577 2
      vertex -1.20374 9.64204 2
      vertex -1.26265 10.6438 2
    endloop
  endfacet
  facet normal 0 0 1
    outer loop
      vertex -1.20374 9.64204 2
      vertex -1.29962 10.577 2
      vertex -1.25346 9.7076 2
    endloop
  endfacet
  facet normal -0 0 1
    outer loop
      vertex -1.34229 10.5139 2
      vertex -1.25346 9.7076 2
      vertex -1.29962 10.577 2
    endloop
  endfacet
  facet normal 0 0 1
    outer loop
      vertex -1.25346 9.7076 2
      vertex -1.34229 10.5139 2
      vertex -1.30983 9.76967 2
    endloop
  endfacet
  facet normal -0 0 1
    outer loop
      vertex -1.39064 10.4547 2
      vertex -1.30983 9.76967 2
      vertex -1.34229 10.5139 2
    endloop
  endfacet
  facet normal 0 0 1
    outer loop
      vertex -1.30983 9.76967 2
      vertex -1.39064 10.4547 2
      vertex -1.37213 9.82732 2
    endloop
  endfacet
  facet normal -0 0 1
    outer loop
      vertex -1.44443 10.3995 2
      vertex -1.37213 9.82732 2
      vertex -1.39064 10.4547 2
    endloop
  endfacet
  facet normal 0 0 1
    outer loop
      vertex -1.37213 9.82732 2
      vertex -1.44443 10.3995 2
      vertex -1.43971 9.87953 2
    endloop
  endfacet
  facet normal -0 0 1
    outer loop
      vertex -1.50337 10.3484 2
      vertex -1.43971 9.87953 2
      vertex -1.44443 10.3995 2
    endloop
  endfacet
  facet normal 0 0 1
    outer loop
      vertex -1.50337 10.3484 2
      vertex -1.51257 9.92632 2
      vertex -1.43971 9.87953 2
    endloop
  endfacet
  facet normal -0 0 1
    outer loop
      vertex -1.56747 10.3013 2
      vertex -1.51257 9.92632 2
      vertex -1.50337 10.3484 2
    endloop
  endfacet
  facet normal 0 0 1
    outer loop
      vertex -1.56747 10.3013 2
      vertex -1.5907 9.96768 2
      vertex -1.51257 9.92632 2
    endloop
  endfacet
  facet normal -0 0 1
    outer loop
      vertex -1.63673 10.2584 2
      vertex -1.5907 9.96768 2
      vertex -1.56747 10.3013 2
    endloop
  endfacet
  facet normal 0 0 1
    outer loop
      vertex -1.63673 10.2584 2
      vertex -1.6741 10.0036 2
      vertex -1.5907 9.96768 2
    endloop
  endfacet
  facet normal -0 0 1
    outer loop
      vertex -1.71117 10.2196 2
      vertex -1.6741 10.0036 2
      vertex -1.63673 10.2584 2
    endloop
  endfacet
  facet normal 0 0 1
    outer loop
      vertex -1.71117 10.2196 2
      vertex -1.76279 10.0341 2
      vertex -1.6741 10.0036 2
    endloop
  endfacet
  facet normal -0 0 1
    outer loop
      vertex -1.79074 10.1848 2
      vertex -1.76279 10.0341 2
      vertex -1.71117 10.2196 2
    endloop
  endfacet
  facet normal 0 0 1
    outer loop
      vertex -1.79074 10.1848 2
      vertex -1.85674 10.0592 2
      vertex -1.76279 10.0341 2
    endloop
  endfacet
  facet normal -0 0 1
    outer loop
      vertex -1.87549 10.1542 2
      vertex -1.85674 10.0592 2
      vertex -1.79074 10.1848 2
    endloop
  endfacet
  facet normal 0 0 1
    outer loop
      vertex -1.87549 10.1542 2
      vertex -1.95596 10.0789 2
      vertex -1.85674 10.0592 2
    endloop
  endfacet
  facet normal -0 0 1
    outer loop
      vertex -1.96541 10.1277 2
      vertex -1.95596 10.0789 2
      vertex -1.87549 10.1542 2
    endloop
  endfacet
  facet normal 0 0 1
    outer loop
      vertex -2.06047 10.0931 2
      vertex -1.96541 10.1277 2
      vertex -2.06047 10.1053 2
    endloop
  endfacet
  facet normal 0 0 1
    outer loop
      vertex -1.96541 10.1277 2
      vertex -2.06047 10.0931 2
      vertex -1.95596 10.0789 2
    endloop
  endfacet
  facet normal 0 0 1
    outer loop
      vertex 17.4724 8.87392 2
      vertex 15.4462 8.87392 2
      vertex 17.4724 7.90048 2
    endloop
  endfacet
  facet normal 0 0 1
    outer loop
      vertex 29.9011 8.90486 2
      vertex 18.5954 8.87392 2
      vertex 21.2 4 2
    endloop
  endfacet
  facet normal 0 0 1
    outer loop
      vertex 17.9912 7.90048 2
      vertex 18.5954 8.87392 2
      vertex 17.9912 8.87392 2
    endloop
  endfacet
  facet normal 0 0 1
    outer loop
      vertex 18.5954 8.87392 2
      vertex 17.9912 7.90048 2
      vertex 21.2 4 2
    endloop
  endfacet
  facet normal -0 0 1
    outer loop
      vertex 17.4724 7.90048 2
      vertex 21.2 4 2
      vertex 17.9912 7.90048 2
    endloop
  endfacet
  facet normal 0 0 1
    outer loop
      vertex 12.8 4 2
      vertex 17.4724 7.90048 2
      vertex 15.4462 8.87392 2
    endloop
  endfacet
  facet normal 0 0 1
    outer loop
      vertex 17.4724 7.90048 2
      vertex 12.8 4 2
      vertex 21.2 4 2
    endloop
  endfacet
  facet normal 0 0 1
    outer loop
      vertex 18.5954 9.30727 2
      vertex 17.9912 12.2001 2
      vertex 17.9912 9.30727 2
    endloop
  endfacet
  facet normal 0 0 1
    outer loop
      vertex 31.9273 8.90486 2
      vertex 29.9011 8.90486 2
      vertex 31.9273 7.93141 2
    endloop
  endfacet
  facet normal 0 0 1
    outer loop
      vertex 42.5 14 2
      vertex 38.45 4 2
      vertex 42.5 -6 2
    endloop
  endfacet
  facet normal 0 0 1
    outer loop
      vertex 38.0562 9.18445 2
      vertex 42.5 14 2
      vertex 38.0612 9.33208 2
    endloop
  endfacet
  facet normal 0 0 1
    outer loop
      vertex 42.5 14 2
      vertex 38.0565 9.4622 2
      vertex 38.0612 9.33208 2
    endloop
  endfacet
  facet normal 0 0 1
    outer loop
      vertex 42.5 14 2
      vertex 38.0426 9.58675 2
      vertex 38.0565 9.4622 2
    endloop
  endfacet
  facet normal 0 0 1
    outer loop
      vertex 42.5 14 2
      vertex 38.0193 9.70572 2
      vertex 38.0426 9.58675 2
    endloop
  endfacet
  facet normal 0 0 1
    outer loop
      vertex 42.5 14 2
      vertex 37.9867 9.81912 2
      vertex 38.0193 9.70572 2
    endloop
  endfacet
  facet normal 0 0 1
    outer loop
      vertex 42.5 14 2
      vertex 37.9449 9.92694 2
      vertex 37.9867 9.81912 2
    endloop
  endfacet
  facet normal -0 0 1
    outer loop
      vertex 37.8109 11.7642 2
      vertex 37.9449 9.92694 2
      vertex 42.5 14 2
    endloop
  endfacet
  facet normal 0 0 1
    outer loop
      vertex 37.9449 9.92694 2
      vertex 37.8109 11.7642 2
      vertex 37.8937 10.0292 2
    endloop
  endfacet
  facet normal 0 0 1
    outer loop
      vertex 37.8109 11.7642 2
      vertex 42.5 14 2
      vertex 37.8109 12.2311 2
    endloop
  endfacet
  facet normal 0 0 1
    outer loop
      vertex 42.5 14 2
      vertex 35.3666 12.2311 2
      vertex 37.8109 12.2311 2
    endloop
  endfacet
  facet normal -0 0 1
    outer loop
      vertex 32.4461 12.2311 2
      vertex 35.2232 9.91798 2
      vertex 35.3666 12.2311 2
    endloop
  endfacet
  facet normal 0 -0 1
    outer loop
      vertex 34.3178 8.59972 2
      vertex 35.2232 9.91798 2
      vertex 33.0503 9.33821 2
    endloop
  endfacet
  facet normal 0 0 1
    outer loop
      vertex 35.2232 9.91798 2
      vertex 34.3178 8.59972 2
      vertex 35.0981 8.89265 2
    endloop
  endfacet
  facet normal -0 0 1
    outer loop
      vertex 33.0503 8.90486 2
      vertex 33.7228 8.59972 2
      vertex 33.0503 9.33821 2
    endloop
  endfacet
  facet normal 0 0 1
    outer loop
      vertex 34.3178 8.59972 2
      vertex 33.0503 9.33821 2
      vertex 33.7228 8.59972 2
    endloop
  endfacet
  facet normal 0 0 1
    outer loop
      vertex 35.2232 9.91798 2
      vertex 32.4461 12.2311 2
      vertex 33.0503 9.33821 2
    endloop
  endfacet
  facet normal 0 0 1
    outer loop
      vertex 42.5 14 2
      vertex 32.4461 12.2311 2
      vertex 35.3666 12.2311 2
    endloop
  endfacet
  facet normal 0 0 1
    outer loop
      vertex 42.5 14 2
      vertex 31.8693 12.2311 2
      vertex 32.4461 12.2311 2
    endloop
  endfacet
  facet normal -0 0 1
    outer loop
      vertex 18.5954 9.30727 2
      vertex 29.9011 8.90486 2
      vertex 29.9011 9.33208 2
    endloop
  endfacet
  facet normal 0 0 1
    outer loop
      vertex 29.55 4 2
      vertex 21.2 4 2
      vertex 29.55 -4 2
    endloop
  endfacet
  facet normal 0 0 1
    outer loop
      vertex 29.9011 8.90486 2
      vertex 21.2 4 2
      vertex 29.55 4 2
    endloop
  endfacet
  facet normal -0 0 1
    outer loop
      vertex 17.9912 12.2001 2
      vertex 29.9011 9.33208 2
      vertex 31.8693 12.2311 2
    endloop
  endfacet
  facet normal 0 0 1
    outer loop
      vertex 18.5954 8.87392 2
      vertex 29.9011 8.90486 2
      vertex 18.5954 9.30727 2
    endloop
  endfacet
  facet normal 0 0 1
    outer loop
      vertex 29.9011 9.33208 2
      vertex 17.9912 12.2001 2
      vertex 18.5954 9.30727 2
    endloop
  endfacet
  facet normal 0 0 1
    outer loop
      vertex 42.5 14 2
      vertex 17.9912 12.2001 2
      vertex 31.8693 12.2311 2
    endloop
  endfacet
  facet normal 0 0 1
    outer loop
      vertex 42.5 14 2
      vertex 17.4144 12.2001 2
      vertex 17.9912 12.2001 2
    endloop
  endfacet
  facet normal -0 0 1
    outer loop
      vertex 4.0562 9.1521 2
      vertex 15.4462 8.87392 2
      vertex 15.4462 9.30115 2
    endloop
  endfacet
  facet normal 0 0 1
    outer loop
      vertex 15.4462 8.87392 2
      vertex 4.0562 9.1521 2
      vertex 12.8 4 2
    endloop
  endfacet
  facet normal 0 0 1
    outer loop
      vertex 4.0562 9.1521 2
      vertex 15.4462 9.30115 2
      vertex 4.06119 9.29974 2
    endloop
  endfacet
  facet normal -0 0 1
    outer loop
      vertex 3.81094 12.1987 2
      vertex 15.4462 9.30115 2
      vertex 17.4144 12.2001 2
    endloop
  endfacet
  facet normal 0 0 1
    outer loop
      vertex 15.4462 9.30115 2
      vertex 4.05653 9.42986 2
      vertex 4.06119 9.29974 2
    endloop
  endfacet
  facet normal 0 0 1
    outer loop
      vertex 15.4462 9.30115 2
      vertex 4.04257 9.55441 2
      vertex 4.05653 9.42986 2
    endloop
  endfacet
  facet normal 0 0 1
    outer loop
      vertex 15.4462 9.30115 2
      vertex 4.01932 9.67339 2
      vertex 4.04257 9.55441 2
    endloop
  endfacet
  facet normal -0 0 1
    outer loop
      vertex 3.81094 11.7318 2
      vertex 15.4462 9.30115 2
      vertex 3.81094 12.1987 2
    endloop
  endfacet
  facet normal 0 0 1
    outer loop
      vertex 15.4462 9.30115 2
      vertex 3.81094 11.7318 2
      vertex 4.01932 9.67339 2
    endloop
  endfacet
  facet normal 0 0 1
    outer loop
      vertex 4.01932 9.67339 2
      vertex 3.81094 11.7318 2
      vertex 3.98674 9.78677 2
    endloop
  endfacet
  facet normal 0 0 1
    outer loop
      vertex 3.98674 9.78677 2
      vertex 3.81094 11.7318 2
      vertex 3.94487 9.89459 2
    endloop
  endfacet
  facet normal 0 0 1
    outer loop
      vertex 3.94487 9.89459 2
      vertex 3.81094 11.7318 2
      vertex 3.89369 9.99684 2
    endloop
  endfacet
  facet normal 0 0 1
    outer loop
      vertex 42.5 14 2
      vertex 3.81094 12.1987 2
      vertex 17.4144 12.2001 2
    endloop
  endfacet
  facet normal 0 0 1
    outer loop
      vertex 42.5 14 2
      vertex 1.36664 12.1987 2
      vertex 3.81094 12.1987 2
    endloop
  endfacet
  facet normal -0 0 1
    outer loop
      vertex -1.16025 11.1246 2
      vertex 1.22322 9.88564 2
      vertex 1.36664 12.1987 2
    endloop
  endfacet
  facet normal -0 0 1
    outer loop
      vertex -1.16309 11.0349 2
      vertex 1.22322 9.88564 2
      vertex -1.16025 11.1246 2
    endloop
  endfacet
  facet normal 0 -0 1
    outer loop
      vertex -1.09431 9.42459 2
      vertex 1.22322 9.88564 2
      vertex -1.12416 9.50055 2
    endloop
  endfacet
  facet normal -0 0 1
    outer loop
      vertex -1.04594 8.95721 2
      vertex -0.277222 8.56737 2
      vertex -1.04126 9.08612 2
    endloop
  endfacet
  facet normal 0 0 1
    outer loop
      vertex 1.22322 9.88564 2
      vertex -1.09431 9.42459 2
      vertex 0.317795 8.56737 2
    endloop
  endfacet
  facet normal 0 0 1
    outer loop
      vertex -0.277222 8.56737 2
      vertex -1.04459 9.17595 2
      vertex -1.04126 9.08612 2
    endloop
  endfacet
  facet normal 0 0 1
    outer loop
      vertex -0.277222 8.56737 2
      vertex -1.05453 9.2623 2
      vertex -1.04459 9.17595 2
    endloop
  endfacet
  facet normal 0 0 1
    outer loop
      vertex -0.277222 8.56737 2
      vertex -1.07111 9.34517 2
      vertex -1.05453 9.2623 2
    endloop
  endfacet
  facet normal 0 0 1
    outer loop
      vertex 0.317795 8.56737 2
      vertex -1.07111 9.34517 2
      vertex -0.277222 8.56737 2
    endloop
  endfacet
  facet normal -0 -0 1
    outer loop
      vertex -1.07111 9.34517 2
      vertex 0.317795 8.56737 2
      vertex -1.09431 9.42459 2
    endloop
  endfacet
  facet normal 0 0 1
    outer loop
      vertex 1.22322 9.88564 2
      vertex 0.317795 8.56737 2
      vertex 1.09811 8.86032 2
    endloop
  endfacet
  facet normal 0 0 1
    outer loop
      vertex 1.36664 12.1987 2
      vertex -1.16467 11.241 2
      vertex -1.16025 11.1246 2
    endloop
  endfacet
  facet normal 0 0 1
    outer loop
      vertex 1.36664 12.1987 2
      vertex -1.17795 11.3516 2
      vertex -1.16467 11.241 2
    endloop
  endfacet
  facet normal 0 0 1
    outer loop
      vertex 1.36664 12.1987 2
      vertex -1.20009 11.4563 2
      vertex -1.17795 11.3516 2
    endloop
  endfacet
  facet normal 0 0 1
    outer loop
      vertex 1.36664 12.1987 2
      vertex -1.23108 11.5553 2
      vertex -1.20009 11.4563 2
    endloop
  endfacet
  facet normal 0 0 1
    outer loop
      vertex 1.36664 12.1987 2
      vertex -1.27092 11.6483 2
      vertex -1.23108 11.5553 2
    endloop
  endfacet
  facet normal 0 0 1
    outer loop
      vertex 1.36664 12.1987 2
      vertex -1.31961 11.7355 2
      vertex -1.27092 11.6483 2
    endloop
  endfacet
  facet normal 0 0 1
    outer loop
      vertex 1.36664 12.1987 2
      vertex -1.37715 11.8169 2
      vertex -1.31961 11.7355 2
    endloop
  endfacet
  facet normal 0 0 1
    outer loop
      vertex 1.36664 12.1987 2
      vertex -1.44356 11.8925 2
      vertex -1.37715 11.8169 2
    endloop
  endfacet
  facet normal 0 0 1
    outer loop
      vertex 1.36664 12.1987 2
      vertex -1.5188 11.9622 2
      vertex -1.44356 11.8925 2
    endloop
  endfacet
  facet normal 0 0 1
    outer loop
      vertex 1.36664 12.1987 2
      vertex -1.60205 12.0253 2
      vertex -1.5188 11.9622 2
    endloop
  endfacet
  facet normal 0 0 1
    outer loop
      vertex 1.36664 12.1987 2
      vertex -1.69241 12.0809 2
      vertex -1.60205 12.0253 2
    endloop
  endfacet
  facet normal -0 0 1
    outer loop
      vertex -2.38412 12.2591 2
      vertex 1.36664 12.1987 2
      vertex 42.5 14 2
    endloop
  endfacet
  facet normal 0 0 1
    outer loop
      vertex 1.36664 12.1987 2
      vertex -1.78989 12.1292 2
      vertex -1.69241 12.0809 2
    endloop
  endfacet
  facet normal 0 0 1
    outer loop
      vertex 1.36664 12.1987 2
      vertex -1.8945 12.17 2
      vertex -1.78989 12.1292 2
    endloop
  endfacet
  facet normal 0 0 1
    outer loop
      vertex 1.36664 12.1987 2
      vertex -2.00623 12.2034 2
      vertex -1.8945 12.17 2
    endloop
  endfacet
  facet normal 0 0 1
    outer loop
      vertex 1.36664 12.1987 2
      vertex -2.12506 12.2294 2
      vertex -2.00623 12.2034 2
    endloop
  endfacet
  facet normal 0 0 1
    outer loop
      vertex 1.36664 12.1987 2
      vertex -2.25104 12.248 2
      vertex -2.12506 12.2294 2
    endloop
  endfacet
  facet normal 0 0 1
    outer loop
      vertex 1.36664 12.1987 2
      vertex -2.38412 12.2591 2
      vertex -2.25104 12.248 2
    endloop
  endfacet
  facet normal 0 0 1
    outer loop
      vertex 42.5 14 2
      vertex -2.52434 12.2628 2
      vertex -2.38412 12.2591 2
    endloop
  endfacet
  facet normal -0 0 1
    outer loop
      vertex -42.5 14 2
      vertex -2.52434 12.2628 2
      vertex 42.5 14 2
    endloop
  endfacet
  facet normal -0 0 1
    outer loop
      vertex -15.5094 9.2623 2
      vertex -4.00433 9.00372 2
      vertex -3.93108 11.1429 2
    endloop
  endfacet
  facet normal 0 0 1
    outer loop
      vertex -15.6329 11.3516 2
      vertex -3.93108 11.1429 2
      vertex -3.91362 11.2573 2
    endloop
  endfacet
  facet normal -0 0 1
    outer loop
      vertex -15.6329 11.3516 2
      vertex -3.91362 11.2573 2
      vertex -3.88835 11.366 2
    endloop
  endfacet
  facet normal -0 0 1
    outer loop
      vertex -15.655 11.4563 2
      vertex -3.88835 11.366 2
      vertex -3.8553 11.469 2
    endloop
  endfacet
  facet normal -0 0 1
    outer loop
      vertex -15.686 11.5553 2
      vertex -3.8553 11.469 2
      vertex -3.81444 11.5663 2
    endloop
  endfacet
  facet normal -0 0 1
    outer loop
      vertex -15.7258 11.6483 2
      vertex -3.81444 11.5663 2
      vertex -3.76579 11.6579 2
    endloop
  endfacet
  facet normal -0 0 1
    outer loop
      vertex -15.7745 11.7355 2
      vertex -3.76579 11.6579 2
      vertex -3.70934 11.7437 2
    endloop
  endfacet
  facet normal -0 0 1
    outer loop
      vertex -15.832 11.8169 2
      vertex -3.70934 11.7437 2
      vertex -3.64508 11.8238 2
    endloop
  endfacet
  facet normal -0 0 1
    outer loop
      vertex -15.8985 11.8925 2
      vertex -3.64508 11.8238 2
      vertex -3.57303 11.8981 2
    endloop
  endfacet
  facet normal -0 0 1
    outer loop
      vertex -15.9737 11.9622 2
      vertex -3.57303 11.8981 2
      vertex -3.49318 11.9668 2
    endloop
  endfacet
  facet normal 0 0 1
    outer loop
      vertex -15.5008 8.95721 2
      vertex -4.00433 9.00372 2
      vertex -15.4962 9.08612 2
    endloop
  endfacet
  facet normal -0 0 1
    outer loop
      vertex -16.0569 12.0253 2
      vertex -3.49318 11.9668 2
      vertex -3.40677 12.0289 2
    endloop
  endfacet
  facet normal -0 0 1
    outer loop
      vertex -16.1473 12.0809 2
      vertex -3.40677 12.0289 2
      vertex -3.31506 12.0837 2
    endloop
  endfacet
  facet normal 0 0 1
    outer loop
      vertex -16.1473 12.0809 2
      vertex -3.31506 12.0837 2
      vertex -3.21803 12.1312 2
    endloop
  endfacet
  facet normal 0 0 1
    outer loop
      vertex -16.2448 12.1292 2
      vertex -3.21803 12.1312 2
      vertex -3.11569 12.1714 2
    endloop
  endfacet
  facet normal 0 0 1
    outer loop
      vertex -16.3494 12.17 2
      vertex -3.11569 12.1714 2
      vertex -3.00804 12.2043 2
    endloop
  endfacet
  facet normal 0 0 1
    outer loop
      vertex -4.00433 9.00372 2
      vertex -15.4995 9.17595 2
      vertex -15.4962 9.08612 2
    endloop
  endfacet
  facet normal 0 0 1
    outer loop
      vertex -4.00433 9.00372 2
      vertex -15.5094 9.2623 2
      vertex -15.4995 9.17595 2
    endloop
  endfacet
  facet normal 0 0 1
    outer loop
      vertex -3.93108 11.1429 2
      vertex -15.526 9.34517 2
      vertex -15.5094 9.2623 2
    endloop
  endfacet
  facet normal 0 0 1
    outer loop
      vertex -15.618 11.0349 2
      vertex -3.93108 11.1429 2
      vertex -15.6151 11.1246 2
    endloop
  endfacet
  facet normal 0 0 1
    outer loop
      vertex -16.4611 12.2034 2
      vertex -3.00804 12.2043 2
      vertex -2.89508 12.2299 2
    endloop
  endfacet
  facet normal 0 0 1
    outer loop
      vertex -3.93108 11.1429 2
      vertex -15.618 11.0349 2
      vertex -15.526 9.34517 2
    endloop
  endfacet
  facet normal -0 0 1
    outer loop
      vertex -15.6265 10.9491 2
      vertex -15.526 9.34517 2
      vertex -15.618 11.0349 2
    endloop
  endfacet
  facet normal 0 0 1
    outer loop
      vertex -16.58 12.2294 2
      vertex -2.89508 12.2299 2
      vertex -2.77681 12.2482 2
    endloop
  endfacet
  facet normal 0 0 1
    outer loop
      vertex -16.7059 12.248 2
      vertex -2.77681 12.2482 2
      vertex -2.65323 12.2591 2
    endloop
  endfacet
  facet normal 0 0 1
    outer loop
      vertex -3.93108 11.1429 2
      vertex -15.6196 11.241 2
      vertex -15.6151 11.1246 2
    endloop
  endfacet
  facet normal 0 0 1
    outer loop
      vertex -3.93108 11.1429 2
      vertex -15.6329 11.3516 2
      vertex -15.6196 11.241 2
    endloop
  endfacet
  facet normal 0 0 1
    outer loop
      vertex -3.88835 11.366 2
      vertex -15.655 11.4563 2
      vertex -15.6329 11.3516 2
    endloop
  endfacet
  facet normal 0 0 1
    outer loop
      vertex -3.8553 11.469 2
      vertex -15.686 11.5553 2
      vertex -15.655 11.4563 2
    endloop
  endfacet
  facet normal 0 0 1
    outer loop
      vertex -3.81444 11.5663 2
      vertex -15.7258 11.6483 2
      vertex -15.686 11.5553 2
    endloop
  endfacet
  facet normal 0 0 1
    outer loop
      vertex -3.76579 11.6579 2
      vertex -15.7745 11.7355 2
      vertex -15.7258 11.6483 2
    endloop
  endfacet
  facet normal 0 0 1
    outer loop
      vertex -3.70934 11.7437 2
      vertex -15.832 11.8169 2
      vertex -15.7745 11.7355 2
    endloop
  endfacet
  facet normal 0 0 1
    outer loop
      vertex -2.52434 12.2628 2
      vertex -42.5 14 2
      vertex -2.65323 12.2591 2
    endloop
  endfacet
  facet normal 0 0 1
    outer loop
      vertex -3.64508 11.8238 2
      vertex -15.8985 11.8925 2
      vertex -15.832 11.8169 2
    endloop
  endfacet
  facet normal 0 0 1
    outer loop
      vertex -3.57303 11.8981 2
      vertex -15.9737 11.9622 2
      vertex -15.8985 11.8925 2
    endloop
  endfacet
  facet normal 0 0 1
    outer loop
      vertex -3.49318 11.9668 2
      vertex -16.0569 12.0253 2
      vertex -15.9737 11.9622 2
    endloop
  endfacet
  facet normal 0 0 1
    outer loop
      vertex -3.40677 12.0289 2
      vertex -16.1473 12.0809 2
      vertex -16.0569 12.0253 2
    endloop
  endfacet
  facet normal 0 0 1
    outer loop
      vertex -3.21803 12.1312 2
      vertex -16.2448 12.1292 2
      vertex -16.1473 12.0809 2
    endloop
  endfacet
  facet normal 0 0 1
    outer loop
      vertex -3.11569 12.1714 2
      vertex -16.3494 12.17 2
      vertex -16.2448 12.1292 2
    endloop
  endfacet
  facet normal 0 0 1
    outer loop
      vertex -3.00804 12.2043 2
      vertex -16.4611 12.2034 2
      vertex -16.3494 12.17 2
    endloop
  endfacet
  facet normal 0 0 1
    outer loop
      vertex -2.89508 12.2299 2
      vertex -16.58 12.2294 2
      vertex -16.4611 12.2034 2
    endloop
  endfacet
  facet normal 0 0 1
    outer loop
      vertex -2.77681 12.2482 2
      vertex -16.7059 12.248 2
      vertex -16.58 12.2294 2
    endloop
  endfacet
  facet normal 0 0 1
    outer loop
      vertex -2.65323 12.2591 2
      vertex -16.839 12.2591 2
      vertex -16.7059 12.248 2
    endloop
  endfacet
  facet normal 0 0 1
    outer loop
      vertex -2.65323 12.2591 2
      vertex -42.5 14 2
      vertex -16.839 12.2591 2
    endloop
  endfacet
  facet normal 0 0 1
    outer loop
      vertex -16.839 12.2591 2
      vertex -42.5 14 2
      vertex -16.9792 12.2628 2
    endloop
  endfacet
  facet normal -0 0 1
    outer loop
      vertex -29.9574 9.55441 2
      vertex -18.4592 9.00372 2
      vertex -18.386 11.1429 2
    endloop
  endfacet
  facet normal 0 0 1
    outer loop
      vertex -30.1891 12.1987 2
      vertex -18.386 11.1429 2
      vertex -18.3685 11.2573 2
    endloop
  endfacet
  facet normal 0 0 1
    outer loop
      vertex -30.1891 12.1987 2
      vertex -18.3685 11.2573 2
      vertex -18.3432 11.366 2
    endloop
  endfacet
  facet normal 0 0 1
    outer loop
      vertex -18.4592 9.00372 2
      vertex -29.9438 9.1521 2
      vertex -20.7 4 2
    endloop
  endfacet
  facet normal -0 0 1
    outer loop
      vertex -29.9438 9.1521 2
      vertex -18.4592 9.00372 2
      vertex -29.9388 9.29974 2
    endloop
  endfacet
  facet normal 0 0 1
    outer loop
      vertex -30.1891 12.1987 2
      vertex -18.3432 11.366 2
      vertex -18.3102 11.469 2
    endloop
  endfacet
  facet normal 0 0 1
    outer loop
      vertex -30.1891 12.1987 2
      vertex -18.3102 11.469 2
      vertex -18.2693 11.5663 2
    endloop
  endfacet
  facet normal 0 0 1
    outer loop
      vertex -30.1891 12.1987 2
      vertex -18.2693 11.5663 2
      vertex -18.2207 11.6579 2
    endloop
  endfacet
  facet normal 0 0 1
    outer loop
      vertex -30.1891 12.1987 2
      vertex -18.2207 11.6579 2
      vertex -18.1642 11.7437 2
    endloop
  endfacet
  facet normal 0 0 1
    outer loop
      vertex -30.1891 12.1987 2
      vertex -18.1642 11.7437 2
      vertex -18.1 11.8238 2
    endloop
  endfacet
  facet normal 0 0 1
    outer loop
      vertex -30.1891 12.1987 2
      vertex -18.1 11.8238 2
      vertex -18.0279 11.8981 2
    endloop
  endfacet
  facet normal 0 0 1
    outer loop
      vertex -30.1891 12.1987 2
      vertex -18.0279 11.8981 2
      vertex -17.9481 11.9668 2
    endloop
  endfacet
  facet normal 0 0 1
    outer loop
      vertex -30.1891 12.1987 2
      vertex -17.9481 11.9668 2
      vertex -17.8617 12.0289 2
    endloop
  endfacet
  facet normal 0 0 1
    outer loop
      vertex -30.1891 12.1987 2
      vertex -17.8617 12.0289 2
      vertex -17.7699 12.0837 2
    endloop
  endfacet
  facet normal 0 0 1
    outer loop
      vertex -30.1891 12.1987 2
      vertex -17.7699 12.0837 2
      vertex -17.6729 12.1312 2
    endloop
  endfacet
  facet normal 0 0 1
    outer loop
      vertex -30.1891 12.1987 2
      vertex -17.6729 12.1312 2
      vertex -17.5706 12.1714 2
    endloop
  endfacet
  facet normal -0 0 1
    outer loop
      vertex -30.1891 12.1987 2
      vertex -17.5706 12.1714 2
      vertex -17.4629 12.2043 2
    endloop
  endfacet
  facet normal 0 0 1
    outer loop
      vertex -18.4592 9.00372 2
      vertex -29.9435 9.42986 2
      vertex -29.9388 9.29974 2
    endloop
  endfacet
  facet normal 0 0 1
    outer loop
      vertex -30.1891 12.1987 2
      vertex -17.4629 12.2043 2
      vertex -17.35 12.2299 2
    endloop
  endfacet
  facet normal 0 0 1
    outer loop
      vertex -18.4592 9.00372 2
      vertex -29.9574 9.55441 2
      vertex -29.9435 9.42986 2
    endloop
  endfacet
  facet normal 0 0 1
    outer loop
      vertex -18.386 11.1429 2
      vertex -29.9807 9.67339 2
      vertex -29.9574 9.55441 2
    endloop
  endfacet
  facet normal 0 0 1
    outer loop
      vertex -30.1891 11.7318 2
      vertex -29.9807 9.67339 2
      vertex -18.386 11.1429 2
    endloop
  endfacet
  facet normal -0 0 1
    outer loop
      vertex -30.1891 11.7318 2
      vertex -18.386 11.1429 2
      vertex -30.1891 12.1987 2
    endloop
  endfacet
  facet normal 0 0 1
    outer loop
      vertex -29.9807 9.67339 2
      vertex -30.1891 11.7318 2
      vertex -30.0133 9.78677 2
    endloop
  endfacet
  facet normal 0 0 1
    outer loop
      vertex -30.0133 9.78677 2
      vertex -30.1891 11.7318 2
      vertex -30.0551 9.89459 2
    endloop
  endfacet
  facet normal 0 0 1
    outer loop
      vertex -30.0551 9.89459 2
      vertex -30.1891 11.7318 2
      vertex -30.1063 9.99684 2
    endloop
  endfacet
  facet normal 0 0 1
    outer loop
      vertex -17.2317 12.2482 2
      vertex -30.1891 12.1987 2
      vertex -17.35 12.2299 2
    endloop
  endfacet
  facet normal 0 0 1
    outer loop
      vertex -17.1081 12.2591 2
      vertex -30.1891 12.1987 2
      vertex -17.2317 12.2482 2
    endloop
  endfacet
  facet normal 0 0 1
    outer loop
      vertex -16.9792 12.2628 2
      vertex -42.5 14 2
      vertex -17.1081 12.2591 2
    endloop
  endfacet
  facet normal 0 0 1
    outer loop
      vertex -17.1081 12.2591 2
      vertex -42.5 14 2
      vertex -30.1891 12.1987 2
    endloop
  endfacet
  facet normal -0 0 1
    outer loop
      vertex -35.1481 11.0849 2
      vertex -32.7768 9.88564 2
      vertex -32.6334 12.1987 2
    endloop
  endfacet
  facet normal -0 0 1
    outer loop
      vertex -35.1495 11.0293 2
      vertex -32.7768 9.88564 2
      vertex -35.1481 11.0849 2
    endloop
  endfacet
  facet normal 0 0 1
    outer loop
      vertex -32.7768 9.88564 2
      vertex -33.6822 8.56737 2
      vertex -32.9019 8.86032 2
    endloop
  endfacet
  facet normal 0 0 1
    outer loop
      vertex -34.2772 8.56737 2
      vertex -35.0809 8.36595 2
      vertex -34.2772 7.89906 2
    endloop
  endfacet
  facet normal 0 0 1
    outer loop
      vertex -32.7768 9.88564 2
      vertex -34.2772 8.56737 2
      vertex -33.6822 8.56737 2
    endloop
  endfacet
  facet normal -0 0 1
    outer loop
      vertex -35.1537 10.9738 2
      vertex -32.7768 9.88564 2
      vertex -35.1495 11.0293 2
    endloop
  endfacet
  facet normal 0 0 1
    outer loop
      vertex -32.6334 12.1987 2
      vertex -35.1524 11.2072 2
      vertex -35.1481 11.0849 2
    endloop
  endfacet
  facet normal 0 0 1
    outer loop
      vertex -32.6334 12.1987 2
      vertex -35.1653 11.3231 2
      vertex -35.1524 11.2072 2
    endloop
  endfacet
  facet normal 0 0 1
    outer loop
      vertex -32.6334 12.1987 2
      vertex -35.1869 11.4326 2
      vertex -35.1653 11.3231 2
    endloop
  endfacet
  facet normal 0 0 1
    outer loop
      vertex -32.6334 12.1987 2
      vertex -35.2171 11.5358 2
      vertex -35.1869 11.4326 2
    endloop
  endfacet
  facet normal 0 0 1
    outer loop
      vertex -32.6334 12.1987 2
      vertex -35.2559 11.6326 2
      vertex -35.2171 11.5358 2
    endloop
  endfacet
  facet normal 0 0 1
    outer loop
      vertex -32.6334 12.1987 2
      vertex -35.3033 11.723 2
      vertex -35.2559 11.6326 2
    endloop
  endfacet
  facet normal 0 0 1
    outer loop
      vertex -32.6334 12.1987 2
      vertex -35.3594 11.8071 2
      vertex -35.3033 11.723 2
    endloop
  endfacet
  facet normal 0 0 1
    outer loop
      vertex -32.6334 12.1987 2
      vertex -35.4241 11.8848 2
      vertex -35.3594 11.8071 2
    endloop
  endfacet
  facet normal 0 0 1
    outer loop
      vertex -32.6334 12.1987 2
      vertex -35.4975 11.9561 2
      vertex -35.4241 11.8848 2
    endloop
  endfacet
  facet normal 0 0 1
    outer loop
      vertex -32.6334 12.1987 2
      vertex -35.5788 12.0205 2
      vertex -35.4975 11.9561 2
    endloop
  endfacet
  facet normal 0 0 1
    outer loop
      vertex -32.6334 12.1987 2
      vertex -35.6676 12.0773 2
      vertex -35.5788 12.0205 2
    endloop
  endfacet
  facet normal 0 0 1
    outer loop
      vertex -32.6334 12.1987 2
      vertex -35.7638 12.1265 2
      vertex -35.6676 12.0773 2
    endloop
  endfacet
  facet normal 0 0 1
    outer loop
      vertex -30.1891 12.1987 2
      vertex -42.5 14 2
      vertex -32.6334 12.1987 2
    endloop
  endfacet
  facet normal 0 0 1
    outer loop
      vertex -32.6334 12.1987 2
      vertex -35.8674 12.1681 2
      vertex -35.7638 12.1265 2
    endloop
  endfacet
  facet normal 0 0 1
    outer loop
      vertex -32.6334 12.1987 2
      vertex -35.9785 12.2022 2
      vertex -35.8674 12.1681 2
    endloop
  endfacet
  facet normal -0 -0 1
    outer loop
      vertex -36.2228 12.2477 2
      vertex -32.6334 12.1987 2
      vertex -42.5 14 2
    endloop
  endfacet
  facet normal 0 0 1
    outer loop
      vertex -32.6334 12.1987 2
      vertex -36.0969 12.2287 2
      vertex -35.9785 12.2022 2
    endloop
  endfacet
  facet normal 0 0 1
    outer loop
      vertex -32.6334 12.1987 2
      vertex -36.2228 12.2477 2
      vertex -36.0969 12.2287 2
    endloop
  endfacet
  facet normal 0 0 1
    outer loop
      vertex -36.2228 12.2477 2
      vertex -42.5 14 2
      vertex -36.3561 12.259 2
    endloop
  endfacet
  facet normal 0 0 1
    outer loop
      vertex -37.928 8.28661 2
      vertex -42.5 14 2
      vertex -37.928 7.89906 2
    endloop
  endfacet
  facet normal 0 0 1
    outer loop
      vertex -37.9036 11.1368 2
      vertex -42.5 14 2
      vertex -37.928 8.28661 2
    endloop
  endfacet
  facet normal 0 0 1
    outer loop
      vertex -37.8862 11.2488 2
      vertex -42.5 14 2
      vertex -37.9036 11.1368 2
    endloop
  endfacet
  facet normal 0 0 1
    outer loop
      vertex -37.8609 11.3556 2
      vertex -42.5 14 2
      vertex -37.8862 11.2488 2
    endloop
  endfacet
  facet normal 0 0 1
    outer loop
      vertex -37.8279 11.4572 2
      vertex -42.5 14 2
      vertex -37.8609 11.3556 2
    endloop
  endfacet
  facet normal 0 0 1
    outer loop
      vertex -37.787 11.5536 2
      vertex -42.5 14 2
      vertex -37.8279 11.4572 2
    endloop
  endfacet
  facet normal 0 0 1
    outer loop
      vertex -37.7383 11.6448 2
      vertex -42.5 14 2
      vertex -37.787 11.5536 2
    endloop
  endfacet
  facet normal 0 0 1
    outer loop
      vertex -37.6819 11.7308 2
      vertex -42.5 14 2
      vertex -37.7383 11.6448 2
    endloop
  endfacet
  facet normal 0 0 1
    outer loop
      vertex -37.6176 11.8116 2
      vertex -42.5 14 2
      vertex -37.6819 11.7308 2
    endloop
  endfacet
  facet normal 0 0 1
    outer loop
      vertex -37.5456 11.8872 2
      vertex -42.5 14 2
      vertex -37.6176 11.8116 2
    endloop
  endfacet
  facet normal 0 0 1
    outer loop
      vertex -37.4657 11.9576 2
      vertex -42.5 14 2
      vertex -37.5456 11.8872 2
    endloop
  endfacet
  facet normal 0 0 1
    outer loop
      vertex -37.3793 12.0217 2
      vertex -42.5 14 2
      vertex -37.4657 11.9576 2
    endloop
  endfacet
  facet normal 0 0 1
    outer loop
      vertex -37.2876 12.0782 2
      vertex -42.5 14 2
      vertex -37.3793 12.0217 2
    endloop
  endfacet
  facet normal 0 0 1
    outer loop
      vertex -37.1906 12.1272 2
      vertex -42.5 14 2
      vertex -37.2876 12.0782 2
    endloop
  endfacet
  facet normal 0 0 1
    outer loop
      vertex -37.0882 12.1686 2
      vertex -42.5 14 2
      vertex -37.1906 12.1272 2
    endloop
  endfacet
  facet normal 0 0 1
    outer loop
      vertex -36.9806 12.2025 2
      vertex -42.5 14 2
      vertex -37.0882 12.1686 2
    endloop
  endfacet
  facet normal 0 0 1
    outer loop
      vertex -36.8676 12.2289 2
      vertex -42.5 14 2
      vertex -36.9806 12.2025 2
    endloop
  endfacet
  facet normal 0 0 1
    outer loop
      vertex -36.7493 12.2477 2
      vertex -42.5 14 2
      vertex -36.8676 12.2289 2
    endloop
  endfacet
  facet normal 0 0 1
    outer loop
      vertex -36.6257 12.259 2
      vertex -42.5 14 2
      vertex -36.7493 12.2477 2
    endloop
  endfacet
  facet normal 0 0 1
    outer loop
      vertex -36.4968 12.2628 2
      vertex -42.5 14 2
      vertex -36.6257 12.259 2
    endloop
  endfacet
  facet normal 0 0 1
    outer loop
      vertex -36.3561 12.259 2
      vertex -42.5 14 2
      vertex -36.4968 12.2628 2
    endloop
  endfacet
  facet normal -0 0 1
    outer loop
      vertex 38.45 -4 2
      vertex 42.5 -6 2
      vertex 38.45 4 2
    endloop
  endfacet
  facet normal -0 0 1
    outer loop
      vertex 29.55 -4 2
      vertex 42.5 -6 2
      vertex 38.45 -4 2
    endloop
  endfacet
  facet normal 0 0 1
    outer loop
      vertex 21.2 -4 2
      vertex 29.55 -4 2
      vertex 21.2 4 2
    endloop
  endfacet
  facet normal -0 0 1
    outer loop
      vertex 21.2 -4 2
      vertex 42.5 -6 2
      vertex 29.55 -4 2
    endloop
  endfacet
  facet normal -0 0 1
    outer loop
      vertex 12.8 -4 2
      vertex 42.5 -6 2
      vertex 21.2 -4 2
    endloop
  endfacet
  facet normal -0 0 1
    outer loop
      vertex 4.04121 9.01161 2
      vertex 12.8 4 2
      vertex 4.0562 9.1521 2
    endloop
  endfacet
  facet normal -0 0 1
    outer loop
      vertex 4.01625 8.8783 2
      vertex 12.8 4 2
      vertex 4.04121 9.01161 2
    endloop
  endfacet
  facet normal -0 0 1
    outer loop
      vertex 3.98131 8.75212 2
      vertex 12.8 4 2
      vertex 4.01625 8.8783 2
    endloop
  endfacet
  facet normal -0 0 1
    outer loop
      vertex 3.93639 8.63312 2
      vertex 12.8 4 2
      vertex 3.98131 8.75212 2
    endloop
  endfacet
  facet normal 0 0 1
    outer loop
      vertex 12.8 4 2
      vertex 3.95 4 2
      vertex 12.8 -4 2
    endloop
  endfacet
  facet normal 0 0 1
    outer loop
      vertex 3.95 -4 2
      vertex 12.8 -4 2
      vertex 3.95 4 2
    endloop
  endfacet
  facet normal -0 0 1
    outer loop
      vertex 3.95 -4 2
      vertex 42.5 -6 2
      vertex 12.8 -4 2
    endloop
  endfacet
  facet normal -0 0 1
    outer loop
      vertex -3.95 -4 2
      vertex 42.5 -6 2
      vertex 3.95 -4 2
    endloop
  endfacet
  facet normal 0 0 1
    outer loop
      vertex -13.3 4 2
      vertex -3.95618 8.76135 2
      vertex -3.98416 8.87906 2
    endloop
  endfacet
  facet normal 0 0 1
    outer loop
      vertex -13.3 4 2
      vertex -3.98416 8.87906 2
      vertex -4.00433 9.00372 2
    endloop
  endfacet
  facet normal 0 0 1
    outer loop
      vertex -3.95 4 2
      vertex -13.3 4 2
      vertex -3.95 -4 2
    endloop
  endfacet
  facet normal 0 0 1
    outer loop
      vertex -13.3 -4 2
      vertex -3.95 -4 2
      vertex -13.3 4 2
    endloop
  endfacet
  facet normal 0 0 1
    outer loop
      vertex -42.5 -6 2
      vertex -3.95 -4 2
      vertex -13.3 -4 2
    endloop
  endfacet
  facet normal 0 0 1
    outer loop
      vertex -42.5 -6 2
      vertex -13.3 -4 2
      vertex -20.7 -4 2
    endloop
  endfacet
  facet normal -0 0 1
    outer loop
      vertex -29.9588 9.01161 2
      vertex -20.7 4 2
      vertex -29.9438 9.1521 2
    endloop
  endfacet
  facet normal -0 0 1
    outer loop
      vertex -29.9837 8.8783 2
      vertex -20.7 4 2
      vertex -29.9588 9.01161 2
    endloop
  endfacet
  facet normal -0 0 1
    outer loop
      vertex -30.0187 8.75212 2
      vertex -20.7 4 2
      vertex -29.9837 8.8783 2
    endloop
  endfacet
  facet normal -0 0 1
    outer loop
      vertex -30.0636 8.63312 2
      vertex -20.7 4 2
      vertex -30.0187 8.75212 2
    endloop
  endfacet
  facet normal -0 0 1
    outer loop
      vertex -30.1185 8.52126 2
      vertex -20.7 4 2
      vertex -30.0636 8.63312 2
    endloop
  endfacet
  facet normal 0 0 1
    outer loop
      vertex -20.7 4 2
      vertex -30.1185 8.52126 2
      vertex -30.55 4 2
    endloop
  endfacet
  facet normal 0 0 1
    outer loop
      vertex -30.55 4 2
      vertex -30.1185 8.52126 2
      vertex -30.1834 8.41656 2
    endloop
  endfacet
  facet normal 0 0 1
    outer loop
      vertex -30.55 4 2
      vertex -30.1834 8.41656 2
      vertex -30.2583 8.31903 2
    endloop
  endfacet
  facet normal 0 0 1
    outer loop
      vertex -30.55 4 2
      vertex -30.2583 8.31903 2
      vertex -30.3432 8.22865 2
    endloop
  endfacet
  facet normal 0 0 1
    outer loop
      vertex -30.55 4 2
      vertex -30.3432 8.22865 2
      vertex -30.4369 8.14667 2
    endloop
  endfacet
  facet normal 0 0 1
    outer loop
      vertex -30.55 4 2
      vertex -30.4369 8.14667 2
      vertex -30.5383 8.07434 2
    endloop
  endfacet
  facet normal 0 0 1
    outer loop
      vertex -20.7 4 2
      vertex -30.55 4 2
      vertex -20.7 -4 2
    endloop
  endfacet
  facet normal 0 0 1
    outer loop
      vertex -30.55 -4 2
      vertex -20.7 -4 2
      vertex -30.55 4 2
    endloop
  endfacet
  facet normal 0 0 1
    outer loop
      vertex -42.5 -6 2
      vertex -20.7 -4 2
      vertex -30.55 -4 2
    endloop
  endfacet
  facet normal 0 0 1
    outer loop
      vertex -42.5 -6 2
      vertex -30.55 -4 2
      vertex -37.45 -4 2
    endloop
  endfacet
  facet normal 0 0 1
    outer loop
      vertex -37.45 4 2
      vertex -42.5 14 2
      vertex -42.5 -6 2
    endloop
  endfacet
  facet normal 0 0 1
    outer loop
      vertex -3.95 -4 2
      vertex -42.5 -6 2
      vertex 42.5 -6 2
    endloop
  endfacet
  facet normal 0 0 1
    outer loop
      vertex -37.45 4 2
      vertex -42.5 -6 2
      vertex -37.45 -4 2
    endloop
  endfacet
  facet normal 0 0 1
    outer loop
      vertex 38.0412 9.04396 2
      vertex 42.5 14 2
      vertex 38.0562 9.18445 2
    endloop
  endfacet
  facet normal 0 0 1
    outer loop
      vertex 38.0163 8.91063 2
      vertex 42.5 14 2
      vertex 38.0412 9.04396 2
    endloop
  endfacet
  facet normal 0 0 1
    outer loop
      vertex 42.5 14 2
      vertex 38.0163 8.91063 2
      vertex 38.45 4 2
    endloop
  endfacet
  facet normal -0 0 1
    outer loop
      vertex 37.9813 8.78447 2
      vertex 38.45 4 2
      vertex 38.0163 8.91063 2
    endloop
  endfacet
  facet normal -0 0 1
    outer loop
      vertex 37.9364 8.66545 2
      vertex 38.45 4 2
      vertex 37.9813 8.78447 2
    endloop
  endfacet
  facet normal -0 0 1
    outer loop
      vertex 37.8815 8.5536 2
      vertex 38.45 4 2
      vertex 37.9364 8.66545 2
    endloop
  endfacet
  facet normal -0 0 1
    outer loop
      vertex 37.8166 8.44891 2
      vertex 38.45 4 2
      vertex 37.8815 8.5536 2
    endloop
  endfacet
  facet normal -0 0 1
    outer loop
      vertex 37.7417 8.35138 2
      vertex 38.45 4 2
      vertex 37.8166 8.44891 2
    endloop
  endfacet
  facet normal -0 0 1
    outer loop
      vertex 37.6568 8.26099 2
      vertex 38.45 4 2
      vertex 37.7417 8.35138 2
    endloop
  endfacet
  facet normal -0 0 1
    outer loop
      vertex 37.5631 8.17902 2
      vertex 38.45 4 2
      vertex 37.6568 8.26099 2
    endloop
  endfacet
  facet normal -0 0 1
    outer loop
      vertex 37.4617 8.10669 2
      vertex 38.45 4 2
      vertex 37.5631 8.17902 2
    endloop
  endfacet
  facet normal -0 0 1
    outer loop
      vertex 37.3525 8.04399 2
      vertex 38.45 4 2
      vertex 37.4617 8.10669 2
    endloop
  endfacet
  facet normal -0 0 1
    outer loop
      vertex 37.2356 7.99095 2
      vertex 38.45 4 2
      vertex 37.3525 8.04399 2
    endloop
  endfacet
  facet normal -0 0 1
    outer loop
      vertex 37.111 7.94756 2
      vertex 38.45 4 2
      vertex 37.2356 7.99095 2
    endloop
  endfacet
  facet normal -0 0 1
    outer loop
      vertex 36.9787 7.91379 2
      vertex 38.45 4 2
      vertex 37.111 7.94756 2
    endloop
  endfacet
  facet normal -0 0 1
    outer loop
      vertex 36.8387 7.88968 2
      vertex 38.45 4 2
      vertex 36.9787 7.91379 2
    endloop
  endfacet
  facet normal -0 0 1
    outer loop
      vertex 36.6909 7.87521 2
      vertex 38.45 4 2
      vertex 36.8387 7.88968 2
    endloop
  endfacet
  facet normal -0 0 1
    outer loop
      vertex 36.5354 7.87039 2
      vertex 38.45 4 2
      vertex 36.6909 7.87521 2
    endloop
  endfacet
  facet normal 0 0 1
    outer loop
      vertex 36.4046 7.87363 2
      vertex 38.45 4 2
      vertex 36.5354 7.87039 2
    endloop
  endfacet
  facet normal 0 0 1
    outer loop
      vertex 36.2796 7.88335 2
      vertex 38.45 4 2
      vertex 36.4046 7.87363 2
    endloop
  endfacet
  facet normal 0 0 1
    outer loop
      vertex 36.1604 7.89955 2
      vertex 38.45 4 2
      vertex 36.2796 7.88335 2
    endloop
  endfacet
  facet normal 0 0 1
    outer loop
      vertex 36.0468 7.92224 2
      vertex 38.45 4 2
      vertex 36.1604 7.89955 2
    endloop
  endfacet
  facet normal -0 0 1
    outer loop
      vertex 34.3178 7.93141 2
      vertex 36.0468 7.92224 2
      vertex 35.939 7.9514 2
    endloop
  endfacet
  facet normal 0 0 1
    outer loop
      vertex 34.3178 7.93141 2
      vertex 35.939 7.9514 2
      vertex 35.8369 7.98703 2
    endloop
  endfacet
  facet normal 0 0 1
    outer loop
      vertex 34.3178 7.93141 2
      vertex 35.8369 7.98703 2
      vertex 35.7405 8.02916 2
    endloop
  endfacet
  facet normal 0 0 1
    outer loop
      vertex 34.3178 7.93141 2
      vertex 35.7405 8.02916 2
      vertex 35.6499 8.07776 2
    endloop
  endfacet
  facet normal 0 0 1
    outer loop
      vertex 34.3178 7.93141 2
      vertex 35.6499 8.07776 2
      vertex 35.565 8.13283 2
    endloop
  endfacet
  facet normal 0 0 1
    outer loop
      vertex 34.3178 7.93141 2
      vertex 35.565 8.13283 2
      vertex 35.4863 8.19406 2
    endloop
  endfacet
  facet normal 0 0 1
    outer loop
      vertex 34.3178 7.93141 2
      vertex 35.4863 8.19406 2
      vertex 35.4143 8.26108 2
    endloop
  endfacet
  facet normal 0 0 1
    outer loop
      vertex 34.3178 7.93141 2
      vertex 35.4143 8.26108 2
      vertex 35.349 8.33389 2
    endloop
  endfacet
  facet normal 0 0 1
    outer loop
      vertex 34.3178 7.93141 2
      vertex 35.349 8.33389 2
      vertex 35.2904 8.41252 2
    endloop
  endfacet
  facet normal 0 0 1
    outer loop
      vertex 34.3178 8.59972 2
      vertex 35.1232 8.78503 2
      vertex 35.0981 8.89265 2
    endloop
  endfacet
  facet normal 0 0 1
    outer loop
      vertex 34.3178 8.59972 2
      vertex 35.1549 8.6832 2
      vertex 35.1232 8.78503 2
    endloop
  endfacet
  facet normal -0 0 1
    outer loop
      vertex 34.3178 8.59972 2
      vertex 35.1934 8.58717 2
      vertex 35.1549 8.6832 2
    endloop
  endfacet
  facet normal 0 0 1
    outer loop
      vertex 34.3178 8.59972 2
      vertex 35.2386 8.49695 2
      vertex 35.1934 8.58717 2
    endloop
  endfacet
  facet normal 0 0 1
    outer loop
      vertex 34.3178 7.93141 2
      vertex 35.2386 8.49695 2
      vertex 34.3178 8.59972 2
    endloop
  endfacet
  facet normal 0 0 1
    outer loop
      vertex 35.2386 8.49695 2
      vertex 34.3178 7.93141 2
      vertex 35.2904 8.41252 2
    endloop
  endfacet
  facet normal 0 0 1
    outer loop
      vertex 36.0468 7.92224 2
      vertex 34.3178 7.93141 2
      vertex 38.45 4 2
    endloop
  endfacet
  facet normal -0 0 1
    outer loop
      vertex 33.7228 7.93141 2
      vertex 38.45 4 2
      vertex 34.3178 7.93141 2
    endloop
  endfacet
  facet normal 0 0 1
    outer loop
      vertex 33.7228 8.59972 2
      vertex 33.0503 8.90486 2
      vertex 33.7228 7.93141 2
    endloop
  endfacet
  facet normal 0 0 1
    outer loop
      vertex 32.4461 7.93141 2
      vertex 33.0503 8.90486 2
      vertex 32.4461 8.90486 2
    endloop
  endfacet
  facet normal 0 0 1
    outer loop
      vertex 33.0503 8.90486 2
      vertex 32.4461 7.93141 2
      vertex 33.7228 7.93141 2
    endloop
  endfacet
  facet normal 0 0 1
    outer loop
      vertex 29.55 4 2
      vertex 33.7228 7.93141 2
      vertex 32.4461 7.93141 2
    endloop
  endfacet
  facet normal 0 0 1
    outer loop
      vertex 29.55 4 2
      vertex 32.4461 7.93141 2
      vertex 31.9273 7.93141 2
    endloop
  endfacet
  facet normal 0 0 1
    outer loop
      vertex 29.55 4 2
      vertex 31.9273 7.93141 2
      vertex 29.9011 8.90486 2
    endloop
  endfacet
  facet normal 0 0 1
    outer loop
      vertex 33.7228 7.93141 2
      vertex 29.55 4 2
      vertex 38.45 4 2
    endloop
  endfacet
  facet normal 0 0 1
    outer loop
      vertex 37.8937 10.0292 2
      vertex 37.8109 11.7642 2
      vertex 37.8332 10.1258 2
    endloop
  endfacet
  facet normal 0 0 1
    outer loop
      vertex 37.8109 11.7642 2
      vertex 37.7634 10.2169 2
      vertex 37.8332 10.1258 2
    endloop
  endfacet
  facet normal 0 0 1
    outer loop
      vertex 37.8109 11.7642 2
      vertex 37.6843 10.3024 2
      vertex 37.7634 10.2169 2
    endloop
  endfacet
  facet normal 0 0 1
    outer loop
      vertex 37.8109 11.7642 2
      vertex 37.5974 10.3806 2
      vertex 37.6843 10.3024 2
    endloop
  endfacet
  facet normal 0 0 1
    outer loop
      vertex 37.8109 11.7642 2
      vertex 37.5041 10.4495 2
      vertex 37.5974 10.3806 2
    endloop
  endfacet
  facet normal 0 0 1
    outer loop
      vertex 37.8109 11.7642 2
      vertex 37.4044 10.5093 2
      vertex 37.5041 10.4495 2
    endloop
  endfacet
  facet normal 0 0 1
    outer loop
      vertex 37.8109 11.7642 2
      vertex 37.2984 10.5598 2
      vertex 37.4044 10.5093 2
    endloop
  endfacet
  facet normal 0 0 1
    outer loop
      vertex 37.8109 11.7642 2
      vertex 37.186 10.6012 2
      vertex 37.2984 10.5598 2
    endloop
  endfacet
  facet normal 0 0 1
    outer loop
      vertex 37.8109 11.7642 2
      vertex 37.0672 10.6334 2
      vertex 37.186 10.6012 2
    endloop
  endfacet
  facet normal 0 0 1
    outer loop
      vertex 37.8109 11.7642 2
      vertex 36.9421 10.6563 2
      vertex 37.0672 10.6334 2
    endloop
  endfacet
  facet normal 0 0 1
    outer loop
      vertex 37.8109 11.7642 2
      vertex 36.8106 10.6701 2
      vertex 36.9421 10.6563 2
    endloop
  endfacet
  facet normal -0 0 1
    outer loop
      vertex 35.8671 11.7642 2
      vertex 36.8106 10.6701 2
      vertex 37.8109 11.7642 2
    endloop
  endfacet
  facet normal 0 0 1
    outer loop
      vertex 36.8106 10.6701 2
      vertex 35.8671 11.7642 2
      vertex 36.6727 10.6747 2
    endloop
  endfacet
  facet normal 0 0 1
    outer loop
      vertex 36.6727 10.6747 2
      vertex 35.8671 11.7642 2
      vertex 36.5569 10.6713 2
    endloop
  endfacet
  facet normal 0 0 1
    outer loop
      vertex 36.5569 10.6713 2
      vertex 35.8671 11.7642 2
      vertex 36.4453 10.6612 2
    endloop
  endfacet
  facet normal 0 0 1
    outer loop
      vertex 36.4453 10.6612 2
      vertex 35.8671 11.7642 2
      vertex 36.3381 10.6442 2
    endloop
  endfacet
  facet normal 0 0 1
    outer loop
      vertex 36.3381 10.6442 2
      vertex 35.8671 11.7642 2
      vertex 36.2351 10.6205 2
    endloop
  endfacet
  facet normal 0 0 1
    outer loop
      vertex 36.2351 10.6205 2
      vertex 35.8671 11.7642 2
      vertex 36.1364 10.59 2
    endloop
  endfacet
  facet normal 0 0 1
    outer loop
      vertex 36.1364 10.59 2
      vertex 35.8671 11.7642 2
      vertex 36.0421 10.5527 2
    endloop
  endfacet
  facet normal 0 0 1
    outer loop
      vertex 36.0421 10.5527 2
      vertex 35.8671 11.7642 2
      vertex 35.952 10.5086 2
    endloop
  endfacet
  facet normal 0 0 1
    outer loop
      vertex 35.8671 11.7642 2
      vertex 35.8662 10.4577 2
      vertex 35.952 10.5086 2
    endloop
  endfacet
  facet normal 0 -0 1
    outer loop
      vertex 35.8662 10.4577 2
      vertex 35.8671 11.7642 2
      vertex 35.7847 10.4001 2
    endloop
  endfacet
  facet normal 0 0 1
    outer loop
      vertex 36.6526 10.2231 2
      vertex 37.4905 9.31989 2
      vertex 37.4874 9.40816 2
    endloop
  endfacet
  facet normal 0 0 1
    outer loop
      vertex 37.4905 9.31989 2
      vertex 36.5598 10.2262 2
      vertex 37.4875 9.2186 2
    endloop
  endfacet
  facet normal 0 0 1
    outer loop
      vertex 36.741 10.2138 2
      vertex 37.4874 9.40816 2
      vertex 37.4781 9.49258 2
    endloop
  endfacet
  facet normal -0 0 1
    outer loop
      vertex 36.5107 10.2253 2
      vertex 37.4875 9.2186 2
      vertex 36.5598 10.2262 2
    endloop
  endfacet
  facet normal 0 0 1
    outer loop
      vertex 36.8251 10.1984 2
      vertex 37.4781 9.49258 2
      vertex 37.4626 9.57317 2
    endloop
  endfacet
  facet normal 0 0 1
    outer loop
      vertex 37.4905 9.31989 2
      vertex 36.6526 10.2231 2
      vertex 36.5598 10.2262 2
    endloop
  endfacet
  facet normal 0 0 1
    outer loop
      vertex 36.8251 10.1984 2
      vertex 37.4626 9.57317 2
      vertex 37.4408 9.6499 2
    endloop
  endfacet
  facet normal 0 0 1
    outer loop
      vertex 35.6535 8.95674 2
      vertex 37.4875 9.2186 2
      vertex 36.5107 10.2253 2
    endloop
  endfacet
  facet normal 0 0 1
    outer loop
      vertex 36.8251 10.1984 2
      vertex 37.4408 9.6499 2
      vertex 37.4128 9.72279 2
    endloop
  endfacet
  facet normal 0 0 1
    outer loop
      vertex 37.4875 9.2186 2
      vertex 35.6535 8.95674 2
      vertex 37.4782 9.12224 2
    endloop
  endfacet
  facet normal 0 0 1
    outer loop
      vertex 36.8251 10.1984 2
      vertex 37.4128 9.72279 2
      vertex 37.3786 9.79185 2
    endloop
  endfacet
  facet normal 0 0 1
    outer loop
      vertex 37.4782 9.12224 2
      vertex 36.6436 8.32225 2
      vertex 37.4627 9.03082 2
    endloop
  endfacet
  facet normal 0 0 1
    outer loop
      vertex 36.8251 10.1984 2
      vertex 37.3786 9.79185 2
      vertex 37.3382 9.85706 2
    endloop
  endfacet
  facet normal 0 0 1
    outer loop
      vertex 37.4627 9.03082 2
      vertex 36.6436 8.32225 2
      vertex 37.4411 8.94434 2
    endloop
  endfacet
  facet normal 0 0 1
    outer loop
      vertex 36.8251 10.1984 2
      vertex 37.3382 9.85706 2
      vertex 37.2916 9.91843 2
    endloop
  endfacet
  facet normal 0 0 1
    outer loop
      vertex 37.4874 9.40816 2
      vertex 36.741 10.2138 2
      vertex 36.6526 10.2231 2
    endloop
  endfacet
  facet normal 0 0 1
    outer loop
      vertex 36.9049 10.1767 2
      vertex 37.2916 9.91843 2
      vertex 37.2388 9.97594 2
    endloop
  endfacet
  facet normal 0 -0 1
    outer loop
      vertex 36.8212 8.34862 2
      vertex 37.4133 8.86278 2
      vertex 36.7348 8.33214 2
    endloop
  endfacet
  facet normal 0 0 1
    outer loop
      vertex 36.9049 10.1767 2
      vertex 37.2388 9.97594 2
      vertex 37.1807 10.0284 2
    endloop
  endfacet
  facet normal 0 0 1
    outer loop
      vertex 37.4781 9.49258 2
      vertex 36.8251 10.1984 2
      vertex 36.741 10.2138 2
    endloop
  endfacet
  facet normal 0 0 1
    outer loop
      vertex 36.9049 10.1767 2
      vertex 37.1807 10.0284 2
      vertex 37.1182 10.0748 2
    endloop
  endfacet
  facet normal 0 0 1
    outer loop
      vertex 37.4133 8.86278 2
      vertex 36.8212 8.34862 2
      vertex 37.3793 8.78616 2
    endloop
  endfacet
  facet normal 0 0 1
    outer loop
      vertex 36.9803 10.1489 2
      vertex 37.1182 10.0748 2
      vertex 37.0515 10.115 2
    endloop
  endfacet
  facet normal 0 0 1
    outer loop
      vertex 36.9049 10.1767 2
      vertex 37.1182 10.0748 2
      vertex 36.9803 10.1489 2
    endloop
  endfacet
  facet normal 0 0 1
    outer loop
      vertex 37.2916 9.91843 2
      vertex 36.9049 10.1767 2
      vertex 36.8251 10.1984 2
    endloop
  endfacet
  facet normal 0 0 1
    outer loop
      vertex 37.3392 8.71449 2
      vertex 36.8212 8.34862 2
      vertex 37.2928 8.64775 2
    endloop
  endfacet
  facet normal 0 0 1
    outer loop
      vertex 37.1823 8.52991 2
      vertex 36.8212 8.34862 2
      vertex 37.1196 8.48047 2
    endloop
  endfacet
  facet normal 0 0 1
    outer loop
      vertex 37.0521 8.43761 2
      vertex 36.9029 8.37169 2
      vertex 36.9799 8.40135 2
    endloop
  endfacet
  facet normal 0 0 1
    outer loop
      vertex 37.0521 8.43761 2
      vertex 36.8212 8.34862 2
      vertex 36.9029 8.37169 2
    endloop
  endfacet
  facet normal 0 0 1
    outer loop
      vertex 37.1196 8.48047 2
      vertex 36.8212 8.34862 2
      vertex 37.0521 8.43761 2
    endloop
  endfacet
  facet normal 0 0 1
    outer loop
      vertex 37.2403 8.58594 2
      vertex 36.8212 8.34862 2
      vertex 37.1823 8.52991 2
    endloop
  endfacet
  facet normal 0 0 1
    outer loop
      vertex 37.2928 8.64775 2
      vertex 36.8212 8.34862 2
      vertex 37.2403 8.58594 2
    endloop
  endfacet
  facet normal 0 0 1
    outer loop
      vertex 37.3793 8.78616 2
      vertex 36.8212 8.34862 2
      vertex 37.3392 8.71449 2
    endloop
  endfacet
  facet normal 0 0 1
    outer loop
      vertex 37.4411 8.94434 2
      vertex 36.7348 8.33214 2
      vertex 37.4133 8.86278 2
    endloop
  endfacet
  facet normal 0 -0 1
    outer loop
      vertex 36.7348 8.33214 2
      vertex 37.4411 8.94434 2
      vertex 36.6436 8.32225 2
    endloop
  endfacet
  facet normal 0 -0 1
    outer loop
      vertex 36.5476 8.31895 2
      vertex 37.4782 9.12224 2
      vertex 35.6535 8.95674 2
    endloop
  endfacet
  facet normal 0 0 1
    outer loop
      vertex 35.6535 8.95674 2
      vertex 36.5107 10.2253 2
      vertex 36.4623 10.2227 2
    endloop
  endfacet
  facet normal 0 0 1
    outer loop
      vertex 35.6535 8.95674 2
      vertex 36.4623 10.2227 2
      vertex 36.4147 10.2184 2
    endloop
  endfacet
  facet normal 0 -0 1
    outer loop
      vertex 36.6436 8.32225 2
      vertex 37.4782 9.12224 2
      vertex 36.5476 8.31895 2
    endloop
  endfacet
  facet normal 0 0 1
    outer loop
      vertex 35.6535 8.95674 2
      vertex 36.4147 10.2184 2
      vertex 36.3678 10.2123 2
    endloop
  endfacet
  facet normal 0 0 1
    outer loop
      vertex 35.6535 8.95674 2
      vertex 36.3678 10.2123 2
      vertex 36.3217 10.2045 2
    endloop
  endfacet
  facet normal 0 0 1
    outer loop
      vertex 35.6535 8.95674 2
      vertex 36.3217 10.2045 2
      vertex 36.2764 10.195 2
    endloop
  endfacet
  facet normal 0 0 1
    outer loop
      vertex 36.5476 8.31895 2
      vertex 35.6535 8.95674 2
      vertex 36.3943 8.32683 2
    endloop
  endfacet
  facet normal 0 0 1
    outer loop
      vertex 35.6535 8.95674 2
      vertex 36.2764 10.195 2
      vertex 36.2317 10.1837 2
    endloop
  endfacet
  facet normal 0 0 1
    outer loop
      vertex 35.6535 8.95674 2
      vertex 36.2317 10.1837 2
      vertex 36.1879 10.1707 2
    endloop
  endfacet
  facet normal 0 0 1
    outer loop
      vertex 35.6535 8.95674 2
      vertex 36.1879 10.1707 2
      vertex 36.1448 10.156 2
    endloop
  endfacet
  facet normal 0 0 1
    outer loop
      vertex 36.3943 8.32683 2
      vertex 35.6535 8.95674 2
      vertex 36.2545 8.35045 2
    endloop
  endfacet
  facet normal 0 0 1
    outer loop
      vertex 35.6535 8.95674 2
      vertex 36.1448 10.156 2
      vertex 36.1021 10.1392 2
    endloop
  endfacet
  facet normal 0 0 1
    outer loop
      vertex 35.6535 8.95674 2
      vertex 36.1021 10.1392 2
      vertex 36.0593 10.12 2
    endloop
  endfacet
  facet normal 0 0 1
    outer loop
      vertex 35.6535 8.95674 2
      vertex 36.0593 10.12 2
      vertex 36.0166 10.0983 2
    endloop
  endfacet
  facet normal -0 -0 1
    outer loop
      vertex 35.6989 8.82288 2
      vertex 36.2545 8.35045 2
      vertex 35.6535 8.95674 2
    endloop
  endfacet
  facet normal 0 0 1
    outer loop
      vertex 35.6535 8.95674 2
      vertex 36.0166 10.0983 2
      vertex 35.9739 10.0743 2
    endloop
  endfacet
  facet normal 0 0 1
    outer loop
      vertex 35.6535 8.95674 2
      vertex 35.9739 10.0743 2
      vertex 35.9312 10.0479 2
    endloop
  endfacet
  facet normal 0 0 1
    outer loop
      vertex 36.2545 8.35045 2
      vertex 35.6989 8.82288 2
      vertex 36.1282 8.38982 2
    endloop
  endfacet
  facet normal 0 0 1
    outer loop
      vertex 35.6535 8.95674 2
      vertex 35.9312 10.0479 2
      vertex 35.8885 10.019 2
    endloop
  endfacet
  facet normal 0 0 1
    outer loop
      vertex 35.6535 8.95674 2
      vertex 35.8885 10.019 2
      vertex 35.8457 9.98776 2
    endloop
  endfacet
  facet normal -0 -0 1
    outer loop
      vertex 35.7578 8.70477 2
      vertex 36.1282 8.38982 2
      vertex 35.6989 8.82288 2
    endloop
  endfacet
  facet normal 0 0 1
    outer loop
      vertex 35.6535 8.95674 2
      vertex 35.8457 9.98776 2
      vertex 35.803 9.95407 2
    endloop
  endfacet
  facet normal 0 0 1
    outer loop
      vertex 35.6535 8.95674 2
      vertex 35.803 9.95407 2
      vertex 35.7603 9.91798 2
    endloop
  endfacet
  facet normal 0 0 1
    outer loop
      vertex 36.1282 8.38982 2
      vertex 35.7578 8.70477 2
      vertex 36.0154 8.44493 2
    endloop
  endfacet
  facet normal 0 0 1
    outer loop
      vertex 36.0154 8.44493 2
      vertex 35.7578 8.70477 2
      vertex 35.916 8.51581 2
    endloop
  endfacet
  facet normal 0 0 1
    outer loop
      vertex 35.916 8.51581 2
      vertex 35.7578 8.70477 2
      vertex 35.8302 8.60242 2
    endloop
  endfacet
  facet normal -0 0 1
    outer loop
      vertex 35.2232 9.91798 2
      vertex 35.6535 8.95674 2
      vertex 35.7603 9.91798 2
    endloop
  endfacet
  facet normal 0 0 1
    outer loop
      vertex 35.6535 8.95674 2
      vertex 35.2232 9.91798 2
      vertex 35.0981 8.89265 2
    endloop
  endfacet
  facet normal 0 0 1
    outer loop
      vertex 33.0503 9.33821 2
      vertex 32.4461 12.2311 2
      vertex 32.4461 9.33821 2
    endloop
  endfacet
  facet normal -0 0 1
    outer loop
      vertex 31.9251 11.606 2
      vertex 31.9273 9.33821 2
      vertex 31.9273 11.6116 2
    endloop
  endfacet
  facet normal -0 0 1
    outer loop
      vertex 31.921 11.5973 2
      vertex 31.9273 9.33821 2
      vertex 31.9251 11.606 2
    endloop
  endfacet
  facet normal -0 0 1
    outer loop
      vertex 31.9151 11.5855 2
      vertex 31.9273 9.33821 2
      vertex 31.921 11.5973 2
    endloop
  endfacet
  facet normal -0 0 1
    outer loop
      vertex 31.9074 11.5706 2
      vertex 31.9273 9.33821 2
      vertex 31.9151 11.5855 2
    endloop
  endfacet
  facet normal -0 0 1
    outer loop
      vertex 31.8979 11.5526 2
      vertex 31.9273 9.33821 2
      vertex 31.9074 11.5706 2
    endloop
  endfacet
  facet normal -0 0 1
    outer loop
      vertex 31.8866 11.5316 2
      vertex 31.9273 9.33821 2
      vertex 31.8979 11.5526 2
    endloop
  endfacet
  facet normal -0 0 1
    outer loop
      vertex 31.8735 11.5074 2
      vertex 31.9273 9.33821 2
      vertex 31.8866 11.5316 2
    endloop
  endfacet
  facet normal -0 0 1
    outer loop
      vertex 31.8586 11.4802 2
      vertex 31.9273 9.33821 2
      vertex 31.8735 11.5074 2
    endloop
  endfacet
  facet normal -0 0 1
    outer loop
      vertex 31.8419 11.4499 2
      vertex 31.9273 9.33821 2
      vertex 31.8586 11.4802 2
    endloop
  endfacet
  facet normal -0 0 1
    outer loop
      vertex 31.8247 11.419 2
      vertex 31.9273 9.33821 2
      vertex 31.8419 11.4499 2
    endloop
  endfacet
  facet normal -0 0 1
    outer loop
      vertex 31.8086 11.3903 2
      vertex 31.9273 9.33821 2
      vertex 31.8247 11.419 2
    endloop
  endfacet
  facet normal -0 0 1
    outer loop
      vertex 31.7934 11.3637 2
      vertex 31.9273 9.33821 2
      vertex 31.8086 11.3903 2
    endloop
  endfacet
  facet normal -0 0 1
    outer loop
      vertex 31.7792 11.3392 2
      vertex 31.9273 9.33821 2
      vertex 31.7934 11.3637 2
    endloop
  endfacet
  facet normal -0 0 1
    outer loop
      vertex 31.766 11.3169 2
      vertex 31.9273 9.33821 2
      vertex 31.7792 11.3392 2
    endloop
  endfacet
  facet normal -0 0 1
    outer loop
      vertex 31.7537 11.2966 2
      vertex 31.9273 9.33821 2
      vertex 31.766 11.3169 2
    endloop
  endfacet
  facet normal -0 0 1
    outer loop
      vertex 31.7424 11.2784 2
      vertex 31.9273 9.33821 2
      vertex 31.7537 11.2966 2
    endloop
  endfacet
  facet normal -0 0 1
    outer loop
      vertex 31.7322 11.2624 2
      vertex 31.9273 9.33821 2
      vertex 31.7424 11.2784 2
    endloop
  endfacet
  facet normal -0 0 1
    outer loop
      vertex 31.7229 11.2484 2
      vertex 31.9273 9.33821 2
      vertex 31.7322 11.2624 2
    endloop
  endfacet
  facet normal -0 0 1
    outer loop
      vertex 30.6213 9.62503 2
      vertex 31.9273 9.33821 2
      vertex 31.7229 11.2484 2
    endloop
  endfacet
  facet normal -0 0 1
    outer loop
      vertex 30.4565 9.39923 2
      vertex 31.9273 9.33821 2
      vertex 30.6213 9.62503 2
    endloop
  endfacet
  facet normal 0 0 1
    outer loop
      vertex 31.9273 9.33821 2
      vertex 30.4565 9.39923 2
      vertex 30.4076 9.33821 2
    endloop
  endfacet
  facet normal -0 0 1
    outer loop
      vertex 17.4702 11.575 2
      vertex 17.4724 9.30727 2
      vertex 17.4724 11.5807 2
    endloop
  endfacet
  facet normal -0 0 1
    outer loop
      vertex 17.4661 11.5663 2
      vertex 17.4724 9.30727 2
      vertex 17.4702 11.575 2
    endloop
  endfacet
  facet normal -0 0 1
    outer loop
      vertex 17.4602 11.5545 2
      vertex 17.4724 9.30727 2
      vertex 17.4661 11.5663 2
    endloop
  endfacet
  facet normal -0 0 1
    outer loop
      vertex 17.4525 11.5397 2
      vertex 17.4724 9.30727 2
      vertex 17.4602 11.5545 2
    endloop
  endfacet
  facet normal -0 0 1
    outer loop
      vertex 17.443 11.5217 2
      vertex 17.4724 9.30727 2
      vertex 17.4525 11.5397 2
    endloop
  endfacet
  facet normal -0 0 1
    outer loop
      vertex 17.4317 11.5006 2
      vertex 17.4724 9.30727 2
      vertex 17.443 11.5217 2
    endloop
  endfacet
  facet normal -0 0 1
    outer loop
      vertex 17.4186 11.4765 2
      vertex 17.4724 9.30727 2
      vertex 17.4317 11.5006 2
    endloop
  endfacet
  facet normal -0 0 1
    outer loop
      vertex 17.4037 11.4492 2
      vertex 17.4724 9.30727 2
      vertex 17.4186 11.4765 2
    endloop
  endfacet
  facet normal -0 0 1
    outer loop
      vertex 17.387 11.4189 2
      vertex 17.4724 9.30727 2
      vertex 17.4037 11.4492 2
    endloop
  endfacet
  facet normal -0 0 1
    outer loop
      vertex 17.3698 11.3881 2
      vertex 17.4724 9.30727 2
      vertex 17.387 11.4189 2
    endloop
  endfacet
  facet normal -0 0 1
    outer loop
      vertex 17.3537 11.3594 2
      vertex 17.4724 9.30727 2
      vertex 17.3698 11.3881 2
    endloop
  endfacet
  facet normal -0 0 1
    outer loop
      vertex 17.3385 11.3328 2
      vertex 17.4724 9.30727 2
      vertex 17.3537 11.3594 2
    endloop
  endfacet
  facet normal -0 0 1
    outer loop
      vertex 17.3243 11.3083 2
      vertex 17.4724 9.30727 2
      vertex 17.3385 11.3328 2
    endloop
  endfacet
  facet normal -0 0 1
    outer loop
      vertex 17.3111 11.2859 2
      vertex 17.4724 9.30727 2
      vertex 17.3243 11.3083 2
    endloop
  endfacet
  facet normal -0 0 1
    outer loop
      vertex 17.2988 11.2657 2
      vertex 17.4724 9.30727 2
      vertex 17.3111 11.2859 2
    endloop
  endfacet
  facet normal -0 0 1
    outer loop
      vertex 17.2876 11.2475 2
      vertex 17.4724 9.30727 2
      vertex 17.2988 11.2657 2
    endloop
  endfacet
  facet normal -0 0 1
    outer loop
      vertex 17.2773 11.2314 2
      vertex 17.4724 9.30727 2
      vertex 17.2876 11.2475 2
    endloop
  endfacet
  facet normal -0 0 1
    outer loop
      vertex 17.268 11.2175 2
      vertex 17.4724 9.30727 2
      vertex 17.2773 11.2314 2
    endloop
  endfacet
  facet normal -0 0 1
    outer loop
      vertex 16.1664 9.5941 2
      vertex 17.4724 9.30727 2
      vertex 17.268 11.2175 2
    endloop
  endfacet
  facet normal -0 0 1
    outer loop
      vertex 16.0016 9.36829 2
      vertex 17.4724 9.30727 2
      vertex 16.1664 9.5941 2
    endloop
  endfacet
  facet normal 0 0 1
    outer loop
      vertex 17.4724 9.30727 2
      vertex 16.0016 9.36829 2
      vertex 15.9528 9.30727 2
    endloop
  endfacet
  facet normal -1 0 0
    outer loop
      vertex -37.45 -4 2
      vertex -37.45 4 7.65398
      vertex -37.45 4 2
    endloop
  endfacet
  facet normal -1 -0 0
    outer loop
      vertex -37.45 4 7.65398
      vertex -37.45 -4 2
      vertex -37.45 -4 7.65398
    endloop
  endfacet
  facet normal 0 1 -0
    outer loop
      vertex -33.0103 4 6.30971
      vertex -33.125 4 6.49
      vertex -30.55 4 7.65398
    endloop
  endfacet
  facet normal 0 1 0
    outer loop
      vertex -33.125 4 6.49
      vertex -33.0103 4 6.30971
      vertex -33.125 4 6.39068
    endloop
  endfacet
  facet normal 0 1 0
    outer loop
      vertex -30.55 4 7.65398
      vertex -32.7611 4 6.0034
      vertex -33.0103 4 6.30971
    endloop
  endfacet
  facet normal 0 1 0
    outer loop
      vertex -30.55 4 7.65398
      vertex -32.6038 4 5.6412
      vertex -32.7611 4 6.0034
    endloop
  endfacet
  facet normal 0 1 0
    outer loop
      vertex -30.55 4 7.65398
      vertex -32.55 4 5.25
      vertex -32.6038 4 5.6412
    endloop
  endfacet
  facet normal 0 1 -0
    outer loop
      vertex -30.55 4 2
      vertex -32.55 4 5.25
      vertex -30.55 4 7.65398
    endloop
  endfacet
  facet normal 0 1 0
    outer loop
      vertex -32.55 4 5.25
      vertex -30.55 4 2
      vertex -32.6038 4 4.85879
    endloop
  endfacet
  facet normal 0 1 0
    outer loop
      vertex -33.705 4 3.83033
      vertex -30.55 4 2
      vertex -34.099 4 3.80338
    endloop
  endfacet
  facet normal 0 1 0
    outer loop
      vertex -33.3329 4 3.96257
      vertex -30.55 4 2
      vertex -33.705 4 3.83033
    endloop
  endfacet
  facet normal 0 1 0
    outer loop
      vertex -33.0103 4 4.19029
      vertex -30.55 4 2
      vertex -33.3329 4 3.96257
    endloop
  endfacet
  facet normal 0 1 0
    outer loop
      vertex -32.7611 4 4.4966
      vertex -30.55 4 2
      vertex -33.0103 4 4.19029
    endloop
  endfacet
  facet normal 0 1 0
    outer loop
      vertex -32.6038 4 4.85879
      vertex -30.55 4 2
      vertex -32.7611 4 4.4966
    endloop
  endfacet
  facet normal 0 1 0
    outer loop
      vertex -35.1248 4 6.16508
      vertex -34.875 4 6.49
      vertex -34.875 4 6.39836
    endloop
  endfacet
  facet normal 0 1 0
    outer loop
      vertex -34.875 4 6.49
      vertex -35.1248 4 6.16508
      vertex -37.45 4 7.65398
    endloop
  endfacet
  facet normal 0 1 -0
    outer loop
      vertex -35.33 4 5.82768
      vertex -37.45 4 7.65398
      vertex -35.1248 4 6.16508
    endloop
  endfacet
  facet normal 0 1 -0
    outer loop
      vertex -35.4365 4 5.44744
      vertex -37.45 4 7.65398
      vertex -35.33 4 5.82768
    endloop
  endfacet
  facet normal 0 1 -0
    outer loop
      vertex -35.4365 4 5.05256
      vertex -37.45 4 7.65398
      vertex -35.4365 4 5.44744
    endloop
  endfacet
  facet normal 0 1 0
    outer loop
      vertex -37.45 4 2
      vertex -35.4365 4 5.05256
      vertex -35.33 4 4.67232
    endloop
  endfacet
  facet normal 0 1 0
    outer loop
      vertex -37.45 4 2
      vertex -35.33 4 4.67232
      vertex -35.1248 4 4.33492
    endloop
  endfacet
  facet normal 0 1 0
    outer loop
      vertex -37.45 4 2
      vertex -34.099 4 3.80338
      vertex -30.55 4 2
    endloop
  endfacet
  facet normal 0 1 0
    outer loop
      vertex -35.4365 4 5.05256
      vertex -37.45 4 2
      vertex -37.45 4 7.65398
    endloop
  endfacet
  facet normal 0 1 0
    outer loop
      vertex -34.8362 4 4.06539
      vertex -37.45 4 2
      vertex -35.1248 4 4.33492
    endloop
  endfacet
  facet normal 0 1 0
    outer loop
      vertex -34.4856 4 3.88372
      vertex -37.45 4 2
      vertex -34.8362 4 4.06539
    endloop
  endfacet
  facet normal 0 1 0
    outer loop
      vertex -34.099 4 3.80338
      vertex -37.45 4 2
      vertex -34.4856 4 3.88372
    endloop
  endfacet
  facet normal 0 -1 0
    outer loop
      vertex -35.1248 -4 6.16508
      vertex -34.875 -4 6.49
      vertex -37.45 -4 7.65398
    endloop
  endfacet
  facet normal 0 -1 -0
    outer loop
      vertex -34.875 -4 6.49
      vertex -35.1248 -4 6.16508
      vertex -34.875 -4 6.39836
    endloop
  endfacet
  facet normal 0 -1 0
    outer loop
      vertex -37.45 -4 7.65398
      vertex -35.33 -4 5.82768
      vertex -35.1248 -4 6.16508
    endloop
  endfacet
  facet normal 0 -1 0
    outer loop
      vertex -37.45 -4 7.65398
      vertex -35.4365 -4 5.44744
      vertex -35.33 -4 5.82768
    endloop
  endfacet
  facet normal 0 -1 0
    outer loop
      vertex -37.45 -4 7.65398
      vertex -35.4365 -4 5.05256
      vertex -35.4365 -4 5.44744
    endloop
  endfacet
  facet normal 0 -1 0
    outer loop
      vertex -37.45 -4 2
      vertex -35.4365 -4 5.05256
      vertex -37.45 -4 7.65398
    endloop
  endfacet
  facet normal 0 -1 -0
    outer loop
      vertex -35.4365 -4 5.05256
      vertex -37.45 -4 2
      vertex -35.33 -4 4.67232
    endloop
  endfacet
  facet normal 0 -1 -0
    outer loop
      vertex -34.4856 -4 3.88372
      vertex -37.45 -4 2
      vertex -34.099 -4 3.80338
    endloop
  endfacet
  facet normal 0 -1 -0
    outer loop
      vertex -34.8362 -4 4.06539
      vertex -37.45 -4 2
      vertex -34.4856 -4 3.88372
    endloop
  endfacet
  facet normal 0 -1 -0
    outer loop
      vertex -35.1248 -4 4.33492
      vertex -37.45 -4 2
      vertex -34.8362 -4 4.06539
    endloop
  endfacet
  facet normal 0 -1 -0
    outer loop
      vertex -35.33 -4 4.67232
      vertex -37.45 -4 2
      vertex -35.1248 -4 4.33492
    endloop
  endfacet
  facet normal 0 -1 0
    outer loop
      vertex -33.0103 -4 6.30971
      vertex -33.125 -4 6.49
      vertex -33.125 -4 6.39068
    endloop
  endfacet
  facet normal 0 -1 0
    outer loop
      vertex -33.125 -4 6.49
      vertex -33.0103 -4 6.30971
      vertex -30.55 -4 7.65398
    endloop
  endfacet
  facet normal 0 -1 0
    outer loop
      vertex -32.7611 -4 6.0034
      vertex -30.55 -4 7.65398
      vertex -33.0103 -4 6.30971
    endloop
  endfacet
  facet normal 0 -1 0
    outer loop
      vertex -32.6038 -4 5.6412
      vertex -30.55 -4 7.65398
      vertex -32.7611 -4 6.0034
    endloop
  endfacet
  facet normal 0 -1 0
    outer loop
      vertex -32.55 -4 5.25
      vertex -30.55 -4 7.65398
      vertex -32.6038 -4 5.6412
    endloop
  endfacet
  facet normal 0 -1 0
    outer loop
      vertex -30.55 -4 2
      vertex -32.55 -4 5.25
      vertex -32.6038 -4 4.85879
    endloop
  endfacet
  facet normal 0 -1 0
    outer loop
      vertex -30.55 -4 2
      vertex -32.6038 -4 4.85879
      vertex -32.7611 -4 4.4966
    endloop
  endfacet
  facet normal 0 -1 0
    outer loop
      vertex -30.55 -4 2
      vertex -34.099 -4 3.80338
      vertex -37.45 -4 2
    endloop
  endfacet
  facet normal 0 -1 0
    outer loop
      vertex -34.099 -4 3.80338
      vertex -30.55 -4 2
      vertex -33.705 -4 3.83033
    endloop
  endfacet
  facet normal 0 -1 0
    outer loop
      vertex -32.55 -4 5.25
      vertex -30.55 -4 2
      vertex -30.55 -4 7.65398
    endloop
  endfacet
  facet normal 0 -1 0
    outer loop
      vertex -33.0103 -4 4.19029
      vertex -30.55 -4 2
      vertex -32.7611 -4 4.4966
    endloop
  endfacet
  facet normal 0 -1 0
    outer loop
      vertex -33.3329 -4 3.96257
      vertex -30.55 -4 2
      vertex -33.0103 -4 4.19029
    endloop
  endfacet
  facet normal 0 -1 0
    outer loop
      vertex -33.705 -4 3.83033
      vertex -30.55 -4 2
      vertex -33.3329 -4 3.96257
    endloop
  endfacet
  facet normal -0.917235 0 -0.398346
    outer loop
      vertex -32.6038 -4 5.6412
      vertex -32.7611 4 6.0034
      vertex -32.6038 4 5.6412
    endloop
  endfacet
  facet normal -0.917235 -0 -0.398346
    outer loop
      vertex -32.7611 4 6.0034
      vertex -32.6038 -4 5.6412
      vertex -32.7611 -4 6.0034
    endloop
  endfacet
  facet normal -0.990675 0 -0.136243
    outer loop
      vertex -32.55 -4 5.25
      vertex -32.6038 4 5.6412
      vertex -32.55 4 5.25
    endloop
  endfacet
  facet normal -0.990675 -0 -0.136243
    outer loop
      vertex -32.6038 4 5.6412
      vertex -32.55 -4 5.25
      vertex -32.6038 -4 5.6412
    endloop
  endfacet
  facet normal 0.854394 0 -0.519626
    outer loop
      vertex -35.1248 -4 6.16508
      vertex -35.33 4 5.82768
      vertex -35.1248 4 6.16508
    endloop
  endfacet
  facet normal 0.854394 0 -0.519626
    outer loop
      vertex -35.33 4 5.82768
      vertex -35.1248 -4 6.16508
      vertex -35.33 -4 5.82768
    endloop
  endfacet
  facet normal -0.33487 0 0.942264
    outer loop
      vertex -33.705 4 3.83033
      vertex -33.3329 -4 3.96257
      vertex -33.3329 4 3.96257
    endloop
  endfacet
  facet normal -0.33487 0 0.942264
    outer loop
      vertex -33.3329 -4 3.96257
      vertex -33.705 4 3.83033
      vertex -33.705 -4 3.83033
    endloop
  endfacet
  facet normal 0.682527 0 -0.730861
    outer loop
      vertex -35.1248 -4 6.16508
      vertex -34.875 4 6.39836
      vertex -34.875 -4 6.39836
    endloop
  endfacet
  facet normal 0.682527 0 -0.730861
    outer loop
      vertex -34.875 4 6.39836
      vertex -35.1248 -4 6.16508
      vertex -35.1248 4 6.16508
    endloop
  endfacet
  facet normal -0.775713 0 0.631085
    outer loop
      vertex -33.0103 -4 4.19029
      vertex -32.7611 4 4.4966
      vertex -33.0103 4 4.19029
    endloop
  endfacet
  facet normal -0.775713 0 0.631085
    outer loop
      vertex -32.7611 4 4.4966
      vertex -33.0103 -4 4.19029
      vertex -32.7611 -4 4.4966
    endloop
  endfacet
  facet normal 0.962942 -0 0.269707
    outer loop
      vertex -35.4365 -4 5.05256
      vertex -35.33 4 4.67232
      vertex -35.4365 4 5.05256
    endloop
  endfacet
  facet normal 0.962942 0 0.269707
    outer loop
      vertex -35.33 4 4.67232
      vertex -35.4365 -4 5.05256
      vertex -35.33 -4 4.67232
    endloop
  endfacet
  facet normal 0.962942 0 -0.269707
    outer loop
      vertex -35.33 -4 5.82768
      vertex -35.4365 4 5.44744
      vertex -35.33 4 5.82768
    endloop
  endfacet
  facet normal 0.962942 0 -0.269707
    outer loop
      vertex -35.4365 4 5.44744
      vertex -35.33 -4 5.82768
      vertex -35.4365 -4 5.44744
    endloop
  endfacet
  facet normal -0.917231 0 0.398356
    outer loop
      vertex -32.7611 -4 4.4966
      vertex -32.6038 4 4.85879
      vertex -32.7611 4 4.4966
    endloop
  endfacet
  facet normal -0.917231 0 0.398356
    outer loop
      vertex -32.6038 4 4.85879
      vertex -32.7611 -4 4.4966
      vertex -32.6038 -4 4.85879
    endloop
  endfacet
  facet normal -0.990676 0 0.13624
    outer loop
      vertex -32.6038 -4 4.85879
      vertex -32.55 4 5.25
      vertex -32.6038 4 4.85879
    endloop
  endfacet
  facet normal -0.990676 0 0.13624
    outer loop
      vertex -32.55 4 5.25
      vertex -32.6038 -4 4.85879
      vertex -32.55 -4 5.25
    endloop
  endfacet
  facet normal 0.203465 0 0.979082
    outer loop
      vertex -34.4856 4 3.88372
      vertex -34.099 -4 3.80338
      vertex -34.099 4 3.80338
    endloop
  endfacet
  facet normal 0.203465 0 0.979082
    outer loop
      vertex -34.099 -4 3.80338
      vertex -34.4856 4 3.88372
      vertex -34.4856 -4 3.88372
    endloop
  endfacet
  facet normal -0.0682416 0 0.997669
    outer loop
      vertex -34.099 4 3.80338
      vertex -33.705 -4 3.83033
      vertex -33.705 4 3.83033
    endloop
  endfacet
  facet normal -0.0682416 0 0.997669
    outer loop
      vertex -33.705 -4 3.83033
      vertex -34.099 4 3.80338
      vertex -34.099 -4 3.80338
    endloop
  endfacet
  facet normal -0.775713 0 -0.631085
    outer loop
      vertex -32.7611 -4 6.0034
      vertex -33.0103 4 6.30971
      vertex -32.7611 4 6.0034
    endloop
  endfacet
  facet normal -0.775713 -0 -0.631085
    outer loop
      vertex -33.0103 4 6.30971
      vertex -32.7611 -4 6.0034
      vertex -33.0103 -4 6.30971
    endloop
  endfacet
  facet normal -0.576708 0 -0.81695
    outer loop
      vertex -33.125 -4 6.39068
      vertex -33.0103 4 6.30971
      vertex -33.0103 -4 6.30971
    endloop
  endfacet
  facet normal -0.576708 0 -0.81695
    outer loop
      vertex -33.0103 4 6.30971
      vertex -33.125 -4 6.39068
      vertex -33.125 4 6.39068
    endloop
  endfacet
  facet normal 0.460072 0 0.887881
    outer loop
      vertex -34.8362 4 4.06539
      vertex -34.4856 -4 3.88372
      vertex -34.4856 4 3.88372
    endloop
  endfacet
  facet normal 0.460072 0 0.887881
    outer loop
      vertex -34.4856 -4 3.88372
      vertex -34.8362 4 4.06539
      vertex -34.8362 -4 4.06539
    endloop
  endfacet
  facet normal -0.576687 0 0.816965
    outer loop
      vertex -33.3329 4 3.96257
      vertex -33.0103 -4 4.19029
      vertex -33.0103 4 4.19029
    endloop
  endfacet
  facet normal -0.576687 0 0.816965
    outer loop
      vertex -33.0103 -4 4.19029
      vertex -33.3329 4 3.96257
      vertex -33.3329 -4 3.96257
    endloop
  endfacet
  facet normal 1 -0 0
    outer loop
      vertex -35.4365 -4 5.44744
      vertex -35.4365 4 5.05256
      vertex -35.4365 4 5.44744
    endloop
  endfacet
  facet normal 1 0 0
    outer loop
      vertex -35.4365 4 5.05256
      vertex -35.4365 -4 5.44744
      vertex -35.4365 -4 5.05256
    endloop
  endfacet
  facet normal 0.854394 -0 0.519626
    outer loop
      vertex -35.33 -4 4.67232
      vertex -35.1248 4 4.33492
      vertex -35.33 4 4.67232
    endloop
  endfacet
  facet normal 0.854394 0 0.519626
    outer loop
      vertex -35.1248 4 4.33492
      vertex -35.33 -4 4.67232
      vertex -35.1248 -4 4.33492
    endloop
  endfacet
  facet normal 0.682548 0 0.73084
    outer loop
      vertex -35.1248 4 4.33492
      vertex -34.8362 -4 4.06539
      vertex -34.8362 4 4.06539
    endloop
  endfacet
  facet normal 0.682548 0 0.73084
    outer loop
      vertex -34.8362 -4 4.06539
      vertex -35.1248 4 4.33492
      vertex -35.1248 -4 4.33492
    endloop
  endfacet
  facet normal -1 0 0
    outer loop
      vertex -33.125 -4 6.39068
      vertex -33.125 4 6.49
      vertex -33.125 4 6.39068
    endloop
  endfacet
  facet normal -1 -0 0
    outer loop
      vertex -33.125 4 6.49
      vertex -33.125 -4 6.39068
      vertex -33.125 -4 6.49
    endloop
  endfacet
  facet normal 1 -0 0
    outer loop
      vertex -34.875 -4 6.49
      vertex -34.875 4 6.39836
      vertex -34.875 4 6.49
    endloop
  endfacet
  facet normal 1 0 0
    outer loop
      vertex -34.875 4 6.39836
      vertex -34.875 -4 6.49
      vertex -34.875 -4 6.39836
    endloop
  endfacet
  facet normal 0.411903 0 0.911228
    outer loop
      vertex -37.45 4 7.65398
      vertex -34.875 -4 6.49
      vertex -34.875 4 6.49
    endloop
  endfacet
  facet normal 0.411903 0 0.911228
    outer loop
      vertex -34.875 -4 6.49
      vertex -37.45 4 7.65398
      vertex -37.45 -4 7.65398
    endloop
  endfacet
  facet normal -0.411903 0 0.911228
    outer loop
      vertex -33.125 4 6.49
      vertex -30.55 -4 7.65398
      vertex -30.55 4 7.65398
    endloop
  endfacet
  facet normal -0.411903 0 0.911228
    outer loop
      vertex -30.55 -4 7.65398
      vertex -33.125 4 6.49
      vertex -33.125 -4 6.49
    endloop
  endfacet
  facet normal 1 -0 0
    outer loop
      vertex -13.3 -4 8.15936
      vertex -13.3 4 2
      vertex -13.3 4 8.15936
    endloop
  endfacet
  facet normal 1 0 0
    outer loop
      vertex -13.3 4 2
      vertex -13.3 -4 8.15936
      vertex -13.3 -4 2
    endloop
  endfacet
  facet normal -1 0 0
    outer loop
      vertex -20.7 -4 2
      vertex -20.7 4 8.15936
      vertex -20.7 4 2
    endloop
  endfacet
  facet normal -1 -0 0
    outer loop
      vertex -20.7 4 8.15936
      vertex -20.7 -4 2
      vertex -20.7 -4 8.15936
    endloop
  endfacet
  facet normal 0 1 -0
    outer loop
      vertex -15.6977 4 6.59274
      vertex -15.95 4 6.99
      vertex -13.3 4 8.15936
    endloop
  endfacet
  facet normal 0 1 0
    outer loop
      vertex -15.95 4 6.99
      vertex -15.6977 4 6.59274
      vertex -15.95 4 6.83075
    endloop
  endfacet
  facet normal 0 1 0
    outer loop
      vertex -13.3 4 8.15936
      vertex -15.4808 4 6.26296
      vertex -15.6977 4 6.59274
    endloop
  endfacet
  facet normal 0 1 0
    outer loop
      vertex -13.3 4 8.15936
      vertex -15.3458 4 5.89205
      vertex -15.4808 4 6.26296
    endloop
  endfacet
  facet normal 0 1 0
    outer loop
      vertex -13.3 4 8.15936
      vertex -15.3 4 5.5
      vertex -15.3458 4 5.89205
    endloop
  endfacet
  facet normal 0 1 -0
    outer loop
      vertex -13.3 4 2
      vertex -15.3 4 5.5
      vertex -13.3 4 8.15936
    endloop
  endfacet
  facet normal 0 1 0
    outer loop
      vertex -15.3 4 5.5
      vertex -13.3 4 2
      vertex -15.3458 4 5.10795
    endloop
  endfacet
  facet normal 0 1 0
    outer loop
      vertex -16.7048 4 3.82583
      vertex -13.3 4 2
      vertex -17.0988 4 3.80288
    endloop
  endfacet
  facet normal 0 1 0
    outer loop
      vertex -16.3267 4 3.93903
      vertex -13.3 4 2
      vertex -16.7048 4 3.82583
    endloop
  endfacet
  facet normal 0 1 0
    outer loop
      vertex -15.9848 4 4.13639
      vertex -13.3 4 2
      vertex -16.3267 4 3.93903
    endloop
  endfacet
  facet normal 0 1 0
    outer loop
      vertex -15.6977 4 4.40726
      vertex -13.3 4 2
      vertex -15.9848 4 4.13639
    endloop
  endfacet
  facet normal 0 1 0
    outer loop
      vertex -15.4808 4 4.73704
      vertex -13.3 4 2
      vertex -15.6977 4 4.40726
    endloop
  endfacet
  facet normal 0 1 0
    outer loop
      vertex -15.3458 4 5.10795
      vertex -13.3 4 2
      vertex -15.4808 4 4.73704
    endloop
  endfacet
  facet normal 0 1 0
    outer loop
      vertex -18.1666 4 6.73654
      vertex -18.05 4 6.99
      vertex -18.05 4 6.82335
    endloop
  endfacet
  facet normal 0 1 0
    outer loop
      vertex -18.4203 4 6.43417
      vertex -18.05 4 6.99
      vertex -18.1666 4 6.73654
    endloop
  endfacet
  facet normal 0 1 0
    outer loop
      vertex -18.05 4 6.99
      vertex -18.4203 4 6.43417
      vertex -20.7 4 8.15936
    endloop
  endfacet
  facet normal 0 1 -0
    outer loop
      vertex -18.5975 4 6.08143
      vertex -20.7 4 8.15936
      vertex -18.4203 4 6.43417
    endloop
  endfacet
  facet normal 0 1 -0
    outer loop
      vertex -18.6885 4 5.69736
      vertex -20.7 4 8.15936
      vertex -18.5975 4 6.08143
    endloop
  endfacet
  facet normal 0 1 -0
    outer loop
      vertex -18.6885 4 5.30264
      vertex -20.7 4 8.15936
      vertex -18.6885 4 5.69736
    endloop
  endfacet
  facet normal 0 1 0
    outer loop
      vertex -20.7 4 2
      vertex -18.6885 4 5.30264
      vertex -18.5975 4 4.91857
    endloop
  endfacet
  facet normal 0 1 0
    outer loop
      vertex -20.7 4 2
      vertex -18.5975 4 4.91857
      vertex -18.4203 4 4.56583
    endloop
  endfacet
  facet normal 0 1 0
    outer loop
      vertex -20.7 4 2
      vertex -17.0988 4 3.80288
      vertex -13.3 4 2
    endloop
  endfacet
  facet normal 0 1 0
    outer loop
      vertex -17.0988 4 3.80288
      vertex -20.7 4 2
      vertex -17.4876 4 3.87142
    endloop
  endfacet
  facet normal 0 1 0
    outer loop
      vertex -18.6885 4 5.30264
      vertex -20.7 4 2
      vertex -20.7 4 8.15936
    endloop
  endfacet
  facet normal 0 1 0
    outer loop
      vertex -18.1666 4 4.26346
      vertex -20.7 4 2
      vertex -18.4203 4 4.56583
    endloop
  endfacet
  facet normal 0 1 0
    outer loop
      vertex -17.85 4 4.02776
      vertex -20.7 4 2
      vertex -18.1666 4 4.26346
    endloop
  endfacet
  facet normal 0 1 0
    outer loop
      vertex -17.4876 4 3.87142
      vertex -20.7 4 2
      vertex -17.85 4 4.02776
    endloop
  endfacet
  facet normal 0 -1 0
    outer loop
      vertex -18.4203 -4 6.43417
      vertex -18.05 -4 6.99
      vertex -20.7 -4 8.15936
    endloop
  endfacet
  facet normal 0 -1 -0
    outer loop
      vertex -18.05 -4 6.99
      vertex -18.1666 -4 6.73654
      vertex -18.05 -4 6.82335
    endloop
  endfacet
  facet normal 0 -1 0
    outer loop
      vertex -18.05 -4 6.99
      vertex -18.4203 -4 6.43417
      vertex -18.1666 -4 6.73654
    endloop
  endfacet
  facet normal 0 -1 0
    outer loop
      vertex -20.7 -4 8.15936
      vertex -18.5975 -4 6.08143
      vertex -18.4203 -4 6.43417
    endloop
  endfacet
  facet normal 0 -1 0
    outer loop
      vertex -20.7 -4 8.15936
      vertex -18.6885 -4 5.69736
      vertex -18.5975 -4 6.08143
    endloop
  endfacet
  facet normal 0 -1 0
    outer loop
      vertex -20.7 -4 8.15936
      vertex -18.6885 -4 5.30264
      vertex -18.6885 -4 5.69736
    endloop
  endfacet
  facet normal 0 -1 0
    outer loop
      vertex -20.7 -4 2
      vertex -18.6885 -4 5.30264
      vertex -20.7 -4 8.15936
    endloop
  endfacet
  facet normal 0 -1 -0
    outer loop
      vertex -18.6885 -4 5.30264
      vertex -20.7 -4 2
      vertex -18.5975 -4 4.91857
    endloop
  endfacet
  facet normal 0 -1 -0
    outer loop
      vertex -17.4876 -4 3.87142
      vertex -20.7 -4 2
      vertex -17.0988 -4 3.80288
    endloop
  endfacet
  facet normal 0 -1 -0
    outer loop
      vertex -17.85 -4 4.02776
      vertex -20.7 -4 2
      vertex -17.4876 -4 3.87142
    endloop
  endfacet
  facet normal 0 -1 -0
    outer loop
      vertex -18.1666 -4 4.26346
      vertex -20.7 -4 2
      vertex -17.85 -4 4.02776
    endloop
  endfacet
  facet normal 0 -1 -0
    outer loop
      vertex -18.4203 -4 4.56583
      vertex -20.7 -4 2
      vertex -18.1666 -4 4.26346
    endloop
  endfacet
  facet normal 0 -1 -0
    outer loop
      vertex -18.5975 -4 4.91857
      vertex -20.7 -4 2
      vertex -18.4203 -4 4.56583
    endloop
  endfacet
  facet normal 0 -1 0
    outer loop
      vertex -15.6977 -4 6.59274
      vertex -15.95 -4 6.99
      vertex -15.95 -4 6.83075
    endloop
  endfacet
  facet normal 0 -1 0
    outer loop
      vertex -15.95 -4 6.99
      vertex -15.6977 -4 6.59274
      vertex -13.3 -4 8.15936
    endloop
  endfacet
  facet normal 0 -1 0
    outer loop
      vertex -15.4808 -4 6.26296
      vertex -13.3 -4 8.15936
      vertex -15.6977 -4 6.59274
    endloop
  endfacet
  facet normal 0 -1 0
    outer loop
      vertex -15.3458 -4 5.89205
      vertex -13.3 -4 8.15936
      vertex -15.4808 -4 6.26296
    endloop
  endfacet
  facet normal 0 -1 0
    outer loop
      vertex -15.3 -4 5.5
      vertex -13.3 -4 8.15936
      vertex -15.3458 -4 5.89205
    endloop
  endfacet
  facet normal 0 -1 0
    outer loop
      vertex -13.3 -4 2
      vertex -15.3 -4 5.5
      vertex -15.3458 -4 5.10795
    endloop
  endfacet
  facet normal 0 -1 0
    outer loop
      vertex -13.3 -4 2
      vertex -15.3458 -4 5.10795
      vertex -15.4808 -4 4.73704
    endloop
  endfacet
  facet normal 0 -1 0
    outer loop
      vertex -13.3 -4 2
      vertex -17.0988 -4 3.80288
      vertex -20.7 -4 2
    endloop
  endfacet
  facet normal 0 -1 0
    outer loop
      vertex -17.0988 -4 3.80288
      vertex -13.3 -4 2
      vertex -16.7048 -4 3.82583
    endloop
  endfacet
  facet normal 0 -1 0
    outer loop
      vertex -15.3 -4 5.5
      vertex -13.3 -4 2
      vertex -13.3 -4 8.15936
    endloop
  endfacet
  facet normal 0 -1 0
    outer loop
      vertex -15.6977 -4 4.40726
      vertex -13.3 -4 2
      vertex -15.4808 -4 4.73704
    endloop
  endfacet
  facet normal 0 -1 0
    outer loop
      vertex -15.9848 -4 4.13639
      vertex -13.3 -4 2
      vertex -15.6977 -4 4.40726
    endloop
  endfacet
  facet normal 0 -1 0
    outer loop
      vertex -16.3267 -4 3.93903
      vertex -13.3 -4 2
      vertex -15.9848 -4 4.13639
    endloop
  endfacet
  facet normal 0 -1 0
    outer loop
      vertex -16.7048 -4 3.82583
      vertex -13.3 -4 2
      vertex -16.3267 -4 3.93903
    endloop
  endfacet
  facet normal -0.939693 0 -0.34202
    outer loop
      vertex -15.3458 -4 5.89205
      vertex -15.4808 4 6.26296
      vertex -15.3458 4 5.89205
    endloop
  endfacet
  facet normal -0.939693 -0 -0.34202
    outer loop
      vertex -15.4808 4 6.26296
      vertex -15.3458 -4 5.89205
      vertex -15.4808 -4 6.26296
    endloop
  endfacet
  facet normal -0.993245 0 -0.116033
    outer loop
      vertex -15.3 -4 5.5
      vertex -15.3458 4 5.89205
      vertex -15.3 4 5.5
    endloop
  endfacet
  facet normal -0.993245 -0 -0.116033
    outer loop
      vertex -15.3458 4 5.89205
      vertex -15.3 -4 5.5
      vertex -15.3458 -4 5.89205
    endloop
  endfacet
  facet normal 1 -0 0
    outer loop
      vertex -18.6885 -4 5.69736
      vertex -18.6885 4 5.30264
      vertex -18.6885 4 5.69736
    endloop
  endfacet
  facet normal 1 0 0
    outer loop
      vertex -18.6885 4 5.30264
      vertex -18.6885 -4 5.69736
      vertex -18.6885 -4 5.30264
    endloop
  endfacet
  facet normal -0.286813 0 0.957987
    outer loop
      vertex -16.7048 4 3.82583
      vertex -16.3267 -4 3.93903
      vertex -16.3267 4 3.93903
    endloop
  endfacet
  facet normal -0.286813 0 0.957987
    outer loop
      vertex -16.3267 -4 3.93903
      vertex -16.7048 4 3.82583
      vertex -16.7048 -4 3.82583
    endloop
  endfacet
  facet normal 0.766068 0 -0.64276
    outer loop
      vertex -18.1666 -4 6.73654
      vertex -18.4203 4 6.43417
      vertex -18.1666 4 6.73654
    endloop
  endfacet
  facet normal 0.766068 0 -0.64276
    outer loop
      vertex -18.4203 4 6.43417
      vertex -18.1666 -4 6.73654
      vertex -18.4203 -4 6.43417
    endloop
  endfacet
  facet normal -0.993245 0 0.116033
    outer loop
      vertex -15.3458 -4 5.10795
      vertex -15.3 4 5.5
      vertex -15.3458 4 5.10795
    endloop
  endfacet
  facet normal -0.993245 0 0.116033
    outer loop
      vertex -15.3 4 5.5
      vertex -15.3458 -4 5.10795
      vertex -15.3 -4 5.5
    endloop
  endfacet
  facet normal -0.835487 0 -0.549509
    outer loop
      vertex -15.4808 -4 6.26296
      vertex -15.6977 4 6.59274
      vertex -15.4808 4 6.26296
    endloop
  endfacet
  facet normal -0.835487 -0 -0.549509
    outer loop
      vertex -15.6977 4 6.59274
      vertex -15.4808 -4 6.26296
      vertex -15.6977 -4 6.59274
    endloop
  endfacet
  facet normal 0.173609 0 0.984815
    outer loop
      vertex -17.4876 4 3.87142
      vertex -17.0988 -4 3.80288
      vertex -17.0988 4 3.80288
    endloop
  endfacet
  facet normal 0.173609 0 0.984815
    outer loop
      vertex -17.0988 -4 3.80288
      vertex -17.4876 4 3.87142
      vertex -17.4876 -4 3.87142
    endloop
  endfacet
  facet normal -0.686249 0 0.727367
    outer loop
      vertex -15.9848 4 4.13639
      vertex -15.6977 -4 4.40726
      vertex -15.6977 4 4.40726
    endloop
  endfacet
  facet normal -0.686249 0 0.727367
    outer loop
      vertex -15.6977 -4 4.40726
      vertex -15.9848 4 4.13639
      vertex -15.9848 -4 4.13639
    endloop
  endfacet
  facet normal 0.893585 0 -0.448895
    outer loop
      vertex -18.4203 -4 6.43417
      vertex -18.5975 4 6.08143
      vertex -18.4203 4 6.43417
    endloop
  endfacet
  facet normal 0.893585 0 -0.448895
    outer loop
      vertex -18.5975 4 6.08143
      vertex -18.4203 -4 6.43417
      vertex -18.5975 -4 6.08143
    endloop
  endfacet
  facet normal 0.766068 -0 0.64276
    outer loop
      vertex -18.4203 -4 4.56583
      vertex -18.1666 4 4.26346
      vertex -18.4203 4 4.56583
    endloop
  endfacet
  facet normal 0.766068 0 0.64276
    outer loop
      vertex -18.1666 4 4.26346
      vertex -18.4203 -4 4.56583
      vertex -18.1666 -4 4.26346
    endloop
  endfacet
  facet normal -0.499931 0 0.866065
    outer loop
      vertex -16.3267 4 3.93903
      vertex -15.9848 -4 4.13639
      vertex -15.9848 4 4.13639
    endloop
  endfacet
  facet normal -0.499931 0 0.866065
    outer loop
      vertex -15.9848 -4 4.13639
      vertex -16.3267 4 3.93903
      vertex -16.3267 -4 3.93903
    endloop
  endfacet
  facet normal -0.939693 0 0.34202
    outer loop
      vertex -15.4808 -4 4.73704
      vertex -15.3458 4 5.10795
      vertex -15.4808 4 4.73704
    endloop
  endfacet
  facet normal -0.939693 0 0.34202
    outer loop
      vertex -15.3458 4 5.10795
      vertex -15.4808 -4 4.73704
      vertex -15.3458 -4 5.10795
    endloop
  endfacet
  facet normal -0.835487 0 0.549509
    outer loop
      vertex -15.6977 -4 4.40726
      vertex -15.4808 4 4.73704
      vertex -15.6977 4 4.40726
    endloop
  endfacet
  facet normal -0.835487 0 0.549509
    outer loop
      vertex -15.4808 4 4.73704
      vertex -15.6977 -4 4.40726
      vertex -15.4808 -4 4.73704
    endloop
  endfacet
  facet normal -0.0581502 0 0.998308
    outer loop
      vertex -17.0988 4 3.80288
      vertex -16.7048 -4 3.82583
      vertex -16.7048 4 3.82583
    endloop
  endfacet
  facet normal -0.0581502 0 0.998308
    outer loop
      vertex -16.7048 -4 3.82583
      vertex -17.0988 4 3.80288
      vertex -17.0988 -4 3.80288
    endloop
  endfacet
  facet normal 0.597159 0 0.802123
    outer loop
      vertex -18.1666 4 4.26346
      vertex -17.85 -4 4.02776
      vertex -17.85 4 4.02776
    endloop
  endfacet
  facet normal 0.597159 0 0.802123
    outer loop
      vertex -17.85 -4 4.02776
      vertex -18.1666 4 4.26346
      vertex -18.1666 -4 4.26346
    endloop
  endfacet
  facet normal -0.686207 0 -0.727406
    outer loop
      vertex -15.95 -4 6.83075
      vertex -15.6977 4 6.59274
      vertex -15.6977 -4 6.59274
    endloop
  endfacet
  facet normal -0.686207 0 -0.727406
    outer loop
      vertex -15.6977 4 6.59274
      vertex -15.95 -4 6.83075
      vertex -15.95 4 6.83075
    endloop
  endfacet
  facet normal 0.893585 -0 0.448895
    outer loop
      vertex -18.5975 -4 4.91857
      vertex -18.4203 4 4.56583
      vertex -18.5975 4 4.91857
    endloop
  endfacet
  facet normal 0.893585 0 0.448895
    outer loop
      vertex -18.4203 4 4.56583
      vertex -18.5975 -4 4.91857
      vertex -18.4203 -4 4.56583
    endloop
  endfacet
  facet normal 0.597179 0 -0.802108
    outer loop
      vertex -18.1666 -4 6.73654
      vertex -18.05 4 6.82335
      vertex -18.05 -4 6.82335
    endloop
  endfacet
  facet normal 0.597179 0 -0.802108
    outer loop
      vertex -18.05 4 6.82335
      vertex -18.1666 -4 6.73654
      vertex -18.1666 4 6.73654
    endloop
  endfacet
  facet normal 0.97306 -0 0.230553
    outer loop
      vertex -18.6885 -4 5.30264
      vertex -18.5975 4 4.91857
      vertex -18.6885 4 5.30264
    endloop
  endfacet
  facet normal 0.97306 0 0.230553
    outer loop
      vertex -18.5975 4 4.91857
      vertex -18.6885 -4 5.30264
      vertex -18.5975 -4 4.91857
    endloop
  endfacet
  facet normal 0.97306 0 -0.230553
    outer loop
      vertex -18.5975 -4 6.08143
      vertex -18.6885 4 5.69736
      vertex -18.5975 4 6.08143
    endloop
  endfacet
  facet normal 0.97306 0 -0.230553
    outer loop
      vertex -18.6885 4 5.69736
      vertex -18.5975 -4 6.08143
      vertex -18.6885 -4 5.69736
    endloop
  endfacet
  facet normal 0.396114 0 0.918201
    outer loop
      vertex -17.85 4 4.02776
      vertex -17.4876 -4 3.87142
      vertex -17.4876 4 3.87142
    endloop
  endfacet
  facet normal 0.396114 0 0.918201
    outer loop
      vertex -17.4876 -4 3.87142
      vertex -17.85 4 4.02776
      vertex -17.85 -4 4.02776
    endloop
  endfacet
  facet normal -1 0 0
    outer loop
      vertex -15.95 -4 6.83075
      vertex -15.95 4 6.99
      vertex -15.95 4 6.83075
    endloop
  endfacet
  facet normal -1 -0 0
    outer loop
      vertex -15.95 4 6.99
      vertex -15.95 -4 6.83075
      vertex -15.95 -4 6.99
    endloop
  endfacet
  facet normal 1 -0 0
    outer loop
      vertex -18.05 -4 6.99
      vertex -18.05 4 6.82335
      vertex -18.05 4 6.99
    endloop
  endfacet
  facet normal 1 0 0
    outer loop
      vertex -18.05 4 6.82335
      vertex -18.05 -4 6.99
      vertex -18.05 -4 6.82335
    endloop
  endfacet
  facet normal 0.40371 0 0.914887
    outer loop
      vertex -20.7 4 8.15936
      vertex -18.05 -4 6.99
      vertex -18.05 4 6.99
    endloop
  endfacet
  facet normal 0.40371 0 0.914887
    outer loop
      vertex -18.05 -4 6.99
      vertex -20.7 4 8.15936
      vertex -20.7 -4 8.15936
    endloop
  endfacet
  facet normal -0.40371 0 0.914887
    outer loop
      vertex -15.95 4 6.99
      vertex -13.3 -4 8.15936
      vertex -13.3 4 8.15936
    endloop
  endfacet
  facet normal -0.40371 0 0.914887
    outer loop
      vertex -13.3 -4 8.15936
      vertex -15.95 4 6.99
      vertex -15.95 -4 6.99
    endloop
  endfacet
  facet normal 1 -0 0
    outer loop
      vertex 3.95 -4 8.6645
      vertex 3.95 4 2
      vertex 3.95 4 8.6645
    endloop
  endfacet
  facet normal 1 0 0
    outer loop
      vertex 3.95 4 2
      vertex 3.95 -4 8.6645
      vertex 3.95 -4 2
    endloop
  endfacet
  facet normal -1 0 0
    outer loop
      vertex -3.95 -4 2
      vertex -3.95 4 8.6645
      vertex -3.95 4 2
    endloop
  endfacet
  facet normal -1 -0 0
    outer loop
      vertex -3.95 4 8.6645
      vertex -3.95 -4 2
      vertex -3.95 -4 8.6645
    endloop
  endfacet
  facet normal 0 1 -0
    outer loop
      vertex 1.60049 4 6.86397
      vertex 1.225 4 7.49
      vertex 3.95 4 8.6645
    endloop
  endfacet
  facet normal 0 1 0
    outer loop
      vertex 1.225 4 7.49
      vertex 1.34348 4 7.16335
      vertex 1.225 4 7.25506
    endloop
  endfacet
  facet normal 0 1 0
    outer loop
      vertex 1.225 4 7.49
      vertex 1.60049 4 6.86397
      vertex 1.34348 4 7.16335
    endloop
  endfacet
  facet normal 0 1 0
    outer loop
      vertex 3.95 4 8.6645
      vertex 1.79197 4 6.51899
      vertex 1.60049 4 6.86397
    endloop
  endfacet
  facet normal 0 1 0
    outer loop
      vertex 3.95 4 8.6645
      vertex 1.91008 4 6.14253
      vertex 1.79197 4 6.51899
    endloop
  endfacet
  facet normal 0 1 0
    outer loop
      vertex 3.95 4 8.6645
      vertex 1.95 4 5.75
      vertex 1.91008 4 6.14253
    endloop
  endfacet
  facet normal 0 1 -0
    outer loop
      vertex 3.95 4 2
      vertex 1.95 4 5.75
      vertex 3.95 4 8.6645
    endloop
  endfacet
  facet normal 0 1 0
    outer loop
      vertex 1.95 4 5.75
      vertex 3.95 4 2
      vertex 1.91008 4 5.35747
    endloop
  endfacet
  facet normal 0 1 0
    outer loop
      vertex 1.91008 4 5.35747
      vertex 3.95 4 2
      vertex 1.79197 4 4.98101
    endloop
  endfacet
  facet normal 0 1 0
    outer loop
      vertex 0.295283 4 3.82249
      vertex 3.95 4 2
      vertex -0.0987654 4 3.8025
    endloop
  endfacet
  facet normal 0 1 0
    outer loop
      vertex 0.677245 4 3.92138
      vertex 3.95 4 2
      vertex 0.295283 4 3.82249
    endloop
  endfacet
  facet normal 0 1 0
    outer loop
      vertex 1.03148 4 4.09514
      vertex 3.95 4 2
      vertex 0.677245 4 3.92138
    endloop
  endfacet
  facet normal 0 1 0
    outer loop
      vertex 1.34348 4 4.33665
      vertex 3.95 4 2
      vertex 1.03148 4 4.09514
    endloop
  endfacet
  facet normal 0 1 0
    outer loop
      vertex 1.60049 4 4.63603
      vertex 3.95 4 2
      vertex 1.34348 4 4.33665
    endloop
  endfacet
  facet normal 0 1 0
    outer loop
      vertex 1.79197 4 4.98101
      vertex 3.95 4 2
      vertex 1.60049 4 4.63603
    endloop
  endfacet
  facet normal 0 1 0
    outer loop
      vertex -1.47958 4 7.02018
      vertex -1.225 4 7.49
      vertex -1.225 4 7.26217
    endloop
  endfacet
  facet normal 0 1 0
    outer loop
      vertex -1.225 4 7.49
      vertex -1.47958 4 7.02018
      vertex -3.95 4 8.6645
    endloop
  endfacet
  facet normal 0 1 -0
    outer loop
      vertex -1.70498 4 6.69634
      vertex -3.95 4 8.6645
      vertex -1.47958 4 7.02018
    endloop
  endfacet
  facet normal 0 1 -0
    outer loop
      vertex -1.86057 4 6.33376
      vertex -3.95 4 8.6645
      vertex -1.70498 4 6.69634
    endloop
  endfacet
  facet normal 0 1 -0
    outer loop
      vertex -1.93999 4 5.94728
      vertex -3.95 4 8.6645
      vertex -1.86057 4 6.33376
    endloop
  endfacet
  facet normal 0 1 -0
    outer loop
      vertex -1.93999 4 5.55272
      vertex -3.95 4 8.6645
      vertex -1.93999 4 5.94728
    endloop
  endfacet
  facet normal 0 1 0
    outer loop
      vertex -3.95 4 2
      vertex -1.93999 4 5.55272
      vertex -1.86057 4 5.16624
    endloop
  endfacet
  facet normal 0 1 0
    outer loop
      vertex -3.95 4 2
      vertex -1.86057 4 5.16624
      vertex -1.70498 4 4.80366
    endloop
  endfacet
  facet normal 0 1 0
    outer loop
      vertex -3.95 4 2
      vertex -0.0987654 4 3.8025
      vertex 3.95 4 2
    endloop
  endfacet
  facet normal 0 1 0
    outer loop
      vertex -0.0987654 4 3.8025
      vertex -3.95 4 2
      vertex -0.488772 4 3.86225
    endloop
  endfacet
  facet normal 0 1 0
    outer loop
      vertex -1.93999 4 5.55272
      vertex -3.95 4 2
      vertex -3.95 4 8.6645
    endloop
  endfacet
  facet normal 0 1 0
    outer loop
      vertex -1.47958 4 4.47982
      vertex -3.95 4 2
      vertex -1.70498 4 4.80366
    endloop
  endfacet
  facet normal 0 1 0
    outer loop
      vertex -1.19361 4 4.20799
      vertex -3.95 4 2
      vertex -1.47958 4 4.47982
    endloop
  endfacet
  facet normal 0 1 0
    outer loop
      vertex -0.858768 4 3.99928
      vertex -3.95 4 2
      vertex -1.19361 4 4.20799
    endloop
  endfacet
  facet normal 0 1 0
    outer loop
      vertex -0.488772 4 3.86225
      vertex -3.95 4 2
      vertex -0.858768 4 3.99928
    endloop
  endfacet
  facet normal 0 -1 0
    outer loop
      vertex -1.47958 -4 7.02018
      vertex -1.225 -4 7.49
      vertex -3.95 -4 8.6645
    endloop
  endfacet
  facet normal 0 -1 -0
    outer loop
      vertex -1.225 -4 7.49
      vertex -1.47958 -4 7.02018
      vertex -1.225 -4 7.26217
    endloop
  endfacet
  facet normal 0 -1 0
    outer loop
      vertex -3.95 -4 8.6645
      vertex -1.70498 -4 6.69634
      vertex -1.47958 -4 7.02018
    endloop
  endfacet
  facet normal 0 -1 0
    outer loop
      vertex -3.95 -4 8.6645
      vertex -1.86057 -4 6.33376
      vertex -1.70498 -4 6.69634
    endloop
  endfacet
  facet normal 0 -1 0
    outer loop
      vertex -3.95 -4 8.6645
      vertex -1.93999 -4 5.94728
      vertex -1.86057 -4 6.33376
    endloop
  endfacet
  facet normal 0 -1 0
    outer loop
      vertex -3.95 -4 8.6645
      vertex -1.93999 -4 5.55272
      vertex -1.93999 -4 5.94728
    endloop
  endfacet
  facet normal 0 -1 0
    outer loop
      vertex -3.95 -4 2
      vertex -1.93999 -4 5.55272
      vertex -3.95 -4 8.6645
    endloop
  endfacet
  facet normal 0 -1 -0
    outer loop
      vertex -1.93999 -4 5.55272
      vertex -3.95 -4 2
      vertex -1.86057 -4 5.16624
    endloop
  endfacet
  facet normal 0 -1 -0
    outer loop
      vertex -0.488772 -4 3.86225
      vertex -3.95 -4 2
      vertex -0.0987654 -4 3.8025
    endloop
  endfacet
  facet normal 0 -1 -0
    outer loop
      vertex -0.858768 -4 3.99928
      vertex -3.95 -4 2
      vertex -0.488772 -4 3.86225
    endloop
  endfacet
  facet normal 0 -1 -0
    outer loop
      vertex -1.19361 -4 4.20799
      vertex -3.95 -4 2
      vertex -0.858768 -4 3.99928
    endloop
  endfacet
  facet normal 0 -1 -0
    outer loop
      vertex -1.47958 -4 4.47982
      vertex -3.95 -4 2
      vertex -1.19361 -4 4.20799
    endloop
  endfacet
  facet normal 0 -1 -0
    outer loop
      vertex -1.70498 -4 4.80366
      vertex -3.95 -4 2
      vertex -1.47958 -4 4.47982
    endloop
  endfacet
  facet normal 0 -1 -0
    outer loop
      vertex -1.86057 -4 5.16624
      vertex -3.95 -4 2
      vertex -1.70498 -4 4.80366
    endloop
  endfacet
  facet normal 0 -1 0
    outer loop
      vertex 1.34348 -4 7.16335
      vertex 1.225 -4 7.49
      vertex 1.225 -4 7.25506
    endloop
  endfacet
  facet normal 0 -1 0
    outer loop
      vertex 1.60049 -4 6.86397
      vertex 1.225 -4 7.49
      vertex 1.34348 -4 7.16335
    endloop
  endfacet
  facet normal 0 -1 0
    outer loop
      vertex 1.225 -4 7.49
      vertex 1.60049 -4 6.86397
      vertex 3.95 -4 8.6645
    endloop
  endfacet
  facet normal 0 -1 0
    outer loop
      vertex 1.79197 -4 6.51899
      vertex 3.95 -4 8.6645
      vertex 1.60049 -4 6.86397
    endloop
  endfacet
  facet normal 0 -1 0
    outer loop
      vertex 1.91008 -4 6.14253
      vertex 3.95 -4 8.6645
      vertex 1.79197 -4 6.51899
    endloop
  endfacet
  facet normal 0 -1 0
    outer loop
      vertex 1.95 -4 5.75
      vertex 3.95 -4 8.6645
      vertex 1.91008 -4 6.14253
    endloop
  endfacet
  facet normal 0 -1 0
    outer loop
      vertex 3.95 -4 2
      vertex 1.95 -4 5.75
      vertex 1.91008 -4 5.35747
    endloop
  endfacet
  facet normal 0 -1 0
    outer loop
      vertex 3.95 -4 2
      vertex 1.91008 -4 5.35747
      vertex 1.79197 -4 4.98101
    endloop
  endfacet
  facet normal 0 -1 0
    outer loop
      vertex 3.95 -4 2
      vertex 1.79197 -4 4.98101
      vertex 1.60049 -4 4.63603
    endloop
  endfacet
  facet normal 0 -1 0
    outer loop
      vertex 3.95 -4 2
      vertex -0.0987654 -4 3.8025
      vertex -3.95 -4 2
    endloop
  endfacet
  facet normal 0 -1 0
    outer loop
      vertex -0.0987654 -4 3.8025
      vertex 3.95 -4 2
      vertex 0.295283 -4 3.82249
    endloop
  endfacet
  facet normal 0 -1 0
    outer loop
      vertex 1.95 -4 5.75
      vertex 3.95 -4 2
      vertex 3.95 -4 8.6645
    endloop
  endfacet
  facet normal 0 -1 0
    outer loop
      vertex 1.34348 -4 4.33665
      vertex 3.95 -4 2
      vertex 1.60049 -4 4.63603
    endloop
  endfacet
  facet normal 0 -1 0
    outer loop
      vertex 1.03148 -4 4.09514
      vertex 3.95 -4 2
      vertex 1.34348 -4 4.33665
    endloop
  endfacet
  facet normal 0 -1 0
    outer loop
      vertex 0.677245 -4 3.92138
      vertex 3.95 -4 2
      vertex 1.03148 -4 4.09514
    endloop
  endfacet
  facet normal 0 -1 0
    outer loop
      vertex 0.295283 -4 3.82249
      vertex 3.95 -4 2
      vertex 0.677245 -4 3.92138
    endloop
  endfacet
  facet normal -0.954143 0 -0.299351
    outer loop
      vertex 1.91008 -4 6.14253
      vertex 1.79197 4 6.51899
      vertex 1.91008 4 6.14253
    endloop
  endfacet
  facet normal -0.954143 -0 -0.299351
    outer loop
      vertex 1.79197 4 6.51899
      vertex 1.91008 -4 6.14253
      vertex 1.79197 -4 6.51899
    endloop
  endfacet
  facet normal -0.994868 0 -0.101177
    outer loop
      vertex 1.95 -4 5.75
      vertex 1.91008 4 6.14253
      vertex 1.95 4 5.75
    endloop
  endfacet
  facet normal -0.994868 -0 -0.101177
    outer loop
      vertex 1.91008 4 6.14253
      vertex 1.95 -4 5.75
      vertex 1.91008 -4 6.14253
    endloop
  endfacet
  facet normal 0.688957 0 -0.724802
    outer loop
      vertex -1.47958 -4 7.02018
      vertex -1.225 4 7.26217
      vertex -1.225 -4 7.26217
    endloop
  endfacet
  facet normal 0.688957 0 -0.724802
    outer loop
      vertex -1.225 4 7.26217
      vertex -1.47958 -4 7.02018
      vertex -1.47958 4 7.02018
    endloop
  endfacet
  facet normal -0.994868 0 0.101177
    outer loop
      vertex 1.91008 -4 5.35747
      vertex 1.95 4 5.75
      vertex 1.91008 4 5.35747
    endloop
  endfacet
  facet normal -0.994868 0 0.101177
    outer loop
      vertex 1.95 4 5.75
      vertex 1.91008 -4 5.35747
      vertex 1.95 -4 5.75
    endloop
  endfacet
  facet normal 0.979532 -0 0.20129
    outer loop
      vertex -1.93999 -4 5.55272
      vertex -1.86057 4 5.16624
      vertex -1.93999 4 5.55272
    endloop
  endfacet
  facet normal 0.979532 0 0.20129
    outer loop
      vertex -1.86057 4 5.16624
      vertex -1.93999 -4 5.55272
      vertex -1.86057 -4 5.16624
    endloop
  endfacet
  facet normal -0.874346 0 -0.485303
    outer loop
      vertex 1.79197 -4 6.51899
      vertex 1.60049 4 6.86397
      vertex 1.79197 4 6.51899
    endloop
  endfacet
  facet normal -0.874346 -0 -0.485303
    outer loop
      vertex 1.60049 4 6.86397
      vertex 1.79197 -4 6.51899
      vertex 1.60049 -4 6.86397
    endloop
  endfacet
  facet normal -0.758757 0 -0.651374
    outer loop
      vertex 1.60049 -4 6.86397
      vertex 1.34348 4 7.16335
      vertex 1.60049 4 6.86397
    endloop
  endfacet
  facet normal -0.758757 -0 -0.651374
    outer loop
      vertex 1.34348 4 7.16335
      vertex 1.60049 -4 6.86397
      vertex 1.34348 -4 7.16335
    endloop
  endfacet
  facet normal -0.758757 0 0.651374
    outer loop
      vertex 1.34348 -4 4.33665
      vertex 1.60049 4 4.63603
      vertex 1.34348 4 4.33665
    endloop
  endfacet
  facet normal -0.758757 0 0.651374
    outer loop
      vertex 1.60049 4 4.63603
      vertex 1.34348 -4 4.33665
      vertex 1.60049 -4 4.63603
    endloop
  endfacet
  facet normal 0.820763 -0 0.571269
    outer loop
      vertex -1.70498 -4 4.80366
      vertex -1.47958 4 4.47982
      vertex -1.70498 4 4.80366
    endloop
  endfacet
  facet normal 0.820763 0 0.571269
    outer loop
      vertex -1.47958 4 4.47982
      vertex -1.70498 -4 4.80366
      vertex -1.47958 -4 4.47982
    endloop
  endfacet
  facet normal -0.954143 0 0.299351
    outer loop
      vertex 1.79197 -4 4.98101
      vertex 1.91008 4 5.35747
      vertex 1.79197 4 4.98101
    endloop
  endfacet
  facet normal -0.954143 0 0.299351
    outer loop
      vertex 1.91008 4 5.35747
      vertex 1.79197 -4 4.98101
      vertex 1.91008 -4 5.35747
    endloop
  endfacet
  facet normal -0.874346 0 0.485303
    outer loop
      vertex 1.60049 -4 4.63603
      vertex 1.79197 4 4.98101
      vertex 1.60049 4 4.63603
    endloop
  endfacet
  facet normal -0.874346 0 0.485303
    outer loop
      vertex 1.79197 4 4.98101
      vertex 1.60049 -4 4.63603
      vertex 1.79197 -4 4.98101
    endloop
  endfacet
  facet normal -0.612112 0 0.790771
    outer loop
      vertex 1.03148 4 4.09514
      vertex 1.34348 -4 4.33665
      vertex 1.34348 4 4.33665
    endloop
  endfacet
  facet normal -0.612112 0 0.790771
    outer loop
      vertex 1.34348 -4 4.33665
      vertex 1.03148 4 4.09514
      vertex 1.03148 -4 4.09514
    endloop
  endfacet
  facet normal 0.979532 0 -0.20129
    outer loop
      vertex -1.86057 -4 6.33376
      vertex -1.93999 4 5.94728
      vertex -1.86057 4 6.33376
    endloop
  endfacet
  facet normal 0.979532 0 -0.20129
    outer loop
      vertex -1.93999 4 5.94728
      vertex -1.86057 -4 6.33376
      vertex -1.93999 -4 5.94728
    endloop
  endfacet
  facet normal 0.347302 0 0.937753
    outer loop
      vertex -0.858768 4 3.99928
      vertex -0.488772 -4 3.86225
      vertex -0.488772 4 3.86225
    endloop
  endfacet
  facet normal 0.347302 0 0.937753
    outer loop
      vertex -0.488772 -4 3.86225
      vertex -0.858768 4 3.99928
      vertex -0.858768 -4 3.99928
    endloop
  endfacet
  facet normal -0.440393 0 0.897805
    outer loop
      vertex 0.677245 4 3.92138
      vertex 1.03148 -4 4.09514
      vertex 1.03148 4 4.09514
    endloop
  endfacet
  facet normal -0.440393 0 0.897805
    outer loop
      vertex 1.03148 -4 4.09514
      vertex 0.677245 4 3.92138
      vertex 0.677245 -4 3.92138
    endloop
  endfacet
  facet normal -0.250636 0 0.968081
    outer loop
      vertex 0.295283 4 3.82249
      vertex 0.677245 -4 3.92138
      vertex 0.677245 4 3.92138
    endloop
  endfacet
  facet normal -0.250636 0 0.968081
    outer loop
      vertex 0.677245 -4 3.92138
      vertex 0.295283 4 3.82249
      vertex 0.295283 -4 3.82249
    endloop
  endfacet
  facet normal 0.820763 0 -0.571269
    outer loop
      vertex -1.47958 -4 7.02018
      vertex -1.70498 4 6.69634
      vertex -1.47958 4 7.02018
    endloop
  endfacet
  facet normal 0.820763 0 -0.571269
    outer loop
      vertex -1.70498 4 6.69634
      vertex -1.47958 -4 7.02018
      vertex -1.70498 -4 6.69634
    endloop
  endfacet
  facet normal -0.612105 0 -0.790777
    outer loop
      vertex 1.225 -4 7.25506
      vertex 1.34348 4 7.16335
      vertex 1.34348 -4 7.16335
    endloop
  endfacet
  facet normal -0.612105 0 -0.790777
    outer loop
      vertex 1.34348 4 7.16335
      vertex 1.225 -4 7.25506
      vertex 1.225 4 7.25506
    endloop
  endfacet
  facet normal 0.151436 0 0.988467
    outer loop
      vertex -0.488772 4 3.86225
      vertex -0.0987654 -4 3.8025
      vertex -0.0987654 4 3.8025
    endloop
  endfacet
  facet normal 0.151436 0 0.988467
    outer loop
      vertex -0.0987654 -4 3.8025
      vertex -0.488772 4 3.86225
      vertex -0.488772 -4 3.86225
    endloop
  endfacet
  facet normal 0.918963 -0 0.394344
    outer loop
      vertex -1.86057 -4 5.16624
      vertex -1.70498 4 4.80366
      vertex -1.86057 4 5.16624
    endloop
  endfacet
  facet normal 0.918963 0 0.394344
    outer loop
      vertex -1.70498 4 4.80366
      vertex -1.86057 -4 5.16624
      vertex -1.70498 -4 4.80366
    endloop
  endfacet
  facet normal 0.688961 0 0.724799
    outer loop
      vertex -1.47958 4 4.47982
      vertex -1.19361 -4 4.20799
      vertex -1.19361 4 4.20799
    endloop
  endfacet
  facet normal 0.688961 0 0.724799
    outer loop
      vertex -1.19361 -4 4.20799
      vertex -1.47958 4 4.47982
      vertex -1.47958 -4 4.47982
    endloop
  endfacet
  facet normal -0.0506647 0 0.998716
    outer loop
      vertex -0.0987654 4 3.8025
      vertex 0.295283 -4 3.82249
      vertex 0.295283 4 3.82249
    endloop
  endfacet
  facet normal -0.0506647 0 0.998716
    outer loop
      vertex 0.295283 -4 3.82249
      vertex -0.0987654 4 3.8025
      vertex -0.0987654 -4 3.8025
    endloop
  endfacet
  facet normal 0.918963 0 -0.394344
    outer loop
      vertex -1.70498 -4 6.69634
      vertex -1.86057 4 6.33376
      vertex -1.70498 4 6.69634
    endloop
  endfacet
  facet normal 0.918963 0 -0.394344
    outer loop
      vertex -1.86057 4 6.33376
      vertex -1.70498 -4 6.69634
      vertex -1.86057 -4 6.33376
    endloop
  endfacet
  facet normal 0.528967 0 0.848643
    outer loop
      vertex -1.19361 4 4.20799
      vertex -0.858768 -4 3.99928
      vertex -0.858768 4 3.99928
    endloop
  endfacet
  facet normal 0.528967 0 0.848643
    outer loop
      vertex -0.858768 -4 3.99928
      vertex -1.19361 4 4.20799
      vertex -1.19361 -4 4.20799
    endloop
  endfacet
  facet normal 1 -0 0
    outer loop
      vertex -1.93999 -4 5.94728
      vertex -1.93999 4 5.55272
      vertex -1.93999 4 5.94728
    endloop
  endfacet
  facet normal 1 0 0
    outer loop
      vertex -1.93999 4 5.55272
      vertex -1.93999 -4 5.94728
      vertex -1.93999 -4 5.55272
    endloop
  endfacet
  facet normal -1 0 0
    outer loop
      vertex 1.225 -4 7.25506
      vertex 1.225 4 7.49
      vertex 1.225 4 7.25506
    endloop
  endfacet
  facet normal -1 -0 0
    outer loop
      vertex 1.225 4 7.49
      vertex 1.225 -4 7.25506
      vertex 1.225 -4 7.49
    endloop
  endfacet
  facet normal 1 -0 0
    outer loop
      vertex -1.225 -4 7.49
      vertex -1.225 4 7.26217
      vertex -1.225 4 7.49
    endloop
  endfacet
  facet normal 1 0 0
    outer loop
      vertex -1.225 4 7.26217
      vertex -1.225 -4 7.49
      vertex -1.225 -4 7.26217
    endloop
  endfacet
  facet normal 0.39581 0 0.918333
    outer loop
      vertex -3.95 4 8.6645
      vertex -1.225 -4 7.49
      vertex -1.225 4 7.49
    endloop
  endfacet
  facet normal 0.39581 0 0.918333
    outer loop
      vertex -1.225 -4 7.49
      vertex -3.95 4 8.6645
      vertex -3.95 -4 8.6645
    endloop
  endfacet
  facet normal -0.39581 0 0.918333
    outer loop
      vertex 1.225 4 7.49
      vertex 3.95 -4 8.6645
      vertex 3.95 4 8.6645
    endloop
  endfacet
  facet normal -0.39581 0 0.918333
    outer loop
      vertex 3.95 -4 8.6645
      vertex 1.225 4 7.49
      vertex 1.225 -4 7.49
    endloop
  endfacet
  facet normal 1 -0 0
    outer loop
      vertex 21.2 -4 9.16939
      vertex 21.2 4 2
      vertex 21.2 4 9.16939
    endloop
  endfacet
  facet normal 1 0 0
    outer loop
      vertex 21.2 4 2
      vertex 21.2 -4 9.16939
      vertex 21.2 -4 2
    endloop
  endfacet
  facet normal -1 0 0
    outer loop
      vertex 12.8 -4 2
      vertex 12.8 4 9.16939
      vertex 12.8 4 2
    endloop
  endfacet
  facet normal -1 -0 0
    outer loop
      vertex 12.8 4 9.16939
      vertex 12.8 -4 2
      vertex 12.8 -4 9.16939
    endloop
  endfacet
  facet normal 0 1 -0
    outer loop
      vertex 18.6568 4 7.44746
      vertex 18.4 4 7.99
      vertex 21.2 4 9.16939
    endloop
  endfacet
  facet normal 0 1 0
    outer loop
      vertex 18.4 4 7.99
      vertex 18.6568 4 7.44746
      vertex 18.4 4 7.69295
    endloop
  endfacet
  facet normal 0 1 0
    outer loop
      vertex 21.2 4 9.16939
      vertex 18.8886 4 7.12838
      vertex 18.6568 4 7.44746
    endloop
  endfacet
  facet normal 0 1 0
    outer loop
      vertex 21.2 4 9.16939
      vertex 19.0597 4 6.77302
      vertex 18.8886 4 7.12838
    endloop
  endfacet
  facet normal 0 1 0
    outer loop
      vertex 21.2 4 9.16939
      vertex 19.1646 4 6.39283
      vertex 19.0597 4 6.77302
    endloop
  endfacet
  facet normal 0 1 0
    outer loop
      vertex 21.2 4 9.16939
      vertex 19.2 4 6
      vertex 19.1646 4 6.39283
    endloop
  endfacet
  facet normal 0 1 -0
    outer loop
      vertex 21.2 4 2
      vertex 19.2 4 6
      vertex 21.2 4 9.16939
    endloop
  endfacet
  facet normal 0 1 0
    outer loop
      vertex 19.2 4 6
      vertex 21.2 4 2
      vertex 19.1646 4 5.60717
    endloop
  endfacet
  facet normal 0 1 0
    outer loop
      vertex 19.1646 4 5.60717
      vertex 21.2 4 2
      vertex 19.0597 4 5.22697
    endloop
  endfacet
  facet normal 0 1 0
    outer loop
      vertex 17.2953 4 3.81991
      vertex 21.2 4 2
      vertex 16.9013 4 3.80221
    endloop
  endfacet
  facet normal 0 1 0
    outer loop
      vertex 17.6798 4 3.90767
      vertex 21.2 4 2
      vertex 17.2953 4 3.81991
    endloop
  endfacet
  facet normal 0 1 0
    outer loop
      vertex 18.0425 4 4.06269
      vertex 21.2 4 2
      vertex 17.6798 4 3.90767
    endloop
  endfacet
  facet normal 0 1 0
    outer loop
      vertex 18.3717 4 4.27997
      vertex 21.2 4 2
      vertex 18.0425 4 4.06269
    endloop
  endfacet
  facet normal 0 1 0
    outer loop
      vertex 18.6568 4 4.55253
      vertex 21.2 4 2
      vertex 18.3717 4 4.27997
    endloop
  endfacet
  facet normal 0 1 0
    outer loop
      vertex 18.8886 4 4.87162
      vertex 21.2 4 2
      vertex 18.6568 4 4.55253
    endloop
  endfacet
  facet normal 0 1 0
    outer loop
      vertex 19.0597 4 5.22697
      vertex 21.2 4 2
      vertex 18.8886 4 4.87162
    endloop
  endfacet
  facet normal 0 1 0
    outer loop
      vertex 15.4797 4 7.59015
      vertex 15.6 4 7.99
      vertex 15.6 4 7.68611
    endloop
  endfacet
  facet normal 0 1 0
    outer loop
      vertex 15.2202 4 7.29313
      vertex 15.6 4 7.99
      vertex 15.4797 4 7.59015
    endloop
  endfacet
  facet normal 0 1 0
    outer loop
      vertex 15.6 4 7.99
      vertex 15.2202 4 7.29313
      vertex 12.8 4 9.16939
    endloop
  endfacet
  facet normal 0 1 -0
    outer loop
      vertex 15.0179 4 6.95454
      vertex 12.8 4 9.16939
      vertex 15.2202 4 7.29313
    endloop
  endfacet
  facet normal 0 1 -0
    outer loop
      vertex 14.8793 4 6.58528
      vertex 12.8 4 9.16939
      vertex 15.0179 4 6.95454
    endloop
  endfacet
  facet normal 0 1 -0
    outer loop
      vertex 14.8089 4 6.19721
      vertex 12.8 4 9.16939
      vertex 14.8793 4 6.58528
    endloop
  endfacet
  facet normal 0 1 -0
    outer loop
      vertex 14.8089 4 5.80279
      vertex 12.8 4 9.16939
      vertex 14.8089 4 6.19721
    endloop
  endfacet
  facet normal 0 1 0
    outer loop
      vertex 12.8 4 2
      vertex 14.8089 4 5.80279
      vertex 14.8793 4 5.41472
    endloop
  endfacet
  facet normal 0 1 0
    outer loop
      vertex 12.8 4 2
      vertex 14.8793 4 5.41472
      vertex 15.0179 4 5.04545
    endloop
  endfacet
  facet normal 0 1 0
    outer loop
      vertex 12.8 4 2
      vertex 16.9013 4 3.80221
      vertex 21.2 4 2
    endloop
  endfacet
  facet normal 0 1 0
    outer loop
      vertex 16.9013 4 3.80221
      vertex 12.8 4 2
      vertex 16.5105 4 3.85516
    endloop
  endfacet
  facet normal 0 1 0
    outer loop
      vertex 14.8089 4 5.80279
      vertex 12.8 4 2
      vertex 12.8 4 9.16939
    endloop
  endfacet
  facet normal 0 1 0
    outer loop
      vertex 15.2202 4 4.70687
      vertex 12.8 4 2
      vertex 15.0179 4 5.04545
    endloop
  endfacet
  facet normal 0 1 0
    outer loop
      vertex 15.4797 4 4.40985
      vertex 12.8 4 2
      vertex 15.2202 4 4.70687
    endloop
  endfacet
  facet normal 0 1 0
    outer loop
      vertex 15.788 4 4.16394
      vertex 12.8 4 2
      vertex 15.4797 4 4.40985
    endloop
  endfacet
  facet normal 0 1 0
    outer loop
      vertex 16.1353 4 3.97704
      vertex 12.8 4 2
      vertex 15.788 4 4.16394
    endloop
  endfacet
  facet normal 0 1 0
    outer loop
      vertex 16.5105 4 3.85516
      vertex 12.8 4 2
      vertex 16.1353 4 3.97704
    endloop
  endfacet
  facet normal 0 -1 0
    outer loop
      vertex 15.2202 -4 7.29313
      vertex 15.6 -4 7.99
      vertex 12.8 -4 9.16939
    endloop
  endfacet
  facet normal 0 -1 -0
    outer loop
      vertex 15.6 -4 7.99
      vertex 15.4797 -4 7.59015
      vertex 15.6 -4 7.68611
    endloop
  endfacet
  facet normal 0 -1 0
    outer loop
      vertex 15.6 -4 7.99
      vertex 15.2202 -4 7.29313
      vertex 15.4797 -4 7.59015
    endloop
  endfacet
  facet normal 0 -1 0
    outer loop
      vertex 12.8 -4 9.16939
      vertex 15.0179 -4 6.95454
      vertex 15.2202 -4 7.29313
    endloop
  endfacet
  facet normal 0 -1 0
    outer loop
      vertex 12.8 -4 9.16939
      vertex 14.8793 -4 6.58528
      vertex 15.0179 -4 6.95454
    endloop
  endfacet
  facet normal 0 -1 0
    outer loop
      vertex 12.8 -4 9.16939
      vertex 14.8089 -4 6.19721
      vertex 14.8793 -4 6.58528
    endloop
  endfacet
  facet normal 0 -1 0
    outer loop
      vertex 12.8 -4 9.16939
      vertex 14.8089 -4 5.80279
      vertex 14.8089 -4 6.19721
    endloop
  endfacet
  facet normal 0 -1 0
    outer loop
      vertex 12.8 -4 2
      vertex 14.8089 -4 5.80279
      vertex 12.8 -4 9.16939
    endloop
  endfacet
  facet normal 0 -1 -0
    outer loop
      vertex 14.8089 -4 5.80279
      vertex 12.8 -4 2
      vertex 14.8793 -4 5.41472
    endloop
  endfacet
  facet normal 0 -1 -0
    outer loop
      vertex 16.5105 -4 3.85516
      vertex 12.8 -4 2
      vertex 16.9013 -4 3.80221
    endloop
  endfacet
  facet normal 0 -1 -0
    outer loop
      vertex 16.1353 -4 3.97704
      vertex 12.8 -4 2
      vertex 16.5105 -4 3.85516
    endloop
  endfacet
  facet normal 0 -1 -0
    outer loop
      vertex 15.788 -4 4.16394
      vertex 12.8 -4 2
      vertex 16.1353 -4 3.97704
    endloop
  endfacet
  facet normal 0 -1 -0
    outer loop
      vertex 15.4797 -4 4.40985
      vertex 12.8 -4 2
      vertex 15.788 -4 4.16394
    endloop
  endfacet
  facet normal 0 -1 -0
    outer loop
      vertex 15.2202 -4 4.70687
      vertex 12.8 -4 2
      vertex 15.4797 -4 4.40985
    endloop
  endfacet
  facet normal 0 -1 -0
    outer loop
      vertex 15.0179 -4 5.04545
      vertex 12.8 -4 2
      vertex 15.2202 -4 4.70687
    endloop
  endfacet
  facet normal 0 -1 -0
    outer loop
      vertex 14.8793 -4 5.41472
      vertex 12.8 -4 2
      vertex 15.0179 -4 5.04545
    endloop
  endfacet
  facet normal 0 -1 0
    outer loop
      vertex 18.6568 -4 7.44746
      vertex 18.4 -4 7.99
      vertex 18.4 -4 7.69295
    endloop
  endfacet
  facet normal 0 -1 0
    outer loop
      vertex 18.4 -4 7.99
      vertex 18.6568 -4 7.44746
      vertex 21.2 -4 9.16939
    endloop
  endfacet
  facet normal 0 -1 0
    outer loop
      vertex 18.8886 -4 7.12838
      vertex 21.2 -4 9.16939
      vertex 18.6568 -4 7.44746
    endloop
  endfacet
  facet normal 0 -1 0
    outer loop
      vertex 19.0597 -4 6.77302
      vertex 21.2 -4 9.16939
      vertex 18.8886 -4 7.12838
    endloop
  endfacet
  facet normal 0 -1 0
    outer loop
      vertex 19.1646 -4 6.39283
      vertex 21.2 -4 9.16939
      vertex 19.0597 -4 6.77302
    endloop
  endfacet
  facet normal 0 -1 0
    outer loop
      vertex 19.2 -4 6
      vertex 21.2 -4 9.16939
      vertex 19.1646 -4 6.39283
    endloop
  endfacet
  facet normal 0 -1 0
    outer loop
      vertex 21.2 -4 2
      vertex 19.2 -4 6
      vertex 19.1646 -4 5.60717
    endloop
  endfacet
  facet normal 0 -1 0
    outer loop
      vertex 21.2 -4 2
      vertex 19.1646 -4 5.60717
      vertex 19.0597 -4 5.22697
    endloop
  endfacet
  facet normal 0 -1 0
    outer loop
      vertex 21.2 -4 2
      vertex 19.0597 -4 5.22697
      vertex 18.8886 -4 4.87162
    endloop
  endfacet
  facet normal 0 -1 0
    outer loop
      vertex 21.2 -4 2
      vertex 16.9013 -4 3.80221
      vertex 12.8 -4 2
    endloop
  endfacet
  facet normal 0 -1 0
    outer loop
      vertex 16.9013 -4 3.80221
      vertex 21.2 -4 2
      vertex 17.2953 -4 3.81991
    endloop
  endfacet
  facet normal 0 -1 0
    outer loop
      vertex 19.2 -4 6
      vertex 21.2 -4 2
      vertex 21.2 -4 9.16939
    endloop
  endfacet
  facet normal 0 -1 0
    outer loop
      vertex 18.6568 -4 4.55253
      vertex 21.2 -4 2
      vertex 18.8886 -4 4.87162
    endloop
  endfacet
  facet normal 0 -1 0
    outer loop
      vertex 18.3717 -4 4.27997
      vertex 21.2 -4 2
      vertex 18.6568 -4 4.55253
    endloop
  endfacet
  facet normal 0 -1 0
    outer loop
      vertex 18.0425 -4 4.06269
      vertex 21.2 -4 2
      vertex 18.3717 -4 4.27997
    endloop
  endfacet
  facet normal 0 -1 0
    outer loop
      vertex 17.6798 -4 3.90767
      vertex 21.2 -4 2
      vertex 18.0425 -4 4.06269
    endloop
  endfacet
  facet normal 0 -1 0
    outer loop
      vertex 17.2953 -4 3.81991
      vertex 21.2 -4 2
      vertex 17.6798 -4 3.90767
    endloop
  endfacet
  facet normal -0.222522 0 0.974928
    outer loop
      vertex 17.2953 4 3.81991
      vertex 17.6798 -4 3.90767
      vertex 17.6798 4 3.90767
    endloop
  endfacet
  facet normal -0.222522 0 0.974928
    outer loop
      vertex 17.6798 -4 3.90767
      vertex 17.2953 4 3.81991
      vertex 17.2953 -4 3.81991
    endloop
  endfacet
  facet normal -0.96398 0 -0.265976
    outer loop
      vertex 19.1646 -4 6.39283
      vertex 19.0597 4 6.77302
      vertex 19.1646 4 6.39283
    endloop
  endfacet
  facet normal -0.96398 -0 -0.265976
    outer loop
      vertex 19.0597 4 6.77302
      vertex 19.1646 -4 6.39283
      vertex 19.0597 -4 6.77302
    endloop
  endfacet
  facet normal -0.995964 0 -0.0897516
    outer loop
      vertex 19.2 -4 6
      vertex 19.1646 4 6.39283
      vertex 19.2 4 6
    endloop
  endfacet
  facet normal -0.995964 -0 -0.0897516
    outer loop
      vertex 19.1646 4 6.39283
      vertex 19.2 -4 6
      vertex 19.1646 -4 6.39283
    endloop
  endfacet
  facet normal -0.550856 0 0.8346
    outer loop
      vertex 18.0425 4 4.06269
      vertex 18.3717 -4 4.27997
      vertex 18.3717 4 4.27997
    endloop
  endfacet
  facet normal -0.550856 0 0.8346
    outer loop
      vertex 18.3717 -4 4.27997
      vertex 18.0425 4 4.06269
      vertex 18.0425 -4 4.06269
    endloop
  endfacet
  facet normal -0.809047 0 -0.587743
    outer loop
      vertex 18.8886 -4 7.12838
      vertex 18.6568 4 7.44746
      vertex 18.8886 4 7.12838
    endloop
  endfacet
  facet normal -0.809047 -0 -0.587743
    outer loop
      vertex 18.6568 4 7.44746
      vertex 18.8886 -4 7.12838
      vertex 18.6568 -4 7.44746
    endloop
  endfacet
  facet normal 0.85844 -0 0.512914
    outer loop
      vertex 15.0179 -4 5.04545
      vertex 15.2202 4 4.70687
      vertex 15.0179 4 5.04545
    endloop
  endfacet
  facet normal 0.85844 0 0.512914
    outer loop
      vertex 15.2202 4 4.70687
      vertex 15.0179 -4 5.04545
      vertex 15.2202 -4 4.70687
    endloop
  endfacet
  facet normal -0.901001 0 -0.433817
    outer loop
      vertex 19.0597 -4 6.77302
      vertex 18.8886 4 7.12838
      vertex 19.0597 4 6.77302
    endloop
  endfacet
  facet normal -0.901001 -0 -0.433817
    outer loop
      vertex 18.8886 4 7.12838
      vertex 19.0597 -4 6.77302
      vertex 18.8886 -4 7.12838
    endloop
  endfacet
  facet normal 0.936223 0 -0.351407
    outer loop
      vertex 15.0179 -4 6.95454
      vertex 14.8793 4 6.58528
      vertex 15.0179 4 6.95454
    endloop
  endfacet
  facet normal 0.936223 0 -0.351407
    outer loop
      vertex 14.8793 4 6.58528
      vertex 15.0179 -4 6.95454
      vertex 14.8793 -4 6.58528
    endloop
  endfacet
  facet normal -0.691032 0 0.722825
    outer loop
      vertex 18.3717 4 4.27997
      vertex 18.6568 -4 4.55253
      vertex 18.6568 4 4.55253
    endloop
  endfacet
  facet normal -0.691032 0 0.722825
    outer loop
      vertex 18.6568 -4 4.55253
      vertex 18.3717 4 4.27997
      vertex 18.3717 -4 4.27997
    endloop
  endfacet
  facet normal 0.473888 0 0.880585
    outer loop
      vertex 15.788 4 4.16394
      vertex 16.1353 -4 3.97704
      vertex 16.1353 4 3.97704
    endloop
  endfacet
  facet normal 0.473888 0 0.880585
    outer loop
      vertex 16.1353 -4 3.97704
      vertex 15.788 4 4.16394
      vertex 15.788 -4 4.16394
    endloop
  endfacet
  facet normal 0.623566 0 0.781771
    outer loop
      vertex 15.4797 4 4.40985
      vertex 15.788 -4 4.16394
      vertex 15.788 4 4.16394
    endloop
  endfacet
  facet normal 0.623566 0 0.781771
    outer loop
      vertex 15.788 -4 4.16394
      vertex 15.4797 4 4.40985
      vertex 15.4797 -4 4.40985
    endloop
  endfacet
  facet normal 1 -0 0
    outer loop
      vertex 14.8089 -4 6.19721
      vertex 14.8089 4 5.80279
      vertex 14.8089 4 6.19721
    endloop
  endfacet
  facet normal 1 0 0
    outer loop
      vertex 14.8089 4 5.80279
      vertex 14.8089 -4 6.19721
      vertex 14.8089 -4 5.80279
    endloop
  endfacet
  facet normal -0.963981 0 0.26597
    outer loop
      vertex 19.0597 -4 5.22697
      vertex 19.1646 4 5.60717
      vertex 19.0597 4 5.22697
    endloop
  endfacet
  facet normal -0.963981 0 0.26597
    outer loop
      vertex 19.1646 4 5.60717
      vertex 19.0597 -4 5.22697
      vertex 19.1646 -4 5.60717
    endloop
  endfacet
  facet normal 0.936226 -0 0.351398
    outer loop
      vertex 14.8793 -4 5.41472
      vertex 15.0179 4 5.04545
      vertex 14.8793 4 5.41472
    endloop
  endfacet
  facet normal 0.936226 0 0.351398
    outer loop
      vertex 15.0179 4 5.04545
      vertex 14.8793 -4 5.41472
      vertex 15.0179 -4 5.04545
    endloop
  endfacet
  facet normal -0.995964 0 0.0897516
    outer loop
      vertex 19.1646 -4 5.60717
      vertex 19.2 4 6
      vertex 19.1646 4 5.60717
    endloop
  endfacet
  facet normal -0.995964 0 0.0897516
    outer loop
      vertex 19.2 4 6
      vertex 19.1646 -4 5.60717
      vertex 19.2 -4 6
    endloop
  endfacet
  facet normal 0.98394 -0 0.178497
    outer loop
      vertex 14.8089 -4 5.80279
      vertex 14.8793 4 5.41472
      vertex 14.8089 4 5.80279
    endloop
  endfacet
  facet normal 0.98394 0 0.178497
    outer loop
      vertex 14.8793 4 5.41472
      vertex 14.8089 -4 5.80279
      vertex 14.8793 -4 5.41472
    endloop
  endfacet
  facet normal 0.75307 -0 0.657941
    outer loop
      vertex 15.2202 -4 4.70687
      vertex 15.4797 4 4.40985
      vertex 15.2202 4 4.70687
    endloop
  endfacet
  facet normal 0.75307 0 0.657941
    outer loop
      vertex 15.4797 4 4.40985
      vertex 15.2202 -4 4.70687
      vertex 15.4797 -4 4.40985
    endloop
  endfacet
  facet normal 0.623585 0 -0.781756
    outer loop
      vertex 15.4797 -4 7.59015
      vertex 15.6 4 7.68611
      vertex 15.6 -4 7.68611
    endloop
  endfacet
  facet normal 0.623585 0 -0.781756
    outer loop
      vertex 15.6 4 7.68611
      vertex 15.4797 -4 7.59015
      vertex 15.4797 4 7.59015
    endloop
  endfacet
  facet normal -0.900996 0 0.433827
    outer loop
      vertex 18.8886 -4 4.87162
      vertex 19.0597 4 5.22697
      vertex 18.8886 4 4.87162
    endloop
  endfacet
  facet normal -0.900996 0 0.433827
    outer loop
      vertex 19.0597 4 5.22697
      vertex 18.8886 -4 4.87162
      vertex 19.0597 -4 5.22697
    endloop
  endfacet
  facet normal -0.69101 0 -0.722845
    outer loop
      vertex 18.4 -4 7.69295
      vertex 18.6568 4 7.44746
      vertex 18.6568 -4 7.44746
    endloop
  endfacet
  facet normal -0.69101 0 -0.722845
    outer loop
      vertex 18.6568 4 7.44746
      vertex 18.4 -4 7.69295
      vertex 18.4 4 7.69295
    endloop
  endfacet
  facet normal -0.0448786 0 0.998992
    outer loop
      vertex 16.9013 4 3.80221
      vertex 17.2953 -4 3.81991
      vertex 17.2953 4 3.81991
    endloop
  endfacet
  facet normal -0.0448786 0 0.998992
    outer loop
      vertex 17.2953 -4 3.81991
      vertex 16.9013 4 3.80221
      vertex 16.9013 -4 3.80221
    endloop
  endfacet
  facet normal -0.393013 0 0.919533
    outer loop
      vertex 17.6798 4 3.90767
      vertex 18.0425 -4 4.06269
      vertex 18.0425 4 4.06269
    endloop
  endfacet
  facet normal -0.393013 0 0.919533
    outer loop
      vertex 18.0425 -4 4.06269
      vertex 17.6798 4 3.90767
      vertex 17.6798 -4 3.90767
    endloop
  endfacet
  facet normal -0.809056 0 0.587731
    outer loop
      vertex 18.6568 -4 4.55253
      vertex 18.8886 4 4.87162
      vertex 18.6568 4 4.55253
    endloop
  endfacet
  facet normal -0.809056 0 0.587731
    outer loop
      vertex 18.8886 4 4.87162
      vertex 18.6568 -4 4.55253
      vertex 18.8886 -4 4.87162
    endloop
  endfacet
  facet normal 0.75307 0 -0.657941
    outer loop
      vertex 15.4797 -4 7.59015
      vertex 15.2202 4 7.29313
      vertex 15.4797 4 7.59015
    endloop
  endfacet
  facet normal 0.75307 0 -0.657941
    outer loop
      vertex 15.2202 4 7.29313
      vertex 15.4797 -4 7.59015
      vertex 15.2202 -4 7.29313
    endloop
  endfacet
  facet normal 0.98394 0 -0.178497
    outer loop
      vertex 14.8793 -4 6.58528
      vertex 14.8089 4 6.19721
      vertex 14.8793 4 6.58528
    endloop
  endfacet
  facet normal 0.98394 0 -0.178497
    outer loop
      vertex 14.8089 4 6.19721
      vertex 14.8793 -4 6.58528
      vertex 14.8089 -4 6.19721
    endloop
  endfacet
  facet normal 0.134264 0 0.990946
    outer loop
      vertex 16.5105 4 3.85516
      vertex 16.9013 -4 3.80221
      vertex 16.9013 4 3.80221
    endloop
  endfacet
  facet normal 0.134264 0 0.990946
    outer loop
      vertex 16.9013 -4 3.80221
      vertex 16.5105 4 3.85516
      vertex 16.5105 -4 3.85516
    endloop
  endfacet
  facet normal 0.308949 0 0.951079
    outer loop
      vertex 16.1353 4 3.97704
      vertex 16.5105 -4 3.85516
      vertex 16.5105 4 3.85516
    endloop
  endfacet
  facet normal 0.308949 0 0.951079
    outer loop
      vertex 16.5105 -4 3.85516
      vertex 16.1353 4 3.97704
      vertex 16.1353 -4 3.97704
    endloop
  endfacet
  facet normal 0.858447 0 -0.512903
    outer loop
      vertex 15.2202 -4 7.29313
      vertex 15.0179 4 6.95454
      vertex 15.2202 4 7.29313
    endloop
  endfacet
  facet normal 0.858447 0 -0.512903
    outer loop
      vertex 15.0179 4 6.95454
      vertex 15.2202 -4 7.29313
      vertex 15.0179 -4 6.95454
    endloop
  endfacet
  facet normal -1 0 0
    outer loop
      vertex 18.4 -4 7.69295
      vertex 18.4 4 7.99
      vertex 18.4 4 7.69295
    endloop
  endfacet
  facet normal -1 -0 0
    outer loop
      vertex 18.4 4 7.99
      vertex 18.4 -4 7.69295
      vertex 18.4 -4 7.99
    endloop
  endfacet
  facet normal 1 -0 0
    outer loop
      vertex 15.6 -4 7.99
      vertex 15.6 4 7.68611
      vertex 15.6 4 7.99
    endloop
  endfacet
  facet normal 1 0 0
    outer loop
      vertex 15.6 4 7.68611
      vertex 15.6 -4 7.99
      vertex 15.6 -4 7.68611
    endloop
  endfacet
  facet normal 0.388181 0 0.921583
    outer loop
      vertex 12.8 4 9.16939
      vertex 15.6 -4 7.99
      vertex 15.6 4 7.99
    endloop
  endfacet
  facet normal 0.388181 0 0.921583
    outer loop
      vertex 15.6 -4 7.99
      vertex 12.8 4 9.16939
      vertex 12.8 -4 9.16939
    endloop
  endfacet
  facet normal -0.388181 0 0.921583
    outer loop
      vertex 18.4 4 7.99
      vertex 21.2 -4 9.16939
      vertex 21.2 4 9.16939
    endloop
  endfacet
  facet normal -0.388181 0 0.921583
    outer loop
      vertex 21.2 -4 9.16939
      vertex 18.4 4 7.99
      vertex 18.4 -4 7.99
    endloop
  endfacet
  facet normal 1 -0 0
    outer loop
      vertex 38.45 -4 9.67407
      vertex 38.45 4 2
      vertex 38.45 4 9.67407
    endloop
  endfacet
  facet normal 1 0 0
    outer loop
      vertex 38.45 4 2
      vertex 38.45 -4 9.67407
      vertex 38.45 -4 2
    endloop
  endfacet
  facet normal -1 0 0
    outer loop
      vertex 29.55 -4 2
      vertex 29.55 4 9.67407
      vertex 29.55 4 2
    endloop
  endfacet
  facet normal -1 -0 0
    outer loop
      vertex 29.55 4 9.67407
      vertex 29.55 -4 2
      vertex 29.55 -4 9.67407
    endloop
  endfacet
  facet normal 0 1 -0
    outer loop
      vertex 35.9586 4 7.72182
      vertex 35.575 4 8.49
      vertex 38.45 4 9.67407
    endloop
  endfacet
  facet normal 0 1 0
    outer loop
      vertex 35.575 4 8.49
      vertex 35.6972 4 8.01695
      vertex 35.575 4 8.1167
    endloop
  endfacet
  facet normal 0 1 0
    outer loop
      vertex 35.575 4 8.49
      vertex 35.9586 4 7.72182
      vertex 35.6972 4 8.01695
    endloop
  endfacet
  facet normal 0 1 0
    outer loop
      vertex 38.45 4 9.67407
      vertex 36.1694 4 7.38857
      vertex 35.9586 4 7.72182
    endloop
  endfacet
  facet normal 0 1 0
    outer loop
      vertex 38.45 4 9.67407
      vertex 36.3239 4 7.02584
      vertex 36.1694 4 7.38857
    endloop
  endfacet
  facet normal 0 1 0
    outer loop
      vertex 38.45 4 9.67407
      vertex 36.4183 4 6.64301
      vertex 36.3239 4 7.02584
    endloop
  endfacet
  facet normal 0 1 0
    outer loop
      vertex 38.45 4 9.67407
      vertex 36.45 4 6.25
      vertex 36.4183 4 6.64301
    endloop
  endfacet
  facet normal 0 1 -0
    outer loop
      vertex 38.45 4 2
      vertex 36.45 4 6.25
      vertex 38.45 4 9.67407
    endloop
  endfacet
  facet normal 0 1 0
    outer loop
      vertex 36.45 4 6.25
      vertex 38.45 4 2
      vertex 36.4183 4 5.85699
    endloop
  endfacet
  facet normal 0 1 0
    outer loop
      vertex 36.4183 4 5.85699
      vertex 38.45 4 2
      vertex 36.3239 4 5.47416
    endloop
  endfacet
  facet normal 0 1 0
    outer loop
      vertex 34.2953 4 3.81786
      vertex 38.45 4 2
      vertex 33.9013 4 3.80199
    endloop
  endfacet
  facet normal 0 1 0
    outer loop
      vertex 34.6816 4 3.89673
      vertex 38.45 4 2
      vertex 34.2953 4 3.81786
    endloop
  endfacet
  facet normal 0 1 0
    outer loop
      vertex 35.0503 4 4.03655
      vertex 38.45 4 2
      vertex 34.6816 4 3.89673
    endloop
  endfacet
  facet normal 0 1 0
    outer loop
      vertex 35.3918 4 4.23369
      vertex 38.45 4 2
      vertex 35.0503 4 4.03655
    endloop
  endfacet
  facet normal 0 1 0
    outer loop
      vertex 35.6972 4 4.48305
      vertex 38.45 4 2
      vertex 35.3918 4 4.23369
    endloop
  endfacet
  facet normal 0 1 0
    outer loop
      vertex 35.9586 4 4.77818
      vertex 38.45 4 2
      vertex 35.6972 4 4.48305
    endloop
  endfacet
  facet normal 0 1 0
    outer loop
      vertex 36.1694 4 5.11143
      vertex 38.45 4 2
      vertex 35.9586 4 4.77818
    endloop
  endfacet
  facet normal 0 1 0
    outer loop
      vertex 36.3239 4 5.47416
      vertex 38.45 4 2
      vertex 36.1694 4 5.11143
    endloop
  endfacet
  facet normal 0 1 0
    outer loop
      vertex 32.1661 4 7.87465
      vertex 32.425 4 8.49
      vertex 32.425 4 8.12328
    endloop
  endfacet
  facet normal 0 1 0
    outer loop
      vertex 32.425 4 8.49
      vertex 32.1661 4 7.87465
      vertex 29.55 4 9.67407
    endloop
  endfacet
  facet normal 0 1 -0
    outer loop
      vertex 31.9293 4 7.55944
      vertex 29.55 4 9.67407
      vertex 32.1661 4 7.87465
    endloop
  endfacet
  facet normal 0 1 -0
    outer loop
      vertex 31.7461 4 7.21032
      vertex 29.55 4 9.67407
      vertex 31.9293 4 7.55944
    endloop
  endfacet
  facet normal 0 1 -0
    outer loop
      vertex 31.6212 4 6.83632
      vertex 29.55 4 9.67407
      vertex 31.7461 4 7.21032
    endloop
  endfacet
  facet normal 0 1 -0
    outer loop
      vertex 31.5579 4 6.44714
      vertex 29.55 4 9.67407
      vertex 31.6212 4 6.83632
    endloop
  endfacet
  facet normal 0 1 -0
    outer loop
      vertex 31.5579 4 6.05286
      vertex 29.55 4 9.67407
      vertex 31.5579 4 6.44714
    endloop
  endfacet
  facet normal 0 1 0
    outer loop
      vertex 29.55 4 2
      vertex 31.5579 4 6.05286
      vertex 31.6212 4 5.66368
    endloop
  endfacet
  facet normal 0 1 0
    outer loop
      vertex 29.55 4 2
      vertex 31.6212 4 5.66368
      vertex 31.7461 4 5.28968
    endloop
  endfacet
  facet normal 0 1 0
    outer loop
      vertex 29.55 4 2
      vertex 33.9013 4 3.80199
      vertex 38.45 4 2
    endloop
  endfacet
  facet normal 0 1 0
    outer loop
      vertex 33.9013 4 3.80199
      vertex 29.55 4 2
      vertex 33.5099 4 3.84951
    endloop
  endfacet
  facet normal 0 1 0
    outer loop
      vertex 31.5579 4 6.05286
      vertex 29.55 4 2
      vertex 29.55 4 9.67407
    endloop
  endfacet
  facet normal 0 1 0
    outer loop
      vertex 31.9293 4 4.94056
      vertex 29.55 4 2
      vertex 31.7461 4 5.28968
    endloop
  endfacet
  facet normal 0 1 0
    outer loop
      vertex 32.1661 4 4.62535
      vertex 29.55 4 2
      vertex 31.9293 4 4.94056
    endloop
  endfacet
  facet normal 0 1 0
    outer loop
      vertex 32.4505 4 4.35222
      vertex 29.55 4 2
      vertex 32.1661 4 4.62535
    endloop
  endfacet
  facet normal 0 1 0
    outer loop
      vertex 32.775 4 4.12824
      vertex 29.55 4 2
      vertex 32.4505 4 4.35222
    endloop
  endfacet
  facet normal 0 1 0
    outer loop
      vertex 33.1312 4 3.95921
      vertex 29.55 4 2
      vertex 32.775 4 4.12824
    endloop
  endfacet
  facet normal 0 1 0
    outer loop
      vertex 33.5099 4 3.84951
      vertex 29.55 4 2
      vertex 33.1312 4 3.95921
    endloop
  endfacet
  facet normal 0 -1 0
    outer loop
      vertex 32.1661 -4 7.87465
      vertex 32.425 -4 8.49
      vertex 29.55 -4 9.67407
    endloop
  endfacet
  facet normal 0 -1 -0
    outer loop
      vertex 32.425 -4 8.49
      vertex 32.1661 -4 7.87465
      vertex 32.425 -4 8.12328
    endloop
  endfacet
  facet normal 0 -1 0
    outer loop
      vertex 29.55 -4 9.67407
      vertex 31.9293 -4 7.55944
      vertex 32.1661 -4 7.87465
    endloop
  endfacet
  facet normal 0 -1 0
    outer loop
      vertex 29.55 -4 9.67407
      vertex 31.7461 -4 7.21032
      vertex 31.9293 -4 7.55944
    endloop
  endfacet
  facet normal 0 -1 0
    outer loop
      vertex 29.55 -4 9.67407
      vertex 31.6212 -4 6.83632
      vertex 31.7461 -4 7.21032
    endloop
  endfacet
  facet normal 0 -1 0
    outer loop
      vertex 29.55 -4 9.67407
      vertex 31.5579 -4 6.44714
      vertex 31.6212 -4 6.83632
    endloop
  endfacet
  facet normal 0 -1 0
    outer loop
      vertex 29.55 -4 9.67407
      vertex 31.5579 -4 6.05286
      vertex 31.5579 -4 6.44714
    endloop
  endfacet
  facet normal 0 -1 0
    outer loop
      vertex 29.55 -4 2
      vertex 31.5579 -4 6.05286
      vertex 29.55 -4 9.67407
    endloop
  endfacet
  facet normal 0 -1 -0
    outer loop
      vertex 31.5579 -4 6.05286
      vertex 29.55 -4 2
      vertex 31.6212 -4 5.66368
    endloop
  endfacet
  facet normal 0 -1 -0
    outer loop
      vertex 33.5099 -4 3.84951
      vertex 29.55 -4 2
      vertex 33.9013 -4 3.80199
    endloop
  endfacet
  facet normal 0 -1 -0
    outer loop
      vertex 33.1312 -4 3.95921
      vertex 29.55 -4 2
      vertex 33.5099 -4 3.84951
    endloop
  endfacet
  facet normal 0 -1 -0
    outer loop
      vertex 32.775 -4 4.12824
      vertex 29.55 -4 2
      vertex 33.1312 -4 3.95921
    endloop
  endfacet
  facet normal 0 -1 -0
    outer loop
      vertex 32.4505 -4 4.35222
      vertex 29.55 -4 2
      vertex 32.775 -4 4.12824
    endloop
  endfacet
  facet normal 0 -1 -0
    outer loop
      vertex 32.1661 -4 4.62535
      vertex 29.55 -4 2
      vertex 32.4505 -4 4.35222
    endloop
  endfacet
  facet normal 0 -1 -0
    outer loop
      vertex 31.9293 -4 4.94056
      vertex 29.55 -4 2
      vertex 32.1661 -4 4.62535
    endloop
  endfacet
  facet normal 0 -1 -0
    outer loop
      vertex 31.7461 -4 5.28968
      vertex 29.55 -4 2
      vertex 31.9293 -4 4.94056
    endloop
  endfacet
  facet normal 0 -1 -0
    outer loop
      vertex 31.6212 -4 5.66368
      vertex 29.55 -4 2
      vertex 31.7461 -4 5.28968
    endloop
  endfacet
  facet normal 0 -1 0
    outer loop
      vertex 35.6972 -4 8.01695
      vertex 35.575 -4 8.49
      vertex 35.575 -4 8.1167
    endloop
  endfacet
  facet normal 0 -1 0
    outer loop
      vertex 35.9586 -4 7.72182
      vertex 35.575 -4 8.49
      vertex 35.6972 -4 8.01695
    endloop
  endfacet
  facet normal 0 -1 0
    outer loop
      vertex 35.575 -4 8.49
      vertex 35.9586 -4 7.72182
      vertex 38.45 -4 9.67407
    endloop
  endfacet
  facet normal 0 -1 0
    outer loop
      vertex 36.1694 -4 7.38857
      vertex 38.45 -4 9.67407
      vertex 35.9586 -4 7.72182
    endloop
  endfacet
  facet normal 0 -1 0
    outer loop
      vertex 36.3239 -4 7.02584
      vertex 38.45 -4 9.67407
      vertex 36.1694 -4 7.38857
    endloop
  endfacet
  facet normal 0 -1 0
    outer loop
      vertex 36.4183 -4 6.64301
      vertex 38.45 -4 9.67407
      vertex 36.3239 -4 7.02584
    endloop
  endfacet
  facet normal 0 -1 0
    outer loop
      vertex 36.45 -4 6.25
      vertex 38.45 -4 9.67407
      vertex 36.4183 -4 6.64301
    endloop
  endfacet
  facet normal 0 -1 0
    outer loop
      vertex 38.45 -4 2
      vertex 36.45 -4 6.25
      vertex 36.4183 -4 5.85699
    endloop
  endfacet
  facet normal 0 -1 0
    outer loop
      vertex 38.45 -4 2
      vertex 36.4183 -4 5.85699
      vertex 36.3239 -4 5.47416
    endloop
  endfacet
  facet normal 0 -1 0
    outer loop
      vertex 38.45 -4 2
      vertex 36.3239 -4 5.47416
      vertex 36.1694 -4 5.11143
    endloop
  endfacet
  facet normal 0 -1 0
    outer loop
      vertex 38.45 -4 2
      vertex 33.9013 -4 3.80199
      vertex 29.55 -4 2
    endloop
  endfacet
  facet normal 0 -1 0
    outer loop
      vertex 33.9013 -4 3.80199
      vertex 38.45 -4 2
      vertex 34.2953 -4 3.81786
    endloop
  endfacet
  facet normal 0 -1 0
    outer loop
      vertex 36.45 -4 6.25
      vertex 38.45 -4 2
      vertex 38.45 -4 9.67407
    endloop
  endfacet
  facet normal 0 -1 0
    outer loop
      vertex 35.9586 -4 4.77818
      vertex 38.45 -4 2
      vertex 36.1694 -4 5.11143
    endloop
  endfacet
  facet normal 0 -1 0
    outer loop
      vertex 35.6972 -4 4.48305
      vertex 38.45 -4 2
      vertex 35.9586 -4 4.77818
    endloop
  endfacet
  facet normal 0 -1 0
    outer loop
      vertex 35.3918 -4 4.23369
      vertex 38.45 -4 2
      vertex 35.6972 -4 4.48305
    endloop
  endfacet
  facet normal 0 -1 0
    outer loop
      vertex 35.0503 -4 4.03655
      vertex 38.45 -4 2
      vertex 35.3918 -4 4.23369
    endloop
  endfacet
  facet normal 0 -1 0
    outer loop
      vertex 34.6816 -4 3.89673
      vertex 38.45 -4 2
      vertex 35.0503 -4 4.03655
    endloop
  endfacet
  facet normal 0 -1 0
    outer loop
      vertex 34.2953 -4 3.81786
      vertex 38.45 -4 2
      vertex 34.6816 -4 3.89673
    endloop
  endfacet
  facet normal -0.200041 0 0.979788
    outer loop
      vertex 34.2953 4 3.81786
      vertex 34.6816 -4 3.89673
      vertex 34.6816 4 3.89673
    endloop
  endfacet
  facet normal -0.200041 0 0.979788
    outer loop
      vertex 34.6816 -4 3.89673
      vertex 34.2953 4 3.81786
      vertex 34.2953 -4 3.81786
    endloop
  endfacet
  facet normal -0.970918 0 -0.239413
    outer loop
      vertex 36.4183 -4 6.64301
      vertex 36.3239 4 7.02584
      vertex 36.4183 4 6.64301
    endloop
  endfacet
  facet normal -0.970918 -0 -0.239413
    outer loop
      vertex 36.3239 4 7.02584
      vertex 36.4183 -4 6.64301
      vertex 36.3239 -4 7.02584
    endloop
  endfacet
  facet normal -0.996763 0 -0.0803984
    outer loop
      vertex 36.45 -4 6.25
      vertex 36.4183 4 6.64301
      vertex 36.45 4 6.25
    endloop
  endfacet
  facet normal -0.996763 -0 -0.0803984
    outer loop
      vertex 36.4183 4 6.64301
      vertex 36.45 -4 6.25
      vertex 36.4183 -4 6.64301
    endloop
  endfacet
  facet normal 0.120525 0 0.99271
    outer loop
      vertex 33.5099 4 3.84951
      vertex 33.9013 -4 3.80199
      vertex 33.9013 4 3.80199
    endloop
  endfacet
  facet normal 0.120525 0 0.99271
    outer loop
      vertex 33.9013 -4 3.80199
      vertex 33.5099 4 3.84951
      vertex 33.5099 -4 3.84951
    endloop
  endfacet
  facet normal -0.632357 0 -0.774677
    outer loop
      vertex 35.575 -4 8.1167
      vertex 35.6972 4 8.01695
      vertex 35.6972 -4 8.01695
    endloop
  endfacet
  facet normal -0.632357 0 -0.774677
    outer loop
      vertex 35.6972 4 8.01695
      vertex 35.575 -4 8.1167
      vertex 35.575 4 8.1167
    endloop
  endfacet
  facet normal -0.632458 0 0.774594
    outer loop
      vertex 35.3918 4 4.23369
      vertex 35.6972 -4 4.48305
      vertex 35.6972 4 4.48305
    endloop
  endfacet
  facet normal -0.632458 0 0.774594
    outer loop
      vertex 35.6972 -4 4.48305
      vertex 35.3918 4 4.23369
      vertex 35.3918 -4 4.23369
    endloop
  endfacet
  facet normal 0.948506 -0 0.31676
    outer loop
      vertex 31.6212 -4 5.66368
      vertex 31.7461 4 5.28968
      vertex 31.6212 4 5.66368
    endloop
  endfacet
  facet normal 0.948506 0 0.31676
    outer loop
      vertex 31.7461 4 5.28968
      vertex 31.6212 -4 5.66368
      vertex 31.7461 -4 5.28968
    endloop
  endfacet
  facet normal 0.987029 0 -0.16054
    outer loop
      vertex 31.6212 -4 6.83632
      vertex 31.5579 4 6.44714
      vertex 31.6212 4 6.83632
    endloop
  endfacet
  facet normal 0.987029 0 -0.16054
    outer loop
      vertex 31.5579 4 6.44714
      vertex 31.6212 -4 6.83632
      vertex 31.5579 -4 6.44714
    endloop
  endfacet
  facet normal 0.799522 -0 0.600637
    outer loop
      vertex 31.9293 -4 4.94056
      vertex 32.1661 4 4.62535
      vertex 31.9293 4 4.94056
    endloop
  endfacet
  facet normal 0.799522 0 0.600637
    outer loop
      vertex 32.1661 4 4.62535
      vertex 31.9293 -4 4.94056
      vertex 32.1661 -4 4.62535
    endloop
  endfacet
  facet normal -0.92002 0 -0.39187
    outer loop
      vertex 36.3239 -4 7.02584
      vertex 36.1694 4 7.38857
      vertex 36.3239 4 7.02584
    endloop
  endfacet
  facet normal -0.92002 -0 -0.39187
    outer loop
      vertex 36.1694 4 7.38857
      vertex 36.3239 -4 7.02584
      vertex 36.1694 -4 7.38857
    endloop
  endfacet
  facet normal -0.748589 0 0.663034
    outer loop
      vertex 35.6972 -4 4.48305
      vertex 35.9586 4 4.77818
      vertex 35.6972 4 4.48305
    endloop
  endfacet
  facet normal -0.748589 0 0.663034
    outer loop
      vertex 35.9586 4 4.77818
      vertex 35.6972 -4 4.48305
      vertex 35.9586 -4 4.77818
    endloop
  endfacet
  facet normal -0.354584 0 0.935024
    outer loop
      vertex 34.6816 4 3.89673
      vertex 35.0503 -4 4.03655
      vertex 35.0503 4 4.03655
    endloop
  endfacet
  facet normal -0.354584 0 0.935024
    outer loop
      vertex 35.0503 -4 4.03655
      vertex 34.6816 4 3.89673
      vertex 34.6816 -4 3.89673
    endloop
  endfacet
  facet normal -0.845115 0 0.534584
    outer loop
      vertex 35.9586 -4 4.77818
      vertex 36.1694 4 5.11143
      vertex 35.9586 4 4.77818
    endloop
  endfacet
  facet normal -0.845115 0 0.534584
    outer loop
      vertex 36.1694 4 5.11143
      vertex 35.9586 -4 4.77818
      vertex 36.1694 -4 5.11143
    endloop
  endfacet
  facet normal 0.948506 0 -0.31676
    outer loop
      vertex 31.7461 -4 7.21032
      vertex 31.6212 4 6.83632
      vertex 31.7461 4 7.21032
    endloop
  endfacet
  facet normal 0.948506 0 -0.31676
    outer loop
      vertex 31.6212 4 6.83632
      vertex 31.7461 -4 7.21032
      vertex 31.6212 -4 6.83632
    endloop
  endfacet
  facet normal 0.692656 0 -0.721268
    outer loop
      vertex 32.1661 -4 7.87465
      vertex 32.425 4 8.12328
      vertex 32.425 -4 8.12328
    endloop
  endfacet
  facet normal 0.692656 0 -0.721268
    outer loop
      vertex 32.425 4 8.12328
      vertex 32.1661 -4 7.87465
      vertex 32.1661 4 7.87465
    endloop
  endfacet
  facet normal 0.568054 0 0.822991
    outer loop
      vertex 32.4505 4 4.35222
      vertex 32.775 -4 4.12824
      vertex 32.775 4 4.12824
    endloop
  endfacet
  facet normal 0.568054 0 0.822991
    outer loop
      vertex 32.775 -4 4.12824
      vertex 32.4505 4 4.35222
      vertex 32.4505 -4 4.35222
    endloop
  endfacet
  facet normal 0.428715 0 0.90344
    outer loop
      vertex 32.775 4 4.12824
      vertex 33.1312 -4 3.95921
      vertex 33.1312 4 3.95921
    endloop
  endfacet
  facet normal 0.428715 0 0.90344
    outer loop
      vertex 33.1312 -4 3.95921
      vertex 32.775 4 4.12824
      vertex 32.775 -4 4.12824
    endloop
  endfacet
  facet normal -0.499952 0 0.866053
    outer loop
      vertex 35.0503 4 4.03655
      vertex 35.3918 -4 4.23369
      vertex 35.3918 4 4.23369
    endloop
  endfacet
  facet normal -0.499952 0 0.866053
    outer loop
      vertex 35.3918 -4 4.23369
      vertex 35.0503 4 4.03655
      vertex 35.0503 -4 4.03655
    endloop
  endfacet
  facet normal -0.996763 0 0.0803984
    outer loop
      vertex 36.4183 -4 5.85699
      vertex 36.45 4 6.25
      vertex 36.4183 4 5.85699
    endloop
  endfacet
  facet normal -0.996763 0 0.0803984
    outer loop
      vertex 36.45 4 6.25
      vertex 36.4183 -4 5.85699
      vertex 36.45 -4 6.25
    endloop
  endfacet
  facet normal 0.987029 -0 0.16054
    outer loop
      vertex 31.5579 -4 6.05286
      vertex 31.6212 4 5.66368
      vertex 31.5579 4 6.05286
    endloop
  endfacet
  facet normal 0.987029 0 0.16054
    outer loop
      vertex 31.6212 4 5.66368
      vertex 31.5579 -4 6.05286
      vertex 31.6212 -4 5.66368
    endloop
  endfacet
  facet normal 0.278237 0 0.960513
    outer loop
      vertex 33.1312 4 3.95921
      vertex 33.5099 -4 3.84951
      vertex 33.5099 4 3.84951
    endloop
  endfacet
  facet normal 0.278237 0 0.960513
    outer loop
      vertex 33.5099 -4 3.84951
      vertex 33.1312 4 3.95921
      vertex 33.1312 -4 3.95921
    endloop
  endfacet
  facet normal -0.748589 0 -0.663034
    outer loop
      vertex 35.9586 -4 7.72182
      vertex 35.6972 4 8.01695
      vertex 35.9586 4 7.72182
    endloop
  endfacet
  facet normal -0.748589 -0 -0.663034
    outer loop
      vertex 35.6972 4 8.01695
      vertex 35.9586 -4 7.72182
      vertex 35.6972 -4 8.01695
    endloop
  endfacet
  facet normal -0.970918 0 0.239413
    outer loop
      vertex 36.3239 -4 5.47416
      vertex 36.4183 4 5.85699
      vertex 36.3239 4 5.47416
    endloop
  endfacet
  facet normal -0.970918 0 0.239413
    outer loop
      vertex 36.4183 4 5.85699
      vertex 36.3239 -4 5.47416
      vertex 36.4183 -4 5.85699
    endloop
  endfacet
  facet normal -0.845115 0 -0.534584
    outer loop
      vertex 36.1694 -4 7.38857
      vertex 35.9586 4 7.72182
      vertex 36.1694 4 7.38857
    endloop
  endfacet
  facet normal -0.845115 -0 -0.534584
    outer loop
      vertex 35.9586 4 7.72182
      vertex 36.1694 -4 7.38857
      vertex 35.9586 -4 7.72182
    endloop
  endfacet
  facet normal -0.92002 0 0.39187
    outer loop
      vertex 36.1694 -4 5.11143
      vertex 36.3239 4 5.47416
      vertex 36.1694 4 5.11143
    endloop
  endfacet
  facet normal -0.92002 0 0.39187
    outer loop
      vertex 36.3239 4 5.47416
      vertex 36.1694 -4 5.11143
      vertex 36.3239 -4 5.47416
    endloop
  endfacet
  facet normal 0.692672 0 0.721253
    outer loop
      vertex 32.1661 4 4.62535
      vertex 32.4505 -4 4.35222
      vertex 32.4505 4 4.35222
    endloop
  endfacet
  facet normal 0.692672 0 0.721253
    outer loop
      vertex 32.4505 -4 4.35222
      vertex 32.1661 4 4.62535
      vertex 32.1661 -4 4.62535
    endloop
  endfacet
  facet normal 0.88549 0 -0.464659
    outer loop
      vertex 31.9293 -4 7.55944
      vertex 31.7461 4 7.21032
      vertex 31.9293 4 7.55944
    endloop
  endfacet
  facet normal 0.88549 0 -0.464659
    outer loop
      vertex 31.7461 4 7.21032
      vertex 31.9293 -4 7.55944
      vertex 31.7461 -4 7.21032
    endloop
  endfacet
  facet normal -0.0402466 0 0.99919
    outer loop
      vertex 33.9013 4 3.80199
      vertex 34.2953 -4 3.81786
      vertex 34.2953 4 3.81786
    endloop
  endfacet
  facet normal -0.0402466 0 0.99919
    outer loop
      vertex 34.2953 -4 3.81786
      vertex 33.9013 4 3.80199
      vertex 33.9013 -4 3.80199
    endloop
  endfacet
  facet normal 1 -0 0
    outer loop
      vertex 31.5579 -4 6.44714
      vertex 31.5579 4 6.05286
      vertex 31.5579 4 6.44714
    endloop
  endfacet
  facet normal 1 0 0
    outer loop
      vertex 31.5579 4 6.05286
      vertex 31.5579 -4 6.44714
      vertex 31.5579 -4 6.05286
    endloop
  endfacet
  facet normal 0.88549 -0 0.464659
    outer loop
      vertex 31.7461 -4 5.28968
      vertex 31.9293 4 4.94056
      vertex 31.7461 4 5.28968
    endloop
  endfacet
  facet normal 0.88549 0 0.464659
    outer loop
      vertex 31.9293 4 4.94056
      vertex 31.7461 -4 5.28968
      vertex 31.9293 -4 4.94056
    endloop
  endfacet
  facet normal 0.799522 0 -0.600637
    outer loop
      vertex 32.1661 -4 7.87465
      vertex 31.9293 4 7.55944
      vertex 32.1661 4 7.87465
    endloop
  endfacet
  facet normal 0.799522 0 -0.600637
    outer loop
      vertex 31.9293 4 7.55944
      vertex 32.1661 -4 7.87465
      vertex 31.9293 -4 7.55944
    endloop
  endfacet
  facet normal -1 0 0
    outer loop
      vertex 35.575 -4 8.1167
      vertex 35.575 4 8.49
      vertex 35.575 4 8.1167
    endloop
  endfacet
  facet normal -1 -0 0
    outer loop
      vertex 35.575 4 8.49
      vertex 35.575 -4 8.1167
      vertex 35.575 -4 8.49
    endloop
  endfacet
  facet normal 1 -0 0
    outer loop
      vertex 32.425 -4 8.49
      vertex 32.425 4 8.12328
      vertex 32.425 4 8.49
    endloop
  endfacet
  facet normal 1 0 0
    outer loop
      vertex 32.425 4 8.12328
      vertex 32.425 -4 8.49
      vertex 32.425 -4 8.12328
    endloop
  endfacet
  facet normal 0.380818 0 0.92465
    outer loop
      vertex 29.55 4 9.67407
      vertex 32.425 -4 8.49
      vertex 32.425 4 8.49
    endloop
  endfacet
  facet normal 0.380818 0 0.92465
    outer loop
      vertex 32.425 -4 8.49
      vertex 29.55 4 9.67407
      vertex 29.55 -4 9.67407
    endloop
  endfacet
  facet normal -0.380818 0 0.92465
    outer loop
      vertex 35.575 4 8.49
      vertex 38.45 -4 9.67407
      vertex 38.45 4 9.67407
    endloop
  endfacet
  facet normal -0.380818 0 0.92465
    outer loop
      vertex 38.45 -4 9.67407
      vertex 35.575 4 8.49
      vertex 35.575 -4 8.49
    endloop
  endfacet
  facet normal 0 0 1
    outer loop
      vertex -35.1481 11.0849 2.7
      vertex -35.7151 11.1433 2.7
      vertex -35.7126 11.0666 2.7
    endloop
  endfacet
  facet normal 0 0 1
    outer loop
      vertex -35.5788 12.0205 2.7
      vertex -35.7228 11.2161 2.7
      vertex -35.7151 11.1433 2.7
    endloop
  endfacet
  facet normal 0 0 1
    outer loop
      vertex -35.5788 12.0205 2.7
      vertex -35.7356 11.2849 2.7
      vertex -35.7228 11.2161 2.7
    endloop
  endfacet
  facet normal 0 0 1
    outer loop
      vertex -35.5788 12.0205 2.7
      vertex -35.7536 11.3499 2.7
      vertex -35.7356 11.2849 2.7
    endloop
  endfacet
  facet normal 0 0 1
    outer loop
      vertex -35.9682 11.6569 2.7
      vertex -35.6676 12.0773 2.7
      vertex -35.7638 12.1265 2.7
    endloop
  endfacet
  facet normal 0 0 1
    outer loop
      vertex -35.5788 12.0205 2.7
      vertex -35.7766 11.4109 2.7
      vertex -35.7536 11.3499 2.7
    endloop
  endfacet
  facet normal 0 0 1
    outer loop
      vertex -35.5788 12.0205 2.7
      vertex -35.8048 11.468 2.7
      vertex -35.7766 11.4109 2.7
    endloop
  endfacet
  facet normal 0 0 1
    outer loop
      vertex -35.5788 12.0205 2.7
      vertex -35.8381 11.5212 2.7
      vertex -35.8048 11.468 2.7
    endloop
  endfacet
  facet normal 0 0 1
    outer loop
      vertex -36.0203 11.693 2.7
      vertex -35.7638 12.1265 2.7
      vertex -35.8674 12.1681 2.7
    endloop
  endfacet
  facet normal 0 0 1
    outer loop
      vertex -35.5788 12.0205 2.7
      vertex -35.8766 11.5705 2.7
      vertex -35.8381 11.5212 2.7
    endloop
  endfacet
  facet normal 0 0 1
    outer loop
      vertex -35.5788 12.0205 2.7
      vertex -35.9201 11.6159 2.7
      vertex -35.8766 11.5705 2.7
    endloop
  endfacet
  facet normal 0 0 1
    outer loop
      vertex -35.6676 12.0773 2.7
      vertex -35.9682 11.6569 2.7
      vertex -35.9201 11.6159 2.7
    endloop
  endfacet
  facet normal 0 0 1
    outer loop
      vertex -36.0764 11.7244 2.7
      vertex -35.8674 12.1681 2.7
      vertex -35.9785 12.2022 2.7
    endloop
  endfacet
  facet normal 0 0 1
    outer loop
      vertex -35.7638 12.1265 2.7
      vertex -36.0203 11.693 2.7
      vertex -35.9682 11.6569 2.7
    endloop
  endfacet
  facet normal 0 0 1
    outer loop
      vertex -35.8674 12.1681 2.7
      vertex -36.0764 11.7244 2.7
      vertex -36.0203 11.693 2.7
    endloop
  endfacet
  facet normal 0 0 1
    outer loop
      vertex -36.1365 11.7509 2.7
      vertex -35.9785 12.2022 2.7
      vertex -36.0969 12.2287 2.7
    endloop
  endfacet
  facet normal 0 0 1
    outer loop
      vertex -35.9785 12.2022 2.7
      vertex -36.1365 11.7509 2.7
      vertex -36.0764 11.7244 2.7
    endloop
  endfacet
  facet normal 0 0 1
    outer loop
      vertex -36.0969 12.2287 2.7
      vertex -36.2006 11.7726 2.7
      vertex -36.1365 11.7509 2.7
    endloop
  endfacet
  facet normal 0 0 1
    outer loop
      vertex -36.2687 11.7895 2.7
      vertex -36.0969 12.2287 2.7
      vertex -36.2228 12.2477 2.7
    endloop
  endfacet
  facet normal 0 0 1
    outer loop
      vertex -36.0969 12.2287 2.7
      vertex -36.2687 11.7895 2.7
      vertex -36.2006 11.7726 2.7
    endloop
  endfacet
  facet normal 0 0 1
    outer loop
      vertex -36.2228 12.2477 2.7
      vertex -36.3407 11.8015 2.7
      vertex -36.2687 11.7895 2.7
    endloop
  endfacet
  facet normal 0 0 1
    outer loop
      vertex -36.3561 12.259 2.7
      vertex -36.3407 11.8015 2.7
      vertex -36.2228 12.2477 2.7
    endloop
  endfacet
  facet normal 0 0 1
    outer loop
      vertex -36.3561 12.259 2.7
      vertex -36.4168 11.8088 2.7
      vertex -36.3407 11.8015 2.7
    endloop
  endfacet
  facet normal 0 0 1
    outer loop
      vertex -36.4968 12.2628 2.7
      vertex -36.4168 11.8088 2.7
      vertex -36.3561 12.259 2.7
    endloop
  endfacet
  facet normal 0 0 1
    outer loop
      vertex -36.4968 12.2628 2.7
      vertex -36.4968 11.8112 2.7
      vertex -36.4168 11.8088 2.7
    endloop
  endfacet
  facet normal 0 0 1
    outer loop
      vertex -36.4968 12.2628 2.7
      vertex -36.5733 11.8088 2.7
      vertex -36.4968 11.8112 2.7
    endloop
  endfacet
  facet normal -0 0 1
    outer loop
      vertex -36.6257 12.259 2.7
      vertex -36.5733 11.8088 2.7
      vertex -36.4968 12.2628 2.7
    endloop
  endfacet
  facet normal 0 0 1
    outer loop
      vertex -36.6257 12.259 2.7
      vertex -36.6467 11.8018 2.7
      vertex -36.5733 11.8088 2.7
    endloop
  endfacet
  facet normal -0 0 1
    outer loop
      vertex -36.7493 12.2477 2.7
      vertex -36.6467 11.8018 2.7
      vertex -36.6257 12.259 2.7
    endloop
  endfacet
  facet normal 0 0 1
    outer loop
      vertex -36.6467 11.8018 2.7
      vertex -36.7493 12.2477 2.7
      vertex -36.7171 11.79 2.7
    endloop
  endfacet
  facet normal -0 0 1
    outer loop
      vertex -36.8676 12.2289 2.7
      vertex -36.7171 11.79 2.7
      vertex -36.7493 12.2477 2.7
    endloop
  endfacet
  facet normal 0 0 1
    outer loop
      vertex -36.7171 11.79 2.7
      vertex -36.8676 12.2289 2.7
      vertex -36.7844 11.7735 2.7
    endloop
  endfacet
  facet normal -0 0 1
    outer loop
      vertex -36.9806 12.2025 2.7
      vertex -36.7844 11.7735 2.7
      vertex -36.8676 12.2289 2.7
    endloop
  endfacet
  facet normal 0 0 1
    outer loop
      vertex -36.7844 11.7735 2.7
      vertex -36.9806 12.2025 2.7
      vertex -36.8486 11.7523 2.7
    endloop
  endfacet
  facet normal -0 0 1
    outer loop
      vertex -37.0882 12.1686 2.7
      vertex -36.8486 11.7523 2.7
      vertex -36.9806 12.2025 2.7
    endloop
  endfacet
  facet normal 0 0 1
    outer loop
      vertex -36.8486 11.7523 2.7
      vertex -37.0882 12.1686 2.7
      vertex -36.9098 11.7264 2.7
    endloop
  endfacet
  facet normal 0 0 1
    outer loop
      vertex -36.9098 11.7264 2.7
      vertex -37.0882 12.1686 2.7
      vertex -36.968 11.6958 2.7
    endloop
  endfacet
  facet normal -0 0 1
    outer loop
      vertex -37.1906 12.1272 2.7
      vertex -36.968 11.6958 2.7
      vertex -37.0882 12.1686 2.7
    endloop
  endfacet
  facet normal 0 0 1
    outer loop
      vertex -36.968 11.6958 2.7
      vertex -37.1906 12.1272 2.7
      vertex -37.0231 11.6605 2.7
    endloop
  endfacet
  facet normal -0 0 1
    outer loop
      vertex -37.2876 12.0782 2.7
      vertex -37.0231 11.6605 2.7
      vertex -37.1906 12.1272 2.7
    endloop
  endfacet
  facet normal 0 0 1
    outer loop
      vertex -37.0231 11.6605 2.7
      vertex -37.2876 12.0782 2.7
      vertex -37.0751 11.6204 2.7
    endloop
  endfacet
  facet normal -0 0 1
    outer loop
      vertex -37.3793 12.0217 2.7
      vertex -37.0751 11.6204 2.7
      vertex -37.2876 12.0782 2.7
    endloop
  endfacet
  facet normal 0 0 1
    outer loop
      vertex -37.0751 11.6204 2.7
      vertex -37.3793 12.0217 2.7
      vertex -37.1233 11.5761 2.7
    endloop
  endfacet
  facet normal -0 0 1
    outer loop
      vertex -37.4657 11.9576 2.7
      vertex -37.1233 11.5761 2.7
      vertex -37.3793 12.0217 2.7
    endloop
  endfacet
  facet normal -0 0 1
    outer loop
      vertex -37.5456 11.8872 2.7
      vertex -37.1233 11.5761 2.7
      vertex -37.4657 11.9576 2.7
    endloop
  endfacet
  facet normal 0 0 1
    outer loop
      vertex -37.1233 11.5761 2.7
      vertex -37.5456 11.8872 2.7
      vertex -37.1669 11.528 2.7
    endloop
  endfacet
  facet normal -0 0 1
    outer loop
      vertex -37.6176 11.8116 2.7
      vertex -37.1669 11.528 2.7
      vertex -37.5456 11.8872 2.7
    endloop
  endfacet
  facet normal 0 0 1
    outer loop
      vertex -37.1669 11.528 2.7
      vertex -37.6176 11.8116 2.7
      vertex -37.2058 11.4762 2.7
    endloop
  endfacet
  facet normal -0 0 1
    outer loop
      vertex -37.6819 11.7308 2.7
      vertex -37.2058 11.4762 2.7
      vertex -37.6176 11.8116 2.7
    endloop
  endfacet
  facet normal 0 0 1
    outer loop
      vertex -37.2058 11.4762 2.7
      vertex -37.6819 11.7308 2.7
      vertex -37.2401 11.4205 2.7
    endloop
  endfacet
  facet normal -0 0 1
    outer loop
      vertex -37.7383 11.6448 2.7
      vertex -37.2401 11.4205 2.7
      vertex -37.6819 11.7308 2.7
    endloop
  endfacet
  facet normal 0 0 1
    outer loop
      vertex -37.2401 11.4205 2.7
      vertex -37.7383 11.6448 2.7
      vertex -37.2698 11.3609 2.7
    endloop
  endfacet
  facet normal -0 0 1
    outer loop
      vertex -37.787 11.5536 2.7
      vertex -37.2698 11.3609 2.7
      vertex -37.7383 11.6448 2.7
    endloop
  endfacet
  facet normal 0 0 1
    outer loop
      vertex -37.2698 11.3609 2.7
      vertex -37.787 11.5536 2.7
      vertex -37.2948 11.2976 2.7
    endloop
  endfacet
  facet normal -0 0 1
    outer loop
      vertex -37.8279 11.4572 2.7
      vertex -37.2948 11.2976 2.7
      vertex -37.787 11.5536 2.7
    endloop
  endfacet
  facet normal 0 0 1
    outer loop
      vertex -37.2948 11.2976 2.7
      vertex -37.8279 11.4572 2.7
      vertex -37.3152 11.2305 2.7
    endloop
  endfacet
  facet normal -0 0 1
    outer loop
      vertex -37.8609 11.3556 2.7
      vertex -37.3152 11.2305 2.7
      vertex -37.8279 11.4572 2.7
    endloop
  endfacet
  facet normal 0 0 1
    outer loop
      vertex -37.3152 11.2305 2.7
      vertex -37.8609 11.3556 2.7
      vertex -37.331 11.1596 2.7
    endloop
  endfacet
  facet normal -0 0 1
    outer loop
      vertex -37.8862 11.2488 2.7
      vertex -37.331 11.1596 2.7
      vertex -37.8609 11.3556 2.7
    endloop
  endfacet
  facet normal 0 0 1
    outer loop
      vertex -37.331 11.1596 2.7
      vertex -37.8862 11.2488 2.7
      vertex -37.3421 11.0849 2.7
    endloop
  endfacet
  facet normal 0 0 1
    outer loop
      vertex -37.3421 11.0849 2.7
      vertex -37.8862 11.2488 2.7
      vertex -37.9036 11.1368 2.7
    endloop
  endfacet
  facet normal -0 0 1
    outer loop
      vertex -35.7151 11.1433 2.7
      vertex -35.1481 11.0849 2.7
      vertex -35.1524 11.2072 2.7
    endloop
  endfacet
  facet normal 0 0 1
    outer loop
      vertex -35.1481 11.0849 2.7
      vertex -35.7126 11.0666 2.7
      vertex -35.1495 11.0293 2.7
    endloop
  endfacet
  facet normal 0 0 1
    outer loop
      vertex -35.7141 11.0089 2.7
      vertex -35.1495 11.0293 2.7
      vertex -35.7126 11.0666 2.7
    endloop
  endfacet
  facet normal 0 0 1
    outer loop
      vertex -35.7151 11.1433 2.7
      vertex -35.1524 11.2072 2.7
      vertex -35.1653 11.3231 2.7
    endloop
  endfacet
  facet normal 0 0 1
    outer loop
      vertex -35.1495 11.0293 2.7
      vertex -35.7141 11.0089 2.7
      vertex -35.1537 10.9738 2.7
    endloop
  endfacet
  facet normal 0 0 1
    outer loop
      vertex -35.1537 10.9738 2.7
      vertex -35.7141 11.0089 2.7
      vertex -35.1608 10.9184 2.7
    endloop
  endfacet
  facet normal 0 0 1
    outer loop
      vertex -35.7151 11.1433 2.7
      vertex -35.1653 11.3231 2.7
      vertex -35.1869 11.4326 2.7
    endloop
  endfacet
  facet normal -0 0 1
    outer loop
      vertex -35.7185 10.9527 2.7
      vertex -35.1608 10.9184 2.7
      vertex -35.7141 11.0089 2.7
    endloop
  endfacet
  facet normal 0 0 1
    outer loop
      vertex -35.7151 11.1433 2.7
      vertex -35.1869 11.4326 2.7
      vertex -35.2171 11.5358 2.7
    endloop
  endfacet
  facet normal 0 0 1
    outer loop
      vertex -35.1608 10.9184 2.7
      vertex -35.7185 10.9527 2.7
      vertex -35.1707 10.8631 2.7
    endloop
  endfacet
  facet normal 0 0 1
    outer loop
      vertex -35.1707 10.8631 2.7
      vertex -35.7185 10.9527 2.7
      vertex -35.1834 10.8078 2.7
    endloop
  endfacet
  facet normal 0 0 1
    outer loop
      vertex -35.7151 11.1433 2.7
      vertex -35.2171 11.5358 2.7
      vertex -35.2559 11.6326 2.7
    endloop
  endfacet
  facet normal -0 0 1
    outer loop
      vertex -35.726 10.8977 2.7
      vertex -35.1834 10.8078 2.7
      vertex -35.7185 10.9527 2.7
    endloop
  endfacet
  facet normal 0 0 1
    outer loop
      vertex -35.1834 10.8078 2.7
      vertex -35.726 10.8977 2.7
      vertex -35.1989 10.7526 2.7
    endloop
  endfacet
  facet normal 0 0 1
    outer loop
      vertex -35.7151 11.1433 2.7
      vertex -35.2559 11.6326 2.7
      vertex -35.3033 11.723 2.7
    endloop
  endfacet
  facet normal -0 0 1
    outer loop
      vertex -35.7364 10.8442 2.7
      vertex -35.1989 10.7526 2.7
      vertex -35.726 10.8977 2.7
    endloop
  endfacet
  facet normal 0 0 1
    outer loop
      vertex -35.1989 10.7526 2.7
      vertex -35.7364 10.8442 2.7
      vertex -35.2173 10.6975 2.7
    endloop
  endfacet
  facet normal 0 0 1
    outer loop
      vertex -35.7151 11.1433 2.7
      vertex -35.3033 11.723 2.7
      vertex -35.3594 11.8071 2.7
    endloop
  endfacet
  facet normal 0 0 1
    outer loop
      vertex -35.2173 10.6975 2.7
      vertex -35.7364 10.8442 2.7
      vertex -35.2385 10.6425 2.7
    endloop
  endfacet
  facet normal -0 0 1
    outer loop
      vertex -35.7498 10.7919 2.7
      vertex -35.2385 10.6425 2.7
      vertex -35.7364 10.8442 2.7
    endloop
  endfacet
  facet normal 0 0 1
    outer loop
      vertex -35.7151 11.1433 2.7
      vertex -35.3594 11.8071 2.7
      vertex -35.4241 11.8848 2.7
    endloop
  endfacet
  facet normal 0 0 1
    outer loop
      vertex -35.2385 10.6425 2.7
      vertex -35.7498 10.7919 2.7
      vertex -35.2625 10.5875 2.7
    endloop
  endfacet
  facet normal 0 0 1
    outer loop
      vertex -35.7151 11.1433 2.7
      vertex -35.4241 11.8848 2.7
      vertex -35.4975 11.9561 2.7
    endloop
  endfacet
  facet normal -0 0 1
    outer loop
      vertex -35.7662 10.7411 2.7
      vertex -35.2625 10.5875 2.7
      vertex -35.7498 10.7919 2.7
    endloop
  endfacet
  facet normal 0 0 1
    outer loop
      vertex -35.2625 10.5875 2.7
      vertex -35.7662 10.7411 2.7
      vertex -35.2893 10.5326 2.7
    endloop
  endfacet
  facet normal 0 0 1
    outer loop
      vertex -35.7151 11.1433 2.7
      vertex -35.4975 11.9561 2.7
      vertex -35.5788 12.0205 2.7
    endloop
  endfacet
  facet normal 0 0 1
    outer loop
      vertex -35.2893 10.5326 2.7
      vertex -35.7662 10.7411 2.7
      vertex -35.3188 10.4776 2.7
    endloop
  endfacet
  facet normal -0 0 1
    outer loop
      vertex -35.7855 10.6916 2.7
      vertex -35.3188 10.4776 2.7
      vertex -35.7662 10.7411 2.7
    endloop
  endfacet
  facet normal 0 0 1
    outer loop
      vertex -35.9201 11.6159 2.7
      vertex -35.5788 12.0205 2.7
      vertex -35.6676 12.0773 2.7
    endloop
  endfacet
  facet normal 0 0 1
    outer loop
      vertex -35.3188 10.4776 2.7
      vertex -35.7855 10.6916 2.7
      vertex -35.3512 10.4227 2.7
    endloop
  endfacet
  facet normal -0 0 1
    outer loop
      vertex -35.8078 10.6434 2.7
      vertex -35.3512 10.4227 2.7
      vertex -35.7855 10.6916 2.7
    endloop
  endfacet
  facet normal 0 0 1
    outer loop
      vertex -35.3512 10.4227 2.7
      vertex -35.8078 10.6434 2.7
      vertex -35.3862 10.3678 2.7
    endloop
  endfacet
  facet normal -0 0 1
    outer loop
      vertex -35.8331 10.5966 2.7
      vertex -35.3862 10.3678 2.7
      vertex -35.8078 10.6434 2.7
    endloop
  endfacet
  facet normal 0 0 1
    outer loop
      vertex -35.3862 10.3678 2.7
      vertex -35.8331 10.5966 2.7
      vertex -35.424 10.3128 2.7
    endloop
  endfacet
  facet normal -0 0 1
    outer loop
      vertex -35.8608 10.5507 2.7
      vertex -35.424 10.3128 2.7
      vertex -35.8331 10.5966 2.7
    endloop
  endfacet
  facet normal 0 0 1
    outer loop
      vertex -35.424 10.3128 2.7
      vertex -35.8608 10.5507 2.7
      vertex -35.4646 10.2579 2.7
    endloop
  endfacet
  facet normal -0 0 1
    outer loop
      vertex -35.8904 10.5053 2.7
      vertex -35.4646 10.2579 2.7
      vertex -35.8608 10.5507 2.7
    endloop
  endfacet
  facet normal 0 0 1
    outer loop
      vertex -35.4646 10.2579 2.7
      vertex -35.8904 10.5053 2.7
      vertex -35.5079 10.203 2.7
    endloop
  endfacet
  facet normal -0 0 1
    outer loop
      vertex -35.9218 10.4603 2.7
      vertex -35.5079 10.203 2.7
      vertex -35.8904 10.5053 2.7
    endloop
  endfacet
  facet normal 0 0 1
    outer loop
      vertex -35.5079 10.203 2.7
      vertex -35.9218 10.4603 2.7
      vertex -35.5539 10.1481 2.7
    endloop
  endfacet
  facet normal -0 0 1
    outer loop
      vertex -35.9551 10.4158 2.7
      vertex -35.5539 10.1481 2.7
      vertex -35.9218 10.4603 2.7
    endloop
  endfacet
  facet normal 0 0 1
    outer loop
      vertex -35.5539 10.1481 2.7
      vertex -35.9551 10.4158 2.7
      vertex -35.6027 10.0931 2.7
    endloop
  endfacet
  facet normal -0 0 1
    outer loop
      vertex -35.9901 10.3717 2.7
      vertex -35.6027 10.0931 2.7
      vertex -35.9551 10.4158 2.7
    endloop
  endfacet
  facet normal 0 0 1
    outer loop
      vertex -35.6027 10.0931 2.7
      vertex -35.9901 10.3717 2.7
      vertex -35.658 10.0348 2.7
    endloop
  endfacet
  facet normal -0 0 1
    outer loop
      vertex -36.0271 10.3281 2.7
      vertex -35.658 10.0348 2.7
      vertex -35.9901 10.3717 2.7
    endloop
  endfacet
  facet normal 0 0 1
    outer loop
      vertex -35.658 10.0348 2.7
      vertex -36.0271 10.3281 2.7
      vertex -35.7234 9.96986 2.7
    endloop
  endfacet
  facet normal -0 0 1
    outer loop
      vertex -36.0659 10.2849 2.7
      vertex -35.7234 9.96986 2.7
      vertex -36.0271 10.3281 2.7
    endloop
  endfacet
  facet normal -0 0 1
    outer loop
      vertex -36.1065 10.2422 2.7
      vertex -35.7234 9.96986 2.7
      vertex -36.0659 10.2849 2.7
    endloop
  endfacet
  facet normal 0 0 1
    outer loop
      vertex -35.7234 9.96986 2.7
      vertex -36.1065 10.2422 2.7
      vertex -35.799 9.89816 2.7
    endloop
  endfacet
  facet normal -0 0 1
    outer loop
      vertex -36.149 10.1999 2.7
      vertex -35.799 9.89816 2.7
      vertex -36.1065 10.2422 2.7
    endloop
  endfacet
  facet normal 0 0 1
    outer loop
      vertex -35.799 9.89816 2.7
      vertex -36.149 10.1999 2.7
      vertex -35.8848 9.81976 2.7
    endloop
  endfacet
  facet normal -0 0 1
    outer loop
      vertex -36.193 10.1579 2.7
      vertex -35.8848 9.81976 2.7
      vertex -36.149 10.1999 2.7
    endloop
  endfacet
  facet normal -0 0 1
    outer loop
      vertex -36.2381 10.1158 2.7
      vertex -35.8848 9.81976 2.7
      vertex -36.193 10.1579 2.7
    endloop
  endfacet
  facet normal 0 0 1
    outer loop
      vertex -35.8848 9.81976 2.7
      vertex -36.2381 10.1158 2.7
      vertex -35.9808 9.73466 2.7
    endloop
  endfacet
  facet normal -0 0 1
    outer loop
      vertex -36.2844 10.0738 2.7
      vertex -35.9808 9.73466 2.7
      vertex -36.2381 10.1158 2.7
    endloop
  endfacet
  facet normal -0 0 1
    outer loop
      vertex -36.3319 10.0317 2.7
      vertex -35.9808 9.73466 2.7
      vertex -36.2844 10.0738 2.7
    endloop
  endfacet
  facet normal 0 0 1
    outer loop
      vertex -35.9808 9.73466 2.7
      vertex -36.3319 10.0317 2.7
      vertex -36.0869 9.64285 2.7
    endloop
  endfacet
  facet normal -0 0 1
    outer loop
      vertex -36.3806 9.98972 2.7
      vertex -36.0869 9.64285 2.7
      vertex -36.3319 10.0317 2.7
    endloop
  endfacet
  facet normal -0 0 1
    outer loop
      vertex -36.4304 9.94768 2.7
      vertex -36.0869 9.64285 2.7
      vertex -36.3806 9.98972 2.7
    endloop
  endfacet
  facet normal 0 0 1
    outer loop
      vertex -36.0869 9.64285 2.7
      vertex -36.4304 9.94768 2.7
      vertex -36.2032 9.54434 2.7
    endloop
  endfacet
  facet normal -0 0 1
    outer loop
      vertex -36.4814 9.90564 2.7
      vertex -36.2032 9.54434 2.7
      vertex -36.4304 9.94768 2.7
    endloop
  endfacet
  facet normal -0 0 1
    outer loop
      vertex -36.5336 9.8636 2.7
      vertex -36.2032 9.54434 2.7
      vertex -36.4814 9.90564 2.7
    endloop
  endfacet
  facet normal 0 0 1
    outer loop
      vertex -36.2032 9.54434 2.7
      vertex -36.5336 9.8636 2.7
      vertex -36.3297 9.43912 2.7
    endloop
  endfacet
  facet normal -0 0 1
    outer loop
      vertex -36.5869 9.82156 2.7
      vertex -36.3297 9.43912 2.7
      vertex -36.5336 9.8636 2.7
    endloop
  endfacet
  facet normal -0 0 1
    outer loop
      vertex -36.6409 9.77913 2.7
      vertex -36.3297 9.43912 2.7
      vertex -36.5869 9.82156 2.7
    endloop
  endfacet
  facet normal -0 0 1
    outer loop
      vertex -36.6949 9.7359 2.7
      vertex -36.3297 9.43912 2.7
      vertex -36.6409 9.77913 2.7
    endloop
  endfacet
  facet normal 0 0 1
    outer loop
      vertex -36.3297 9.43912 2.7
      vertex -36.6949 9.7359 2.7
      vertex -36.4663 9.32719 2.7
    endloop
  endfacet
  facet normal -0 0 1
    outer loop
      vertex -36.7491 9.69188 2.7
      vertex -36.4663 9.32719 2.7
      vertex -36.6949 9.7359 2.7
    endloop
  endfacet
  facet normal -0 0 1
    outer loop
      vertex -36.8034 9.64706 2.7
      vertex -36.4663 9.32719 2.7
      vertex -36.7491 9.69188 2.7
    endloop
  endfacet
  facet normal 0 0 1
    outer loop
      vertex -36.4663 9.32719 2.7
      vertex -36.8034 9.64706 2.7
      vertex -36.5425 9.26414 2.7
    endloop
  endfacet
  facet normal -0 0 1
    outer loop
      vertex -36.8578 9.60146 2.7
      vertex -36.5425 9.26414 2.7
      vertex -36.8034 9.64706 2.7
    endloop
  endfacet
  facet normal 0 0 1
    outer loop
      vertex -36.5425 9.26414 2.7
      vertex -36.8578 9.60146 2.7
      vertex -36.6152 9.2025 2.7
    endloop
  endfacet
  facet normal -0 0 1
    outer loop
      vertex -36.9124 9.55505 2.7
      vertex -36.6152 9.2025 2.7
      vertex -36.8578 9.60146 2.7
    endloop
  endfacet
  facet normal -0 0 1
    outer loop
      vertex -36.967 9.50787 2.7
      vertex -36.6152 9.2025 2.7
      vertex -36.9124 9.55505 2.7
    endloop
  endfacet
  facet normal 0 0 1
    outer loop
      vertex -36.6152 9.2025 2.7
      vertex -36.967 9.50787 2.7
      vertex -36.6844 9.14224 2.7
    endloop
  endfacet
  facet normal -0 0 1
    outer loop
      vertex -37.0218 9.45988 2.7
      vertex -36.6844 9.14224 2.7
      vertex -36.967 9.50787 2.7
    endloop
  endfacet
  facet normal 0 0 1
    outer loop
      vertex -36.6844 9.14224 2.7
      vertex -37.0218 9.45988 2.7
      vertex -36.75 9.08337 2.7
    endloop
  endfacet
  facet normal -0 0 1
    outer loop
      vertex -37.0767 9.41112 2.7
      vertex -36.75 9.08337 2.7
      vertex -37.0218 9.45988 2.7
    endloop
  endfacet
  facet normal 0 0 1
    outer loop
      vertex -36.75 9.08337 2.7
      vertex -37.0767 9.41112 2.7
      vertex -36.812 9.02591 2.7
    endloop
  endfacet
  facet normal -0 0 1
    outer loop
      vertex -37.1313 9.36131 2.7
      vertex -36.812 9.02591 2.7
      vertex -37.0767 9.41112 2.7
    endloop
  endfacet
  facet normal -0 0 1
    outer loop
      vertex -37.1854 9.31023 2.7
      vertex -36.812 9.02591 2.7
      vertex -37.1313 9.36131 2.7
    endloop
  endfacet
  facet normal 0 0 1
    outer loop
      vertex -36.812 9.02591 2.7
      vertex -37.1854 9.31023 2.7
      vertex -36.8705 8.96983 2.7
    endloop
  endfacet
  facet normal -0 0 1
    outer loop
      vertex -37.2389 9.25786 2.7
      vertex -36.8705 8.96983 2.7
      vertex -37.1854 9.31023 2.7
    endloop
  endfacet
  facet normal 0 0 1
    outer loop
      vertex -36.8705 8.96983 2.7
      vertex -37.2389 9.25786 2.7
      vertex -36.9255 8.91515 2.7
    endloop
  endfacet
  facet normal -0 0 1
    outer loop
      vertex -37.2918 9.20422 2.7
      vertex -36.9255 8.91515 2.7
      vertex -37.2389 9.25786 2.7
    endloop
  endfacet
  facet normal 0 0 1
    outer loop
      vertex -36.9255 8.91515 2.7
      vertex -37.2918 9.20422 2.7
      vertex -36.9769 8.86186 2.7
    endloop
  endfacet
  facet normal -0 0 1
    outer loop
      vertex -37.3442 9.14929 2.7
      vertex -36.9769 8.86186 2.7
      vertex -37.2918 9.20422 2.7
    endloop
  endfacet
  facet normal 0 0 1
    outer loop
      vertex -36.9769 8.86186 2.7
      vertex -37.3442 9.14929 2.7
      vertex -37.0248 8.80997 2.7
    endloop
  endfacet
  facet normal -0 0 1
    outer loop
      vertex -37.396 9.09308 2.7
      vertex -37.0248 8.80997 2.7
      vertex -37.3442 9.14929 2.7
    endloop
  endfacet
  facet normal 0 0 1
    outer loop
      vertex -37.0248 8.80997 2.7
      vertex -37.396 9.09308 2.7
      vertex -37.0695 8.75897 2.7
    endloop
  endfacet
  facet normal -0 0 1
    outer loop
      vertex -37.4473 9.03558 2.7
      vertex -37.0695 8.75897 2.7
      vertex -37.396 9.09308 2.7
    endloop
  endfacet
  facet normal 0 0 1
    outer loop
      vertex -37.0695 8.75897 2.7
      vertex -37.4473 9.03558 2.7
      vertex -37.1113 8.70839 2.7
    endloop
  endfacet
  facet normal -0 0 1
    outer loop
      vertex -37.498 8.97681 2.7
      vertex -37.1113 8.70839 2.7
      vertex -37.4473 9.03558 2.7
    endloop
  endfacet
  facet normal 0 0 1
    outer loop
      vertex -37.1113 8.70839 2.7
      vertex -37.498 8.97681 2.7
      vertex -37.1502 8.65822 2.7
    endloop
  endfacet
  facet normal -0 0 1
    outer loop
      vertex -37.5481 8.91675 2.7
      vertex -37.1502 8.65822 2.7
      vertex -37.498 8.97681 2.7
    endloop
  endfacet
  facet normal 0 0 1
    outer loop
      vertex -37.1502 8.65822 2.7
      vertex -37.5481 8.91675 2.7
      vertex -37.1863 8.60847 2.7
    endloop
  endfacet
  facet normal -0 0 1
    outer loop
      vertex -37.5971 8.85503 2.7
      vertex -37.1863 8.60847 2.7
      vertex -37.5481 8.91675 2.7
    endloop
  endfacet
  facet normal -0 0 1
    outer loop
      vertex -37.3238 8.36595 2.7
      vertex -35.0809 7.89906 2.7
      vertex -35.0809 8.36595 2.7
    endloop
  endfacet
  facet normal 0 0 1
    outer loop
      vertex -37.1863 8.60847 2.7
      vertex -37.5971 8.85503 2.7
      vertex -37.2195 8.55914 2.7
    endloop
  endfacet
  facet normal -0 0 1
    outer loop
      vertex -37.6444 8.79121 2.7
      vertex -37.2195 8.55914 2.7
      vertex -37.5971 8.85503 2.7
    endloop
  endfacet
  facet normal 0 0 1
    outer loop
      vertex -37.2195 8.55914 2.7
      vertex -37.6444 8.79121 2.7
      vertex -37.2499 8.51022 2.7
    endloop
  endfacet
  facet normal -0 0 1
    outer loop
      vertex -37.69 8.72536 2.7
      vertex -37.2499 8.51022 2.7
      vertex -37.6444 8.79121 2.7
    endloop
  endfacet
  facet normal 0 0 1
    outer loop
      vertex -37.2499 8.51022 2.7
      vertex -37.69 8.72536 2.7
      vertex -37.2774 8.46172 2.7
    endloop
  endfacet
  facet normal -0 0 1
    outer loop
      vertex -37.7339 8.65741 2.7
      vertex -37.2774 8.46172 2.7
      vertex -37.69 8.72536 2.7
    endloop
  endfacet
  facet normal 0 0 1
    outer loop
      vertex -37.2774 8.46172 2.7
      vertex -37.7339 8.65741 2.7
      vertex -37.302 8.41362 2.7
    endloop
  endfacet
  facet normal 0 0 1
    outer loop
      vertex -37.302 8.41362 2.7
      vertex -37.7339 8.65741 2.7
      vertex -37.3238 8.36595 2.7
    endloop
  endfacet
  facet normal -0 0 1
    outer loop
      vertex -37.7761 8.58739 2.7
      vertex -37.3238 8.36595 2.7
      vertex -37.7339 8.65741 2.7
    endloop
  endfacet
  facet normal -0 0 1
    outer loop
      vertex -37.8167 8.5153 2.7
      vertex -37.3238 8.36595 2.7
      vertex -37.7761 8.58739 2.7
    endloop
  endfacet
  facet normal -0 0 1
    outer loop
      vertex -37.8555 8.44115 2.7
      vertex -37.3238 8.36595 2.7
      vertex -37.8167 8.5153 2.7
    endloop
  endfacet
  facet normal 0 0 1
    outer loop
      vertex -37.8926 8.36491 2.7
      vertex -37.3238 8.36595 2.7
      vertex -37.8555 8.44115 2.7
    endloop
  endfacet
  facet normal 0 0 1
    outer loop
      vertex -37.928 8.28661 2.7
      vertex -37.3238 8.36595 2.7
      vertex -37.8926 8.36491 2.7
    endloop
  endfacet
  facet normal 0 0 1
    outer loop
      vertex -37.3238 8.36595 2.7
      vertex -37.928 8.28661 2.7
      vertex -37.928 7.89906 2.7
    endloop
  endfacet
  facet normal 0 0 1
    outer loop
      vertex -37.3238 8.36595 2.7
      vertex -37.928 7.89906 2.7
      vertex -35.0809 7.89906 2.7
    endloop
  endfacet
  facet normal 0 0 1
    outer loop
      vertex -30.1891 12.1987 2.7
      vertex -32.1329 11.7318 2.7
      vertex -30.1891 11.7318 2.7
    endloop
  endfacet
  facet normal -0 0 1
    outer loop
      vertex -32.6334 12.1987 2.7
      vertex -32.1329 11.7318 2.7
      vertex -30.1891 12.1987 2.7
    endloop
  endfacet
  facet normal 0 0 1
    outer loop
      vertex -32.6334 12.1987 2.7
      vertex -32.2153 10.3678 2.7
      vertex -32.1329 11.7318 2.7
    endloop
  endfacet
  facet normal 0 0 1
    outer loop
      vertex -32.7768 9.88564 2.7
      vertex -32.2153 10.3678 2.7
      vertex -32.6334 12.1987 2.7
    endloop
  endfacet
  facet normal 0 0 1
    outer loop
      vertex -32.2153 10.3678 2.7
      vertex -32.7768 9.88564 2.7
      vertex -32.2397 9.88564 2.7
    endloop
  endfacet
  facet normal 0 0 1
    outer loop
      vertex -29.9388 9.29974 2.7
      vertex -30.5126 9.37581 2.7
      vertex -30.5095 9.28755 2.7
    endloop
  endfacet
  facet normal 0 0 1
    outer loop
      vertex -30.4026 10.3482 2.7
      vertex -30.5219 9.46024 2.7
      vertex -30.5126 9.37581 2.7
    endloop
  endfacet
  facet normal 0 0 1
    outer loop
      vertex -30.4026 10.3482 2.7
      vertex -30.5374 9.54082 2.7
      vertex -30.5219 9.46024 2.7
    endloop
  endfacet
  facet normal 0 0 1
    outer loop
      vertex -30.4026 10.3482 2.7
      vertex -30.5592 9.61755 2.7
      vertex -30.5374 9.54082 2.7
    endloop
  endfacet
  facet normal 0 0 1
    outer loop
      vertex -30.4026 10.3482 2.7
      vertex -30.5872 9.69046 2.7
      vertex -30.5592 9.61755 2.7
    endloop
  endfacet
  facet normal 0 0 1
    outer loop
      vertex -30.8193 9.99612 2.7
      vertex -30.4959 10.4172 2.7
      vertex -30.5956 10.4769 2.7
    endloop
  endfacet
  facet normal 0 0 1
    outer loop
      vertex -30.4026 10.3482 2.7
      vertex -30.6214 9.75951 2.7
      vertex -30.5872 9.69046 2.7
    endloop
  endfacet
  facet normal 0 0 1
    outer loop
      vertex -30.4026 10.3482 2.7
      vertex -30.6618 9.82471 2.7
      vertex -30.6214 9.75951 2.7
    endloop
  endfacet
  facet normal 0 0 1
    outer loop
      vertex -30.8818 10.0424 2.7
      vertex -30.5956 10.4769 2.7
      vertex -30.7016 10.5275 2.7
    endloop
  endfacet
  facet normal 0 0 1
    outer loop
      vertex -30.4026 10.3482 2.7
      vertex -30.7084 9.88608 2.7
      vertex -30.6618 9.82471 2.7
    endloop
  endfacet
  facet normal 0 0 1
    outer loop
      vertex -30.4026 10.3482 2.7
      vertex -30.7612 9.9436 2.7
      vertex -30.7084 9.88608 2.7
    endloop
  endfacet
  facet normal 0 0 1
    outer loop
      vertex -30.9485 10.0826 2.7
      vertex -30.7016 10.5275 2.7
      vertex -30.814 10.5688 2.7
    endloop
  endfacet
  facet normal 0 0 1
    outer loop
      vertex -30.4959 10.4172 2.7
      vertex -30.8193 9.99612 2.7
      vertex -30.7612 9.9436 2.7
    endloop
  endfacet
  facet normal 0 0 1
    outer loop
      vertex -30.5956 10.4769 2.7
      vertex -30.8818 10.0424 2.7
      vertex -30.8193 9.99612 2.7
    endloop
  endfacet
  facet normal 0 0 1
    outer loop
      vertex -31.0197 10.1166 2.7
      vertex -30.814 10.5688 2.7
      vertex -30.9328 10.601 2.7
    endloop
  endfacet
  facet normal 0 0 1
    outer loop
      vertex -30.7016 10.5275 2.7
      vertex -30.9485 10.0826 2.7
      vertex -30.8818 10.0424 2.7
    endloop
  endfacet
  facet normal 0 0 1
    outer loop
      vertex -30.814 10.5688 2.7
      vertex -31.0197 10.1166 2.7
      vertex -30.9485 10.0826 2.7
    endloop
  endfacet
  facet normal 0 0 1
    outer loop
      vertex -31.0951 10.1444 2.7
      vertex -30.9328 10.601 2.7
      vertex -31.0579 10.624 2.7
    endloop
  endfacet
  facet normal 0 0 1
    outer loop
      vertex -30.9328 10.601 2.7
      vertex -31.0951 10.1444 2.7
      vertex -31.0197 10.1166 2.7
    endloop
  endfacet
  facet normal 0 0 1
    outer loop
      vertex -31.0579 10.624 2.7
      vertex -31.1749 10.166 2.7
      vertex -31.0951 10.1444 2.7
    endloop
  endfacet
  facet normal 0 0 1
    outer loop
      vertex -31.1894 10.6378 2.7
      vertex -31.1749 10.166 2.7
      vertex -31.0579 10.624 2.7
    endloop
  endfacet
  facet normal 0 0 1
    outer loop
      vertex -31.1894 10.6378 2.7
      vertex -31.259 10.1815 2.7
      vertex -31.1749 10.166 2.7
    endloop
  endfacet
  facet normal 0 0 1
    outer loop
      vertex -31.3273 10.6424 2.7
      vertex -31.259 10.1815 2.7
      vertex -31.1894 10.6378 2.7
    endloop
  endfacet
  facet normal 0 0 1
    outer loop
      vertex -31.3273 10.6424 2.7
      vertex -31.3474 10.1907 2.7
      vertex -31.259 10.1815 2.7
    endloop
  endfacet
  facet normal -0 0 1
    outer loop
      vertex -31.4431 10.639 2.7
      vertex -31.3474 10.1907 2.7
      vertex -31.3273 10.6424 2.7
    endloop
  endfacet
  facet normal 0 0 1
    outer loop
      vertex -31.3474 10.1907 2.7
      vertex -31.4431 10.639 2.7
      vertex -31.4402 10.1938 2.7
    endloop
  endfacet
  facet normal 0 0 1
    outer loop
      vertex -31.4431 10.639 2.7
      vertex -31.4893 10.193 2.7
      vertex -31.4402 10.1938 2.7
    endloop
  endfacet
  facet normal -0 0 1
    outer loop
      vertex -31.5547 10.6288 2.7
      vertex -31.4893 10.193 2.7
      vertex -31.4431 10.639 2.7
    endloop
  endfacet
  facet normal 0 0 1
    outer loop
      vertex -31.4893 10.193 2.7
      vertex -31.5547 10.6288 2.7
      vertex -31.5377 10.1904 2.7
    endloop
  endfacet
  facet normal -0 0 1
    outer loop
      vertex -31.6619 10.6119 2.7
      vertex -31.5377 10.1904 2.7
      vertex -31.5547 10.6288 2.7
    endloop
  endfacet
  facet normal 0 0 1
    outer loop
      vertex -31.5377 10.1904 2.7
      vertex -31.6619 10.6119 2.7
      vertex -31.5853 10.186 2.7
    endloop
  endfacet
  facet normal 0 0 1
    outer loop
      vertex -31.5853 10.186 2.7
      vertex -31.6619 10.6119 2.7
      vertex -31.6322 10.18 2.7
    endloop
  endfacet
  facet normal -0 0 1
    outer loop
      vertex -31.7649 10.5881 2.7
      vertex -31.6322 10.18 2.7
      vertex -31.6619 10.6119 2.7
    endloop
  endfacet
  facet normal 0 0 1
    outer loop
      vertex -31.6322 10.18 2.7
      vertex -31.7649 10.5881 2.7
      vertex -31.6783 10.1722 2.7
    endloop
  endfacet
  facet normal 0 0 1
    outer loop
      vertex -31.6783 10.1722 2.7
      vertex -31.7649 10.5881 2.7
      vertex -31.7236 10.1626 2.7
    endloop
  endfacet
  facet normal -0 0 1
    outer loop
      vertex -31.8636 10.5576 2.7
      vertex -31.7236 10.1626 2.7
      vertex -31.7649 10.5881 2.7
    endloop
  endfacet
  facet normal 0 0 1
    outer loop
      vertex -31.7236 10.1626 2.7
      vertex -31.8636 10.5576 2.7
      vertex -31.7683 10.1514 2.7
    endloop
  endfacet
  facet normal -0 0 1
    outer loop
      vertex -31.9579 10.5203 2.7
      vertex -31.7683 10.1514 2.7
      vertex -31.8636 10.5576 2.7
    endloop
  endfacet
  facet normal 0 0 1
    outer loop
      vertex -31.7683 10.1514 2.7
      vertex -31.9579 10.5203 2.7
      vertex -31.8121 10.1384 2.7
    endloop
  endfacet
  facet normal 0 0 1
    outer loop
      vertex -31.8121 10.1384 2.7
      vertex -31.9579 10.5203 2.7
      vertex -31.8552 10.1236 2.7
    endloop
  endfacet
  facet normal -0 0 1
    outer loop
      vertex -32.048 10.4763 2.7
      vertex -31.8552 10.1236 2.7
      vertex -31.9579 10.5203 2.7
    endloop
  endfacet
  facet normal 0 0 1
    outer loop
      vertex -31.8552 10.1236 2.7
      vertex -32.048 10.4763 2.7
      vertex -31.8979 10.1068 2.7
    endloop
  endfacet
  facet normal -0 0 1
    outer loop
      vertex -32.1338 10.4254 2.7
      vertex -31.8979 10.1068 2.7
      vertex -32.048 10.4763 2.7
    endloop
  endfacet
  facet normal 0 0 1
    outer loop
      vertex -31.8979 10.1068 2.7
      vertex -32.1338 10.4254 2.7
      vertex -31.9407 10.0876 2.7
    endloop
  endfacet
  facet normal 0 0 1
    outer loop
      vertex -31.9407 10.0876 2.7
      vertex -32.1338 10.4254 2.7
      vertex -31.9834 10.066 2.7
    endloop
  endfacet
  facet normal -0 0 1
    outer loop
      vertex -32.2153 10.3678 2.7
      vertex -31.9834 10.066 2.7
      vertex -32.1338 10.4254 2.7
    endloop
  endfacet
  facet normal 0 0 1
    outer loop
      vertex -31.9834 10.066 2.7
      vertex -32.2153 10.3678 2.7
      vertex -32.0261 10.042 2.7
    endloop
  endfacet
  facet normal 0 0 1
    outer loop
      vertex -32.0261 10.042 2.7
      vertex -32.2153 10.3678 2.7
      vertex -32.0688 10.0155 2.7
    endloop
  endfacet
  facet normal 0 0 1
    outer loop
      vertex -32.0688 10.0155 2.7
      vertex -32.2153 10.3678 2.7
      vertex -32.1115 9.98668 2.7
    endloop
  endfacet
  facet normal 0 0 1
    outer loop
      vertex -32.1115 9.98668 2.7
      vertex -32.2153 10.3678 2.7
      vertex -32.1543 9.95541 2.7
    endloop
  endfacet
  facet normal 0 0 1
    outer loop
      vertex -32.1543 9.95541 2.7
      vertex -32.2153 10.3678 2.7
      vertex -32.197 9.92174 2.7
    endloop
  endfacet
  facet normal 0 0 1
    outer loop
      vertex -32.197 9.92174 2.7
      vertex -32.2153 10.3678 2.7
      vertex -32.2397 9.88564 2.7
    endloop
  endfacet
  facet normal -0 0 1
    outer loop
      vertex -30.5126 9.37581 2.7
      vertex -29.9388 9.29974 2.7
      vertex -29.9435 9.42986 2.7
    endloop
  endfacet
  facet normal 0 0 1
    outer loop
      vertex -30.5126 9.37581 2.7
      vertex -29.9435 9.42986 2.7
      vertex -29.9574 9.55441 2.7
    endloop
  endfacet
  facet normal 0 0 1
    outer loop
      vertex -29.9388 9.29974 2.7
      vertex -30.5095 9.28755 2.7
      vertex -29.9438 9.1521 2.7
    endloop
  endfacet
  facet normal 0 0 1
    outer loop
      vertex -30.5126 9.37581 2.7
      vertex -29.9574 9.55441 2.7
      vertex -29.9807 9.67339 2.7
    endloop
  endfacet
  facet normal -0 0 1
    outer loop
      vertex -30.5125 9.18625 2.7
      vertex -29.9438 9.1521 2.7
      vertex -30.5095 9.28755 2.7
    endloop
  endfacet
  facet normal 0 0 1
    outer loop
      vertex -30.5126 9.37581 2.7
      vertex -29.9807 9.67339 2.7
      vertex -30.0133 9.78677 2.7
    endloop
  endfacet
  facet normal 0 0 1
    outer loop
      vertex -29.9438 9.1521 2.7
      vertex -30.5125 9.18625 2.7
      vertex -29.9588 9.01161 2.7
    endloop
  endfacet
  facet normal 0 0 1
    outer loop
      vertex -30.5126 9.37581 2.7
      vertex -30.0133 9.78677 2.7
      vertex -30.0551 9.89459 2.7
    endloop
  endfacet
  facet normal -0 0 1
    outer loop
      vertex -30.5218 9.08989 2.7
      vertex -29.9588 9.01161 2.7
      vertex -30.5125 9.18625 2.7
    endloop
  endfacet
  facet normal 0 0 1
    outer loop
      vertex -30.5126 9.37581 2.7
      vertex -30.0551 9.89459 2.7
      vertex -30.1063 9.99684 2.7
    endloop
  endfacet
  facet normal 0 0 1
    outer loop
      vertex -29.9588 9.01161 2.7
      vertex -30.5218 9.08989 2.7
      vertex -29.9837 8.8783 2.7
    endloop
  endfacet
  facet normal 0 0 1
    outer loop
      vertex -30.5126 9.37581 2.7
      vertex -30.1063 9.99684 2.7
      vertex -30.1668 10.0935 2.7
    endloop
  endfacet
  facet normal -0 0 1
    outer loop
      vertex -30.5373 8.99847 2.7
      vertex -29.9837 8.8783 2.7
      vertex -30.5218 9.08989 2.7
    endloop
  endfacet
  facet normal 0 0 1
    outer loop
      vertex -30.5126 9.37581 2.7
      vertex -30.1668 10.0935 2.7
      vertex -30.2366 10.1846 2.7
    endloop
  endfacet
  facet normal 0 0 1
    outer loop
      vertex -29.9837 8.8783 2.7
      vertex -30.5373 8.99847 2.7
      vertex -30.0187 8.75212 2.7
    endloop
  endfacet
  facet normal 0 0 1
    outer loop
      vertex -30.5126 9.37581 2.7
      vertex -30.2366 10.1846 2.7
      vertex -30.3157 10.2701 2.7
    endloop
  endfacet
  facet normal -0 0 1
    outer loop
      vertex -30.5589 8.91199 2.7
      vertex -30.0187 8.75212 2.7
      vertex -30.5373 8.99847 2.7
    endloop
  endfacet
  facet normal 0 0 1
    outer loop
      vertex -30.5126 9.37581 2.7
      vertex -30.3157 10.2701 2.7
      vertex -30.4026 10.3482 2.7
    endloop
  endfacet
  facet normal 0 0 1
    outer loop
      vertex -30.0187 8.75212 2.7
      vertex -30.5589 8.91199 2.7
      vertex -30.0636 8.63312 2.7
    endloop
  endfacet
  facet normal 0 0 1
    outer loop
      vertex -30.7612 9.9436 2.7
      vertex -30.4026 10.3482 2.7
      vertex -30.4959 10.4172 2.7
    endloop
  endfacet
  facet normal -0 0 1
    outer loop
      vertex -30.5867 8.83044 2.7
      vertex -30.0636 8.63312 2.7
      vertex -30.5589 8.91199 2.7
    endloop
  endfacet
  facet normal 0 0 1
    outer loop
      vertex -30.0636 8.63312 2.7
      vertex -30.5867 8.83044 2.7
      vertex -30.1185 8.52126 2.7
    endloop
  endfacet
  facet normal -0 0 1
    outer loop
      vertex -30.6207 8.75383 2.7
      vertex -30.1185 8.52126 2.7
      vertex -30.5867 8.83044 2.7
    endloop
  endfacet
  facet normal 0 0 1
    outer loop
      vertex -30.1185 8.52126 2.7
      vertex -30.6207 8.75383 2.7
      vertex -30.1834 8.41656 2.7
    endloop
  endfacet
  facet normal -0 0 1
    outer loop
      vertex -30.6608 8.68214 2.7
      vertex -30.1834 8.41656 2.7
      vertex -30.6207 8.75383 2.7
    endloop
  endfacet
  facet normal 0 0 1
    outer loop
      vertex -30.1834 8.41656 2.7
      vertex -30.6608 8.68214 2.7
      vertex -30.2583 8.31903 2.7
    endloop
  endfacet
  facet normal -0 0 1
    outer loop
      vertex -30.7072 8.6154 2.7
      vertex -30.2583 8.31903 2.7
      vertex -30.6608 8.68214 2.7
    endloop
  endfacet
  facet normal 0 0 1
    outer loop
      vertex -30.2583 8.31903 2.7
      vertex -30.7072 8.6154 2.7
      vertex -30.3432 8.22865 2.7
    endloop
  endfacet
  facet normal -0 0 1
    outer loop
      vertex -30.7597 8.55359 2.7
      vertex -30.3432 8.22865 2.7
      vertex -30.7072 8.6154 2.7
    endloop
  endfacet
  facet normal 0 0 1
    outer loop
      vertex -30.3432 8.22865 2.7
      vertex -30.7597 8.55359 2.7
      vertex -30.4369 8.14667 2.7
    endloop
  endfacet
  facet normal -0 0 1
    outer loop
      vertex -30.8177 8.49756 2.7
      vertex -30.4369 8.14667 2.7
      vertex -30.7597 8.55359 2.7
    endloop
  endfacet
  facet normal 0 0 1
    outer loop
      vertex -30.4369 8.14667 2.7
      vertex -30.8177 8.49756 2.7
      vertex -30.5383 8.07434 2.7
    endloop
  endfacet
  facet normal -0 0 1
    outer loop
      vertex -30.8804 8.44812 2.7
      vertex -30.5383 8.07434 2.7
      vertex -30.8177 8.49756 2.7
    endloop
  endfacet
  facet normal 0 0 1
    outer loop
      vertex -30.5383 8.07434 2.7
      vertex -30.8804 8.44812 2.7
      vertex -30.6475 8.01166 2.7
    endloop
  endfacet
  facet normal -0 0 1
    outer loop
      vertex -30.9479 8.40527 2.7
      vertex -30.6475 8.01166 2.7
      vertex -30.8804 8.44812 2.7
    endloop
  endfacet
  facet normal 0 0 1
    outer loop
      vertex -30.6475 8.01166 2.7
      vertex -30.9479 8.40527 2.7
      vertex -30.7644 7.9586 2.7
    endloop
  endfacet
  facet normal -0 0 1
    outer loop
      vertex -31.0201 8.36902 2.7
      vertex -30.7644 7.9586 2.7
      vertex -30.9479 8.40527 2.7
    endloop
  endfacet
  facet normal 0 0 1
    outer loop
      vertex -30.7644 7.9586 2.7
      vertex -31.0201 8.36902 2.7
      vertex -30.889 7.91521 2.7
    endloop
  endfacet
  facet normal -0 0 1
    outer loop
      vertex -31.0971 8.33936 2.7
      vertex -30.889 7.91521 2.7
      vertex -31.0201 8.36902 2.7
    endloop
  endfacet
  facet normal 0 0 1
    outer loop
      vertex -30.889 7.91521 2.7
      vertex -31.0971 8.33936 2.7
      vertex -31.0213 7.88145 2.7
    endloop
  endfacet
  facet normal -0 0 1
    outer loop
      vertex -31.1788 8.31627 2.7
      vertex -31.0213 7.88145 2.7
      vertex -31.0971 8.33936 2.7
    endloop
  endfacet
  facet normal 0 0 1
    outer loop
      vertex -31.0213 7.88145 2.7
      vertex -31.1788 8.31627 2.7
      vertex -31.1613 7.85735 2.7
    endloop
  endfacet
  facet normal -0 0 1
    outer loop
      vertex -31.2652 8.29979 2.7
      vertex -31.1613 7.85735 2.7
      vertex -31.1788 8.31627 2.7
    endloop
  endfacet
  facet normal 0 0 1
    outer loop
      vertex -31.2652 8.29979 2.7
      vertex -31.3091 7.84286 2.7
      vertex -31.1613 7.85735 2.7
    endloop
  endfacet
  facet normal -0 0 1
    outer loop
      vertex -31.3564 8.2899 2.7
      vertex -31.3091 7.84286 2.7
      vertex -31.2652 8.29979 2.7
    endloop
  endfacet
  facet normal 0 0 1
    outer loop
      vertex -31.4646 7.83804 2.7
      vertex -31.3564 8.2899 2.7
      vertex -31.4524 8.28661 2.7
    endloop
  endfacet
  facet normal 0 0 1
    outer loop
      vertex -31.3564 8.2899 2.7
      vertex -31.4646 7.83804 2.7
      vertex -31.3091 7.84286 2.7
    endloop
  endfacet
  facet normal 0 0 1
    outer loop
      vertex -31.4524 8.28661 2.7
      vertex -31.5954 7.84129 2.7
      vertex -31.4646 7.83804 2.7
    endloop
  endfacet
  facet normal 0 0 1
    outer loop
      vertex -31.6057 8.29448 2.7
      vertex -31.5954 7.84129 2.7
      vertex -31.4524 8.28661 2.7
    endloop
  endfacet
  facet normal 0 0 1
    outer loop
      vertex -31.6057 8.29448 2.7
      vertex -31.7204 7.85101 2.7
      vertex -31.5954 7.84129 2.7
    endloop
  endfacet
  facet normal 0 0 1
    outer loop
      vertex -31.7455 8.3181 2.7
      vertex -31.7204 7.85101 2.7
      vertex -31.6057 8.29448 2.7
    endloop
  endfacet
  facet normal 0 0 1
    outer loop
      vertex -31.7455 8.3181 2.7
      vertex -31.8396 7.8672 2.7
      vertex -31.7204 7.85101 2.7
    endloop
  endfacet
  facet normal 0 0 1
    outer loop
      vertex -31.9532 7.88989 2.7
      vertex -31.7455 8.3181 2.7
      vertex -31.8718 8.35747 2.7
    endloop
  endfacet
  facet normal 0 0 1
    outer loop
      vertex -31.7455 8.3181 2.7
      vertex -31.9532 7.88989 2.7
      vertex -31.8396 7.8672 2.7
    endloop
  endfacet
  facet normal 0 0 1
    outer loop
      vertex -32.1631 7.9547 2.7
      vertex -31.8718 8.35747 2.7
      vertex -31.9846 8.4126 2.7
    endloop
  endfacet
  facet normal 0 0 1
    outer loop
      vertex -31.8718 8.35747 2.7
      vertex -32.061 7.91905 2.7
      vertex -31.9532 7.88989 2.7
    endloop
  endfacet
  facet normal 0 0 1
    outer loop
      vertex -32.2595 7.99681 2.7
      vertex -31.9846 8.4126 2.7
      vertex -32.084 8.48346 2.7
    endloop
  endfacet
  facet normal 0 0 1
    outer loop
      vertex -31.8718 8.35747 2.7
      vertex -32.1631 7.9547 2.7
      vertex -32.061 7.91905 2.7
    endloop
  endfacet
  facet normal 0 0 1
    outer loop
      vertex -32.435 8.10049 2.7
      vertex -32.084 8.48346 2.7
      vertex -32.1698 8.57007 2.7
    endloop
  endfacet
  facet normal 0 0 1
    outer loop
      vertex -32.651 8.30156 2.7
      vertex -32.1698 8.57007 2.7
      vertex -32.2422 8.67242 2.7
    endloop
  endfacet
  facet normal 0 0 1
    outer loop
      vertex -31.9846 8.4126 2.7
      vertex -32.2595 7.99681 2.7
      vertex -32.1631 7.9547 2.7
    endloop
  endfacet
  facet normal 0 0 1
    outer loop
      vertex -32.7614 8.4646 2.7
      vertex -32.2422 8.67242 2.7
      vertex -32.3011 8.79054 2.7
    endloop
  endfacet
  facet normal 0 0 1
    outer loop
      vertex -32.8451 8.65086 2.7
      vertex -32.3011 8.79054 2.7
      vertex -32.3465 8.92439 2.7
    endloop
  endfacet
  facet normal 0 0 1
    outer loop
      vertex -32.084 8.48346 2.7
      vertex -32.3501 8.04541 2.7
      vertex -32.2595 7.99681 2.7
    endloop
  endfacet
  facet normal 0 0 1
    outer loop
      vertex -32.084 8.48346 2.7
      vertex -32.435 8.10049 2.7
      vertex -32.3501 8.04541 2.7
    endloop
  endfacet
  facet normal 0 0 1
    outer loop
      vertex -32.1698 8.57007 2.7
      vertex -32.5137 8.16171 2.7
      vertex -32.435 8.10049 2.7
    endloop
  endfacet
  facet normal 0 0 1
    outer loop
      vertex -32.1698 8.57007 2.7
      vertex -32.5857 8.22873 2.7
      vertex -32.5137 8.16171 2.7
    endloop
  endfacet
  facet normal 0 0 1
    outer loop
      vertex -32.1698 8.57007 2.7
      vertex -32.651 8.30156 2.7
      vertex -32.5857 8.22873 2.7
    endloop
  endfacet
  facet normal 0 0 1
    outer loop
      vertex -32.2422 8.67242 2.7
      vertex -32.7096 8.38017 2.7
      vertex -32.651 8.30156 2.7
    endloop
  endfacet
  facet normal 0 0 1
    outer loop
      vertex -32.2422 8.67242 2.7
      vertex -32.7614 8.4646 2.7
      vertex -32.7096 8.38017 2.7
    endloop
  endfacet
  facet normal 0 0 1
    outer loop
      vertex -32.3011 8.79054 2.7
      vertex -32.8066 8.55482 2.7
      vertex -32.7614 8.4646 2.7
    endloop
  endfacet
  facet normal 0 0 1
    outer loop
      vertex -32.3011 8.79054 2.7
      vertex -32.8451 8.65086 2.7
      vertex -32.8066 8.55482 2.7
    endloop
  endfacet
  facet normal 0 0 1
    outer loop
      vertex -32.3465 8.92439 2.7
      vertex -32.8768 8.75269 2.7
      vertex -32.8451 8.65086 2.7
    endloop
  endfacet
  facet normal 0 -0 1
    outer loop
      vertex -32.8768 8.75269 2.7
      vertex -32.3465 8.92439 2.7
      vertex -32.9019 8.86032 2.7
    endloop
  endfacet
  facet normal -0 0 1
    outer loop
      vertex -34.2772 8.56737 2.7
      vertex -33.6822 7.89906 2.7
      vertex -33.6822 8.56737 2.7
    endloop
  endfacet
  facet normal 0 0 1
    outer loop
      vertex -33.6822 7.89906 2.7
      vertex -34.2772 8.56737 2.7
      vertex -34.2772 7.89906 2.7
    endloop
  endfacet
  facet normal 0 1 -0
    outer loop
      vertex -35.0809 8.36595 2
      vertex -37.3238 8.36595 2.7
      vertex -35.0809 8.36595 2.7
    endloop
  endfacet
  facet normal 0 1 0
    outer loop
      vertex -37.3238 8.36595 2.7
      vertex -35.0809 8.36595 2
      vertex -37.3238 8.36595 2
    endloop
  endfacet
  facet normal 0.909417 -0.415886 0
    outer loop
      vertex -37.3238 8.36595 2.7
      vertex -37.302 8.41362 2
      vertex -37.302 8.41362 2.7
    endloop
  endfacet
  facet normal 0.909417 -0.415886 0
    outer loop
      vertex -37.302 8.41362 2
      vertex -37.3238 8.36595 2.7
      vertex -37.3238 8.36595 2
    endloop
  endfacet
  facet normal 0.890318 -0.455339 0
    outer loop
      vertex -37.302 8.41362 2.7
      vertex -37.2774 8.46172 2
      vertex -37.2774 8.46172 2.7
    endloop
  endfacet
  facet normal 0.890318 -0.455339 0
    outer loop
      vertex -37.2774 8.46172 2
      vertex -37.302 8.41362 2.7
      vertex -37.302 8.41362 2
    endloop
  endfacet
  facet normal 0.869894 -0.493239 0
    outer loop
      vertex -37.2774 8.46172 2.7
      vertex -37.2499 8.51022 2
      vertex -37.2499 8.51022 2.7
    endloop
  endfacet
  facet normal 0.869894 -0.493239 0
    outer loop
      vertex -37.2499 8.51022 2
      vertex -37.2774 8.46172 2.7
      vertex -37.2774 8.46172 2
    endloop
  endfacet
  facet normal 0.849361 -0.527812 0
    outer loop
      vertex -37.2499 8.51022 2.7
      vertex -37.2195 8.55914 2
      vertex -37.2195 8.55914 2.7
    endloop
  endfacet
  facet normal 0.849361 -0.527812 0
    outer loop
      vertex -37.2195 8.55914 2
      vertex -37.2499 8.51022 2.7
      vertex -37.2499 8.51022 2
    endloop
  endfacet
  facet normal 0.82961 -0.558343 0
    outer loop
      vertex -37.2195 8.55914 2.7
      vertex -37.1863 8.60847 2
      vertex -37.1863 8.60847 2.7
    endloop
  endfacet
  facet normal 0.82961 -0.558343 0
    outer loop
      vertex -37.1863 8.60847 2
      vertex -37.2195 8.55914 2.7
      vertex -37.2195 8.55914 2
    endloop
  endfacet
  facet normal 0.809369 -0.587301 0
    outer loop
      vertex -37.1863 8.60847 2.7
      vertex -37.1502 8.65822 2
      vertex -37.1502 8.65822 2.7
    endloop
  endfacet
  facet normal 0.809369 -0.587301 0
    outer loop
      vertex -37.1502 8.65822 2
      vertex -37.1863 8.60847 2.7
      vertex -37.1863 8.60847 2
    endloop
  endfacet
  facet normal 0.790276 -0.612751 0
    outer loop
      vertex -37.1502 8.65822 2.7
      vertex -37.1113 8.70839 2
      vertex -37.1113 8.70839 2.7
    endloop
  endfacet
  facet normal 0.790276 -0.612751 0
    outer loop
      vertex -37.1113 8.70839 2
      vertex -37.1502 8.65822 2.7
      vertex -37.1502 8.65822 2
    endloop
  endfacet
  facet normal 0.770838 -0.637031 0
    outer loop
      vertex -37.1113 8.70839 2.7
      vertex -37.0695 8.75897 2
      vertex -37.0695 8.75897 2.7
    endloop
  endfacet
  facet normal 0.770838 -0.637031 0
    outer loop
      vertex -37.0695 8.75897 2
      vertex -37.1113 8.70839 2.7
      vertex -37.1113 8.70839 2
    endloop
  endfacet
  facet normal 0.752028 -0.659131 0
    outer loop
      vertex -37.0695 8.75897 2.7
      vertex -37.0248 8.80997 2
      vertex -37.0248 8.80997 2.7
    endloop
  endfacet
  facet normal 0.752028 -0.659131 0
    outer loop
      vertex -37.0248 8.80997 2
      vertex -37.0695 8.75897 2.7
      vertex -37.0695 8.75897 2
    endloop
  endfacet
  facet normal 0.734793 -0.678292 0
    outer loop
      vertex -37.0248 8.80997 2.7
      vertex -36.9769 8.86186 2
      vertex -36.9769 8.86186 2.7
    endloop
  endfacet
  facet normal 0.734793 -0.678292 0
    outer loop
      vertex -36.9769 8.86186 2
      vertex -37.0248 8.80997 2.7
      vertex -37.0248 8.80997 2
    endloop
  endfacet
  facet normal 0.719755 -0.694228 0
    outer loop
      vertex -36.9769 8.86186 2.7
      vertex -36.9255 8.91515 2
      vertex -36.9255 8.91515 2.7
    endloop
  endfacet
  facet normal 0.719755 -0.694228 0
    outer loop
      vertex -36.9255 8.91515 2
      vertex -36.9769 8.86186 2.7
      vertex -36.9769 8.86186 2
    endloop
  endfacet
  facet normal 0.705041 -0.709167 0
    outer loop
      vertex -36.9255 8.91515 2
      vertex -36.8705 8.96983 2.7
      vertex -36.9255 8.91515 2.7
    endloop
  endfacet
  facet normal 0.705041 -0.709167 0
    outer loop
      vertex -36.8705 8.96983 2.7
      vertex -36.9255 8.91515 2
      vertex -36.8705 8.96983 2
    endloop
  endfacet
  facet normal 0.692018 -0.72188 0
    outer loop
      vertex -36.8705 8.96983 2
      vertex -36.812 9.02591 2.7
      vertex -36.8705 8.96983 2.7
    endloop
  endfacet
  facet normal 0.692018 -0.72188 0
    outer loop
      vertex -36.812 9.02591 2.7
      vertex -36.8705 8.96983 2
      vertex -36.812 9.02591 2
    endloop
  endfacet
  facet normal 0.679743 -0.73345 0
    outer loop
      vertex -36.812 9.02591 2
      vertex -36.75 9.08337 2.7
      vertex -36.812 9.02591 2.7
    endloop
  endfacet
  facet normal 0.679743 -0.73345 0
    outer loop
      vertex -36.75 9.08337 2.7
      vertex -36.812 9.02591 2
      vertex -36.75 9.08337 2
    endloop
  endfacet
  facet normal 0.667898 -0.744252 0
    outer loop
      vertex -36.75 9.08337 2
      vertex -36.6844 9.14224 2.7
      vertex -36.75 9.08337 2.7
    endloop
  endfacet
  facet normal 0.667898 -0.744252 0
    outer loop
      vertex -36.6844 9.14224 2.7
      vertex -36.75 9.08337 2
      vertex -36.6844 9.14224 2
    endloop
  endfacet
  facet normal 0.656713 -0.754141 0
    outer loop
      vertex -36.6844 9.14224 2
      vertex -36.6152 9.2025 2.7
      vertex -36.6844 9.14224 2.7
    endloop
  endfacet
  facet normal 0.656713 -0.754141 0
    outer loop
      vertex -36.6152 9.2025 2.7
      vertex -36.6844 9.14224 2
      vertex -36.6152 9.2025 2
    endloop
  endfacet
  facet normal 0.646704 -0.762741 0
    outer loop
      vertex -36.6152 9.2025 2
      vertex -36.5425 9.26414 2.7
      vertex -36.6152 9.2025 2.7
    endloop
  endfacet
  facet normal 0.646704 -0.762741 0
    outer loop
      vertex -36.5425 9.26414 2.7
      vertex -36.6152 9.2025 2
      vertex -36.5425 9.26414 2
    endloop
  endfacet
  facet normal 0.637495 -0.770454 0
    outer loop
      vertex -36.5425 9.26414 2
      vertex -36.4663 9.32719 2.7
      vertex -36.5425 9.26414 2.7
    endloop
  endfacet
  facet normal 0.637495 -0.770454 0
    outer loop
      vertex -36.4663 9.32719 2.7
      vertex -36.5425 9.26414 2
      vertex -36.4663 9.32719 2
    endloop
  endfacet
  facet normal 0.633802 -0.773495 0
    outer loop
      vertex -36.4663 9.32719 2
      vertex -36.3297 9.43912 2.7
      vertex -36.4663 9.32719 2.7
    endloop
  endfacet
  facet normal 0.633802 -0.773495 0
    outer loop
      vertex -36.3297 9.43912 2.7
      vertex -36.4663 9.32719 2
      vertex -36.3297 9.43912 2
    endloop
  endfacet
  facet normal 0.639479 -0.768809 0
    outer loop
      vertex -36.3297 9.43912 2
      vertex -36.2032 9.54434 2.7
      vertex -36.3297 9.43912 2.7
    endloop
  endfacet
  facet normal 0.639479 -0.768809 0
    outer loop
      vertex -36.2032 9.54434 2.7
      vertex -36.3297 9.43912 2
      vertex -36.2032 9.54434 2
    endloop
  endfacet
  facet normal 0.646333 -0.763055 0
    outer loop
      vertex -36.2032 9.54434 2
      vertex -36.0869 9.64285 2.7
      vertex -36.2032 9.54434 2.7
    endloop
  endfacet
  facet normal 0.646333 -0.763055 0
    outer loop
      vertex -36.0869 9.64285 2.7
      vertex -36.2032 9.54434 2
      vertex -36.0869 9.64285 2
    endloop
  endfacet
  facet normal 0.654347 -0.756194 0
    outer loop
      vertex -36.0869 9.64285 2
      vertex -35.9808 9.73466 2.7
      vertex -36.0869 9.64285 2.7
    endloop
  endfacet
  facet normal 0.654347 -0.756194 0
    outer loop
      vertex -35.9808 9.73466 2.7
      vertex -36.0869 9.64285 2
      vertex -35.9808 9.73466 2
    endloop
  endfacet
  facet normal 0.663347 -0.748312 0
    outer loop
      vertex -35.9808 9.73466 2
      vertex -35.8848 9.81976 2.7
      vertex -35.9808 9.73466 2.7
    endloop
  endfacet
  facet normal 0.663347 -0.748312 0
    outer loop
      vertex -35.8848 9.81976 2.7
      vertex -35.9808 9.73466 2
      vertex -35.8848 9.81976 2
    endloop
  endfacet
  facet normal 0.674555 -0.738225 0
    outer loop
      vertex -35.8848 9.81976 2
      vertex -35.799 9.89816 2.7
      vertex -35.8848 9.81976 2.7
    endloop
  endfacet
  facet normal 0.674555 -0.738225 0
    outer loop
      vertex -35.799 9.89816 2.7
      vertex -35.8848 9.81976 2
      vertex -35.799 9.89816 2
    endloop
  endfacet
  facet normal 0.688144 -0.725574 0
    outer loop
      vertex -35.799 9.89816 2
      vertex -35.7234 9.96986 2.7
      vertex -35.799 9.89816 2.7
    endloop
  endfacet
  facet normal 0.688144 -0.725574 0
    outer loop
      vertex -35.7234 9.96986 2.7
      vertex -35.799 9.89816 2
      vertex -35.7234 9.96986 2
    endloop
  endfacet
  facet normal 0.704607 -0.709598 0
    outer loop
      vertex -35.7234 9.96986 2
      vertex -35.658 10.0348 2.7
      vertex -35.7234 9.96986 2.7
    endloop
  endfacet
  facet normal 0.704607 -0.709598 0
    outer loop
      vertex -35.658 10.0348 2.7
      vertex -35.7234 9.96986 2
      vertex -35.658 10.0348 2
    endloop
  endfacet
  facet normal 0.725527 -0.688193 0
    outer loop
      vertex -35.658 10.0348 2.7
      vertex -35.6027 10.0931 2
      vertex -35.6027 10.0931 2.7
    endloop
  endfacet
  facet normal 0.725527 -0.688193 0
    outer loop
      vertex -35.6027 10.0931 2
      vertex -35.658 10.0348 2.7
      vertex -35.658 10.0348 2
    endloop
  endfacet
  facet normal 0.748009 -0.663688 0
    outer loop
      vertex -35.6027 10.0931 2.7
      vertex -35.5539 10.1481 2
      vertex -35.5539 10.1481 2.7
    endloop
  endfacet
  facet normal 0.748009 -0.663688 0
    outer loop
      vertex -35.5539 10.1481 2
      vertex -35.6027 10.0931 2.7
      vertex -35.6027 10.0931 2
    endloop
  endfacet
  facet normal 0.766502 -0.642242 0
    outer loop
      vertex -35.5539 10.1481 2.7
      vertex -35.5079 10.203 2
      vertex -35.5079 10.203 2.7
    endloop
  endfacet
  facet normal 0.766502 -0.642242 0
    outer loop
      vertex -35.5079 10.203 2
      vertex -35.5539 10.1481 2.7
      vertex -35.5539 10.1481 2
    endloop
  endfacet
  facet normal 0.785176 -0.619273 0
    outer loop
      vertex -35.5079 10.203 2.7
      vertex -35.4646 10.2579 2
      vertex -35.4646 10.2579 2.7
    endloop
  endfacet
  facet normal 0.785176 -0.619273 0
    outer loop
      vertex -35.4646 10.2579 2
      vertex -35.5079 10.203 2.7
      vertex -35.5079 10.203 2
    endloop
  endfacet
  facet normal 0.804024 -0.594597 0
    outer loop
      vertex -35.4646 10.2579 2.7
      vertex -35.424 10.3128 2
      vertex -35.424 10.3128 2.7
    endloop
  endfacet
  facet normal 0.804024 -0.594597 0
    outer loop
      vertex -35.424 10.3128 2
      vertex -35.4646 10.2579 2.7
      vertex -35.4646 10.2579 2
    endloop
  endfacet
  facet normal 0.824129 -0.566402 0
    outer loop
      vertex -35.424 10.3128 2.7
      vertex -35.3862 10.3678 2
      vertex -35.3862 10.3678 2.7
    endloop
  endfacet
  facet normal 0.824129 -0.566402 0
    outer loop
      vertex -35.3862 10.3678 2
      vertex -35.424 10.3128 2.7
      vertex -35.424 10.3128 2
    endloop
  endfacet
  facet normal 0.843218 -0.537571 0
    outer loop
      vertex -35.3862 10.3678 2.7
      vertex -35.3512 10.4227 2
      vertex -35.3512 10.4227 2.7
    endloop
  endfacet
  facet normal 0.843218 -0.537571 0
    outer loop
      vertex -35.3512 10.4227 2
      vertex -35.3862 10.3678 2.7
      vertex -35.3862 10.3678 2
    endloop
  endfacet
  facet normal 0.861207 -0.508254 0
    outer loop
      vertex -35.3512 10.4227 2.7
      vertex -35.3188 10.4776 2
      vertex -35.3188 10.4776 2.7
    endloop
  endfacet
  facet normal 0.861207 -0.508254 0
    outer loop
      vertex -35.3188 10.4776 2
      vertex -35.3512 10.4227 2.7
      vertex -35.3512 10.4227 2
    endloop
  endfacet
  facet normal 0.881242 -0.472666 0
    outer loop
      vertex -35.3188 10.4776 2.7
      vertex -35.2893 10.5326 2
      vertex -35.2893 10.5326 2.7
    endloop
  endfacet
  facet normal 0.881242 -0.472666 0
    outer loop
      vertex -35.2893 10.5326 2
      vertex -35.3188 10.4776 2.7
      vertex -35.3188 10.4776 2
    endloop
  endfacet
  facet normal 0.898643 -0.438682 0
    outer loop
      vertex -35.2893 10.5326 2.7
      vertex -35.2625 10.5875 2
      vertex -35.2625 10.5875 2.7
    endloop
  endfacet
  facet normal 0.898643 -0.438682 0
    outer loop
      vertex -35.2625 10.5875 2
      vertex -35.2893 10.5326 2.7
      vertex -35.2893 10.5326 2
    endloop
  endfacet
  facet normal 0.916539 -0.399944 0
    outer loop
      vertex -35.2625 10.5875 2.7
      vertex -35.2385 10.6425 2
      vertex -35.2385 10.6425 2.7
    endloop
  endfacet
  facet normal 0.916539 -0.399944 0
    outer loop
      vertex -35.2385 10.6425 2
      vertex -35.2625 10.5875 2.7
      vertex -35.2625 10.5875 2
    endloop
  endfacet
  facet normal 0.933083 -0.359661 0
    outer loop
      vertex -35.2385 10.6425 2.7
      vertex -35.2173 10.6975 2
      vertex -35.2173 10.6975 2.7
    endloop
  endfacet
  facet normal 0.933083 -0.359661 0
    outer loop
      vertex -35.2173 10.6975 2
      vertex -35.2385 10.6425 2.7
      vertex -35.2385 10.6425 2
    endloop
  endfacet
  facet normal 0.948511 -0.316744 0
    outer loop
      vertex -35.2173 10.6975 2.7
      vertex -35.1989 10.7526 2
      vertex -35.1989 10.7526 2.7
    endloop
  endfacet
  facet normal 0.948511 -0.316744 0
    outer loop
      vertex -35.1989 10.7526 2
      vertex -35.2173 10.6975 2.7
      vertex -35.2173 10.6975 2
    endloop
  endfacet
  facet normal 0.962765 -0.270341 0
    outer loop
      vertex -35.1989 10.7526 2.7
      vertex -35.1834 10.8078 2
      vertex -35.1834 10.8078 2.7
    endloop
  endfacet
  facet normal 0.962765 -0.270341 0
    outer loop
      vertex -35.1834 10.8078 2
      vertex -35.1989 10.7526 2.7
      vertex -35.1989 10.7526 2
    endloop
  endfacet
  facet normal 0.974628 -0.22383 0
    outer loop
      vertex -35.1834 10.8078 2.7
      vertex -35.1707 10.8631 2
      vertex -35.1707 10.8631 2.7
    endloop
  endfacet
  facet normal 0.974628 -0.22383 0
    outer loop
      vertex -35.1707 10.8631 2
      vertex -35.1834 10.8078 2.7
      vertex -35.1834 10.8078 2
    endloop
  endfacet
  facet normal 0.98435 -0.176222 0
    outer loop
      vertex -35.1707 10.8631 2.7
      vertex -35.1608 10.9184 2
      vertex -35.1608 10.9184 2.7
    endloop
  endfacet
  facet normal 0.98435 -0.176222 0
    outer loop
      vertex -35.1608 10.9184 2
      vertex -35.1707 10.8631 2.7
      vertex -35.1707 10.8631 2
    endloop
  endfacet
  facet normal 0.991887 -0.127119 0
    outer loop
      vertex -35.1608 10.9184 2.7
      vertex -35.1537 10.9738 2
      vertex -35.1537 10.9738 2.7
    endloop
  endfacet
  facet normal 0.991887 -0.127119 0
    outer loop
      vertex -35.1537 10.9738 2
      vertex -35.1608 10.9184 2.7
      vertex -35.1608 10.9184 2
    endloop
  endfacet
  facet normal 0.997149 -0.0754599 0
    outer loop
      vertex -35.1537 10.9738 2.7
      vertex -35.1495 11.0293 2
      vertex -35.1495 11.0293 2.7
    endloop
  endfacet
  facet normal 0.997149 -0.0754599 0
    outer loop
      vertex -35.1495 11.0293 2
      vertex -35.1537 10.9738 2.7
      vertex -35.1537 10.9738 2
    endloop
  endfacet
  facet normal 0.999683 -0.0251719 0
    outer loop
      vertex -35.1495 11.0293 2.7
      vertex -35.1481 11.0849 2
      vertex -35.1481 11.0849 2.7
    endloop
  endfacet
  facet normal 0.999683 -0.0251719 0
    outer loop
      vertex -35.1481 11.0849 2
      vertex -35.1495 11.0293 2.7
      vertex -35.1495 11.0293 2
    endloop
  endfacet
  facet normal 0.999382 0.0351377 0
    outer loop
      vertex -35.1481 11.0849 2.7
      vertex -35.1524 11.2072 2
      vertex -35.1524 11.2072 2.7
    endloop
  endfacet
  facet normal 0.999382 0.0351377 0
    outer loop
      vertex -35.1524 11.2072 2
      vertex -35.1481 11.0849 2.7
      vertex -35.1481 11.0849 2
    endloop
  endfacet
  facet normal 0.993863 0.11062 0
    outer loop
      vertex -35.1524 11.2072 2.7
      vertex -35.1653 11.3231 2
      vertex -35.1653 11.3231 2.7
    endloop
  endfacet
  facet normal 0.993863 0.11062 0
    outer loop
      vertex -35.1653 11.3231 2
      vertex -35.1524 11.2072 2.7
      vertex -35.1524 11.2072 2
    endloop
  endfacet
  facet normal 0.981094 0.193531 0
    outer loop
      vertex -35.1653 11.3231 2.7
      vertex -35.1869 11.4326 2
      vertex -35.1869 11.4326 2.7
    endloop
  endfacet
  facet normal 0.981094 0.193531 0
    outer loop
      vertex -35.1869 11.4326 2
      vertex -35.1653 11.3231 2.7
      vertex -35.1653 11.3231 2
    endloop
  endfacet
  facet normal 0.95975 0.280857 0
    outer loop
      vertex -35.1869 11.4326 2.7
      vertex -35.2171 11.5358 2
      vertex -35.2171 11.5358 2.7
    endloop
  endfacet
  facet normal 0.95975 0.280857 0
    outer loop
      vertex -35.2171 11.5358 2
      vertex -35.1869 11.4326 2.7
      vertex -35.1869 11.4326 2
    endloop
  endfacet
  facet normal 0.928212 0.372052 0
    outer loop
      vertex -35.2171 11.5358 2.7
      vertex -35.2559 11.6326 2
      vertex -35.2559 11.6326 2.7
    endloop
  endfacet
  facet normal 0.928212 0.372052 0
    outer loop
      vertex -35.2559 11.6326 2
      vertex -35.2171 11.5358 2.7
      vertex -35.2171 11.5358 2
    endloop
  endfacet
  facet normal 0.88564 0.464373 0
    outer loop
      vertex -35.2559 11.6326 2.7
      vertex -35.3033 11.723 2
      vertex -35.3033 11.723 2.7
    endloop
  endfacet
  facet normal 0.88564 0.464373 0
    outer loop
      vertex -35.3033 11.723 2
      vertex -35.2559 11.6326 2.7
      vertex -35.2559 11.6326 2
    endloop
  endfacet
  facet normal 0.831898 0.554928 0
    outer loop
      vertex -35.3033 11.723 2.7
      vertex -35.3594 11.8071 2
      vertex -35.3594 11.8071 2.7
    endloop
  endfacet
  facet normal 0.831898 0.554928 0
    outer loop
      vertex -35.3594 11.8071 2
      vertex -35.3033 11.723 2.7
      vertex -35.3033 11.723 2
    endloop
  endfacet
  facet normal 0.768464 0.639893 0
    outer loop
      vertex -35.3594 11.8071 2.7
      vertex -35.4241 11.8848 2
      vertex -35.4241 11.8848 2.7
    endloop
  endfacet
  facet normal 0.768464 0.639893 0
    outer loop
      vertex -35.4241 11.8848 2
      vertex -35.3594 11.8071 2.7
      vertex -35.3594 11.8071 2
    endloop
  endfacet
  facet normal 0.696771 0.717293 -0
    outer loop
      vertex -35.4241 11.8848 2
      vertex -35.4975 11.9561 2.7
      vertex -35.4241 11.8848 2.7
    endloop
  endfacet
  facet normal 0.696771 0.717293 0
    outer loop
      vertex -35.4975 11.9561 2.7
      vertex -35.4241 11.8848 2
      vertex -35.4975 11.9561 2
    endloop
  endfacet
  facet normal 0.620925 0.78387 -0
    outer loop
      vertex -35.4975 11.9561 2
      vertex -35.5788 12.0205 2.7
      vertex -35.4975 11.9561 2.7
    endloop
  endfacet
  facet normal 0.620925 0.78387 0
    outer loop
      vertex -35.5788 12.0205 2.7
      vertex -35.4975 11.9561 2
      vertex -35.5788 12.0205 2
    endloop
  endfacet
  facet normal 0.538838 0.842409 -0
    outer loop
      vertex -35.5788 12.0205 2
      vertex -35.6676 12.0773 2.7
      vertex -35.5788 12.0205 2.7
    endloop
  endfacet
  facet normal 0.538838 0.842409 0
    outer loop
      vertex -35.6676 12.0773 2.7
      vertex -35.5788 12.0205 2
      vertex -35.6676 12.0773 2
    endloop
  endfacet
  facet normal 0.455339 0.890318 -0
    outer loop
      vertex -35.6676 12.0773 2
      vertex -35.7638 12.1265 2.7
      vertex -35.6676 12.0773 2.7
    endloop
  endfacet
  facet normal 0.455339 0.890318 0
    outer loop
      vertex -35.7638 12.1265 2.7
      vertex -35.6676 12.0773 2
      vertex -35.7638 12.1265 2
    endloop
  endfacet
  facet normal 0.372626 0.927982 -0
    outer loop
      vertex -35.7638 12.1265 2
      vertex -35.8674 12.1681 2.7
      vertex -35.7638 12.1265 2.7
    endloop
  endfacet
  facet normal 0.372626 0.927982 0
    outer loop
      vertex -35.8674 12.1681 2.7
      vertex -35.7638 12.1265 2
      vertex -35.8674 12.1681 2
    endloop
  endfacet
  facet normal 0.293421 0.955983 -0
    outer loop
      vertex -35.8674 12.1681 2
      vertex -35.9785 12.2022 2.7
      vertex -35.8674 12.1681 2.7
    endloop
  endfacet
  facet normal 0.293421 0.955983 0
    outer loop
      vertex -35.9785 12.2022 2.7
      vertex -35.8674 12.1681 2
      vertex -35.9785 12.2022 2
    endloop
  endfacet
  facet normal 0.218414 0.975856 -0
    outer loop
      vertex -35.9785 12.2022 2
      vertex -36.0969 12.2287 2.7
      vertex -35.9785 12.2022 2.7
    endloop
  endfacet
  facet normal 0.218414 0.975856 0
    outer loop
      vertex -36.0969 12.2287 2.7
      vertex -35.9785 12.2022 2
      vertex -36.0969 12.2287 2
    endloop
  endfacet
  facet normal 0.149224 0.988803 -0
    outer loop
      vertex -36.0969 12.2287 2
      vertex -36.2228 12.2477 2.7
      vertex -36.0969 12.2287 2.7
    endloop
  endfacet
  facet normal 0.149224 0.988803 0
    outer loop
      vertex -36.2228 12.2477 2.7
      vertex -36.0969 12.2287 2
      vertex -36.2228 12.2477 2
    endloop
  endfacet
  facet normal 0.0844682 0.996426 -0
    outer loop
      vertex -36.2228 12.2477 2
      vertex -36.3561 12.259 2.7
      vertex -36.2228 12.2477 2.7
    endloop
  endfacet
  facet normal 0.0844682 0.996426 0
    outer loop
      vertex -36.3561 12.259 2.7
      vertex -36.2228 12.2477 2
      vertex -36.3561 12.259 2
    endloop
  endfacet
  facet normal 0.026998 0.999635 -0
    outer loop
      vertex -36.3561 12.259 2
      vertex -36.4968 12.2628 2.7
      vertex -36.3561 12.259 2.7
    endloop
  endfacet
  facet normal 0.026998 0.999635 0
    outer loop
      vertex -36.4968 12.2628 2.7
      vertex -36.3561 12.259 2
      vertex -36.4968 12.2628 2
    endloop
  endfacet
  facet normal -0.0294674 0.999566 0
    outer loop
      vertex -36.4968 12.2628 2
      vertex -36.6257 12.259 2.7
      vertex -36.4968 12.2628 2.7
    endloop
  endfacet
  facet normal -0.0294674 0.999566 0
    outer loop
      vertex -36.6257 12.259 2.7
      vertex -36.4968 12.2628 2
      vertex -36.6257 12.259 2
    endloop
  endfacet
  facet normal -0.0910443 0.995847 0
    outer loop
      vertex -36.6257 12.259 2
      vertex -36.7493 12.2477 2.7
      vertex -36.6257 12.259 2.7
    endloop
  endfacet
  facet normal -0.0910443 0.995847 0
    outer loop
      vertex -36.7493 12.2477 2.7
      vertex -36.6257 12.259 2
      vertex -36.7493 12.2477 2
    endloop
  endfacet
  facet normal -0.156949 0.987607 0
    outer loop
      vertex -36.7493 12.2477 2
      vertex -36.8676 12.2289 2.7
      vertex -36.7493 12.2477 2.7
    endloop
  endfacet
  facet normal -0.156949 0.987607 0
    outer loop
      vertex -36.8676 12.2289 2.7
      vertex -36.7493 12.2477 2
      vertex -36.8676 12.2289 2
    endloop
  endfacet
  facet normal -0.227502 0.973778 0
    outer loop
      vertex -36.8676 12.2289 2
      vertex -36.9806 12.2025 2.7
      vertex -36.8676 12.2289 2.7
    endloop
  endfacet
  facet normal -0.227502 0.973778 0
    outer loop
      vertex -36.9806 12.2025 2.7
      vertex -36.8676 12.2289 2
      vertex -36.9806 12.2025 2
    endloop
  endfacet
  facet normal -0.300495 0.953783 0
    outer loop
      vertex -36.9806 12.2025 2
      vertex -37.0882 12.1686 2.7
      vertex -36.9806 12.2025 2.7
    endloop
  endfacet
  facet normal -0.300495 0.953783 0
    outer loop
      vertex -37.0882 12.1686 2.7
      vertex -36.9806 12.2025 2
      vertex -37.0882 12.1686 2
    endloop
  endfacet
  facet normal -0.374822 0.927097 0
    outer loop
      vertex -37.0882 12.1686 2
      vertex -37.1906 12.1272 2.7
      vertex -37.0882 12.1686 2.7
    endloop
  endfacet
  facet normal -0.374822 0.927097 0
    outer loop
      vertex -37.1906 12.1272 2.7
      vertex -37.0882 12.1686 2
      vertex -37.1906 12.1272 2
    endloop
  endfacet
  facet normal -0.450891 0.892579 0
    outer loop
      vertex -37.1906 12.1272 2
      vertex -37.2876 12.0782 2.7
      vertex -37.1906 12.1272 2.7
    endloop
  endfacet
  facet normal -0.450891 0.892579 0
    outer loop
      vertex -37.2876 12.0782 2.7
      vertex -37.1906 12.1272 2
      vertex -37.2876 12.0782 2
    endloop
  endfacet
  facet normal -0.524564 0.851371 0
    outer loop
      vertex -37.2876 12.0782 2
      vertex -37.3793 12.0217 2.7
      vertex -37.2876 12.0782 2.7
    endloop
  endfacet
  facet normal -0.524564 0.851371 0
    outer loop
      vertex -37.3793 12.0217 2.7
      vertex -37.2876 12.0782 2
      vertex -37.3793 12.0217 2
    endloop
  endfacet
  facet normal -0.595828 0.803112 0
    outer loop
      vertex -37.3793 12.0217 2
      vertex -37.4657 11.9576 2.7
      vertex -37.3793 12.0217 2.7
    endloop
  endfacet
  facet normal -0.595828 0.803112 0
    outer loop
      vertex -37.4657 11.9576 2.7
      vertex -37.3793 12.0217 2
      vertex -37.4657 11.9576 2
    endloop
  endfacet
  facet normal -0.661093 0.750304 0
    outer loop
      vertex -37.4657 11.9576 2
      vertex -37.5456 11.8872 2.7
      vertex -37.4657 11.9576 2.7
    endloop
  endfacet
  facet normal -0.661093 0.750304 0
    outer loop
      vertex -37.5456 11.8872 2.7
      vertex -37.4657 11.9576 2
      vertex -37.5456 11.8872 2
    endloop
  endfacet
  facet normal -0.724138 0.689655 0
    outer loop
      vertex -37.6176 11.8116 2
      vertex -37.5456 11.8872 2.7
      vertex -37.5456 11.8872 2
    endloop
  endfacet
  facet normal -0.724138 0.689655 0
    outer loop
      vertex -37.5456 11.8872 2.7
      vertex -37.6176 11.8116 2
      vertex -37.6176 11.8116 2.7
    endloop
  endfacet
  facet normal -0.782472 0.622685 0
    outer loop
      vertex -37.6819 11.7308 2
      vertex -37.6176 11.8116 2.7
      vertex -37.6176 11.8116 2
    endloop
  endfacet
  facet normal -0.782472 0.622685 0
    outer loop
      vertex -37.6176 11.8116 2.7
      vertex -37.6819 11.7308 2
      vertex -37.6819 11.7308 2.7
    endloop
  endfacet
  facet normal -0.836215 0.548402 0
    outer loop
      vertex -37.7383 11.6448 2
      vertex -37.6819 11.7308 2.7
      vertex -37.6819 11.7308 2
    endloop
  endfacet
  facet normal -0.836215 0.548402 0
    outer loop
      vertex -37.6819 11.7308 2.7
      vertex -37.7383 11.6448 2
      vertex -37.7383 11.6448 2.7
    endloop
  endfacet
  facet normal -0.882112 0.47104 0
    outer loop
      vertex -37.787 11.5536 2
      vertex -37.7383 11.6448 2.7
      vertex -37.7383 11.6448 2
    endloop
  endfacet
  facet normal -0.882112 0.47104 0
    outer loop
      vertex -37.7383 11.6448 2.7
      vertex -37.787 11.5536 2
      vertex -37.787 11.5536 2.7
    endloop
  endfacet
  facet normal -0.920571 0.390574 0
    outer loop
      vertex -37.8279 11.4572 2
      vertex -37.787 11.5536 2.7
      vertex -37.787 11.5536 2
    endloop
  endfacet
  facet normal -0.920571 0.390574 0
    outer loop
      vertex -37.787 11.5536 2.7
      vertex -37.8279 11.4572 2
      vertex -37.8279 11.4572 2.7
    endloop
  endfacet
  facet normal -0.951089 0.308917 0
    outer loop
      vertex -37.8609 11.3556 2
      vertex -37.8279 11.4572 2.7
      vertex -37.8279 11.4572 2
    endloop
  endfacet
  facet normal -0.951089 0.308917 0
    outer loop
      vertex -37.8279 11.4572 2.7
      vertex -37.8609 11.3556 2
      vertex -37.8609 11.3556 2.7
    endloop
  endfacet
  facet normal -0.97307 0.230512 0
    outer loop
      vertex -37.8862 11.2488 2
      vertex -37.8609 11.3556 2.7
      vertex -37.8609 11.3556 2
    endloop
  endfacet
  facet normal -0.97307 0.230512 0
    outer loop
      vertex -37.8609 11.3556 2.7
      vertex -37.8862 11.2488 2
      vertex -37.8862 11.2488 2.7
    endloop
  endfacet
  facet normal -0.988146 0.153516 0
    outer loop
      vertex -37.9036 11.1368 2
      vertex -37.8862 11.2488 2.7
      vertex -37.8862 11.2488 2
    endloop
  endfacet
  facet normal -0.988146 0.153516 0
    outer loop
      vertex -37.8862 11.2488 2.7
      vertex -37.9036 11.1368 2
      vertex -37.9036 11.1368 2.7
    endloop
  endfacet
  facet normal -0.0920387 -0.995755 0
    outer loop
      vertex -37.9036 11.1368 2
      vertex -37.3421 11.0849 2.7
      vertex -37.9036 11.1368 2.7
    endloop
  endfacet
  facet normal -0.0920387 -0.995755 -0
    outer loop
      vertex -37.3421 11.0849 2.7
      vertex -37.9036 11.1368 2
      vertex -37.3421 11.0849 2
    endloop
  endfacet
  facet normal 0.989139 -0.146981 0
    outer loop
      vertex -37.3421 11.0849 2.7
      vertex -37.331 11.1596 2
      vertex -37.331 11.1596 2.7
    endloop
  endfacet
  facet normal 0.989139 -0.146981 0
    outer loop
      vertex -37.331 11.1596 2
      vertex -37.3421 11.0849 2.7
      vertex -37.3421 11.0849 2
    endloop
  endfacet
  facet normal 0.976057 -0.217513 0
    outer loop
      vertex -37.331 11.1596 2.7
      vertex -37.3152 11.2305 2
      vertex -37.3152 11.2305 2.7
    endloop
  endfacet
  facet normal 0.976057 -0.217513 0
    outer loop
      vertex -37.3152 11.2305 2
      vertex -37.331 11.1596 2.7
      vertex -37.331 11.1596 2
    endloop
  endfacet
  facet normal 0.95676 -0.290878 0
    outer loop
      vertex -37.3152 11.2305 2.7
      vertex -37.2948 11.2976 2
      vertex -37.2948 11.2976 2.7
    endloop
  endfacet
  facet normal 0.95676 -0.290878 0
    outer loop
      vertex -37.2948 11.2976 2
      vertex -37.3152 11.2305 2.7
      vertex -37.3152 11.2305 2
    endloop
  endfacet
  facet normal 0.930089 -0.367334 0
    outer loop
      vertex -37.2948 11.2976 2.7
      vertex -37.2698 11.3609 2
      vertex -37.2698 11.3609 2.7
    endloop
  endfacet
  facet normal 0.930089 -0.367334 0
    outer loop
      vertex -37.2698 11.3609 2
      vertex -37.2948 11.2976 2.7
      vertex -37.2948 11.2976 2
    endloop
  endfacet
  facet normal 0.895027 -0.446012 0
    outer loop
      vertex -37.2698 11.3609 2.7
      vertex -37.2401 11.4205 2
      vertex -37.2401 11.4205 2.7
    endloop
  endfacet
  facet normal 0.895027 -0.446012 0
    outer loop
      vertex -37.2401 11.4205 2
      vertex -37.2698 11.3609 2.7
      vertex -37.2698 11.3609 2
    endloop
  endfacet
  facet normal 0.851501 -0.524353 0
    outer loop
      vertex -37.2401 11.4205 2.7
      vertex -37.2058 11.4762 2
      vertex -37.2058 11.4762 2.7
    endloop
  endfacet
  facet normal 0.851501 -0.524353 0
    outer loop
      vertex -37.2058 11.4762 2
      vertex -37.2401 11.4205 2.7
      vertex -37.2401 11.4205 2
    endloop
  endfacet
  facet normal 0.799629 -0.600494 0
    outer loop
      vertex -37.2058 11.4762 2.7
      vertex -37.1669 11.528 2
      vertex -37.1669 11.528 2.7
    endloop
  endfacet
  facet normal 0.799629 -0.600494 0
    outer loop
      vertex -37.1669 11.528 2
      vertex -37.2058 11.4762 2.7
      vertex -37.2058 11.4762 2
    endloop
  endfacet
  facet normal 0.740915 -0.671599 0
    outer loop
      vertex -37.1669 11.528 2.7
      vertex -37.1233 11.5761 2
      vertex -37.1233 11.5761 2.7
    endloop
  endfacet
  facet normal 0.740915 -0.671599 0
    outer loop
      vertex -37.1233 11.5761 2
      vertex -37.1669 11.528 2.7
      vertex -37.1669 11.528 2
    endloop
  endfacet
  facet normal 0.676692 -0.736266 0
    outer loop
      vertex -37.1233 11.5761 2
      vertex -37.0751 11.6204 2.7
      vertex -37.1233 11.5761 2.7
    endloop
  endfacet
  facet normal 0.676692 -0.736266 0
    outer loop
      vertex -37.0751 11.6204 2.7
      vertex -37.1233 11.5761 2
      vertex -37.0751 11.6204 2
    endloop
  endfacet
  facet normal 0.610667 -0.791887 0
    outer loop
      vertex -37.0751 11.6204 2
      vertex -37.0231 11.6605 2.7
      vertex -37.0751 11.6204 2.7
    endloop
  endfacet
  facet normal 0.610667 -0.791887 0
    outer loop
      vertex -37.0231 11.6605 2.7
      vertex -37.0751 11.6204 2
      vertex -37.0231 11.6605 2
    endloop
  endfacet
  facet normal 0.539444 -0.842022 0
    outer loop
      vertex -37.0231 11.6605 2
      vertex -36.968 11.6958 2.7
      vertex -37.0231 11.6605 2.7
    endloop
  endfacet
  facet normal 0.539444 -0.842022 0
    outer loop
      vertex -36.968 11.6958 2.7
      vertex -37.0231 11.6605 2
      vertex -36.968 11.6958 2
    endloop
  endfacet
  facet normal 0.46537 -0.885116 0
    outer loop
      vertex -36.968 11.6958 2
      vertex -36.9098 11.7264 2.7
      vertex -36.968 11.6958 2.7
    endloop
  endfacet
  facet normal 0.46537 -0.885116 0
    outer loop
      vertex -36.9098 11.7264 2.7
      vertex -36.968 11.6958 2
      vertex -36.9098 11.7264 2
    endloop
  endfacet
  facet normal 0.389738 -0.920926 0
    outer loop
      vertex -36.9098 11.7264 2
      vertex -36.8486 11.7523 2.7
      vertex -36.9098 11.7264 2.7
    endloop
  endfacet
  facet normal 0.389738 -0.920926 0
    outer loop
      vertex -36.8486 11.7523 2.7
      vertex -36.9098 11.7264 2
      vertex -36.8486 11.7523 2
    endloop
  endfacet
  facet normal 0.313564 -0.949567 0
    outer loop
      vertex -36.8486 11.7523 2
      vertex -36.7844 11.7735 2.7
      vertex -36.8486 11.7523 2.7
    endloop
  endfacet
  facet normal 0.313564 -0.949567 0
    outer loop
      vertex -36.7844 11.7735 2.7
      vertex -36.8486 11.7523 2
      vertex -36.7844 11.7735 2
    endloop
  endfacet
  facet normal 0.238119 -0.971236 0
    outer loop
      vertex -36.7844 11.7735 2
      vertex -36.7171 11.79 2.7
      vertex -36.7844 11.7735 2.7
    endloop
  endfacet
  facet normal 0.238119 -0.971236 0
    outer loop
      vertex -36.7171 11.79 2.7
      vertex -36.7844 11.7735 2
      vertex -36.7171 11.79 2
    endloop
  endfacet
  facet normal 0.165308 -0.986242 0
    outer loop
      vertex -36.7171 11.79 2
      vertex -36.6467 11.8018 2.7
      vertex -36.7171 11.79 2.7
    endloop
  endfacet
  facet normal 0.165308 -0.986242 0
    outer loop
      vertex -36.6467 11.8018 2.7
      vertex -36.7171 11.79 2
      vertex -36.6467 11.8018 2
    endloop
  endfacet
  facet normal 0.0949371 -0.995483 0
    outer loop
      vertex -36.6467 11.8018 2
      vertex -36.5733 11.8088 2.7
      vertex -36.6467 11.8018 2.7
    endloop
  endfacet
  facet normal 0.0949371 -0.995483 0
    outer loop
      vertex -36.5733 11.8088 2.7
      vertex -36.6467 11.8018 2
      vertex -36.5733 11.8088 2
    endloop
  endfacet
  facet normal 0.0313571 -0.999508 0
    outer loop
      vertex -36.5733 11.8088 2
      vertex -36.4968 11.8112 2.7
      vertex -36.5733 11.8088 2.7
    endloop
  endfacet
  facet normal 0.0313571 -0.999508 0
    outer loop
      vertex -36.4968 11.8112 2.7
      vertex -36.5733 11.8088 2
      vertex -36.4968 11.8112 2
    endloop
  endfacet
  facet normal -0.0299865 -0.99955 0
    outer loop
      vertex -36.4968 11.8112 2
      vertex -36.4168 11.8088 2.7
      vertex -36.4968 11.8112 2.7
    endloop
  endfacet
  facet normal -0.0299865 -0.99955 -0
    outer loop
      vertex -36.4168 11.8088 2.7
      vertex -36.4968 11.8112 2
      vertex -36.4168 11.8088 2
    endloop
  endfacet
  facet normal -0.0954881 -0.995431 0
    outer loop
      vertex -36.4168 11.8088 2
      vertex -36.3407 11.8015 2.7
      vertex -36.4168 11.8088 2.7
    endloop
  endfacet
  facet normal -0.0954881 -0.995431 -0
    outer loop
      vertex -36.3407 11.8015 2.7
      vertex -36.4168 11.8088 2
      vertex -36.3407 11.8015 2
    endloop
  endfacet
  facet normal -0.164399 -0.986394 0
    outer loop
      vertex -36.3407 11.8015 2
      vertex -36.2687 11.7895 2.7
      vertex -36.3407 11.8015 2.7
    endloop
  endfacet
  facet normal -0.164399 -0.986394 -0
    outer loop
      vertex -36.2687 11.7895 2.7
      vertex -36.3407 11.8015 2
      vertex -36.2687 11.7895 2
    endloop
  endfacet
  facet normal -0.240859 -0.97056 0
    outer loop
      vertex -36.2687 11.7895 2
      vertex -36.2006 11.7726 2.7
      vertex -36.2687 11.7895 2.7
    endloop
  endfacet
  facet normal -0.240859 -0.97056 -0
    outer loop
      vertex -36.2006 11.7726 2.7
      vertex -36.2687 11.7895 2
      vertex -36.2006 11.7726 2
    endloop
  endfacet
  facet normal -0.320657 -0.947195 0
    outer loop
      vertex -36.2006 11.7726 2
      vertex -36.1365 11.7509 2.7
      vertex -36.2006 11.7726 2.7
    endloop
  endfacet
  facet normal -0.320657 -0.947195 -0
    outer loop
      vertex -36.1365 11.7509 2.7
      vertex -36.2006 11.7726 2
      vertex -36.1365 11.7509 2
    endloop
  endfacet
  facet normal -0.403453 -0.915 0
    outer loop
      vertex -36.1365 11.7509 2
      vertex -36.0764 11.7244 2.7
      vertex -36.1365 11.7509 2.7
    endloop
  endfacet
  facet normal -0.403453 -0.915 -0
    outer loop
      vertex -36.0764 11.7244 2.7
      vertex -36.1365 11.7509 2
      vertex -36.0764 11.7244 2
    endloop
  endfacet
  facet normal -0.488414 -0.872612 0
    outer loop
      vertex -36.0764 11.7244 2
      vertex -36.0203 11.693 2.7
      vertex -36.0764 11.7244 2.7
    endloop
  endfacet
  facet normal -0.488414 -0.872612 -0
    outer loop
      vertex -36.0203 11.693 2.7
      vertex -36.0764 11.7244 2
      vertex -36.0203 11.693 2
    endloop
  endfacet
  facet normal -0.569538 -0.821965 0
    outer loop
      vertex -36.0203 11.693 2
      vertex -35.9682 11.6569 2.7
      vertex -36.0203 11.693 2.7
    endloop
  endfacet
  facet normal -0.569538 -0.821965 -0
    outer loop
      vertex -35.9682 11.6569 2.7
      vertex -36.0203 11.693 2
      vertex -35.9682 11.6569 2
    endloop
  endfacet
  facet normal -0.648704 -0.761041 0
    outer loop
      vertex -35.9682 11.6569 2
      vertex -35.9201 11.6159 2.7
      vertex -35.9682 11.6569 2.7
    endloop
  endfacet
  facet normal -0.648704 -0.761041 -0
    outer loop
      vertex -35.9201 11.6159 2.7
      vertex -35.9682 11.6569 2
      vertex -35.9201 11.6159 2
    endloop
  endfacet
  facet normal -0.722054 -0.691836 0
    outer loop
      vertex -35.8766 11.5705 2
      vertex -35.9201 11.6159 2.7
      vertex -35.9201 11.6159 2
    endloop
  endfacet
  facet normal -0.722054 -0.691836 0
    outer loop
      vertex -35.9201 11.6159 2.7
      vertex -35.8766 11.5705 2
      vertex -35.8766 11.5705 2.7
    endloop
  endfacet
  facet normal -0.788146 -0.615489 0
    outer loop
      vertex -35.8381 11.5212 2
      vertex -35.8766 11.5705 2.7
      vertex -35.8766 11.5705 2
    endloop
  endfacet
  facet normal -0.788146 -0.615489 0
    outer loop
      vertex -35.8766 11.5705 2.7
      vertex -35.8381 11.5212 2
      vertex -35.8381 11.5212 2.7
    endloop
  endfacet
  facet normal -0.84764 -0.530572 0
    outer loop
      vertex -35.8048 11.468 2
      vertex -35.8381 11.5212 2.7
      vertex -35.8381 11.5212 2
    endloop
  endfacet
  facet normal -0.84764 -0.530572 0
    outer loop
      vertex -35.8381 11.5212 2.7
      vertex -35.8048 11.468 2
      vertex -35.8048 11.468 2.7
    endloop
  endfacet
  facet normal -0.896615 -0.442811 0
    outer loop
      vertex -35.7766 11.4109 2
      vertex -35.8048 11.468 2.7
      vertex -35.8048 11.468 2
    endloop
  endfacet
  facet normal -0.896615 -0.442811 0
    outer loop
      vertex -35.8048 11.468 2.7
      vertex -35.7766 11.4109 2
      vertex -35.7766 11.4109 2.7
    endloop
  endfacet
  facet normal -0.935697 -0.352804 0
    outer loop
      vertex -35.7536 11.3499 2
      vertex -35.7766 11.4109 2.7
      vertex -35.7766 11.4109 2
    endloop
  endfacet
  facet normal -0.935697 -0.352804 0
    outer loop
      vertex -35.7766 11.4109 2.7
      vertex -35.7536 11.3499 2
      vertex -35.7536 11.3499 2.7
    endloop
  endfacet
  facet normal -0.96373 -0.266879 0
    outer loop
      vertex -35.7356 11.2849 2
      vertex -35.7536 11.3499 2.7
      vertex -35.7536 11.3499 2
    endloop
  endfacet
  facet normal -0.96373 -0.266879 0
    outer loop
      vertex -35.7536 11.3499 2.7
      vertex -35.7356 11.2849 2
      vertex -35.7356 11.2849 2.7
    endloop
  endfacet
  facet normal -0.98313 -0.182908 0
    outer loop
      vertex -35.7228 11.2161 2
      vertex -35.7356 11.2849 2.7
      vertex -35.7356 11.2849 2
    endloop
  endfacet
  facet normal -0.98313 -0.182908 0
    outer loop
      vertex -35.7356 11.2849 2.7
      vertex -35.7228 11.2161 2
      vertex -35.7228 11.2161 2.7
    endloop
  endfacet
  facet normal -0.994453 -0.105183 0
    outer loop
      vertex -35.7151 11.1433 2
      vertex -35.7228 11.2161 2.7
      vertex -35.7228 11.2161 2
    endloop
  endfacet
  facet normal -0.994453 -0.105183 0
    outer loop
      vertex -35.7228 11.2161 2.7
      vertex -35.7151 11.1433 2
      vertex -35.7151 11.1433 2.7
    endloop
  endfacet
  facet normal -0.999469 -0.0325772 0
    outer loop
      vertex -35.7126 11.0666 2
      vertex -35.7151 11.1433 2.7
      vertex -35.7151 11.1433 2
    endloop
  endfacet
  facet normal -0.999469 -0.0325772 0
    outer loop
      vertex -35.7151 11.1433 2.7
      vertex -35.7126 11.0666 2
      vertex -35.7126 11.0666 2.7
    endloop
  endfacet
  facet normal -0.999662 0.0259878 0
    outer loop
      vertex -35.7141 11.0089 2
      vertex -35.7126 11.0666 2.7
      vertex -35.7126 11.0666 2
    endloop
  endfacet
  facet normal -0.999662 0.0259878 0
    outer loop
      vertex -35.7126 11.0666 2.7
      vertex -35.7141 11.0089 2
      vertex -35.7141 11.0089 2.7
    endloop
  endfacet
  facet normal -0.996949 0.078053 0
    outer loop
      vertex -35.7185 10.9527 2
      vertex -35.7141 11.0089 2.7
      vertex -35.7141 11.0089 2
    endloop
  endfacet
  facet normal -0.996949 0.078053 0
    outer loop
      vertex -35.7141 11.0089 2.7
      vertex -35.7185 10.9527 2
      vertex -35.7185 10.9527 2.7
    endloop
  endfacet
  facet normal -0.99083 0.135113 0
    outer loop
      vertex -35.726 10.8977 2
      vertex -35.7185 10.9527 2.7
      vertex -35.7185 10.9527 2
    endloop
  endfacet
  facet normal -0.99083 0.135113 0
    outer loop
      vertex -35.7185 10.9527 2.7
      vertex -35.726 10.8977 2
      vertex -35.726 10.8977 2.7
    endloop
  endfacet
  facet normal -0.981625 0.190821 0
    outer loop
      vertex -35.7364 10.8442 2
      vertex -35.726 10.8977 2.7
      vertex -35.726 10.8977 2
    endloop
  endfacet
  facet normal -0.981625 0.190821 0
    outer loop
      vertex -35.726 10.8977 2.7
      vertex -35.7364 10.8442 2
      vertex -35.7364 10.8442 2.7
    endloop
  endfacet
  facet normal -0.96871 0.248197 0
    outer loop
      vertex -35.7498 10.7919 2
      vertex -35.7364 10.8442 2.7
      vertex -35.7364 10.8442 2
    endloop
  endfacet
  facet normal -0.96871 0.248197 0
    outer loop
      vertex -35.7364 10.8442 2.7
      vertex -35.7498 10.7919 2
      vertex -35.7498 10.7919 2.7
    endloop
  endfacet
  facet normal -0.951638 0.307222 0
    outer loop
      vertex -35.7662 10.7411 2
      vertex -35.7498 10.7919 2.7
      vertex -35.7498 10.7919 2
    endloop
  endfacet
  facet normal -0.951638 0.307222 0
    outer loop
      vertex -35.7498 10.7919 2.7
      vertex -35.7662 10.7411 2
      vertex -35.7662 10.7411 2.7
    endloop
  endfacet
  facet normal -0.931686 0.363264 0
    outer loop
      vertex -35.7855 10.6916 2
      vertex -35.7662 10.7411 2.7
      vertex -35.7662 10.7411 2
    endloop
  endfacet
  facet normal -0.931686 0.363264 0
    outer loop
      vertex -35.7662 10.7411 2.7
      vertex -35.7855 10.6916 2
      vertex -35.7855 10.6916 2.7
    endloop
  endfacet
  facet normal -0.907573 0.419894 0
    outer loop
      vertex -35.8078 10.6434 2
      vertex -35.7855 10.6916 2.7
      vertex -35.7855 10.6916 2
    endloop
  endfacet
  facet normal -0.907573 0.419894 0
    outer loop
      vertex -35.7855 10.6916 2.7
      vertex -35.8078 10.6434 2
      vertex -35.8078 10.6434 2.7
    endloop
  endfacet
  facet normal -0.879685 0.475556 0
    outer loop
      vertex -35.8331 10.5966 2
      vertex -35.8078 10.6434 2.7
      vertex -35.8078 10.6434 2
    endloop
  endfacet
  facet normal -0.879685 0.475556 0
    outer loop
      vertex -35.8078 10.6434 2.7
      vertex -35.8331 10.5966 2
      vertex -35.8331 10.5966 2.7
    endloop
  endfacet
  facet normal -0.856173 0.516689 0
    outer loop
      vertex -35.8608 10.5507 2
      vertex -35.8331 10.5966 2.7
      vertex -35.8331 10.5966 2
    endloop
  endfacet
  facet normal -0.856173 0.516689 0
    outer loop
      vertex -35.8331 10.5966 2.7
      vertex -35.8608 10.5507 2
      vertex -35.8608 10.5507 2.7
    endloop
  endfacet
  facet normal -0.837684 0.546155 0
    outer loop
      vertex -35.8904 10.5053 2
      vertex -35.8608 10.5507 2.7
      vertex -35.8608 10.5507 2
    endloop
  endfacet
  facet normal -0.837684 0.546155 0
    outer loop
      vertex -35.8608 10.5507 2.7
      vertex -35.8904 10.5053 2
      vertex -35.8904 10.5053 2.7
    endloop
  endfacet
  facet normal -0.820087 0.572239 0
    outer loop
      vertex -35.9218 10.4603 2
      vertex -35.8904 10.5053 2.7
      vertex -35.8904 10.5053 2
    endloop
  endfacet
  facet normal -0.820087 0.572239 0
    outer loop
      vertex -35.8904 10.5053 2.7
      vertex -35.9218 10.4603 2
      vertex -35.9218 10.4603 2.7
    endloop
  endfacet
  facet normal -0.800647 0.599136 0
    outer loop
      vertex -35.9551 10.4158 2
      vertex -35.9218 10.4603 2.7
      vertex -35.9218 10.4603 2
    endloop
  endfacet
  facet normal -0.800647 0.599136 0
    outer loop
      vertex -35.9218 10.4603 2.7
      vertex -35.9551 10.4158 2
      vertex -35.9551 10.4158 2.7
    endloop
  endfacet
  facet normal -0.783289 0.621658 0
    outer loop
      vertex -35.9901 10.3717 2
      vertex -35.9551 10.4158 2.7
      vertex -35.9551 10.4158 2
    endloop
  endfacet
  facet normal -0.783289 0.621658 0
    outer loop
      vertex -35.9551 10.4158 2.7
      vertex -35.9901 10.3717 2
      vertex -35.9901 10.3717 2.7
    endloop
  endfacet
  facet normal -0.762457 0.647039 0
    outer loop
      vertex -36.0271 10.3281 2
      vertex -35.9901 10.3717 2.7
      vertex -35.9901 10.3717 2
    endloop
  endfacet
  facet normal -0.762457 0.647039 0
    outer loop
      vertex -35.9901 10.3717 2.7
      vertex -36.0271 10.3281 2
      vertex -36.0271 10.3281 2.7
    endloop
  endfacet
  facet normal -0.743979 0.668203 0
    outer loop
      vertex -36.0659 10.2849 2
      vertex -36.0271 10.3281 2.7
      vertex -36.0271 10.3281 2
    endloop
  endfacet
  facet normal -0.743979 0.668203 0
    outer loop
      vertex -36.0271 10.3281 2.7
      vertex -36.0659 10.2849 2
      vertex -36.0659 10.2849 2.7
    endloop
  endfacet
  facet normal -0.724703 0.689062 0
    outer loop
      vertex -36.1065 10.2422 2
      vertex -36.0659 10.2849 2.7
      vertex -36.0659 10.2849 2
    endloop
  endfacet
  facet normal -0.724703 0.689062 0
    outer loop
      vertex -36.0659 10.2849 2.7
      vertex -36.1065 10.2422 2
      vertex -36.1065 10.2422 2.7
    endloop
  endfacet
  facet normal -0.705437 0.708773 0
    outer loop
      vertex -36.1065 10.2422 2
      vertex -36.149 10.1999 2.7
      vertex -36.1065 10.2422 2.7
    endloop
  endfacet
  facet normal -0.705437 0.708773 0
    outer loop
      vertex -36.149 10.1999 2.7
      vertex -36.1065 10.2422 2
      vertex -36.149 10.1999 2
    endloop
  endfacet
  facet normal -0.690476 0.723356 0
    outer loop
      vertex -36.149 10.1999 2
      vertex -36.193 10.1579 2.7
      vertex -36.149 10.1999 2.7
    endloop
  endfacet
  facet normal -0.690476 0.723356 0
    outer loop
      vertex -36.193 10.1579 2.7
      vertex -36.149 10.1999 2
      vertex -36.193 10.1579 2
    endloop
  endfacet
  facet normal -0.682376 0.731001 0
    outer loop
      vertex -36.193 10.1579 2
      vertex -36.2381 10.1158 2.7
      vertex -36.193 10.1579 2.7
    endloop
  endfacet
  facet normal -0.682376 0.731001 0
    outer loop
      vertex -36.2381 10.1158 2.7
      vertex -36.193 10.1579 2
      vertex -36.2381 10.1158 2
    endloop
  endfacet
  facet normal -0.671876 0.740663 0
    outer loop
      vertex -36.2381 10.1158 2
      vertex -36.2844 10.0738 2.7
      vertex -36.2381 10.1158 2.7
    endloop
  endfacet
  facet normal -0.671876 0.740663 0
    outer loop
      vertex -36.2844 10.0738 2.7
      vertex -36.2381 10.1158 2
      vertex -36.2844 10.0738 2
    endloop
  endfacet
  facet normal -0.663287 0.748365 0
    outer loop
      vertex -36.2844 10.0738 2
      vertex -36.3319 10.0317 2.7
      vertex -36.2844 10.0738 2.7
    endloop
  endfacet
  facet normal -0.663287 0.748365 0
    outer loop
      vertex -36.3319 10.0317 2.7
      vertex -36.2844 10.0738 2
      vertex -36.3319 10.0317 2
    endloop
  endfacet
  facet normal -0.652915 0.757431 0
    outer loop
      vertex -36.3319 10.0317 2
      vertex -36.3806 9.98972 2.7
      vertex -36.3319 10.0317 2.7
    endloop
  endfacet
  facet normal -0.652915 0.757431 0
    outer loop
      vertex -36.3806 9.98972 2.7
      vertex -36.3319 10.0317 2
      vertex -36.3806 9.98972 2
    endloop
  endfacet
  facet normal -0.645061 0.764131 0
    outer loop
      vertex -36.3806 9.98972 2
      vertex -36.4304 9.94768 2.7
      vertex -36.3806 9.98972 2.7
    endloop
  endfacet
  facet normal -0.645061 0.764131 0
    outer loop
      vertex -36.4304 9.94768 2.7
      vertex -36.3806 9.98972 2
      vertex -36.4304 9.94768 2
    endloop
  endfacet
  facet normal -0.636068 0.771633 0
    outer loop
      vertex -36.4304 9.94768 2
      vertex -36.4814 9.90564 2.7
      vertex -36.4304 9.94768 2.7
    endloop
  endfacet
  facet normal -0.636068 0.771633 0
    outer loop
      vertex -36.4814 9.90564 2.7
      vertex -36.4304 9.94768 2
      vertex -36.4814 9.90564 2
    endloop
  endfacet
  facet normal -0.627239 0.778827 0
    outer loop
      vertex -36.4814 9.90564 2
      vertex -36.5336 9.8636 2.7
      vertex -36.4814 9.90564 2.7
    endloop
  endfacet
  facet normal -0.627239 0.778827 0
    outer loop
      vertex -36.5336 9.8636 2.7
      vertex -36.4814 9.90564 2
      vertex -36.5336 9.8636 2
    endloop
  endfacet
  facet normal -0.619291 0.785162 0
    outer loop
      vertex -36.5336 9.8636 2
      vertex -36.5869 9.82156 2.7
      vertex -36.5336 9.8636 2.7
    endloop
  endfacet
  facet normal -0.619291 0.785162 0
    outer loop
      vertex -36.5869 9.82156 2.7
      vertex -36.5336 9.8636 2
      vertex -36.5869 9.82156 2
    endloop
  endfacet
  facet normal -0.617834 0.786308 0
    outer loop
      vertex -36.5869 9.82156 2
      vertex -36.6409 9.77913 2.7
      vertex -36.5869 9.82156 2.7
    endloop
  endfacet
  facet normal -0.617834 0.786308 0
    outer loop
      vertex -36.6409 9.77913 2.7
      vertex -36.5869 9.82156 2
      vertex -36.6409 9.77913 2
    endloop
  endfacet
  facet normal -0.624959 0.780657 0
    outer loop
      vertex -36.6409 9.77913 2
      vertex -36.6949 9.7359 2.7
      vertex -36.6409 9.77913 2.7
    endloop
  endfacet
  facet normal -0.624959 0.780657 0
    outer loop
      vertex -36.6949 9.7359 2.7
      vertex -36.6409 9.77913 2
      vertex -36.6949 9.7359 2
    endloop
  endfacet
  facet normal -0.630442 0.776237 0
    outer loop
      vertex -36.6949 9.7359 2
      vertex -36.7491 9.69188 2.7
      vertex -36.6949 9.7359 2.7
    endloop
  endfacet
  facet normal -0.630442 0.776237 0
    outer loop
      vertex -36.7491 9.69188 2.7
      vertex -36.6949 9.7359 2
      vertex -36.7491 9.69188 2
    endloop
  endfacet
  facet normal -0.636573 0.771216 0
    outer loop
      vertex -36.7491 9.69188 2
      vertex -36.8034 9.64706 2.7
      vertex -36.7491 9.69188 2.7
    endloop
  endfacet
  facet normal -0.636573 0.771216 0
    outer loop
      vertex -36.8034 9.64706 2.7
      vertex -36.7491 9.69188 2
      vertex -36.8034 9.64706 2
    endloop
  endfacet
  facet normal -0.642399 0.766371 0
    outer loop
      vertex -36.8034 9.64706 2
      vertex -36.8578 9.60146 2.7
      vertex -36.8034 9.64706 2.7
    endloop
  endfacet
  facet normal -0.642399 0.766371 0
    outer loop
      vertex -36.8578 9.60146 2.7
      vertex -36.8034 9.64706 2
      vertex -36.8578 9.60146 2
    endloop
  endfacet
  facet normal -0.647648 0.761939 0
    outer loop
      vertex -36.8578 9.60146 2
      vertex -36.9124 9.55505 2.7
      vertex -36.8578 9.60146 2.7
    endloop
  endfacet
  facet normal -0.647648 0.761939 0
    outer loop
      vertex -36.9124 9.55505 2.7
      vertex -36.8578 9.60146 2
      vertex -36.9124 9.55505 2
    endloop
  endfacet
  facet normal -0.653822 0.756648 0
    outer loop
      vertex -36.9124 9.55505 2
      vertex -36.967 9.50787 2.7
      vertex -36.9124 9.55505 2.7
    endloop
  endfacet
  facet normal -0.653822 0.756648 0
    outer loop
      vertex -36.967 9.50787 2.7
      vertex -36.9124 9.55505 2
      vertex -36.967 9.50787 2
    endloop
  endfacet
  facet normal -0.658816 0.752304 0
    outer loop
      vertex -36.967 9.50787 2
      vertex -37.0218 9.45988 2.7
      vertex -36.967 9.50787 2.7
    endloop
  endfacet
  facet normal -0.658816 0.752304 0
    outer loop
      vertex -37.0218 9.45988 2.7
      vertex -36.967 9.50787 2
      vertex -37.0218 9.45988 2
    endloop
  endfacet
  facet normal -0.664059 0.74768 0
    outer loop
      vertex -37.0218 9.45988 2
      vertex -37.0767 9.41112 2.7
      vertex -37.0218 9.45988 2.7
    endloop
  endfacet
  facet normal -0.664059 0.74768 0
    outer loop
      vertex -37.0767 9.41112 2.7
      vertex -37.0218 9.45988 2
      vertex -37.0767 9.41112 2
    endloop
  endfacet
  facet normal -0.673958 0.73877 0
    outer loop
      vertex -37.0767 9.41112 2
      vertex -37.1313 9.36131 2.7
      vertex -37.0767 9.41112 2.7
    endloop
  endfacet
  facet normal -0.673958 0.73877 0
    outer loop
      vertex -37.1313 9.36131 2.7
      vertex -37.0767 9.41112 2
      vertex -37.1313 9.36131 2
    endloop
  endfacet
  facet normal -0.686521 0.72711 0
    outer loop
      vertex -37.1313 9.36131 2
      vertex -37.1854 9.31023 2.7
      vertex -37.1313 9.36131 2.7
    endloop
  endfacet
  facet normal -0.686521 0.72711 0
    outer loop
      vertex -37.1854 9.31023 2.7
      vertex -37.1313 9.36131 2
      vertex -37.1854 9.31023 2
    endloop
  endfacet
  facet normal -0.69952 0.714613 0
    outer loop
      vertex -37.1854 9.31023 2
      vertex -37.2389 9.25786 2.7
      vertex -37.1854 9.31023 2.7
    endloop
  endfacet
  facet normal -0.69952 0.714613 0
    outer loop
      vertex -37.2389 9.25786 2.7
      vertex -37.1854 9.31023 2
      vertex -37.2389 9.25786 2
    endloop
  endfacet
  facet normal -0.712001 0.702178 0
    outer loop
      vertex -37.2918 9.20422 2
      vertex -37.2389 9.25786 2.7
      vertex -37.2389 9.25786 2
    endloop
  endfacet
  facet normal -0.712001 0.702178 0
    outer loop
      vertex -37.2389 9.25786 2.7
      vertex -37.2918 9.20422 2
      vertex -37.2918 9.20422 2.7
    endloop
  endfacet
  facet normal -0.723574 0.690247 0
    outer loop
      vertex -37.3442 9.14929 2
      vertex -37.2918 9.20422 2.7
      vertex -37.2918 9.20422 2
    endloop
  endfacet
  facet normal -0.723574 0.690247 0
    outer loop
      vertex -37.2918 9.20422 2.7
      vertex -37.3442 9.14929 2
      vertex -37.3442 9.14929 2.7
    endloop
  endfacet
  facet normal -0.735365 0.677671 0
    outer loop
      vertex -37.396 9.09308 2
      vertex -37.3442 9.14929 2.7
      vertex -37.3442 9.14929 2
    endloop
  endfacet
  facet normal -0.735365 0.677671 0
    outer loop
      vertex -37.3442 9.14929 2.7
      vertex -37.396 9.09308 2
      vertex -37.396 9.09308 2.7
    endloop
  endfacet
  facet normal -0.746191 0.665732 0
    outer loop
      vertex -37.4473 9.03558 2
      vertex -37.396 9.09308 2.7
      vertex -37.396 9.09308 2
    endloop
  endfacet
  facet normal -0.746191 0.665732 0
    outer loop
      vertex -37.396 9.09308 2.7
      vertex -37.4473 9.03558 2
      vertex -37.4473 9.03558 2.7
    endloop
  endfacet
  facet normal -0.757179 0.653207 0
    outer loop
      vertex -37.498 8.97681 2
      vertex -37.4473 9.03558 2.7
      vertex -37.4473 9.03558 2
    endloop
  endfacet
  facet normal -0.757179 0.653207 0
    outer loop
      vertex -37.4473 9.03558 2.7
      vertex -37.498 8.97681 2
      vertex -37.498 8.97681 2.7
    endloop
  endfacet
  facet normal -0.767907 0.640562 0
    outer loop
      vertex -37.5481 8.91675 2
      vertex -37.498 8.97681 2.7
      vertex -37.498 8.97681 2
    endloop
  endfacet
  facet normal -0.767907 0.640562 0
    outer loop
      vertex -37.498 8.97681 2.7
      vertex -37.5481 8.91675 2
      vertex -37.5481 8.91675 2.7
    endloop
  endfacet
  facet normal -0.783191 0.621781 0
    outer loop
      vertex -37.5971 8.85503 2
      vertex -37.5481 8.91675 2.7
      vertex -37.5481 8.91675 2
    endloop
  endfacet
  facet normal -0.783191 0.621781 0
    outer loop
      vertex -37.5481 8.91675 2.7
      vertex -37.5971 8.85503 2
      vertex -37.5971 8.85503 2.7
    endloop
  endfacet
  facet normal -0.803401 0.595438 0
    outer loop
      vertex -37.6444 8.79121 2
      vertex -37.5971 8.85503 2.7
      vertex -37.5971 8.85503 2
    endloop
  endfacet
  facet normal -0.803401 0.595438 0
    outer loop
      vertex -37.5971 8.85503 2.7
      vertex -37.6444 8.79121 2
      vertex -37.6444 8.79121 2.7
    endloop
  endfacet
  facet normal -0.822125 0.569307 0
    outer loop
      vertex -37.69 8.72536 2
      vertex -37.6444 8.79121 2.7
      vertex -37.6444 8.79121 2
    endloop
  endfacet
  facet normal -0.822125 0.569307 0
    outer loop
      vertex -37.6444 8.79121 2.7
      vertex -37.69 8.72536 2
      vertex -37.69 8.72536 2.7
    endloop
  endfacet
  facet normal -0.839951 0.542662 0
    outer loop
      vertex -37.7339 8.65741 2
      vertex -37.69 8.72536 2.7
      vertex -37.69 8.72536 2
    endloop
  endfacet
  facet normal -0.839951 0.542662 0
    outer loop
      vertex -37.69 8.72536 2.7
      vertex -37.7339 8.65741 2
      vertex -37.7339 8.65741 2.7
    endloop
  endfacet
  facet normal -0.856477 0.516186 0
    outer loop
      vertex -37.7761 8.58739 2
      vertex -37.7339 8.65741 2.7
      vertex -37.7339 8.65741 2
    endloop
  endfacet
  facet normal -0.856477 0.516186 0
    outer loop
      vertex -37.7339 8.65741 2.7
      vertex -37.7761 8.58739 2
      vertex -37.7761 8.58739 2.7
    endloop
  endfacet
  facet normal -0.87132 0.490715 0
    outer loop
      vertex -37.8167 8.5153 2
      vertex -37.7761 8.58739 2.7
      vertex -37.7761 8.58739 2
    endloop
  endfacet
  facet normal -0.87132 0.490715 0
    outer loop
      vertex -37.7761 8.58739 2.7
      vertex -37.8167 8.5153 2
      vertex -37.8167 8.5153 2.7
    endloop
  endfacet
  facet normal -0.88603 0.463627 0
    outer loop
      vertex -37.8555 8.44115 2
      vertex -37.8167 8.5153 2.7
      vertex -37.8167 8.5153 2
    endloop
  endfacet
  facet normal -0.88603 0.463627 0
    outer loop
      vertex -37.8167 8.5153 2.7
      vertex -37.8555 8.44115 2
      vertex -37.8555 8.44115 2.7
    endloop
  endfacet
  facet normal -0.899187 0.437564 0
    outer loop
      vertex -37.8926 8.36491 2
      vertex -37.8555 8.44115 2.7
      vertex -37.8555 8.44115 2
    endloop
  endfacet
  facet normal -0.899187 0.437564 0
    outer loop
      vertex -37.8555 8.44115 2.7
      vertex -37.8926 8.36491 2
      vertex -37.8926 8.36491 2.7
    endloop
  endfacet
  facet normal -0.911202 0.411961 0
    outer loop
      vertex -37.928 8.28661 2
      vertex -37.8926 8.36491 2.7
      vertex -37.8926 8.36491 2
    endloop
  endfacet
  facet normal -0.911202 0.411961 0
    outer loop
      vertex -37.8926 8.36491 2.7
      vertex -37.928 8.28661 2
      vertex -37.928 8.28661 2.7
    endloop
  endfacet
  facet normal -1 0 0
    outer loop
      vertex -37.928 7.89906 2
      vertex -37.928 8.28661 2.7
      vertex -37.928 8.28661 2
    endloop
  endfacet
  facet normal -1 -0 0
    outer loop
      vertex -37.928 8.28661 2.7
      vertex -37.928 7.89906 2
      vertex -37.928 7.89906 2.7
    endloop
  endfacet
  facet normal 0 -1 0
    outer loop
      vertex -37.928 7.89906 2
      vertex -35.0809 7.89906 2.7
      vertex -37.928 7.89906 2.7
    endloop
  endfacet
  facet normal 0 -1 -0
    outer loop
      vertex -35.0809 7.89906 2.7
      vertex -37.928 7.89906 2
      vertex -35.0809 7.89906 2
    endloop
  endfacet
  facet normal 1 -0 0
    outer loop
      vertex -35.0809 7.89906 2.7
      vertex -35.0809 8.36595 2
      vertex -35.0809 8.36595 2.7
    endloop
  endfacet
  facet normal 1 0 0
    outer loop
      vertex -35.0809 8.36595 2
      vertex -35.0809 7.89906 2.7
      vertex -35.0809 7.89906 2
    endloop
  endfacet
  facet normal 0.0975701 -0.995229 0
    outer loop
      vertex -31.3091 7.84286 2
      vertex -31.1613 7.85735 2.7
      vertex -31.3091 7.84286 2.7
    endloop
  endfacet
  facet normal 0.0975701 -0.995229 0
    outer loop
      vertex -31.1613 7.85735 2.7
      vertex -31.3091 7.84286 2
      vertex -31.1613 7.85735 2
    endloop
  endfacet
  facet normal 0.169648 -0.985505 0
    outer loop
      vertex -31.1613 7.85735 2
      vertex -31.0213 7.88145 2.7
      vertex -31.1613 7.85735 2.7
    endloop
  endfacet
  facet normal 0.169648 -0.985505 0
    outer loop
      vertex -31.0213 7.88145 2.7
      vertex -31.1613 7.85735 2
      vertex -31.0213 7.88145 2
    endloop
  endfacet
  facet normal 0.247255 -0.968951 0
    outer loop
      vertex -31.0213 7.88145 2
      vertex -30.889 7.91521 2.7
      vertex -31.0213 7.88145 2.7
    endloop
  endfacet
  facet normal 0.247255 -0.968951 0
    outer loop
      vertex -30.889 7.91521 2.7
      vertex -31.0213 7.88145 2
      vertex -30.889 7.91521 2
    endloop
  endfacet
  facet normal 0.328865 -0.944377 0
    outer loop
      vertex -30.889 7.91521 2
      vertex -30.7644 7.9586 2.7
      vertex -30.889 7.91521 2.7
    endloop
  endfacet
  facet normal 0.328865 -0.944377 0
    outer loop
      vertex -30.7644 7.9586 2.7
      vertex -30.889 7.91521 2
      vertex -30.7644 7.9586 2
    endloop
  endfacet
  facet normal 0.41331 -0.91059 0
    outer loop
      vertex -30.7644 7.9586 2
      vertex -30.6475 8.01166 2.7
      vertex -30.7644 7.9586 2.7
    endloop
  endfacet
  facet normal 0.41331 -0.91059 0
    outer loop
      vertex -30.6475 8.01166 2.7
      vertex -30.7644 7.9586 2
      vertex -30.6475 8.01166 2
    endloop
  endfacet
  facet normal 0.497814 -0.867284 0
    outer loop
      vertex -30.6475 8.01166 2
      vertex -30.5383 8.07434 2.7
      vertex -30.6475 8.01166 2.7
    endloop
  endfacet
  facet normal 0.497814 -0.867284 0
    outer loop
      vertex -30.5383 8.07434 2.7
      vertex -30.6475 8.01166 2
      vertex -30.5383 8.07434 2
    endloop
  endfacet
  facet normal 0.580714 -0.814108 0
    outer loop
      vertex -30.5383 8.07434 2
      vertex -30.4369 8.14667 2.7
      vertex -30.5383 8.07434 2.7
    endloop
  endfacet
  facet normal 0.580714 -0.814108 0
    outer loop
      vertex -30.4369 8.14667 2.7
      vertex -30.5383 8.07434 2
      vertex -30.4369 8.14667 2
    endloop
  endfacet
  facet normal 0.65847 -0.752607 0
    outer loop
      vertex -30.4369 8.14667 2
      vertex -30.3432 8.22865 2.7
      vertex -30.4369 8.14667 2.7
    endloop
  endfacet
  facet normal 0.65847 -0.752607 0
    outer loop
      vertex -30.3432 8.22865 2.7
      vertex -30.4369 8.14667 2
      vertex -30.3432 8.22865 2
    endloop
  endfacet
  facet normal 0.728858 -0.684665 0
    outer loop
      vertex -30.3432 8.22865 2.7
      vertex -30.2583 8.31903 2
      vertex -30.2583 8.31903 2.7
    endloop
  endfacet
  facet normal 0.728858 -0.684665 0
    outer loop
      vertex -30.2583 8.31903 2
      vertex -30.3432 8.22865 2.7
      vertex -30.3432 8.22865 2
    endloop
  endfacet
  facet normal 0.793107 -0.609082 0
    outer loop
      vertex -30.2583 8.31903 2.7
      vertex -30.1834 8.41656 2
      vertex -30.1834 8.41656 2.7
    endloop
  endfacet
  facet normal 0.793107 -0.609082 0
    outer loop
      vertex -30.1834 8.41656 2
      vertex -30.2583 8.31903 2.7
      vertex -30.2583 8.31903 2
    endloop
  endfacet
  facet normal 0.849954 -0.526858 0
    outer loop
      vertex -30.1834 8.41656 2.7
      vertex -30.1185 8.52126 2
      vertex -30.1185 8.52126 2.7
    endloop
  endfacet
  facet normal 0.849954 -0.526858 0
    outer loop
      vertex -30.1185 8.52126 2
      vertex -30.1834 8.41656 2.7
      vertex -30.1834 8.41656 2
    endloop
  endfacet
  facet normal 0.897709 -0.440589 0
    outer loop
      vertex -30.1185 8.52126 2.7
      vertex -30.0636 8.63312 2
      vertex -30.0636 8.63312 2.7
    endloop
  endfacet
  facet normal 0.897709 -0.440589 0
    outer loop
      vertex -30.0636 8.63312 2
      vertex -30.1185 8.52126 2.7
      vertex -30.1185 8.52126 2
    endloop
  endfacet
  facet normal 0.935616 -0.353018 0
    outer loop
      vertex -30.0636 8.63312 2.7
      vertex -30.0187 8.75212 2
      vertex -30.0187 8.75212 2.7
    endloop
  endfacet
  facet normal 0.935616 -0.353018 0
    outer loop
      vertex -30.0187 8.75212 2
      vertex -30.0636 8.63312 2.7
      vertex -30.0636 8.63312 2
    endloop
  endfacet
  facet normal 0.963616 -0.267289 0
    outer loop
      vertex -30.0187 8.75212 2.7
      vertex -29.9837 8.8783 2
      vertex -29.9837 8.8783 2.7
    endloop
  endfacet
  facet normal 0.963616 -0.267289 0
    outer loop
      vertex -29.9837 8.8783 2
      vertex -30.0187 8.75212 2.7
      vertex -30.0187 8.75212 2
    endloop
  endfacet
  facet normal 0.983 -0.183607 0
    outer loop
      vertex -29.9837 8.8783 2.7
      vertex -29.9588 9.01161 2
      vertex -29.9588 9.01161 2.7
    endloop
  endfacet
  facet normal 0.983 -0.183607 0
    outer loop
      vertex -29.9588 9.01161 2
      vertex -29.9837 8.8783 2.7
      vertex -29.9837 8.8783 2
    endloop
  endfacet
  facet normal 0.994348 -0.106166 0
    outer loop
      vertex -29.9588 9.01161 2.7
      vertex -29.9438 9.1521 2
      vertex -29.9438 9.1521 2.7
    endloop
  endfacet
  facet normal 0.994348 -0.106166 0
    outer loop
      vertex -29.9438 9.1521 2
      vertex -29.9588 9.01161 2.7
      vertex -29.9588 9.01161 2
    endloop
  endfacet
  facet normal 0.999427 -0.0338468 0
    outer loop
      vertex -29.9438 9.1521 2.7
      vertex -29.9388 9.29974 2
      vertex -29.9388 9.29974 2.7
    endloop
  endfacet
  facet normal 0.999427 -0.0338468 0
    outer loop
      vertex -29.9388 9.29974 2
      vertex -29.9438 9.1521 2.7
      vertex -29.9438 9.1521 2
    endloop
  endfacet
  facet normal 0.999348 0.036097 0
    outer loop
      vertex -29.9388 9.29974 2.7
      vertex -29.9435 9.42986 2
      vertex -29.9435 9.42986 2.7
    endloop
  endfacet
  facet normal 0.999348 0.036097 0
    outer loop
      vertex -29.9435 9.42986 2
      vertex -29.9388 9.29974 2.7
      vertex -29.9388 9.29974 2
    endloop
  endfacet
  facet normal 0.99383 0.110913 0
    outer loop
      vertex -29.9435 9.42986 2.7
      vertex -29.9574 9.55441 2
      vertex -29.9574 9.55441 2.7
    endloop
  endfacet
  facet normal 0.99383 0.110913 0
    outer loop
      vertex -29.9574 9.55441 2
      vertex -29.9435 9.42986 2.7
      vertex -29.9435 9.42986 2
    endloop
  endfacet
  facet normal 0.98136 0.192181 0
    outer loop
      vertex -29.9574 9.55441 2.7
      vertex -29.9807 9.67339 2
      vertex -29.9807 9.67339 2.7
    endloop
  endfacet
  facet normal 0.98136 0.192181 0
    outer loop
      vertex -29.9807 9.67339 2
      vertex -29.9574 9.55441 2.7
      vertex -29.9574 9.55441 2
    endloop
  endfacet
  facet normal 0.961062 0.276333 0
    outer loop
      vertex -29.9807 9.67339 2.7
      vertex -30.0133 9.78677 2
      vertex -30.0133 9.78677 2.7
    endloop
  endfacet
  facet normal 0.961062 0.276333 0
    outer loop
      vertex -30.0133 9.78677 2
      vertex -29.9807 9.67339 2.7
      vertex -29.9807 9.67339 2
    endloop
  endfacet
  facet normal 0.932384 0.36147 0
    outer loop
      vertex -30.0133 9.78677 2.7
      vertex -30.0551 9.89459 2
      vertex -30.0551 9.89459 2.7
    endloop
  endfacet
  facet normal 0.932384 0.36147 0
    outer loop
      vertex -30.0551 9.89459 2
      vertex -30.0133 9.78677 2.7
      vertex -30.0133 9.78677 2
    endloop
  endfacet
  facet normal 0.894165 0.447738 0
    outer loop
      vertex -30.0551 9.89459 2.7
      vertex -30.1063 9.99684 2
      vertex -30.1063 9.99684 2.7
    endloop
  endfacet
  facet normal 0.894165 0.447738 0
    outer loop
      vertex -30.1063 9.99684 2
      vertex -30.0551 9.89459 2.7
      vertex -30.0551 9.89459 2
    endloop
  endfacet
  facet normal 0.847653 0.530551 0
    outer loop
      vertex -30.1063 9.99684 2.7
      vertex -30.1668 10.0935 2
      vertex -30.1668 10.0935 2.7
    endloop
  endfacet
  facet normal 0.847653 0.530551 0
    outer loop
      vertex -30.1668 10.0935 2
      vertex -30.1063 9.99684 2.7
      vertex -30.1063 9.99684 2
    endloop
  endfacet
  facet normal 0.793789 0.608194 0
    outer loop
      vertex -30.1668 10.0935 2.7
      vertex -30.2366 10.1846 2
      vertex -30.2366 10.1846 2.7
    endloop
  endfacet
  facet normal 0.793789 0.608194 0
    outer loop
      vertex -30.2366 10.1846 2
      vertex -30.1668 10.0935 2.7
      vertex -30.1668 10.0935 2
    endloop
  endfacet
  facet normal 0.734046 0.6791 0
    outer loop
      vertex -30.2366 10.1846 2.7
      vertex -30.3157 10.2701 2
      vertex -30.3157 10.2701 2.7
    endloop
  endfacet
  facet normal 0.734046 0.6791 0
    outer loop
      vertex -30.3157 10.2701 2
      vertex -30.2366 10.1846 2.7
      vertex -30.2366 10.1846 2
    endloop
  endfacet
  facet normal 0.668444 0.743762 -0
    outer loop
      vertex -30.3157 10.2701 2
      vertex -30.4026 10.3482 2.7
      vertex -30.3157 10.2701 2.7
    endloop
  endfacet
  facet normal 0.668444 0.743762 0
    outer loop
      vertex -30.4026 10.3482 2.7
      vertex -30.3157 10.2701 2
      vertex -30.4026 10.3482 2
    endloop
  endfacet
  facet normal 0.594609 0.804015 -0
    outer loop
      vertex -30.4026 10.3482 2
      vertex -30.4959 10.4172 2.7
      vertex -30.4026 10.3482 2.7
    endloop
  endfacet
  facet normal 0.594609 0.804015 0
    outer loop
      vertex -30.4959 10.4172 2.7
      vertex -30.4026 10.3482 2
      vertex -30.4959 10.4172 2
    endloop
  endfacet
  facet normal 0.513736 0.857948 -0
    outer loop
      vertex -30.4959 10.4172 2
      vertex -30.5956 10.4769 2.7
      vertex -30.4959 10.4172 2.7
    endloop
  endfacet
  facet normal 0.513736 0.857948 0
    outer loop
      vertex -30.5956 10.4769 2.7
      vertex -30.4959 10.4172 2
      vertex -30.5956 10.4769 2
    endloop
  endfacet
  facet normal 0.430793 0.902451 -0
    outer loop
      vertex -30.5956 10.4769 2
      vertex -30.7016 10.5275 2.7
      vertex -30.5956 10.4769 2.7
    endloop
  endfacet
  facet normal 0.430793 0.902451 0
    outer loop
      vertex -30.7016 10.5275 2.7
      vertex -30.5956 10.4769 2
      vertex -30.7016 10.5275 2
    endloop
  endfacet
  facet normal 0.344893 0.938642 -0
    outer loop
      vertex -30.7016 10.5275 2
      vertex -30.814 10.5688 2.7
      vertex -30.7016 10.5275 2.7
    endloop
  endfacet
  facet normal 0.344893 0.938642 0
    outer loop
      vertex -30.814 10.5688 2.7
      vertex -30.7016 10.5275 2
      vertex -30.814 10.5688 2
    endloop
  endfacet
  facet normal 0.261605 0.965175 -0
    outer loop
      vertex -30.814 10.5688 2
      vertex -30.9328 10.601 2.7
      vertex -30.814 10.5688 2.7
    endloop
  endfacet
  facet normal 0.261605 0.965175 0
    outer loop
      vertex -30.9328 10.601 2.7
      vertex -30.814 10.5688 2
      vertex -30.9328 10.601 2
    endloop
  endfacet
  facet normal 0.180822 0.983516 -0
    outer loop
      vertex -30.9328 10.601 2
      vertex -31.0579 10.624 2.7
      vertex -30.9328 10.601 2.7
    endloop
  endfacet
  facet normal 0.180822 0.983516 0
    outer loop
      vertex -31.0579 10.624 2.7
      vertex -30.9328 10.601 2
      vertex -31.0579 10.624 2
    endloop
  endfacet
  facet normal 0.10437 0.994539 -0
    outer loop
      vertex -31.0579 10.624 2
      vertex -31.1894 10.6378 2.7
      vertex -31.0579 10.624 2.7
    endloop
  endfacet
  facet normal 0.10437 0.994539 0
    outer loop
      vertex -31.1894 10.6378 2.7
      vertex -31.0579 10.624 2
      vertex -31.1894 10.6378 2
    endloop
  endfacet
  facet normal 0.033339 0.999444 -0
    outer loop
      vertex -31.1894 10.6378 2
      vertex -31.3273 10.6424 2.7
      vertex -31.1894 10.6378 2.7
    endloop
  endfacet
  facet normal 0.033339 0.999444 0
    outer loop
      vertex -31.3273 10.6424 2.7
      vertex -31.1894 10.6378 2
      vertex -31.3273 10.6424 2
    endloop
  endfacet
  facet normal -0.0293483 0.999569 0
    outer loop
      vertex -31.3273 10.6424 2
      vertex -31.4431 10.639 2.7
      vertex -31.3273 10.6424 2.7
    endloop
  endfacet
  facet normal -0.0293483 0.999569 0
    outer loop
      vertex -31.4431 10.639 2.7
      vertex -31.3273 10.6424 2
      vertex -31.4431 10.639 2
    endloop
  endfacet
  facet normal -0.0910185 0.995849 0
    outer loop
      vertex -31.4431 10.639 2
      vertex -31.5547 10.6288 2.7
      vertex -31.4431 10.639 2.7
    endloop
  endfacet
  facet normal -0.0910185 0.995849 0
    outer loop
      vertex -31.5547 10.6288 2.7
      vertex -31.4431 10.639 2
      vertex -31.5547 10.6288 2
    endloop
  endfacet
  facet normal -0.155726 0.9878 0
    outer loop
      vertex -31.5547 10.6288 2
      vertex -31.6619 10.6119 2.7
      vertex -31.5547 10.6288 2.7
    endloop
  endfacet
  facet normal -0.155726 0.9878 0
    outer loop
      vertex -31.6619 10.6119 2.7
      vertex -31.5547 10.6288 2
      vertex -31.6619 10.6119 2
    endloop
  endfacet
  facet normal -0.225136 0.974327 0
    outer loop
      vertex -31.6619 10.6119 2
      vertex -31.7649 10.5881 2.7
      vertex -31.6619 10.6119 2.7
    endloop
  endfacet
  facet normal -0.225136 0.974327 0
    outer loop
      vertex -31.7649 10.5881 2.7
      vertex -31.6619 10.6119 2
      vertex -31.7649 10.5881 2
    endloop
  endfacet
  facet normal -0.295242 0.955423 0
    outer loop
      vertex -31.7649 10.5881 2
      vertex -31.8636 10.5576 2.7
      vertex -31.7649 10.5881 2.7
    endloop
  endfacet
  facet normal -0.295242 0.955423 0
    outer loop
      vertex -31.8636 10.5576 2.7
      vertex -31.7649 10.5881 2
      vertex -31.8636 10.5576 2
    endloop
  endfacet
  facet normal -0.367818 0.929898 0
    outer loop
      vertex -31.8636 10.5576 2
      vertex -31.9579 10.5203 2.7
      vertex -31.8636 10.5576 2.7
    endloop
  endfacet
  facet normal -0.367818 0.929898 0
    outer loop
      vertex -31.9579 10.5203 2.7
      vertex -31.8636 10.5576 2
      vertex -31.9579 10.5203 2
    endloop
  endfacet
  facet normal -0.438817 0.898577 0
    outer loop
      vertex -31.9579 10.5203 2
      vertex -32.048 10.4763 2.7
      vertex -31.9579 10.5203 2.7
    endloop
  endfacet
  facet normal -0.438817 0.898577 0
    outer loop
      vertex -32.048 10.4763 2.7
      vertex -31.9579 10.5203 2
      vertex -32.048 10.4763 2
    endloop
  endfacet
  facet normal -0.510214 0.860047 0
    outer loop
      vertex -32.048 10.4763 2
      vertex -32.1338 10.4254 2.7
      vertex -32.048 10.4763 2.7
    endloop
  endfacet
  facet normal -0.510214 0.860047 0
    outer loop
      vertex -32.1338 10.4254 2.7
      vertex -32.048 10.4763 2
      vertex -32.1338 10.4254 2
    endloop
  endfacet
  facet normal -0.577155 0.816634 0
    outer loop
      vertex -32.1338 10.4254 2
      vertex -32.2153 10.3678 2.7
      vertex -32.1338 10.4254 2.7
    endloop
  endfacet
  facet normal -0.577155 0.816634 0
    outer loop
      vertex -32.2153 10.3678 2.7
      vertex -32.1338 10.4254 2
      vertex -32.2153 10.3678 2
    endloop
  endfacet
  facet normal 0.99818 -0.0603006 0
    outer loop
      vertex -32.2153 10.3678 2.7
      vertex -32.1329 11.7318 2
      vertex -32.1329 11.7318 2.7
    endloop
  endfacet
  facet normal 0.99818 -0.0603006 0
    outer loop
      vertex -32.1329 11.7318 2
      vertex -32.2153 10.3678 2.7
      vertex -32.2153 10.3678 2
    endloop
  endfacet
  facet normal 0 -1 0
    outer loop
      vertex -32.1329 11.7318 2
      vertex -30.1891 11.7318 2.7
      vertex -32.1329 11.7318 2.7
    endloop
  endfacet
  facet normal 0 -1 -0
    outer loop
      vertex -30.1891 11.7318 2.7
      vertex -32.1329 11.7318 2
      vertex -30.1891 11.7318 2
    endloop
  endfacet
  facet normal 1 -0 0
    outer loop
      vertex -30.1891 11.7318 2.7
      vertex -30.1891 12.1987 2
      vertex -30.1891 12.1987 2.7
    endloop
  endfacet
  facet normal 1 0 0
    outer loop
      vertex -30.1891 12.1987 2
      vertex -30.1891 11.7318 2.7
      vertex -30.1891 11.7318 2
    endloop
  endfacet
  facet normal 0 1 -0
    outer loop
      vertex -30.1891 12.1987 2
      vertex -32.6334 12.1987 2.7
      vertex -30.1891 12.1987 2.7
    endloop
  endfacet
  facet normal 0 1 0
    outer loop
      vertex -32.6334 12.1987 2.7
      vertex -30.1891 12.1987 2
      vertex -32.6334 12.1987 2
    endloop
  endfacet
  facet normal -0.998084 0.061877 0
    outer loop
      vertex -32.7768 9.88564 2
      vertex -32.6334 12.1987 2.7
      vertex -32.6334 12.1987 2
    endloop
  endfacet
  facet normal -0.998084 0.061877 0
    outer loop
      vertex -32.6334 12.1987 2.7
      vertex -32.7768 9.88564 2
      vertex -32.7768 9.88564 2.7
    endloop
  endfacet
  facet normal 0 -1 0
    outer loop
      vertex -32.7768 9.88564 2
      vertex -32.2397 9.88564 2.7
      vertex -32.7768 9.88564 2.7
    endloop
  endfacet
  facet normal 0 -1 -0
    outer loop
      vertex -32.2397 9.88564 2.7
      vertex -32.7768 9.88564 2
      vertex -32.2397 9.88564 2
    endloop
  endfacet
  facet normal 0.645622 -0.763658 0
    outer loop
      vertex -32.2397 9.88564 2
      vertex -32.197 9.92174 2.7
      vertex -32.2397 9.88564 2.7
    endloop
  endfacet
  facet normal 0.645622 -0.763658 0
    outer loop
      vertex -32.197 9.92174 2.7
      vertex -32.2397 9.88564 2
      vertex -32.197 9.92174 2
    endloop
  endfacet
  facet normal 0.619185 -0.785245 0
    outer loop
      vertex -32.197 9.92174 2
      vertex -32.1543 9.95541 2.7
      vertex -32.197 9.92174 2.7
    endloop
  endfacet
  facet normal 0.619185 -0.785245 0
    outer loop
      vertex -32.1543 9.95541 2.7
      vertex -32.197 9.92174 2
      vertex -32.1543 9.95541 2
    endloop
  endfacet
  facet normal 0.589931 -0.807453 0
    outer loop
      vertex -32.1543 9.95541 2
      vertex -32.1115 9.98668 2.7
      vertex -32.1543 9.95541 2.7
    endloop
  endfacet
  facet normal 0.589931 -0.807453 0
    outer loop
      vertex -32.1115 9.98668 2.7
      vertex -32.1543 9.95541 2
      vertex -32.1115 9.98668 2
    endloop
  endfacet
  facet normal 0.55944 -0.828871 0
    outer loop
      vertex -32.1115 9.98668 2
      vertex -32.0688 10.0155 2.7
      vertex -32.1115 9.98668 2.7
    endloop
  endfacet
  facet normal 0.55944 -0.828871 0
    outer loop
      vertex -32.0688 10.0155 2.7
      vertex -32.1115 9.98668 2
      vertex -32.0688 10.0155 2
    endloop
  endfacet
  facet normal 0.527313 -0.849671 0
    outer loop
      vertex -32.0688 10.0155 2
      vertex -32.0261 10.042 2.7
      vertex -32.0688 10.0155 2.7
    endloop
  endfacet
  facet normal 0.527313 -0.849671 0
    outer loop
      vertex -32.0261 10.042 2.7
      vertex -32.0688 10.0155 2
      vertex -32.0261 10.042 2
    endloop
  endfacet
  facet normal 0.48997 -0.871739 0
    outer loop
      vertex -32.0261 10.042 2
      vertex -31.9834 10.066 2.7
      vertex -32.0261 10.042 2.7
    endloop
  endfacet
  facet normal 0.48997 -0.871739 0
    outer loop
      vertex -31.9834 10.066 2.7
      vertex -32.0261 10.042 2
      vertex -31.9834 10.066 2
    endloop
  endfacet
  facet normal 0.451388 -0.892328 0
    outer loop
      vertex -31.9834 10.066 2
      vertex -31.9407 10.0876 2.7
      vertex -31.9834 10.066 2.7
    endloop
  endfacet
  facet normal 0.451388 -0.892328 0
    outer loop
      vertex -31.9407 10.0876 2.7
      vertex -31.9834 10.066 2
      vertex -31.9407 10.0876 2
    endloop
  endfacet
  facet normal 0.409301 -0.9124 0
    outer loop
      vertex -31.9407 10.0876 2
      vertex -31.8979 10.1068 2.7
      vertex -31.9407 10.0876 2.7
    endloop
  endfacet
  facet normal 0.409301 -0.9124 0
    outer loop
      vertex -31.8979 10.1068 2.7
      vertex -31.9407 10.0876 2
      vertex -31.8979 10.1068 2
    endloop
  endfacet
  facet normal 0.366124 -0.930566 0
    outer loop
      vertex -31.8979 10.1068 2
      vertex -31.8552 10.1236 2.7
      vertex -31.8979 10.1068 2.7
    endloop
  endfacet
  facet normal 0.366124 -0.930566 0
    outer loop
      vertex -31.8552 10.1236 2.7
      vertex -31.8979 10.1068 2
      vertex -31.8552 10.1236 2
    endloop
  endfacet
  facet normal 0.324773 -0.945792 0
    outer loop
      vertex -31.8552 10.1236 2
      vertex -31.8121 10.1384 2.7
      vertex -31.8552 10.1236 2.7
    endloop
  endfacet
  facet normal 0.324773 -0.945792 0
    outer loop
      vertex -31.8121 10.1384 2.7
      vertex -31.8552 10.1236 2
      vertex -31.8121 10.1384 2
    endloop
  endfacet
  facet normal 0.284535 -0.958666 0
    outer loop
      vertex -31.8121 10.1384 2
      vertex -31.7683 10.1514 2.7
      vertex -31.8121 10.1384 2.7
    endloop
  endfacet
  facet normal 0.284535 -0.958666 0
    outer loop
      vertex -31.7683 10.1514 2.7
      vertex -31.8121 10.1384 2
      vertex -31.7683 10.1514 2
    endloop
  endfacet
  facet normal 0.243046 -0.970015 0
    outer loop
      vertex -31.7683 10.1514 2
      vertex -31.7236 10.1626 2.7
      vertex -31.7683 10.1514 2.7
    endloop
  endfacet
  facet normal 0.243046 -0.970015 0
    outer loop
      vertex -31.7236 10.1626 2.7
      vertex -31.7683 10.1514 2
      vertex -31.7236 10.1626 2
    endloop
  endfacet
  facet normal 0.207316 -0.978274 0
    outer loop
      vertex -31.7236 10.1626 2
      vertex -31.6783 10.1722 2.7
      vertex -31.7236 10.1626 2.7
    endloop
  endfacet
  facet normal 0.207316 -0.978274 0
    outer loop
      vertex -31.6783 10.1722 2.7
      vertex -31.7236 10.1626 2
      vertex -31.6783 10.1722 2
    endloop
  endfacet
  facet normal 0.166826 -0.985986 0
    outer loop
      vertex -31.6783 10.1722 2
      vertex -31.6322 10.18 2.7
      vertex -31.6783 10.1722 2.7
    endloop
  endfacet
  facet normal 0.166826 -0.985986 0
    outer loop
      vertex -31.6322 10.18 2.7
      vertex -31.6783 10.1722 2
      vertex -31.6322 10.18 2
    endloop
  endfacet
  facet normal 0.126898 -0.991916 0
    outer loop
      vertex -31.6322 10.18 2
      vertex -31.5853 10.186 2.7
      vertex -31.6322 10.18 2.7
    endloop
  endfacet
  facet normal 0.126898 -0.991916 0
    outer loop
      vertex -31.5853 10.186 2.7
      vertex -31.6322 10.18 2
      vertex -31.5853 10.186 2
    endloop
  endfacet
  facet normal 0.0920446 -0.995755 0
    outer loop
      vertex -31.5853 10.186 2
      vertex -31.5377 10.1904 2.7
      vertex -31.5853 10.186 2.7
    endloop
  endfacet
  facet normal 0.0920446 -0.995755 0
    outer loop
      vertex -31.5377 10.1904 2.7
      vertex -31.5853 10.186 2
      vertex -31.5377 10.1904 2
    endloop
  endfacet
  facet normal 0.0536417 -0.99856 0
    outer loop
      vertex -31.5377 10.1904 2
      vertex -31.4893 10.193 2.7
      vertex -31.5377 10.1904 2.7
    endloop
  endfacet
  facet normal 0.0536417 -0.99856 0
    outer loop
      vertex -31.4893 10.193 2.7
      vertex -31.5377 10.1904 2
      vertex -31.4893 10.193 2
    endloop
  endfacet
  facet normal 0.0162911 -0.999867 0
    outer loop
      vertex -31.4893 10.193 2
      vertex -31.4402 10.1938 2.7
      vertex -31.4893 10.193 2.7
    endloop
  endfacet
  facet normal 0.0162911 -0.999867 0
    outer loop
      vertex -31.4402 10.1938 2.7
      vertex -31.4893 10.193 2
      vertex -31.4402 10.1938 2
    endloop
  endfacet
  facet normal -0.0333865 -0.999443 0
    outer loop
      vertex -31.4402 10.1938 2
      vertex -31.3474 10.1907 2.7
      vertex -31.4402 10.1938 2.7
    endloop
  endfacet
  facet normal -0.0333865 -0.999443 -0
    outer loop
      vertex -31.3474 10.1907 2.7
      vertex -31.4402 10.1938 2
      vertex -31.3474 10.1907 2
    endloop
  endfacet
  facet normal -0.103513 -0.994628 0
    outer loop
      vertex -31.3474 10.1907 2
      vertex -31.259 10.1815 2.7
      vertex -31.3474 10.1907 2.7
    endloop
  endfacet
  facet normal -0.103513 -0.994628 -0
    outer loop
      vertex -31.259 10.1815 2.7
      vertex -31.3474 10.1907 2
      vertex -31.259 10.1815 2
    endloop
  endfacet
  facet normal -0.181252 -0.983437 0
    outer loop
      vertex -31.259 10.1815 2
      vertex -31.1749 10.166 2.7
      vertex -31.259 10.1815 2.7
    endloop
  endfacet
  facet normal -0.181252 -0.983437 -0
    outer loop
      vertex -31.1749 10.166 2.7
      vertex -31.259 10.1815 2
      vertex -31.1749 10.166 2
    endloop
  endfacet
  facet normal -0.261275 -0.965265 0
    outer loop
      vertex -31.1749 10.166 2
      vertex -31.0951 10.1444 2.7
      vertex -31.1749 10.166 2.7
    endloop
  endfacet
  facet normal -0.261275 -0.965265 -0
    outer loop
      vertex -31.0951 10.1444 2.7
      vertex -31.1749 10.166 2
      vertex -31.0951 10.1444 2
    endloop
  endfacet
  facet normal -0.345936 -0.938258 0
    outer loop
      vertex -31.0951 10.1444 2
      vertex -31.0197 10.1166 2.7
      vertex -31.0951 10.1444 2.7
    endloop
  endfacet
  facet normal -0.345936 -0.938258 -0
    outer loop
      vertex -31.0197 10.1166 2.7
      vertex -31.0951 10.1444 2
      vertex -31.0197 10.1166 2
    endloop
  endfacet
  facet normal -0.430917 -0.902391 0
    outer loop
      vertex -31.0197 10.1166 2
      vertex -30.9485 10.0826 2.7
      vertex -31.0197 10.1166 2.7
    endloop
  endfacet
  facet normal -0.430917 -0.902391 -0
    outer loop
      vertex -30.9485 10.0826 2.7
      vertex -31.0197 10.1166 2
      vertex -30.9485 10.0826 2
    endloop
  endfacet
  facet normal -0.516194 -0.856472 0
    outer loop
      vertex -30.9485 10.0826 2
      vertex -30.8818 10.0424 2.7
      vertex -30.9485 10.0826 2.7
    endloop
  endfacet
  facet normal -0.516194 -0.856472 -0
    outer loop
      vertex -30.8818 10.0424 2.7
      vertex -30.9485 10.0826 2
      vertex -30.8818 10.0424 2
    endloop
  endfacet
  facet normal -0.595092 -0.803657 0
    outer loop
      vertex -30.8818 10.0424 2
      vertex -30.8193 9.99612 2.7
      vertex -30.8818 10.0424 2.7
    endloop
  endfacet
  facet normal -0.595092 -0.803657 -0
    outer loop
      vertex -30.8193 9.99612 2.7
      vertex -30.8818 10.0424 2
      vertex -30.8193 9.99612 2
    endloop
  endfacet
  facet normal -0.670586 -0.741832 0
    outer loop
      vertex -30.8193 9.99612 2
      vertex -30.7612 9.9436 2.7
      vertex -30.8193 9.99612 2.7
    endloop
  endfacet
  facet normal -0.670586 -0.741832 -0
    outer loop
      vertex -30.7612 9.9436 2.7
      vertex -30.8193 9.99612 2
      vertex -30.7612 9.9436 2
    endloop
  endfacet
  facet normal -0.736686 -0.676235 0
    outer loop
      vertex -30.7084 9.88608 2
      vertex -30.7612 9.9436 2.7
      vertex -30.7612 9.9436 2
    endloop
  endfacet
  facet normal -0.736686 -0.676235 0
    outer loop
      vertex -30.7612 9.9436 2.7
      vertex -30.7084 9.88608 2
      vertex -30.7084 9.88608 2.7
    endloop
  endfacet
  facet normal -0.79642 -0.604744 0
    outer loop
      vertex -30.6618 9.82471 2
      vertex -30.7084 9.88608 2.7
      vertex -30.7084 9.88608 2
    endloop
  endfacet
  facet normal -0.79642 -0.604744 0
    outer loop
      vertex -30.7084 9.88608 2.7
      vertex -30.6618 9.82471 2
      vertex -30.6618 9.82471 2.7
    endloop
  endfacet
  facet normal -0.850043 -0.526714 0
    outer loop
      vertex -30.6214 9.75951 2
      vertex -30.6618 9.82471 2.7
      vertex -30.6618 9.82471 2
    endloop
  endfacet
  facet normal -0.850043 -0.526714 0
    outer loop
      vertex -30.6618 9.82471 2.7
      vertex -30.6214 9.75951 2
      vertex -30.6214 9.75951 2.7
    endloop
  endfacet
  facet normal -0.896108 -0.443836 0
    outer loop
      vertex -30.5872 9.69046 2
      vertex -30.6214 9.75951 2.7
      vertex -30.6214 9.75951 2
    endloop
  endfacet
  facet normal -0.896108 -0.443836 0
    outer loop
      vertex -30.6214 9.75951 2.7
      vertex -30.5872 9.69046 2
      vertex -30.5872 9.69046 2.7
    endloop
  endfacet
  facet normal -0.933527 -0.358507 0
    outer loop
      vertex -30.5592 9.61755 2
      vertex -30.5872 9.69046 2.7
      vertex -30.5872 9.69046 2
    endloop
  endfacet
  facet normal -0.933527 -0.358507 0
    outer loop
      vertex -30.5872 9.69046 2.7
      vertex -30.5592 9.61755 2
      vertex -30.5592 9.61755 2.7
    endloop
  endfacet
  facet normal -0.96193 -0.273297 0
    outer loop
      vertex -30.5374 9.54082 2
      vertex -30.5592 9.61755 2.7
      vertex -30.5592 9.61755 2
    endloop
  endfacet
  facet normal -0.96193 -0.273297 0
    outer loop
      vertex -30.5592 9.61755 2.7
      vertex -30.5374 9.54082 2
      vertex -30.5374 9.54082 2.7
    endloop
  endfacet
  facet normal -0.981998 -0.188893 0
    outer loop
      vertex -30.5219 9.46024 2
      vertex -30.5374 9.54082 2.7
      vertex -30.5374 9.54082 2
    endloop
  endfacet
  facet normal -0.981998 -0.188893 0
    outer loop
      vertex -30.5374 9.54082 2.7
      vertex -30.5219 9.46024 2
      vertex -30.5219 9.46024 2.7
    endloop
  endfacet
  facet normal -0.993988 -0.109488 0
    outer loop
      vertex -30.5126 9.37581 2
      vertex -30.5219 9.46024 2.7
      vertex -30.5219 9.46024 2
    endloop
  endfacet
  facet normal -0.993988 -0.109488 0
    outer loop
      vertex -30.5219 9.46024 2.7
      vertex -30.5126 9.37581 2
      vertex -30.5126 9.37581 2.7
    endloop
  endfacet
  facet normal -0.999384 -0.0351019 0
    outer loop
      vertex -30.5095 9.28755 2
      vertex -30.5126 9.37581 2.7
      vertex -30.5126 9.37581 2
    endloop
  endfacet
  facet normal -0.999384 -0.0351019 0
    outer loop
      vertex -30.5126 9.37581 2.7
      vertex -30.5095 9.28755 2
      vertex -30.5095 9.28755 2.7
    endloop
  endfacet
  facet normal -0.999562 0.029602 0
    outer loop
      vertex -30.5125 9.18625 2
      vertex -30.5095 9.28755 2.7
      vertex -30.5095 9.28755 2
    endloop
  endfacet
  facet normal -0.999562 0.029602 0
    outer loop
      vertex -30.5095 9.28755 2.7
      vertex -30.5125 9.18625 2
      vertex -30.5125 9.18625 2.7
    endloop
  endfacet
  facet normal -0.995375 0.0960667 0
    outer loop
      vertex -30.5218 9.08989 2
      vertex -30.5125 9.18625 2.7
      vertex -30.5125 9.18625 2
    endloop
  endfacet
  facet normal -0.995375 0.0960667 0
    outer loop
      vertex -30.5125 9.18625 2.7
      vertex -30.5218 9.08989 2
      vertex -30.5218 9.08989 2.7
    endloop
  endfacet
  facet normal -0.98593 0.167162 0
    outer loop
      vertex -30.5373 8.99847 2
      vertex -30.5218 9.08989 2.7
      vertex -30.5218 9.08989 2
    endloop
  endfacet
  facet normal -0.98593 0.167162 0
    outer loop
      vertex -30.5218 9.08989 2.7
      vertex -30.5373 8.99847 2
      vertex -30.5373 8.99847 2.7
    endloop
  endfacet
  facet normal -0.970195 0.242324 0
    outer loop
      vertex -30.5589 8.91199 2
      vertex -30.5373 8.99847 2.7
      vertex -30.5373 8.99847 2
    endloop
  endfacet
  facet normal -0.970195 0.242324 0
    outer loop
      vertex -30.5373 8.99847 2.7
      vertex -30.5589 8.91199 2
      vertex -30.5589 8.91199 2.7
    endloop
  endfacet
  facet normal -0.946514 0.322662 0
    outer loop
      vertex -30.5867 8.83044 2
      vertex -30.5589 8.91199 2.7
      vertex -30.5589 8.91199 2
    endloop
  endfacet
  facet normal -0.946514 0.322662 0
    outer loop
      vertex -30.5589 8.91199 2.7
      vertex -30.5867 8.83044 2
      vertex -30.5867 8.83044 2.7
    endloop
  endfacet
  facet normal -0.914028 0.405651 0
    outer loop
      vertex -30.6207 8.75383 2
      vertex -30.5867 8.83044 2.7
      vertex -30.5867 8.83044 2
    endloop
  endfacet
  facet normal -0.914028 0.405651 0
    outer loop
      vertex -30.5867 8.83044 2.7
      vertex -30.6207 8.75383 2
      vertex -30.6207 8.75383 2.7
    endloop
  endfacet
  facet normal -0.872747 0.488173 0
    outer loop
      vertex -30.6608 8.68214 2
      vertex -30.6207 8.75383 2.7
      vertex -30.6207 8.75383 2
    endloop
  endfacet
  facet normal -0.872747 0.488173 0
    outer loop
      vertex -30.6207 8.75383 2.7
      vertex -30.6608 8.68214 2
      vertex -30.6608 8.68214 2.7
    endloop
  endfacet
  facet normal -0.821066 0.570834 0
    outer loop
      vertex -30.7072 8.6154 2
      vertex -30.6608 8.68214 2.7
      vertex -30.6608 8.68214 2
    endloop
  endfacet
  facet normal -0.821066 0.570834 0
    outer loop
      vertex -30.6608 8.68214 2.7
      vertex -30.7072 8.6154 2
      vertex -30.7072 8.6154 2.7
    endloop
  endfacet
  facet normal -0.762174 0.647373 0
    outer loop
      vertex -30.7597 8.55359 2
      vertex -30.7072 8.6154 2.7
      vertex -30.7072 8.6154 2
    endloop
  endfacet
  facet normal -0.762174 0.647373 0
    outer loop
      vertex -30.7072 8.6154 2.7
      vertex -30.7597 8.55359 2
      vertex -30.7597 8.55359 2.7
    endloop
  endfacet
  facet normal -0.694787 0.719216 0
    outer loop
      vertex -30.7597 8.55359 2
      vertex -30.8177 8.49756 2.7
      vertex -30.7597 8.55359 2.7
    endloop
  endfacet
  facet normal -0.694787 0.719216 0
    outer loop
      vertex -30.8177 8.49756 2.7
      vertex -30.7597 8.55359 2
      vertex -30.8177 8.49756 2
    endloop
  endfacet
  facet normal -0.619181 0.785248 0
    outer loop
      vertex -30.8177 8.49756 2
      vertex -30.8804 8.44812 2.7
      vertex -30.8177 8.49756 2.7
    endloop
  endfacet
  facet normal -0.619181 0.785248 0
    outer loop
      vertex -30.8804 8.44812 2.7
      vertex -30.8177 8.49756 2
      vertex -30.8804 8.44812 2
    endloop
  endfacet
  facet normal -0.535944 0.844253 0
    outer loop
      vertex -30.8804 8.44812 2
      vertex -30.9479 8.40527 2.7
      vertex -30.8804 8.44812 2.7
    endloop
  endfacet
  facet normal -0.535944 0.844253 0
    outer loop
      vertex -30.9479 8.40527 2.7
      vertex -30.8804 8.44812 2
      vertex -30.9479 8.40527 2
    endloop
  endfacet
  facet normal -0.448698 0.893683 0
    outer loop
      vertex -30.9479 8.40527 2
      vertex -31.0201 8.36902 2.7
      vertex -30.9479 8.40527 2.7
    endloop
  endfacet
  facet normal -0.448698 0.893683 0
    outer loop
      vertex -31.0201 8.36902 2.7
      vertex -30.9479 8.40527 2
      vertex -31.0201 8.36902 2
    endloop
  endfacet
  facet normal -0.35945 0.933164 0
    outer loop
      vertex -31.0201 8.36902 2
      vertex -31.0971 8.33936 2.7
      vertex -31.0201 8.36902 2.7
    endloop
  endfacet
  facet normal -0.35945 0.933164 0
    outer loop
      vertex -31.0971 8.33936 2.7
      vertex -31.0201 8.36902 2
      vertex -31.0971 8.33936 2
    endloop
  endfacet
  facet normal -0.271966 0.962307 0
    outer loop
      vertex -31.0971 8.33936 2
      vertex -31.1788 8.31627 2.7
      vertex -31.0971 8.33936 2.7
    endloop
  endfacet
  facet normal -0.271966 0.962307 0
    outer loop
      vertex -31.1788 8.31627 2.7
      vertex -31.0971 8.33936 2
      vertex -31.1788 8.31627 2
    endloop
  endfacet
  facet normal -0.187363 0.982291 0
    outer loop
      vertex -31.1788 8.31627 2
      vertex -31.2652 8.29979 2.7
      vertex -31.1788 8.31627 2.7
    endloop
  endfacet
  facet normal -0.187363 0.982291 0
    outer loop
      vertex -31.2652 8.29979 2.7
      vertex -31.1788 8.31627 2
      vertex -31.2652 8.29979 2
    endloop
  endfacet
  facet normal -0.107811 0.994171 0
    outer loop
      vertex -31.2652 8.29979 2
      vertex -31.3564 8.2899 2.7
      vertex -31.2652 8.29979 2.7
    endloop
  endfacet
  facet normal -0.107811 0.994171 0
    outer loop
      vertex -31.3564 8.2899 2.7
      vertex -31.2652 8.29979 2
      vertex -31.3564 8.2899 2
    endloop
  endfacet
  facet normal -0.0342507 0.999413 0
    outer loop
      vertex -31.3564 8.2899 2
      vertex -31.4524 8.28661 2.7
      vertex -31.3564 8.2899 2.7
    endloop
  endfacet
  facet normal -0.0342507 0.999413 0
    outer loop
      vertex -31.4524 8.28661 2.7
      vertex -31.3564 8.2899 2
      vertex -31.4524 8.28661 2
    endloop
  endfacet
  facet normal 0.0512697 0.998685 -0
    outer loop
      vertex -31.4524 8.28661 2
      vertex -31.6057 8.29448 2.7
      vertex -31.4524 8.28661 2.7
    endloop
  endfacet
  facet normal 0.0512697 0.998685 0
    outer loop
      vertex -31.6057 8.29448 2.7
      vertex -31.4524 8.28661 2
      vertex -31.6057 8.29448 2
    endloop
  endfacet
  facet normal 0.166595 0.986025 -0
    outer loop
      vertex -31.6057 8.29448 2
      vertex -31.7455 8.3181 2.7
      vertex -31.6057 8.29448 2.7
    endloop
  endfacet
  facet normal 0.166595 0.986025 0
    outer loop
      vertex -31.7455 8.3181 2.7
      vertex -31.6057 8.29448 2
      vertex -31.7455 8.3181 2
    endloop
  endfacet
  facet normal 0.297595 0.954692 -0
    outer loop
      vertex -31.7455 8.3181 2
      vertex -31.8718 8.35747 2.7
      vertex -31.7455 8.3181 2.7
    endloop
  endfacet
  facet normal 0.297595 0.954692 0
    outer loop
      vertex -31.8718 8.35747 2.7
      vertex -31.7455 8.3181 2
      vertex -31.8718 8.35747 2
    endloop
  endfacet
  facet normal 0.439103 0.898437 -0
    outer loop
      vertex -31.8718 8.35747 2
      vertex -31.9846 8.4126 2.7
      vertex -31.8718 8.35747 2.7
    endloop
  endfacet
  facet normal 0.439103 0.898437 0
    outer loop
      vertex -31.9846 8.4126 2.7
      vertex -31.8718 8.35747 2
      vertex -31.9846 8.4126 2
    endloop
  endfacet
  facet normal 0.580479 0.814276 -0
    outer loop
      vertex -31.9846 8.4126 2
      vertex -32.084 8.48346 2.7
      vertex -31.9846 8.4126 2.7
    endloop
  endfacet
  facet normal 0.580479 0.814276 0
    outer loop
      vertex -32.084 8.48346 2.7
      vertex -31.9846 8.4126 2
      vertex -32.084 8.48346 2
    endloop
  endfacet
  facet normal 0.710421 0.703777 0
    outer loop
      vertex -32.084 8.48346 2.7
      vertex -32.1698 8.57007 2
      vertex -32.1698 8.57007 2.7
    endloop
  endfacet
  facet normal 0.710421 0.703777 0
    outer loop
      vertex -32.1698 8.57007 2
      vertex -32.084 8.48346 2.7
      vertex -32.084 8.48346 2
    endloop
  endfacet
  facet normal 0.816393 0.577497 0
    outer loop
      vertex -32.1698 8.57007 2.7
      vertex -32.2422 8.67242 2
      vertex -32.2422 8.67242 2.7
    endloop
  endfacet
  facet normal 0.816393 0.577497 0
    outer loop
      vertex -32.2422 8.67242 2
      vertex -32.1698 8.57007 2.7
      vertex -32.1698 8.57007 2
    endloop
  endfacet
  facet normal 0.894912 0.446244 0
    outer loop
      vertex -32.2422 8.67242 2.7
      vertex -32.3011 8.79054 2
      vertex -32.3011 8.79054 2.7
    endloop
  endfacet
  facet normal 0.894912 0.446244 0
    outer loop
      vertex -32.3011 8.79054 2
      vertex -32.2422 8.67242 2.7
      vertex -32.2422 8.67242 2
    endloop
  endfacet
  facet normal 0.947008 0.321211 0
    outer loop
      vertex -32.3011 8.79054 2.7
      vertex -32.3465 8.92439 2
      vertex -32.3465 8.92439 2.7
    endloop
  endfacet
  facet normal 0.947008 0.321211 0
    outer loop
      vertex -32.3465 8.92439 2
      vertex -32.3011 8.79054 2.7
      vertex -32.3011 8.79054 2
    endloop
  endfacet
  facet normal -0.114598 0.993412 0
    outer loop
      vertex -32.3465 8.92439 2
      vertex -32.9019 8.86032 2.7
      vertex -32.3465 8.92439 2.7
    endloop
  endfacet
  facet normal -0.114598 0.993412 0
    outer loop
      vertex -32.9019 8.86032 2.7
      vertex -32.3465 8.92439 2
      vertex -32.9019 8.86032 2
    endloop
  endfacet
  facet normal -0.973869 -0.227112 0
    outer loop
      vertex -32.8768 8.75269 2
      vertex -32.9019 8.86032 2.7
      vertex -32.9019 8.86032 2
    endloop
  endfacet
  facet normal -0.973869 -0.227112 0
    outer loop
      vertex -32.9019 8.86032 2.7
      vertex -32.8768 8.75269 2
      vertex -32.8768 8.75269 2.7
    endloop
  endfacet
  facet normal -0.954805 -0.297234 0
    outer loop
      vertex -32.8451 8.65086 2
      vertex -32.8768 8.75269 2.7
      vertex -32.8768 8.75269 2
    endloop
  endfacet
  facet normal -0.954805 -0.297234 0
    outer loop
      vertex -32.8768 8.75269 2.7
      vertex -32.8451 8.65086 2
      vertex -32.8451 8.65086 2.7
    endloop
  endfacet
  facet normal -0.928196 -0.37209 0
    outer loop
      vertex -32.8066 8.55482 2
      vertex -32.8451 8.65086 2.7
      vertex -32.8451 8.65086 2
    endloop
  endfacet
  facet normal -0.928196 -0.37209 0
    outer loop
      vertex -32.8451 8.65086 2.7
      vertex -32.8066 8.55482 2
      vertex -32.8066 8.55482 2.7
    endloop
  endfacet
  facet normal -0.89407 -0.447927 0
    outer loop
      vertex -32.7614 8.4646 2
      vertex -32.8066 8.55482 2.7
      vertex -32.8066 8.55482 2
    endloop
  endfacet
  facet normal -0.89407 -0.447927 0
    outer loop
      vertex -32.8066 8.55482 2.7
      vertex -32.7614 8.4646 2
      vertex -32.7614 8.4646 2.7
    endloop
  endfacet
  facet normal -0.852365 -0.522948 0
    outer loop
      vertex -32.7096 8.38017 2
      vertex -32.7614 8.4646 2.7
      vertex -32.7614 8.4646 2
    endloop
  endfacet
  facet normal -0.852365 -0.522948 0
    outer loop
      vertex -32.7614 8.4646 2.7
      vertex -32.7096 8.38017 2
      vertex -32.7096 8.38017 2.7
    endloop
  endfacet
  facet normal -0.801747 -0.597664 0
    outer loop
      vertex -32.651 8.30156 2
      vertex -32.7096 8.38017 2.7
      vertex -32.7096 8.38017 2
    endloop
  endfacet
  facet normal -0.801747 -0.597664 0
    outer loop
      vertex -32.7096 8.38017 2.7
      vertex -32.651 8.30156 2
      vertex -32.651 8.30156 2.7
    endloop
  endfacet
  facet normal -0.744548 -0.667568 0
    outer loop
      vertex -32.5857 8.22873 2
      vertex -32.651 8.30156 2.7
      vertex -32.651 8.30156 2
    endloop
  endfacet
  facet normal -0.744548 -0.667568 0
    outer loop
      vertex -32.651 8.30156 2.7
      vertex -32.5857 8.22873 2
      vertex -32.5857 8.22873 2.7
    endloop
  endfacet
  facet normal -0.68134 -0.731967 0
    outer loop
      vertex -32.5857 8.22873 2
      vertex -32.5137 8.16171 2.7
      vertex -32.5857 8.22873 2.7
    endloop
  endfacet
  facet normal -0.68134 -0.731967 -0
    outer loop
      vertex -32.5137 8.16171 2.7
      vertex -32.5857 8.22873 2
      vertex -32.5137 8.16171 2
    endloop
  endfacet
  facet normal -0.613996 -0.789309 0
    outer loop
      vertex -32.5137 8.16171 2
      vertex -32.435 8.10049 2.7
      vertex -32.5137 8.16171 2.7
    endloop
  endfacet
  facet normal -0.613996 -0.789309 -0
    outer loop
      vertex -32.435 8.10049 2.7
      vertex -32.5137 8.16171 2
      vertex -32.435 8.10049 2
    endloop
  endfacet
  facet normal -0.544259 -0.838917 0
    outer loop
      vertex -32.435 8.10049 2
      vertex -32.3501 8.04541 2.7
      vertex -32.435 8.10049 2.7
    endloop
  endfacet
  facet normal -0.544259 -0.838917 -0
    outer loop
      vertex -32.3501 8.04541 2.7
      vertex -32.435 8.10049 2
      vertex -32.3501 8.04541 2
    endloop
  endfacet
  facet normal -0.472707 -0.88122 0
    outer loop
      vertex -32.3501 8.04541 2
      vertex -32.2595 7.99681 2.7
      vertex -32.3501 8.04541 2.7
    endloop
  endfacet
  facet normal -0.472707 -0.88122 -0
    outer loop
      vertex -32.2595 7.99681 2.7
      vertex -32.3501 8.04541 2
      vertex -32.2595 7.99681 2
    endloop
  endfacet
  facet normal -0.4003 -0.916384 0
    outer loop
      vertex -32.2595 7.99681 2
      vertex -32.1631 7.9547 2.7
      vertex -32.2595 7.99681 2.7
    endloop
  endfacet
  facet normal -0.4003 -0.916384 -0
    outer loop
      vertex -32.1631 7.9547 2.7
      vertex -32.2595 7.99681 2
      vertex -32.1631 7.9547 2
    endloop
  endfacet
  facet normal -0.32965 -0.944103 0
    outer loop
      vertex -32.1631 7.9547 2
      vertex -32.061 7.91905 2.7
      vertex -32.1631 7.9547 2.7
    endloop
  endfacet
  facet normal -0.32965 -0.944103 -0
    outer loop
      vertex -32.061 7.91905 2.7
      vertex -32.1631 7.9547 2
      vertex -32.061 7.91905 2
    endloop
  endfacet
  facet normal -0.261117 -0.965307 0
    outer loop
      vertex -32.061 7.91905 2
      vertex -31.9532 7.88989 2.7
      vertex -32.061 7.91905 2.7
    endloop
  endfacet
  facet normal -0.261117 -0.965307 -0
    outer loop
      vertex -31.9532 7.88989 2.7
      vertex -32.061 7.91905 2
      vertex -31.9532 7.88989 2
    endloop
  endfacet
  facet normal -0.195867 -0.98063 0
    outer loop
      vertex -31.9532 7.88989 2
      vertex -31.8396 7.8672 2.7
      vertex -31.9532 7.88989 2.7
    endloop
  endfacet
  facet normal -0.195867 -0.98063 -0
    outer loop
      vertex -31.8396 7.8672 2.7
      vertex -31.9532 7.88989 2
      vertex -31.8396 7.8672 2
    endloop
  endfacet
  facet normal -0.134586 -0.990902 0
    outer loop
      vertex -31.8396 7.8672 2
      vertex -31.7204 7.85101 2.7
      vertex -31.8396 7.8672 2.7
    endloop
  endfacet
  facet normal -0.134586 -0.990902 -0
    outer loop
      vertex -31.7204 7.85101 2.7
      vertex -31.8396 7.8672 2
      vertex -31.7204 7.85101 2
    endloop
  endfacet
  facet normal -0.077526 -0.99699 0
    outer loop
      vertex -31.7204 7.85101 2
      vertex -31.5954 7.84129 2.7
      vertex -31.7204 7.85101 2.7
    endloop
  endfacet
  facet normal -0.077526 -0.99699 -0
    outer loop
      vertex -31.5954 7.84129 2.7
      vertex -31.7204 7.85101 2
      vertex -31.5954 7.84129 2
    endloop
  endfacet
  facet normal -0.0248394 -0.999691 0
    outer loop
      vertex -31.5954 7.84129 2
      vertex -31.4646 7.83804 2.7
      vertex -31.5954 7.84129 2.7
    endloop
  endfacet
  facet normal -0.0248394 -0.999691 -0
    outer loop
      vertex -31.4646 7.83804 2.7
      vertex -31.5954 7.84129 2
      vertex -31.4646 7.83804 2
    endloop
  endfacet
  facet normal 0.0309819 -0.99952 0
    outer loop
      vertex -31.4646 7.83804 2
      vertex -31.3091 7.84286 2.7
      vertex -31.4646 7.83804 2.7
    endloop
  endfacet
  facet normal 0.0309819 -0.99952 0
    outer loop
      vertex -31.3091 7.84286 2.7
      vertex -31.4646 7.83804 2
      vertex -31.3091 7.84286 2
    endloop
  endfacet
  facet normal 0 1 -0
    outer loop
      vertex -33.6822 8.56737 2
      vertex -34.2772 8.56737 2.7
      vertex -33.6822 8.56737 2.7
    endloop
  endfacet
  facet normal 0 1 0
    outer loop
      vertex -34.2772 8.56737 2.7
      vertex -33.6822 8.56737 2
      vertex -34.2772 8.56737 2
    endloop
  endfacet
  facet normal -1 0 0
    outer loop
      vertex -34.2772 7.89906 2
      vertex -34.2772 8.56737 2.7
      vertex -34.2772 8.56737 2
    endloop
  endfacet
  facet normal -1 -0 0
    outer loop
      vertex -34.2772 8.56737 2.7
      vertex -34.2772 7.89906 2
      vertex -34.2772 7.89906 2.7
    endloop
  endfacet
  facet normal 0 -1 0
    outer loop
      vertex -34.2772 7.89906 2
      vertex -33.6822 7.89906 2.7
      vertex -34.2772 7.89906 2.7
    endloop
  endfacet
  facet normal 0 -1 -0
    outer loop
      vertex -33.6822 7.89906 2.7
      vertex -34.2772 7.89906 2
      vertex -33.6822 7.89906 2
    endloop
  endfacet
  facet normal 1 -0 0
    outer loop
      vertex -33.6822 7.89906 2.7
      vertex -33.6822 8.56737 2
      vertex -33.6822 8.56737 2.7
    endloop
  endfacet
  facet normal 1 0 0
    outer loop
      vertex -33.6822 8.56737 2
      vertex -33.6822 7.89906 2.7
      vertex -33.6822 7.89906 2
    endloop
  endfacet
  facet normal -0 0 1
    outer loop
      vertex -16.1822 11.1414 2.7
      vertex -15.6151 11.1246 2.7
      vertex -15.6196 11.241 2.7
    endloop
  endfacet
  facet normal 0 -0 1
    outer loop
      vertex -16.1797 11.0666 2.7
      vertex -15.6151 11.1246 2.7
      vertex -16.1822 11.1414 2.7
    endloop
  endfacet
  facet normal 0 0 1
    outer loop
      vertex -16.1897 11.2127 2.7
      vertex -15.6196 11.241 2.7
      vertex -15.6329 11.3516 2.7
    endloop
  endfacet
  facet normal 0 0 1
    outer loop
      vertex -15.6151 11.1246 2.7
      vertex -16.1797 11.0666 2.7
      vertex -15.618 11.0349 2.7
    endloop
  endfacet
  facet normal 0 0 1
    outer loop
      vertex -16.2023 11.2803 2.7
      vertex -15.6329 11.3516 2.7
      vertex -15.655 11.4563 2.7
    endloop
  endfacet
  facet normal 0 0 1
    outer loop
      vertex -15.618 11.0349 2.7
      vertex -16.1797 11.0666 2.7
      vertex -15.6265 10.9491 2.7
    endloop
  endfacet
  facet normal 0 0 1
    outer loop
      vertex -16.2198 11.3445 2.7
      vertex -15.655 11.4563 2.7
      vertex -15.686 11.5553 2.7
    endloop
  endfacet
  facet normal -0 0 1
    outer loop
      vertex -16.1828 10.9911 2.7
      vertex -15.6265 10.9491 2.7
      vertex -16.1797 11.0666 2.7
    endloop
  endfacet
  facet normal 0 0 1
    outer loop
      vertex -15.6265 10.9491 2.7
      vertex -16.1828 10.9911 2.7
      vertex -15.6407 10.867 2.7
    endloop
  endfacet
  facet normal 0 0 1
    outer loop
      vertex -16.2424 11.405 2.7
      vertex -15.686 11.5553 2.7
      vertex -15.7258 11.6483 2.7
    endloop
  endfacet
  facet normal -0 0 1
    outer loop
      vertex -16.192 10.9194 2.7
      vertex -15.6407 10.867 2.7
      vertex -16.1828 10.9911 2.7
    endloop
  endfacet
  facet normal 0 0 1
    outer loop
      vertex -16.2424 11.405 2.7
      vertex -15.7258 11.6483 2.7
      vertex -15.7745 11.7355 2.7
    endloop
  endfacet
  facet normal 0 0 1
    outer loop
      vertex -15.6407 10.867 2.7
      vertex -16.192 10.9194 2.7
      vertex -15.6607 10.7888 2.7
    endloop
  endfacet
  facet normal 0 0 1
    outer loop
      vertex -16.2699 11.4619 2.7
      vertex -15.7745 11.7355 2.7
      vertex -15.832 11.8169 2.7
    endloop
  endfacet
  facet normal 0 0 1
    outer loop
      vertex -15.6607 10.7888 2.7
      vertex -16.192 10.9194 2.7
      vertex -15.6863 10.7144 2.7
    endloop
  endfacet
  facet normal 0 0 1
    outer loop
      vertex -16.3025 11.5153 2.7
      vertex -15.832 11.8169 2.7
      vertex -15.8985 11.8925 2.7
    endloop
  endfacet
  facet normal -0 0 1
    outer loop
      vertex -16.2074 10.8514 2.7
      vertex -15.6863 10.7144 2.7
      vertex -16.192 10.9194 2.7
    endloop
  endfacet
  facet normal 0 0 1
    outer loop
      vertex -15.7175 10.6438 2.7
      vertex -16.2074 10.8514 2.7
      vertex -15.7545 10.577 2.7
    endloop
  endfacet
  facet normal 0 0 1
    outer loop
      vertex -16.3401 11.5651 2.7
      vertex -15.8985 11.8925 2.7
      vertex -15.9737 11.9622 2.7
    endloop
  endfacet
  facet normal -0 0 1
    outer loop
      vertex -16.2289 10.7872 2.7
      vertex -15.7545 10.577 2.7
      vertex -16.2074 10.8514 2.7
    endloop
  endfacet
  facet normal 0 0 1
    outer loop
      vertex -16.3827 11.6113 2.7
      vertex -15.9737 11.9622 2.7
      vertex -16.0569 12.0253 2.7
    endloop
  endfacet
  facet normal 0 0 1
    outer loop
      vertex -15.7545 10.577 2.7
      vertex -16.2289 10.7872 2.7
      vertex -15.7972 10.5139 2.7
    endloop
  endfacet
  facet normal 0 0 1
    outer loop
      vertex -16.4302 11.6532 2.7
      vertex -16.0569 12.0253 2.7
      vertex -16.1473 12.0809 2.7
    endloop
  endfacet
  facet normal -0 0 1
    outer loop
      vertex -16.2565 10.7267 2.7
      vertex -15.7972 10.5139 2.7
      vertex -16.2289 10.7872 2.7
    endloop
  endfacet
  facet normal 0 0 1
    outer loop
      vertex -15.7972 10.5139 2.7
      vertex -16.2565 10.7267 2.7
      vertex -15.8456 10.4547 2.7
    endloop
  endfacet
  facet normal 0 0 1
    outer loop
      vertex -15.6863 10.7144 2.7
      vertex -16.2074 10.8514 2.7
      vertex -15.7175 10.6438 2.7
    endloop
  endfacet
  facet normal 0 0 1
    outer loop
      vertex -15.6196 11.241 2.7
      vertex -16.1897 11.2127 2.7
      vertex -16.1822 11.1414 2.7
    endloop
  endfacet
  facet normal 0 0 1
    outer loop
      vertex -15.6329 11.3516 2.7
      vertex -16.2023 11.2803 2.7
      vertex -16.1897 11.2127 2.7
    endloop
  endfacet
  facet normal 0 0 1
    outer loop
      vertex -15.655 11.4563 2.7
      vertex -16.2198 11.3445 2.7
      vertex -16.2023 11.2803 2.7
    endloop
  endfacet
  facet normal 0 0 1
    outer loop
      vertex -15.686 11.5553 2.7
      vertex -16.2424 11.405 2.7
      vertex -16.2198 11.3445 2.7
    endloop
  endfacet
  facet normal 0 0 1
    outer loop
      vertex -16.4302 11.6532 2.7
      vertex -16.1473 12.0809 2.7
      vertex -16.2448 12.1292 2.7
    endloop
  endfacet
  facet normal 0 0 1
    outer loop
      vertex -15.7745 11.7355 2.7
      vertex -16.2699 11.4619 2.7
      vertex -16.2424 11.405 2.7
    endloop
  endfacet
  facet normal 0 0 1
    outer loop
      vertex -15.832 11.8169 2.7
      vertex -16.3025 11.5153 2.7
      vertex -16.2699 11.4619 2.7
    endloop
  endfacet
  facet normal 0 0 1
    outer loop
      vertex -15.8985 11.8925 2.7
      vertex -16.3401 11.5651 2.7
      vertex -16.3025 11.5153 2.7
    endloop
  endfacet
  facet normal 0 0 1
    outer loop
      vertex -16.4826 11.6902 2.7
      vertex -16.2448 12.1292 2.7
      vertex -16.3494 12.17 2.7
    endloop
  endfacet
  facet normal 0 0 1
    outer loop
      vertex -15.9737 11.9622 2.7
      vertex -16.3827 11.6113 2.7
      vertex -16.3401 11.5651 2.7
    endloop
  endfacet
  facet normal 0 0 1
    outer loop
      vertex -16.0569 12.0253 2.7
      vertex -16.4302 11.6532 2.7
      vertex -16.3827 11.6113 2.7
    endloop
  endfacet
  facet normal 0 0 1
    outer loop
      vertex -16.5398 11.7223 2.7
      vertex -16.3494 12.17 2.7
      vertex -16.4611 12.2034 2.7
    endloop
  endfacet
  facet normal 0 0 1
    outer loop
      vertex -16.2448 12.1292 2.7
      vertex -16.4826 11.6902 2.7
      vertex -16.4302 11.6532 2.7
    endloop
  endfacet
  facet normal 0 0 1
    outer loop
      vertex -16.3494 12.17 2.7
      vertex -16.5398 11.7223 2.7
      vertex -16.4826 11.6902 2.7
    endloop
  endfacet
  facet normal 0 0 1
    outer loop
      vertex -16.6689 11.7717 2.7
      vertex -16.4611 12.2034 2.7
      vertex -16.58 12.2294 2.7
    endloop
  endfacet
  facet normal 0 0 1
    outer loop
      vertex -16.4611 12.2034 2.7
      vertex -16.6019 11.7495 2.7
      vertex -16.5398 11.7223 2.7
    endloop
  endfacet
  facet normal 0 0 1
    outer loop
      vertex -16.4611 12.2034 2.7
      vertex -16.6689 11.7717 2.7
      vertex -16.6019 11.7495 2.7
    endloop
  endfacet
  facet normal 0 0 1
    outer loop
      vertex -16.7407 11.789 2.7
      vertex -16.58 12.2294 2.7
      vertex -16.7059 12.248 2.7
    endloop
  endfacet
  facet normal 0 0 1
    outer loop
      vertex -16.58 12.2294 2.7
      vertex -16.7407 11.789 2.7
      vertex -16.6689 11.7717 2.7
    endloop
  endfacet
  facet normal 0 0 1
    outer loop
      vertex -16.7059 12.248 2.7
      vertex -16.8174 11.8013 2.7
      vertex -16.7407 11.789 2.7
    endloop
  endfacet
  facet normal 0 0 1
    outer loop
      vertex -16.839 12.2591 2.7
      vertex -16.8174 11.8013 2.7
      vertex -16.7059 12.248 2.7
    endloop
  endfacet
  facet normal 0 0 1
    outer loop
      vertex -16.839 12.2591 2.7
      vertex -16.8989 11.8087 2.7
      vertex -16.8174 11.8013 2.7
    endloop
  endfacet
  facet normal 0 0 1
    outer loop
      vertex -16.9792 12.2628 2.7
      vertex -16.8989 11.8087 2.7
      vertex -16.839 12.2591 2.7
    endloop
  endfacet
  facet normal 0 0 1
    outer loop
      vertex -16.9792 12.2628 2.7
      vertex -16.9853 11.8112 2.7
      vertex -16.8989 11.8087 2.7
    endloop
  endfacet
  facet normal 0 0 1
    outer loop
      vertex -16.9792 12.2628 2.7
      vertex -17.0643 11.8089 2.7
      vertex -16.9853 11.8112 2.7
    endloop
  endfacet
  facet normal -0 0 1
    outer loop
      vertex -17.1081 12.2591 2.7
      vertex -17.0643 11.8089 2.7
      vertex -16.9792 12.2628 2.7
    endloop
  endfacet
  facet normal 0 0 1
    outer loop
      vertex -17.1081 12.2591 2.7
      vertex -17.1398 11.802 2.7
      vertex -17.0643 11.8089 2.7
    endloop
  endfacet
  facet normal -0 0 1
    outer loop
      vertex -17.2317 12.2482 2.7
      vertex -17.1398 11.802 2.7
      vertex -17.1081 12.2591 2.7
    endloop
  endfacet
  facet normal 0 0 1
    outer loop
      vertex -17.1398 11.802 2.7
      vertex -17.2317 12.2482 2.7
      vertex -17.212 11.7905 2.7
    endloop
  endfacet
  facet normal -0 0 1
    outer loop
      vertex -17.35 12.2299 2.7
      vertex -17.212 11.7905 2.7
      vertex -17.2317 12.2482 2.7
    endloop
  endfacet
  facet normal 0 0 1
    outer loop
      vertex -17.212 11.7905 2.7
      vertex -17.35 12.2299 2.7
      vertex -17.2807 11.7744 2.7
    endloop
  endfacet
  facet normal -0 0 1
    outer loop
      vertex -17.4629 12.2043 2.7
      vertex -17.2807 11.7744 2.7
      vertex -17.35 12.2299 2.7
    endloop
  endfacet
  facet normal 0 0 1
    outer loop
      vertex -17.2807 11.7744 2.7
      vertex -17.4629 12.2043 2.7
      vertex -17.3459 11.7537 2.7
    endloop
  endfacet
  facet normal -0 0 1
    outer loop
      vertex -17.5706 12.1714 2.7
      vertex -17.3459 11.7537 2.7
      vertex -17.4629 12.2043 2.7
    endloop
  endfacet
  facet normal 0 0 1
    outer loop
      vertex -17.3459 11.7537 2.7
      vertex -17.5706 12.1714 2.7
      vertex -17.4078 11.7284 2.7
    endloop
  endfacet
  facet normal -0 0 1
    outer loop
      vertex -17.6729 12.1312 2.7
      vertex -17.4078 11.7284 2.7
      vertex -17.5706 12.1714 2.7
    endloop
  endfacet
  facet normal 0 0 1
    outer loop
      vertex -17.4078 11.7284 2.7
      vertex -17.6729 12.1312 2.7
      vertex -17.4662 11.6986 2.7
    endloop
  endfacet
  facet normal -0 0 1
    outer loop
      vertex -17.7699 12.0837 2.7
      vertex -17.4662 11.6986 2.7
      vertex -17.6729 12.1312 2.7
    endloop
  endfacet
  facet normal 0 0 1
    outer loop
      vertex -17.4662 11.6986 2.7
      vertex -17.7699 12.0837 2.7
      vertex -17.5212 11.6641 2.7
    endloop
  endfacet
  facet normal -0 0 1
    outer loop
      vertex -17.8617 12.0289 2.7
      vertex -17.5212 11.6641 2.7
      vertex -17.7699 12.0837 2.7
    endloop
  endfacet
  facet normal 0 0 1
    outer loop
      vertex -17.5212 11.6641 2.7
      vertex -17.8617 12.0289 2.7
      vertex -17.5727 11.625 2.7
    endloop
  endfacet
  facet normal -0 0 1
    outer loop
      vertex -17.9481 11.9668 2.7
      vertex -17.5727 11.625 2.7
      vertex -17.8617 12.0289 2.7
    endloop
  endfacet
  facet normal 0 0 1
    outer loop
      vertex -17.5727 11.625 2.7
      vertex -17.9481 11.9668 2.7
      vertex -17.6202 11.5818 2.7
    endloop
  endfacet
  facet normal -0 0 1
    outer loop
      vertex -18.0279 11.8981 2.7
      vertex -17.6202 11.5818 2.7
      vertex -17.9481 11.9668 2.7
    endloop
  endfacet
  facet normal 0 0 1
    outer loop
      vertex -17.6202 11.5818 2.7
      vertex -18.0279 11.8981 2.7
      vertex -17.6631 11.5348 2.7
    endloop
  endfacet
  facet normal -0 0 1
    outer loop
      vertex -18.1 11.8238 2.7
      vertex -17.6631 11.5348 2.7
      vertex -18.0279 11.8981 2.7
    endloop
  endfacet
  facet normal 0 0 1
    outer loop
      vertex -17.6631 11.5348 2.7
      vertex -18.1 11.8238 2.7
      vertex -17.7014 11.484 2.7
    endloop
  endfacet
  facet normal -0 0 1
    outer loop
      vertex -18.1642 11.7437 2.7
      vertex -17.7014 11.484 2.7
      vertex -18.1 11.8238 2.7
    endloop
  endfacet
  facet normal 0 0 1
    outer loop
      vertex -17.7014 11.484 2.7
      vertex -18.1642 11.7437 2.7
      vertex -17.735 11.4294 2.7
    endloop
  endfacet
  facet normal -0 0 1
    outer loop
      vertex -18.2207 11.6579 2.7
      vertex -17.735 11.4294 2.7
      vertex -18.1642 11.7437 2.7
    endloop
  endfacet
  facet normal 0 0 1
    outer loop
      vertex -17.735 11.4294 2.7
      vertex -18.2207 11.6579 2.7
      vertex -17.764 11.3711 2.7
    endloop
  endfacet
  facet normal -0 0 1
    outer loop
      vertex -18.2693 11.5663 2.7
      vertex -17.764 11.3711 2.7
      vertex -18.2207 11.6579 2.7
    endloop
  endfacet
  facet normal 0 0 1
    outer loop
      vertex -17.764 11.3711 2.7
      vertex -18.2693 11.5663 2.7
      vertex -17.7884 11.309 2.7
    endloop
  endfacet
  facet normal -0 0 1
    outer loop
      vertex -18.3102 11.469 2.7
      vertex -17.7884 11.309 2.7
      vertex -18.2693 11.5663 2.7
    endloop
  endfacet
  facet normal 0 0 1
    outer loop
      vertex -17.7884 11.309 2.7
      vertex -18.3102 11.469 2.7
      vertex -17.8081 11.2431 2.7
    endloop
  endfacet
  facet normal -0 0 1
    outer loop
      vertex -18.3432 11.366 2.7
      vertex -17.8081 11.2431 2.7
      vertex -18.3102 11.469 2.7
    endloop
  endfacet
  facet normal 0 0 1
    outer loop
      vertex -17.8081 11.2431 2.7
      vertex -18.3432 11.366 2.7
      vertex -17.8232 11.1735 2.7
    endloop
  endfacet
  facet normal -0 0 1
    outer loop
      vertex -18.3685 11.2573 2.7
      vertex -17.8232 11.1735 2.7
      vertex -18.3432 11.366 2.7
    endloop
  endfacet
  facet normal 0 0 1
    outer loop
      vertex -17.8232 11.1735 2.7
      vertex -18.3685 11.2573 2.7
      vertex -17.8336 11.1001 2.7
    endloop
  endfacet
  facet normal 0 0 1
    outer loop
      vertex -17.8336 11.1001 2.7
      vertex -18.3685 11.2573 2.7
      vertex -18.386 11.1429 2.7
    endloop
  endfacet
  facet normal 0 0 1
    outer loop
      vertex -15.8456 10.4547 2.7
      vertex -16.2565 10.7267 2.7
      vertex -15.8993 10.3995 2.7
    endloop
  endfacet
  facet normal -0 0 1
    outer loop
      vertex -16.2903 10.6699 2.7
      vertex -15.8993 10.3995 2.7
      vertex -16.2565 10.7267 2.7
    endloop
  endfacet
  facet normal 0 0 1
    outer loop
      vertex -15.8993 10.3995 2.7
      vertex -16.2903 10.6699 2.7
      vertex -15.9583 10.3484 2.7
    endloop
  endfacet
  facet normal 0 0 1
    outer loop
      vertex -15.9583 10.3484 2.7
      vertex -16.2903 10.6699 2.7
      vertex -16.0224 10.3013 2.7
    endloop
  endfacet
  facet normal -0 0 1
    outer loop
      vertex -16.3302 10.6168 2.7
      vertex -16.0224 10.3013 2.7
      vertex -16.2903 10.6699 2.7
    endloop
  endfacet
  facet normal 0 0 1
    outer loop
      vertex -16.0224 10.3013 2.7
      vertex -16.3302 10.6168 2.7
      vertex -16.0916 10.2584 2.7
    endloop
  endfacet
  facet normal -0 0 1
    outer loop
      vertex -16.3762 10.5675 2.7
      vertex -16.0916 10.2584 2.7
      vertex -16.3302 10.6168 2.7
    endloop
  endfacet
  facet normal 0 0 1
    outer loop
      vertex -16.0916 10.2584 2.7
      vertex -16.3762 10.5675 2.7
      vertex -16.1661 10.2196 2.7
    endloop
  endfacet
  facet normal -0 0 1
    outer loop
      vertex -16.4284 10.5219 2.7
      vertex -16.1661 10.2196 2.7
      vertex -16.3762 10.5675 2.7
    endloop
  endfacet
  facet normal 0 0 1
    outer loop
      vertex -16.1661 10.2196 2.7
      vertex -16.4284 10.5219 2.7
      vertex -16.2457 10.1848 2.7
    endloop
  endfacet
  facet normal -0 0 1
    outer loop
      vertex -16.4862 10.4806 2.7
      vertex -16.2457 10.1848 2.7
      vertex -16.4284 10.5219 2.7
    endloop
  endfacet
  facet normal 0 0 1
    outer loop
      vertex -16.2457 10.1848 2.7
      vertex -16.4862 10.4806 2.7
      vertex -16.3304 10.1542 2.7
    endloop
  endfacet
  facet normal 0 0 1
    outer loop
      vertex -16.3304 10.1542 2.7
      vertex -16.4862 10.4806 2.7
      vertex -16.4203 10.1277 2.7
    endloop
  endfacet
  facet normal -0 0 1
    outer loop
      vertex -16.549 10.4441 2.7
      vertex -16.4203 10.1277 2.7
      vertex -16.4862 10.4806 2.7
    endloop
  endfacet
  facet normal 0 0 1
    outer loop
      vertex -16.8502 10.3469 2.7
      vertex -16.5154 10.0931 2.7
      vertex -16.5154 10.1053 2.7
    endloop
  endfacet
  facet normal 0 0 1
    outer loop
      vertex -16.4203 10.1277 2.7
      vertex -16.549 10.4441 2.7
      vertex -16.5154 10.1053 2.7
    endloop
  endfacet
  facet normal -0 0 1
    outer loop
      vertex -16.6168 10.4125 2.7
      vertex -16.5154 10.1053 2.7
      vertex -16.549 10.4441 2.7
    endloop
  endfacet
  facet normal -0 0 1
    outer loop
      vertex -16.6896 10.3858 2.7
      vertex -16.5154 10.1053 2.7
      vertex -16.6168 10.4125 2.7
    endloop
  endfacet
  facet normal 0 0 1
    outer loop
      vertex -16.5154 10.0931 2.7
      vertex -16.6242 9.78825 2.7
      vertex -16.5435 9.76154 2.7
    endloop
  endfacet
  facet normal -0 0 1
    outer loop
      vertex -16.7674 10.3639 2.7
      vertex -16.5154 10.1053 2.7
      vertex -16.6896 10.3858 2.7
    endloop
  endfacet
  facet normal 0 0 1
    outer loop
      vertex -16.5154 10.0931 2.7
      vertex -16.7108 9.81013 2.7
      vertex -16.6242 9.78825 2.7
    endloop
  endfacet
  facet normal -0 0 1
    outer loop
      vertex -16.8502 10.3469 2.7
      vertex -16.5154 10.1053 2.7
      vertex -16.7674 10.3639 2.7
    endloop
  endfacet
  facet normal 0 0 1
    outer loop
      vertex -16.5154 10.0931 2.7
      vertex -16.8034 9.82713 2.7
      vertex -16.7108 9.81013 2.7
    endloop
  endfacet
  facet normal 0 0 1
    outer loop
      vertex -16.5154 10.0931 2.7
      vertex -16.8502 10.3469 2.7
      vertex -16.8034 9.82713 2.7
    endloop
  endfacet
  facet normal 0 0 1
    outer loop
      vertex -16.8502 10.3469 2.7
      vertex -16.9019 9.83929 2.7
      vertex -16.8034 9.82713 2.7
    endloop
  endfacet
  facet normal -0 0 1
    outer loop
      vertex -16.938 10.3348 2.7
      vertex -16.9019 9.83929 2.7
      vertex -16.8502 10.3469 2.7
    endloop
  endfacet
  facet normal 0 0 1
    outer loop
      vertex -16.938 10.3348 2.7
      vertex -17.0062 9.84657 2.7
      vertex -16.9019 9.83929 2.7
    endloop
  endfacet
  facet normal -0 0 1
    outer loop
      vertex -17.0309 10.3275 2.7
      vertex -17.0062 9.84657 2.7
      vertex -16.938 10.3348 2.7
    endloop
  endfacet
  facet normal 0 0 1
    outer loop
      vertex -17.0309 10.3275 2.7
      vertex -17.1165 9.84901 2.7
      vertex -17.0062 9.84657 2.7
    endloop
  endfacet
  facet normal -0 0 1
    outer loop
      vertex -17.1287 10.325 2.7
      vertex -17.1165 9.84901 2.7
      vertex -17.0309 10.3275 2.7
    endloop
  endfacet
  facet normal 0 0 1
    outer loop
      vertex -17.4278 9.84901 2.7
      vertex -17.1287 10.325 2.7
      vertex -17.4278 10.325 2.7
    endloop
  endfacet
  facet normal 0 0 1
    outer loop
      vertex -17.1287 10.325 2.7
      vertex -17.4278 9.84901 2.7
      vertex -17.1165 9.84901 2.7
    endloop
  endfacet
  facet normal -0 0 1
    outer loop
      vertex -16.0668 9.10445 2.7
      vertex -15.4962 9.08612 2.7
      vertex -15.4995 9.17595 2.7
    endloop
  endfacet
  facet normal -0 0 1
    outer loop
      vertex -16.0701 9.18051 2.7
      vertex -15.4995 9.17595 2.7
      vertex -15.5094 9.2623 2.7
    endloop
  endfacet
  facet normal 0 0 1
    outer loop
      vertex -16.0697 9.01738 2.7
      vertex -15.4962 9.08612 2.7
      vertex -16.0668 9.10445 2.7
    endloop
  endfacet
  facet normal 0 0 1
    outer loop
      vertex -16.0701 9.18051 2.7
      vertex -15.5094 9.2623 2.7
      vertex -15.526 9.34517 2.7
    endloop
  endfacet
  facet normal 0 0 1
    outer loop
      vertex -15.4962 9.08612 2.7
      vertex -16.0697 9.01738 2.7
      vertex -15.5008 8.95721 2.7
    endloop
  endfacet
  facet normal 0 0 1
    outer loop
      vertex -16.0802 9.25279 2.7
      vertex -15.526 9.34517 2.7
      vertex -15.5492 9.42459 2.7
    endloop
  endfacet
  facet normal 0 0 1
    outer loop
      vertex -16.0785 8.93521 2.7
      vertex -15.5008 8.95721 2.7
      vertex -16.0697 9.01738 2.7
    endloop
  endfacet
  facet normal 0 0 1
    outer loop
      vertex -16.0968 9.32126 2.7
      vertex -15.5492 9.42459 2.7
      vertex -15.5791 9.50055 2.7
    endloop
  endfacet
  facet normal 0 0 1
    outer loop
      vertex -15.5008 8.95721 2.7
      vertex -16.0785 8.93521 2.7
      vertex -15.5148 8.83493 2.7
    endloop
  endfacet
  facet normal 0 0 1
    outer loop
      vertex -16.0968 9.32126 2.7
      vertex -15.5791 9.50055 2.7
      vertex -15.6155 9.57303 2.7
    endloop
  endfacet
  facet normal 0 0 1
    outer loop
      vertex -16.1201 9.38593 2.7
      vertex -15.6155 9.57303 2.7
      vertex -15.6586 9.64204 2.7
    endloop
  endfacet
  facet normal -0 0 1
    outer loop
      vertex -16.0931 8.85794 2.7
      vertex -15.5148 8.83493 2.7
      vertex -16.0785 8.93521 2.7
    endloop
  endfacet
  facet normal 0 0 1
    outer loop
      vertex -16.1201 9.38593 2.7
      vertex -15.6586 9.64204 2.7
      vertex -15.7084 9.7076 2.7
    endloop
  endfacet
  facet normal 0 0 1
    outer loop
      vertex -15.5148 8.83493 2.7
      vertex -16.0931 8.85794 2.7
      vertex -15.5382 8.71927 2.7
    endloop
  endfacet
  facet normal 0 0 1
    outer loop
      vertex -16.1502 9.44678 2.7
      vertex -15.7084 9.7076 2.7
      vertex -15.7647 9.76967 2.7
    endloop
  endfacet
  facet normal 0 0 1
    outer loop
      vertex -15.5382 8.71927 2.7
      vertex -16.0931 8.85794 2.7
      vertex -15.5709 8.61024 2.7
    endloop
  endfacet
  facet normal 0 0 1
    outer loop
      vertex -16.1868 9.50385 2.7
      vertex -15.7647 9.76967 2.7
      vertex -15.827 9.82732 2.7
    endloop
  endfacet
  facet normal -0 0 1
    outer loop
      vertex -16.1135 8.78557 2.7
      vertex -15.5709 8.61024 2.7
      vertex -16.0931 8.85794 2.7
    endloop
  endfacet
  facet normal 0 0 1
    outer loop
      vertex -16.1868 9.50385 2.7
      vertex -15.827 9.82732 2.7
      vertex -15.8946 9.87953 2.7
    endloop
  endfacet
  facet normal 0 0 1
    outer loop
      vertex -15.5709 8.61024 2.7
      vertex -16.1135 8.78557 2.7
      vertex -15.613 8.50784 2.7
    endloop
  endfacet
  facet normal 0 0 1
    outer loop
      vertex -16.2302 9.5571 2.7
      vertex -15.8946 9.87953 2.7
      vertex -15.9675 9.92632 2.7
    endloop
  endfacet
  facet normal 0 0 1
    outer loop
      vertex -16.2802 9.60654 2.7
      vertex -15.9675 9.92632 2.7
      vertex -16.0456 9.96768 2.7
    endloop
  endfacet
  facet normal -0 0 1
    outer loop
      vertex -16.1398 8.71809 2.7
      vertex -15.613 8.50784 2.7
      vertex -16.1135 8.78557 2.7
    endloop
  endfacet
  facet normal 0 0 1
    outer loop
      vertex -15.613 8.50784 2.7
      vertex -16.1398 8.71809 2.7
      vertex -15.6644 8.41208 2.7
    endloop
  endfacet
  facet normal 0 0 1
    outer loop
      vertex -15.4995 9.17595 2.7
      vertex -16.0701 9.18051 2.7
      vertex -16.0668 9.10445 2.7
    endloop
  endfacet
  facet normal 0 0 1
    outer loop
      vertex -15.526 9.34517 2.7
      vertex -16.0802 9.25279 2.7
      vertex -16.0701 9.18051 2.7
    endloop
  endfacet
  facet normal 0 0 1
    outer loop
      vertex -15.5492 9.42459 2.7
      vertex -16.0968 9.32126 2.7
      vertex -16.0802 9.25279 2.7
    endloop
  endfacet
  facet normal 0 0 1
    outer loop
      vertex -15.6155 9.57303 2.7
      vertex -16.1201 9.38593 2.7
      vertex -16.0968 9.32126 2.7
    endloop
  endfacet
  facet normal 0 0 1
    outer loop
      vertex -16.2802 9.60654 2.7
      vertex -16.0456 9.96768 2.7
      vertex -16.129 10.0036 2.7
    endloop
  endfacet
  facet normal 0 0 1
    outer loop
      vertex -15.7084 9.7076 2.7
      vertex -16.1502 9.44678 2.7
      vertex -16.1201 9.38593 2.7
    endloop
  endfacet
  facet normal 0 0 1
    outer loop
      vertex -15.7647 9.76967 2.7
      vertex -16.1868 9.50385 2.7
      vertex -16.1502 9.44678 2.7
    endloop
  endfacet
  facet normal 0 0 1
    outer loop
      vertex -16.3369 9.65218 2.7
      vertex -16.129 10.0036 2.7
      vertex -16.2177 10.0341 2.7
    endloop
  endfacet
  facet normal 0 0 1
    outer loop
      vertex -15.8946 9.87953 2.7
      vertex -16.2302 9.5571 2.7
      vertex -16.1868 9.50385 2.7
    endloop
  endfacet
  facet normal 0 0 1
    outer loop
      vertex -15.9675 9.92632 2.7
      vertex -16.2802 9.60654 2.7
      vertex -16.2302 9.5571 2.7
    endloop
  endfacet
  facet normal 0 0 1
    outer loop
      vertex -16.3998 9.6935 2.7
      vertex -16.2177 10.0341 2.7
      vertex -16.3116 10.0592 2.7
    endloop
  endfacet
  facet normal 0 0 1
    outer loop
      vertex -16.129 10.0036 2.7
      vertex -16.3369 9.65218 2.7
      vertex -16.2802 9.60654 2.7
    endloop
  endfacet
  facet normal 0 0 1
    outer loop
      vertex -16.2177 10.0341 2.7
      vertex -16.3998 9.6935 2.7
      vertex -16.3369 9.65218 2.7
    endloop
  endfacet
  facet normal 0 0 1
    outer loop
      vertex -16.4687 9.72993 2.7
      vertex -16.3116 10.0592 2.7
      vertex -16.4109 10.0789 2.7
    endloop
  endfacet
  facet normal 0 0 1
    outer loop
      vertex -16.3116 10.0592 2.7
      vertex -16.4687 9.72993 2.7
      vertex -16.3998 9.6935 2.7
    endloop
  endfacet
  facet normal 0 0 1
    outer loop
      vertex -16.5435 9.76154 2.7
      vertex -16.4109 10.0789 2.7
      vertex -16.5154 10.0931 2.7
    endloop
  endfacet
  facet normal 0 0 1
    outer loop
      vertex -16.4109 10.0789 2.7
      vertex -16.5435 9.76154 2.7
      vertex -16.4687 9.72993 2.7
    endloop
  endfacet
  facet normal -0 0 1
    outer loop
      vertex -16.1719 8.65552 2.7
      vertex -15.6644 8.41208 2.7
      vertex -16.1398 8.71809 2.7
    endloop
  endfacet
  facet normal 0 0 1
    outer loop
      vertex -15.6644 8.41208 2.7
      vertex -16.1719 8.65552 2.7
      vertex -15.7251 8.32295 2.7
    endloop
  endfacet
  facet normal -0 0 1
    outer loop
      vertex -16.2099 8.59784 2.7
      vertex -15.7251 8.32295 2.7
      vertex -16.1719 8.65552 2.7
    endloop
  endfacet
  facet normal 0 0 1
    outer loop
      vertex -15.7251 8.32295 2.7
      vertex -16.2099 8.59784 2.7
      vertex -15.7952 8.24045 2.7
    endloop
  endfacet
  facet normal 0 0 1
    outer loop
      vertex -15.7952 8.24045 2.7
      vertex -16.2099 8.59784 2.7
      vertex -15.8746 8.16457 2.7
    endloop
  endfacet
  facet normal -0 0 1
    outer loop
      vertex -16.2537 8.54506 2.7
      vertex -15.8746 8.16457 2.7
      vertex -16.2099 8.59784 2.7
    endloop
  endfacet
  facet normal 0 0 1
    outer loop
      vertex -15.8746 8.16457 2.7
      vertex -16.2537 8.54506 2.7
      vertex -15.9626 8.09604 2.7
    endloop
  endfacet
  facet normal -0 0 1
    outer loop
      vertex -16.3033 8.49716 2.7
      vertex -15.9626 8.09604 2.7
      vertex -16.2537 8.54506 2.7
    endloop
  endfacet
  facet normal 0 0 1
    outer loop
      vertex -15.9626 8.09604 2.7
      vertex -16.3033 8.49716 2.7
      vertex -16.0587 8.03557 2.7
    endloop
  endfacet
  facet normal -0 0 1
    outer loop
      vertex -16.3581 8.45425 2.7
      vertex -16.0587 8.03557 2.7
      vertex -16.3033 8.49716 2.7
    endloop
  endfacet
  facet normal 0 0 1
    outer loop
      vertex -16.0587 8.03557 2.7
      vertex -16.3581 8.45425 2.7
      vertex -16.1628 7.98317 2.7
    endloop
  endfacet
  facet normal -0 0 1
    outer loop
      vertex -16.4173 8.4164 2.7
      vertex -16.1628 7.98317 2.7
      vertex -16.3581 8.45425 2.7
    endloop
  endfacet
  facet normal 0 0 1
    outer loop
      vertex -16.1628 7.98317 2.7
      vertex -16.4173 8.4164 2.7
      vertex -16.2748 7.93883 2.7
    endloop
  endfacet
  facet normal -0 0 1
    outer loop
      vertex -16.4808 8.38359 2.7
      vertex -16.2748 7.93883 2.7
      vertex -16.4173 8.4164 2.7
    endloop
  endfacet
  facet normal 0 0 1
    outer loop
      vertex -16.2748 7.93883 2.7
      vertex -16.4808 8.38359 2.7
      vertex -16.3948 7.90254 2.7
    endloop
  endfacet
  facet normal -0 0 1
    outer loop
      vertex -16.5488 8.35583 2.7
      vertex -16.3948 7.90254 2.7
      vertex -16.4808 8.38359 2.7
    endloop
  endfacet
  facet normal 0 0 1
    outer loop
      vertex -16.3948 7.90254 2.7
      vertex -16.5488 8.35583 2.7
      vertex -16.5228 7.87433 2.7
    endloop
  endfacet
  facet normal -0 0 1
    outer loop
      vertex -16.6212 8.33311 2.7
      vertex -16.5228 7.87433 2.7
      vertex -16.5488 8.35583 2.7
    endloop
  endfacet
  facet normal -0 0 1
    outer loop
      vertex -16.698 8.31544 2.7
      vertex -16.5228 7.87433 2.7
      vertex -16.6212 8.33311 2.7
    endloop
  endfacet
  facet normal 0 0 1
    outer loop
      vertex -16.5228 7.87433 2.7
      vertex -16.698 8.31544 2.7
      vertex -16.6588 7.85417 2.7
    endloop
  endfacet
  facet normal -0 0 1
    outer loop
      vertex -16.7792 8.30283 2.7
      vertex -16.6588 7.85417 2.7
      vertex -16.698 8.31544 2.7
    endloop
  endfacet
  facet normal 0 0 1
    outer loop
      vertex -16.7792 8.30283 2.7
      vertex -16.8028 7.84209 2.7
      vertex -16.6588 7.85417 2.7
    endloop
  endfacet
  facet normal -0 0 1
    outer loop
      vertex -16.8648 8.29526 2.7
      vertex -16.8028 7.84209 2.7
      vertex -16.7792 8.30283 2.7
    endloop
  endfacet
  facet normal 0 0 1
    outer loop
      vertex -16.9548 7.83804 2.7
      vertex -16.8648 8.29526 2.7
      vertex -16.9548 8.29272 2.7
    endloop
  endfacet
  facet normal 0 0 1
    outer loop
      vertex -16.8648 8.29526 2.7
      vertex -16.9548 7.83804 2.7
      vertex -16.8028 7.84209 2.7
    endloop
  endfacet
  facet normal 0 0 1
    outer loop
      vertex -16.9548 8.29272 2.7
      vertex -17.0966 7.84169 2.7
      vertex -16.9548 7.83804 2.7
    endloop
  endfacet
  facet normal 0 0 1
    outer loop
      vertex -17.1297 8.30215 2.7
      vertex -17.0966 7.84169 2.7
      vertex -16.9548 8.29272 2.7
    endloop
  endfacet
  facet normal 0 0 1
    outer loop
      vertex -17.1297 8.30215 2.7
      vertex -17.232 7.85258 2.7
      vertex -17.0966 7.84169 2.7
    endloop
  endfacet
  facet normal 0 0 1
    outer loop
      vertex -17.2869 8.3304 2.7
      vertex -17.232 7.85258 2.7
      vertex -17.1297 8.30215 2.7
    endloop
  endfacet
  facet normal 0 0 1
    outer loop
      vertex -17.2869 8.3304 2.7
      vertex -17.3608 7.87077 2.7
      vertex -17.232 7.85258 2.7
    endloop
  endfacet
  facet normal 0 0 1
    outer loop
      vertex -17.4831 7.89622 2.7
      vertex -17.2869 8.3304 2.7
      vertex -17.4264 8.3775 2.7
    endloop
  endfacet
  facet normal 0 0 1
    outer loop
      vertex -17.2869 8.3304 2.7
      vertex -17.4831 7.89622 2.7
      vertex -17.3608 7.87077 2.7
    endloop
  endfacet
  facet normal 0 0 1
    outer loop
      vertex -17.7082 7.96893 2.7
      vertex -17.4264 8.3775 2.7
      vertex -17.5482 8.44342 2.7
    endloop
  endfacet
  facet normal 0 0 1
    outer loop
      vertex -17.4264 8.3775 2.7
      vertex -17.5989 7.92894 2.7
      vertex -17.4831 7.89622 2.7
    endloop
  endfacet
  facet normal 0 0 1
    outer loop
      vertex -17.9072 8.07072 2.7
      vertex -17.5482 8.44342 2.7
      vertex -17.6523 8.52818 2.7
    endloop
  endfacet
  facet normal 0 0 1
    outer loop
      vertex -17.4264 8.3775 2.7
      vertex -17.7082 7.96893 2.7
      vertex -17.5989 7.92894 2.7
    endloop
  endfacet
  facet normal 0 0 1
    outer loop
      vertex -18.0795 8.20146 2.7
      vertex -17.6523 8.52818 2.7
      vertex -17.7387 8.63179 2.7
    endloop
  endfacet
  facet normal 0 0 1
    outer loop
      vertex -18.2212 8.36021 2.7
      vertex -17.7387 8.63179 2.7
      vertex -17.8074 8.75423 2.7
    endloop
  endfacet
  facet normal 0 0 1
    outer loop
      vertex -17.5482 8.44342 2.7
      vertex -17.8109 8.01619 2.7
      vertex -17.7082 7.96893 2.7
    endloop
  endfacet
  facet normal 0 0 1
    outer loop
      vertex -18.3753 8.6506 2.7
      vertex -17.8074 8.75423 2.7
      vertex -17.8583 8.89551 2.7
    endloop
  endfacet
  facet normal 0 0 1
    outer loop
      vertex -18.439 8.87906 2.7
      vertex -17.8583 8.89551 2.7
      vertex -17.8916 9.05562 2.7
    endloop
  endfacet
  facet normal 0 0 1
    outer loop
      vertex -17.5482 8.44342 2.7
      vertex -17.9072 8.07072 2.7
      vertex -17.8109 8.01619 2.7
    endloop
  endfacet
  facet normal 0 0 1
    outer loop
      vertex -17.6523 8.52818 2.7
      vertex -17.9969 8.13252 2.7
      vertex -17.9072 8.07072 2.7
    endloop
  endfacet
  facet normal 0 0 1
    outer loop
      vertex -17.6523 8.52818 2.7
      vertex -18.0795 8.20146 2.7
      vertex -17.9969 8.13252 2.7
    endloop
  endfacet
  facet normal 0 0 1
    outer loop
      vertex -17.7387 8.63179 2.7
      vertex -18.1542 8.27734 2.7
      vertex -18.0795 8.20146 2.7
    endloop
  endfacet
  facet normal 0 0 1
    outer loop
      vertex -17.7387 8.63179 2.7
      vertex -18.2212 8.36021 2.7
      vertex -18.1542 8.27734 2.7
    endloop
  endfacet
  facet normal 0 0 1
    outer loop
      vertex -17.8074 8.75423 2.7
      vertex -18.2803 8.45004 2.7
      vertex -18.2212 8.36021 2.7
    endloop
  endfacet
  facet normal 0 0 1
    outer loop
      vertex -17.8074 8.75423 2.7
      vertex -18.3317 8.54684 2.7
      vertex -18.2803 8.45004 2.7
    endloop
  endfacet
  facet normal 0 0 1
    outer loop
      vertex -17.8074 8.75423 2.7
      vertex -18.3753 8.6506 2.7
      vertex -18.3317 8.54684 2.7
    endloop
  endfacet
  facet normal 0 0 1
    outer loop
      vertex -17.8583 8.89551 2.7
      vertex -18.4111 8.76135 2.7
      vertex -18.3753 8.6506 2.7
    endloop
  endfacet
  facet normal 0 0 1
    outer loop
      vertex -17.8583 8.89551 2.7
      vertex -18.439 8.87906 2.7
      vertex -18.4111 8.76135 2.7
    endloop
  endfacet
  facet normal 0 -0 1
    outer loop
      vertex -18.439 8.87906 2.7
      vertex -17.8916 9.05562 2.7
      vertex -18.4592 9.00372 2.7
    endloop
  endfacet
  facet normal 0.0835953 -0.9965 0
    outer loop
      vertex -16.8028 7.84209 2
      vertex -16.6588 7.85417 2.7
      vertex -16.8028 7.84209 2.7
    endloop
  endfacet
  facet normal 0.0835953 -0.9965 0
    outer loop
      vertex -16.6588 7.85417 2.7
      vertex -16.8028 7.84209 2
      vertex -16.6588 7.85417 2
    endloop
  endfacet
  facet normal 0.146633 -0.989191 0
    outer loop
      vertex -16.6588 7.85417 2
      vertex -16.5228 7.87433 2.7
      vertex -16.6588 7.85417 2.7
    endloop
  endfacet
  facet normal 0.146633 -0.989191 0
    outer loop
      vertex -16.5228 7.87433 2.7
      vertex -16.6588 7.85417 2
      vertex -16.5228 7.87433 2
    endloop
  endfacet
  facet normal 0.215226 -0.976564 0
    outer loop
      vertex -16.5228 7.87433 2
      vertex -16.3948 7.90254 2.7
      vertex -16.5228 7.87433 2.7
    endloop
  endfacet
  facet normal 0.215226 -0.976564 0
    outer loop
      vertex -16.3948 7.90254 2.7
      vertex -16.5228 7.87433 2
      vertex -16.3948 7.90254 2
    endloop
  endfacet
  facet normal 0.289469 -0.957187 0
    outer loop
      vertex -16.3948 7.90254 2
      vertex -16.2748 7.93883 2.7
      vertex -16.3948 7.90254 2.7
    endloop
  endfacet
  facet normal 0.289469 -0.957187 0
    outer loop
      vertex -16.2748 7.93883 2.7
      vertex -16.3948 7.90254 2
      vertex -16.2748 7.93883 2
    endloop
  endfacet
  facet normal 0.368096 -0.929788 0
    outer loop
      vertex -16.2748 7.93883 2
      vertex -16.1628 7.98317 2.7
      vertex -16.2748 7.93883 2.7
    endloop
  endfacet
  facet normal 0.368096 -0.929788 0
    outer loop
      vertex -16.1628 7.98317 2.7
      vertex -16.2748 7.93883 2
      vertex -16.1628 7.98317 2
    endloop
  endfacet
  facet normal 0.449615 -0.893223 0
    outer loop
      vertex -16.1628 7.98317 2
      vertex -16.0587 8.03557 2.7
      vertex -16.1628 7.98317 2.7
    endloop
  endfacet
  facet normal 0.449615 -0.893223 0
    outer loop
      vertex -16.0587 8.03557 2.7
      vertex -16.1628 7.98317 2
      vertex -16.0587 8.03557 2
    endloop
  endfacet
  facet normal 0.532577 -0.846381 0
    outer loop
      vertex -16.0587 8.03557 2
      vertex -15.9626 8.09604 2.7
      vertex -16.0587 8.03557 2.7
    endloop
  endfacet
  facet normal 0.532577 -0.846381 0
    outer loop
      vertex -15.9626 8.09604 2.7
      vertex -16.0587 8.03557 2
      vertex -15.9626 8.09604 2
    endloop
  endfacet
  facet normal 0.614418 -0.78898 0
    outer loop
      vertex -15.9626 8.09604 2
      vertex -15.8746 8.16457 2.7
      vertex -15.9626 8.09604 2.7
    endloop
  endfacet
  facet normal 0.614418 -0.78898 0
    outer loop
      vertex -15.8746 8.16457 2.7
      vertex -15.9626 8.09604 2
      vertex -15.8746 8.16457 2
    endloop
  endfacet
  facet normal 0.6909 -0.72295 0
    outer loop
      vertex -15.8746 8.16457 2
      vertex -15.7952 8.24045 2.7
      vertex -15.8746 8.16457 2.7
    endloop
  endfacet
  facet normal 0.6909 -0.72295 0
    outer loop
      vertex -15.7952 8.24045 2.7
      vertex -15.8746 8.16457 2
      vertex -15.7952 8.24045 2
    endloop
  endfacet
  facet normal 0.762053 -0.647514 0
    outer loop
      vertex -15.7952 8.24045 2.7
      vertex -15.7251 8.32295 2
      vertex -15.7251 8.32295 2.7
    endloop
  endfacet
  facet normal 0.762053 -0.647514 0
    outer loop
      vertex -15.7251 8.32295 2
      vertex -15.7952 8.24045 2.7
      vertex -15.7952 8.24045 2
    endloop
  endfacet
  facet normal 0.826531 -0.562891 0
    outer loop
      vertex -15.7251 8.32295 2.7
      vertex -15.6644 8.41208 2
      vertex -15.6644 8.41208 2.7
    endloop
  endfacet
  facet normal 0.826531 -0.562891 0
    outer loop
      vertex -15.6644 8.41208 2
      vertex -15.7251 8.32295 2.7
      vertex -15.7251 8.32295 2
    endloop
  endfacet
  facet normal 0.881097 -0.472936 0
    outer loop
      vertex -15.6644 8.41208 2.7
      vertex -15.613 8.50784 2
      vertex -15.613 8.50784 2.7
    endloop
  endfacet
  facet normal 0.881097 -0.472936 0
    outer loop
      vertex -15.613 8.50784 2
      vertex -15.6644 8.41208 2.7
      vertex -15.6644 8.41208 2
    endloop
  endfacet
  facet normal 0.924884 -0.38025 0
    outer loop
      vertex -15.613 8.50784 2.7
      vertex -15.5709 8.61024 2
      vertex -15.5709 8.61024 2.7
    endloop
  endfacet
  facet normal 0.924884 -0.38025 0
    outer loop
      vertex -15.5709 8.61024 2
      vertex -15.613 8.50784 2.7
      vertex -15.613 8.50784 2
    endloop
  endfacet
  facet normal 0.957848 -0.287275 0
    outer loop
      vertex -15.5709 8.61024 2.7
      vertex -15.5382 8.71927 2
      vertex -15.5382 8.71927 2.7
    endloop
  endfacet
  facet normal 0.957848 -0.287275 0
    outer loop
      vertex -15.5382 8.71927 2
      vertex -15.5709 8.61024 2.7
      vertex -15.5709 8.61024 2
    endloop
  endfacet
  facet normal 0.980141 -0.198299 0
    outer loop
      vertex -15.5382 8.71927 2.7
      vertex -15.5148 8.83493 2
      vertex -15.5148 8.83493 2.7
    endloop
  endfacet
  facet normal 0.980141 -0.198299 0
    outer loop
      vertex -15.5148 8.83493 2
      vertex -15.5382 8.71927 2.7
      vertex -15.5382 8.71927 2
    endloop
  endfacet
  facet normal 0.99351 -0.113748 0
    outer loop
      vertex -15.5148 8.83493 2.7
      vertex -15.5008 8.95721 2
      vertex -15.5008 8.95721 2.7
    endloop
  endfacet
  facet normal 0.99351 -0.113748 0
    outer loop
      vertex -15.5008 8.95721 2
      vertex -15.5148 8.83493 2.7
      vertex -15.5148 8.83493 2
    endloop
  endfacet
  facet normal 0.999364 -0.0356611 0
    outer loop
      vertex -15.5008 8.95721 2.7
      vertex -15.4962 9.08612 2
      vertex -15.4962 9.08612 2.7
    endloop
  endfacet
  facet normal 0.999364 -0.0356611 0
    outer loop
      vertex -15.4962 9.08612 2
      vertex -15.5008 8.95721 2.7
      vertex -15.5008 8.95721 2
    endloop
  endfacet
  facet normal 0.999326 0.0367113 0
    outer loop
      vertex -15.4962 9.08612 2.7
      vertex -15.4995 9.17595 2
      vertex -15.4995 9.17595 2.7
    endloop
  endfacet
  facet normal 0.999326 0.0367113 0
    outer loop
      vertex -15.4995 9.17595 2
      vertex -15.4962 9.08612 2.7
      vertex -15.4962 9.08612 2
    endloop
  endfacet
  facet normal 0.993492 0.113904 0
    outer loop
      vertex -15.4995 9.17595 2.7
      vertex -15.5094 9.2623 2
      vertex -15.5094 9.2623 2.7
    endloop
  endfacet
  facet normal 0.993492 0.113904 0
    outer loop
      vertex -15.5094 9.2623 2
      vertex -15.4995 9.17595 2.7
      vertex -15.4995 9.17595 2
    endloop
  endfacet
  facet normal 0.980521 0.196412 0
    outer loop
      vertex -15.5094 9.2623 2.7
      vertex -15.526 9.34517 2
      vertex -15.526 9.34517 2.7
    endloop
  endfacet
  facet normal 0.980521 0.196412 0
    outer loop
      vertex -15.526 9.34517 2
      vertex -15.5094 9.2623 2.7
      vertex -15.5094 9.2623 2
    endloop
  endfacet
  facet normal 0.959884 0.280399 0
    outer loop
      vertex -15.526 9.34517 2.7
      vertex -15.5492 9.42459 2
      vertex -15.5492 9.42459 2.7
    endloop
  endfacet
  facet normal 0.959884 0.280399 0
    outer loop
      vertex -15.5492 9.42459 2
      vertex -15.526 9.34517 2.7
      vertex -15.526 9.34517 2
    endloop
  endfacet
  facet normal 0.930507 0.366274 0
    outer loop
      vertex -15.5492 9.42459 2.7
      vertex -15.5791 9.50055 2
      vertex -15.5791 9.50055 2.7
    endloop
  endfacet
  facet normal 0.930507 0.366274 0
    outer loop
      vertex -15.5791 9.50055 2
      vertex -15.5492 9.42459 2.7
      vertex -15.5492 9.42459 2
    endloop
  endfacet
  facet normal 0.893637 0.448791 0
    outer loop
      vertex -15.5791 9.50055 2.7
      vertex -15.6155 9.57303 2
      vertex -15.6155 9.57303 2.7
    endloop
  endfacet
  facet normal 0.893637 0.448791 0
    outer loop
      vertex -15.6155 9.57303 2
      vertex -15.5791 9.50055 2.7
      vertex -15.5791 9.50055 2
    endloop
  endfacet
  facet normal 0.848171 0.529723 0
    outer loop
      vertex -15.6155 9.57303 2.7
      vertex -15.6586 9.64204 2
      vertex -15.6586 9.64204 2.7
    endloop
  endfacet
  facet normal 0.848171 0.529723 0
    outer loop
      vertex -15.6586 9.64204 2
      vertex -15.6155 9.57303 2.7
      vertex -15.6155 9.57303 2
    endloop
  endfacet
  facet normal 0.796312 0.604886 0
    outer loop
      vertex -15.6586 9.64204 2.7
      vertex -15.7084 9.7076 2
      vertex -15.7084 9.7076 2.7
    endloop
  endfacet
  facet normal 0.796312 0.604886 0
    outer loop
      vertex -15.7084 9.7076 2
      vertex -15.6586 9.64204 2.7
      vertex -15.6586 9.64204 2
    endloop
  endfacet
  facet normal 0.740696 0.671841 0
    outer loop
      vertex -15.7084 9.7076 2.7
      vertex -15.7647 9.76967 2
      vertex -15.7647 9.76967 2.7
    endloop
  endfacet
  facet normal 0.740696 0.671841 0
    outer loop
      vertex -15.7647 9.76967 2
      vertex -15.7084 9.7076 2.7
      vertex -15.7084 9.7076 2
    endloop
  endfacet
  facet normal 0.679185 0.733967 -0
    outer loop
      vertex -15.7647 9.76967 2
      vertex -15.827 9.82732 2.7
      vertex -15.7647 9.76967 2.7
    endloop
  endfacet
  facet normal 0.679185 0.733967 0
    outer loop
      vertex -15.827 9.82732 2.7
      vertex -15.7647 9.76967 2
      vertex -15.827 9.82732 2
    endloop
  endfacet
  facet normal 0.611254 0.791434 -0
    outer loop
      vertex -15.827 9.82732 2
      vertex -15.8946 9.87953 2.7
      vertex -15.827 9.82732 2.7
    endloop
  endfacet
  facet normal 0.611254 0.791434 0
    outer loop
      vertex -15.8946 9.87953 2.7
      vertex -15.827 9.82732 2
      vertex -15.8946 9.87953 2
    endloop
  endfacet
  facet normal 0.540151 0.841568 -0
    outer loop
      vertex -15.8946 9.87953 2
      vertex -15.9675 9.92632 2.7
      vertex -15.8946 9.87953 2.7
    endloop
  endfacet
  facet normal 0.540151 0.841568 0
    outer loop
      vertex -15.9675 9.92632 2.7
      vertex -15.8946 9.87953 2
      vertex -15.9675 9.92632 2
    endloop
  endfacet
  facet normal 0.468002 0.883727 -0
    outer loop
      vertex -15.9675 9.92632 2
      vertex -16.0456 9.96768 2.7
      vertex -15.9675 9.92632 2.7
    endloop
  endfacet
  facet normal 0.468002 0.883727 0
    outer loop
      vertex -16.0456 9.96768 2.7
      vertex -15.9675 9.92632 2
      vertex -16.0456 9.96768 2
    endloop
  endfacet
  facet normal 0.395567 0.918437 -0
    outer loop
      vertex -16.0456 9.96768 2
      vertex -16.129 10.0036 2.7
      vertex -16.0456 9.96768 2.7
    endloop
  endfacet
  facet normal 0.395567 0.918437 0
    outer loop
      vertex -16.129 10.0036 2.7
      vertex -16.0456 9.96768 2
      vertex -16.129 10.0036 2
    endloop
  endfacet
  facet normal 0.325169 0.945656 -0
    outer loop
      vertex -16.129 10.0036 2
      vertex -16.2177 10.0341 2.7
      vertex -16.129 10.0036 2.7
    endloop
  endfacet
  facet normal 0.325169 0.945656 0
    outer loop
      vertex -16.2177 10.0341 2.7
      vertex -16.129 10.0036 2
      vertex -16.2177 10.0341 2
    endloop
  endfacet
  facet normal 0.258239 0.966081 -0
    outer loop
      vertex -16.2177 10.0341 2
      vertex -16.3116 10.0592 2.7
      vertex -16.2177 10.0341 2.7
    endloop
  endfacet
  facet normal 0.258239 0.966081 0
    outer loop
      vertex -16.3116 10.0592 2.7
      vertex -16.2177 10.0341 2
      vertex -16.3116 10.0592 2
    endloop
  endfacet
  facet normal 0.194596 0.980883 -0
    outer loop
      vertex -16.3116 10.0592 2
      vertex -16.4109 10.0789 2.7
      vertex -16.3116 10.0592 2.7
    endloop
  endfacet
  facet normal 0.194596 0.980883 0
    outer loop
      vertex -16.4109 10.0789 2.7
      vertex -16.3116 10.0592 2
      vertex -16.4109 10.0789 2
    endloop
  endfacet
  facet normal 0.134648 0.990894 -0
    outer loop
      vertex -16.4109 10.0789 2
      vertex -16.5154 10.0931 2.7
      vertex -16.4109 10.0789 2.7
    endloop
  endfacet
  facet normal 0.134648 0.990894 0
    outer loop
      vertex -16.5154 10.0931 2.7
      vertex -16.4109 10.0789 2
      vertex -16.5154 10.0931 2
    endloop
  endfacet
  facet normal 1 -0 0
    outer loop
      vertex -16.5154 10.0931 2.7
      vertex -16.5154 10.1053 2
      vertex -16.5154 10.1053 2.7
    endloop
  endfacet
  facet normal 1 0 0
    outer loop
      vertex -16.5154 10.1053 2
      vertex -16.5154 10.0931 2.7
      vertex -16.5154 10.0931 2
    endloop
  endfacet
  facet normal 0.229268 -0.973363 0
    outer loop
      vertex -16.5154 10.1053 2
      vertex -16.4203 10.1277 2.7
      vertex -16.5154 10.1053 2.7
    endloop
  endfacet
  facet normal 0.229268 -0.973363 0
    outer loop
      vertex -16.4203 10.1277 2.7
      vertex -16.5154 10.1053 2
      vertex -16.4203 10.1277 2
    endloop
  endfacet
  facet normal 0.282744 -0.959195 0
    outer loop
      vertex -16.4203 10.1277 2
      vertex -16.3304 10.1542 2.7
      vertex -16.4203 10.1277 2.7
    endloop
  endfacet
  facet normal 0.282744 -0.959195 0
    outer loop
      vertex -16.3304 10.1542 2.7
      vertex -16.4203 10.1277 2
      vertex -16.3304 10.1542 2
    endloop
  endfacet
  facet normal 0.339781 -0.940505 0
    outer loop
      vertex -16.3304 10.1542 2
      vertex -16.2457 10.1848 2.7
      vertex -16.3304 10.1542 2.7
    endloop
  endfacet
  facet normal 0.339781 -0.940505 0
    outer loop
      vertex -16.2457 10.1848 2.7
      vertex -16.3304 10.1542 2
      vertex -16.2457 10.1848 2
    endloop
  endfacet
  facet normal 0.400577 -0.916263 0
    outer loop
      vertex -16.2457 10.1848 2
      vertex -16.1661 10.2196 2.7
      vertex -16.2457 10.1848 2.7
    endloop
  endfacet
  facet normal 0.400577 -0.916263 0
    outer loop
      vertex -16.1661 10.2196 2.7
      vertex -16.2457 10.1848 2
      vertex -16.1661 10.2196 2
    endloop
  endfacet
  facet normal 0.461915 -0.886924 0
    outer loop
      vertex -16.1661 10.2196 2
      vertex -16.0916 10.2584 2.7
      vertex -16.1661 10.2196 2.7
    endloop
  endfacet
  facet normal 0.461915 -0.886924 0
    outer loop
      vertex -16.0916 10.2584 2.7
      vertex -16.1661 10.2196 2
      vertex -16.0916 10.2584 2
    endloop
  endfacet
  facet normal 0.526904 -0.849925 0
    outer loop
      vertex -16.0916 10.2584 2
      vertex -16.0224 10.3013 2.7
      vertex -16.0916 10.2584 2.7
    endloop
  endfacet
  facet normal 0.526904 -0.849925 0
    outer loop
      vertex -16.0224 10.3013 2.7
      vertex -16.0916 10.2584 2
      vertex -16.0224 10.3013 2
    endloop
  endfacet
  facet normal 0.592126 -0.805845 0
    outer loop
      vertex -16.0224 10.3013 2
      vertex -15.9583 10.3484 2.7
      vertex -16.0224 10.3013 2.7
    endloop
  endfacet
  facet normal 0.592126 -0.805845 0
    outer loop
      vertex -15.9583 10.3484 2.7
      vertex -16.0224 10.3013 2
      vertex -15.9583 10.3484 2
    endloop
  endfacet
  facet normal 0.654687 -0.7559 0
    outer loop
      vertex -15.9583 10.3484 2
      vertex -15.8993 10.3995 2.7
      vertex -15.9583 10.3484 2.7
    endloop
  endfacet
  facet normal 0.654687 -0.7559 0
    outer loop
      vertex -15.8993 10.3995 2.7
      vertex -15.9583 10.3484 2
      vertex -15.8993 10.3995 2
    endloop
  endfacet
  facet normal 0.716779 -0.697301 0
    outer loop
      vertex -15.8993 10.3995 2.7
      vertex -15.8456 10.4547 2
      vertex -15.8456 10.4547 2.7
    endloop
  endfacet
  facet normal 0.716779 -0.697301 0
    outer loop
      vertex -15.8456 10.4547 2
      vertex -15.8993 10.3995 2.7
      vertex -15.8993 10.3995 2
    endloop
  endfacet
  facet normal 0.77419 -0.632953 0
    outer loop
      vertex -15.8456 10.4547 2.7
      vertex -15.7972 10.5139 2
      vertex -15.7972 10.5139 2.7
    endloop
  endfacet
  facet normal 0.77419 -0.632953 0
    outer loop
      vertex -15.7972 10.5139 2
      vertex -15.8456 10.4547 2.7
      vertex -15.8456 10.4547 2
    endloop
  endfacet
  facet normal 0.828194 -0.560442 0
    outer loop
      vertex -15.7972 10.5139 2.7
      vertex -15.7545 10.577 2
      vertex -15.7545 10.577 2.7
    endloop
  endfacet
  facet normal 0.828194 -0.560442 0
    outer loop
      vertex -15.7545 10.577 2
      vertex -15.7972 10.5139 2.7
      vertex -15.7972 10.5139 2
    endloop
  endfacet
  facet normal 0.874774 -0.484531 0
    outer loop
      vertex -15.7545 10.577 2.7
      vertex -15.7175 10.6438 2
      vertex -15.7175 10.6438 2.7
    endloop
  endfacet
  facet normal 0.874774 -0.484531 0
    outer loop
      vertex -15.7175 10.6438 2
      vertex -15.7545 10.577 2.7
      vertex -15.7545 10.577 2
    endloop
  endfacet
  facet normal 0.914664 -0.404214 0
    outer loop
      vertex -15.7175 10.6438 2.7
      vertex -15.6863 10.7144 2
      vertex -15.6863 10.7144 2.7
    endloop
  endfacet
  facet normal 0.914664 -0.404214 0
    outer loop
      vertex -15.6863 10.7144 2
      vertex -15.7175 10.6438 2.7
      vertex -15.7175 10.6438 2
    endloop
  endfacet
  facet normal 0.945589 -0.325364 0
    outer loop
      vertex -15.6863 10.7144 2.7
      vertex -15.6607 10.7888 2
      vertex -15.6607 10.7888 2.7
    endloop
  endfacet
  facet normal 0.945589 -0.325364 0
    outer loop
      vertex -15.6607 10.7888 2
      vertex -15.6863 10.7144 2.7
      vertex -15.6863 10.7144 2
    endloop
  endfacet
  facet normal 0.968817 -0.247779 0
    outer loop
      vertex -15.6607 10.7888 2.7
      vertex -15.6407 10.867 2
      vertex -15.6407 10.867 2.7
    endloop
  endfacet
  facet normal 0.968817 -0.247779 0
    outer loop
      vertex -15.6407 10.867 2
      vertex -15.6607 10.7888 2.7
      vertex -15.6607 10.7888 2
    endloop
  endfacet
  facet normal 0.98537 -0.170429 0
    outer loop
      vertex -15.6407 10.867 2.7
      vertex -15.6265 10.9491 2
      vertex -15.6265 10.9491 2.7
    endloop
  endfacet
  facet normal 0.98537 -0.170429 0
    outer loop
      vertex -15.6265 10.9491 2
      vertex -15.6407 10.867 2.7
      vertex -15.6407 10.867 2
    endloop
  endfacet
  facet normal 0.995129 -0.098585 0
    outer loop
      vertex -15.6265 10.9491 2.7
      vertex -15.618 11.0349 2
      vertex -15.618 11.0349 2.7
    endloop
  endfacet
  facet normal 0.995129 -0.098585 0
    outer loop
      vertex -15.618 11.0349 2
      vertex -15.6265 10.9491 2.7
      vertex -15.6265 10.9491 2
    endloop
  endfacet
  facet normal 0.999478 -0.0323131 0
    outer loop
      vertex -15.618 11.0349 2.7
      vertex -15.6151 11.1246 2
      vertex -15.6151 11.1246 2.7
    endloop
  endfacet
  facet normal 0.999478 -0.0323131 0
    outer loop
      vertex -15.6151 11.1246 2
      vertex -15.618 11.0349 2.7
      vertex -15.618 11.0349 2
    endloop
  endfacet
  facet normal 0.999254 0.0386309 0
    outer loop
      vertex -15.6151 11.1246 2.7
      vertex -15.6196 11.241 2
      vertex -15.6196 11.241 2.7
    endloop
  endfacet
  facet normal 0.999254 0.0386309 0
    outer loop
      vertex -15.6196 11.241 2
      vertex -15.6151 11.1246 2.7
      vertex -15.6151 11.1246 2
    endloop
  endfacet
  facet normal 0.992847 0.119393 0
    outer loop
      vertex -15.6196 11.241 2.7
      vertex -15.6329 11.3516 2
      vertex -15.6329 11.3516 2.7
    endloop
  endfacet
  facet normal 0.992847 0.119393 0
    outer loop
      vertex -15.6329 11.3516 2
      vertex -15.6196 11.241 2.7
      vertex -15.6196 11.241 2
    endloop
  endfacet
  facet normal 0.978441 0.206529 0
    outer loop
      vertex -15.6329 11.3516 2.7
      vertex -15.655 11.4563 2
      vertex -15.655 11.4563 2.7
    endloop
  endfacet
  facet normal 0.978441 0.206529 0
    outer loop
      vertex -15.655 11.4563 2
      vertex -15.6329 11.3516 2.7
      vertex -15.6329 11.3516 2
    endloop
  endfacet
  facet normal 0.954308 0.298824 0
    outer loop
      vertex -15.655 11.4563 2.7
      vertex -15.686 11.5553 2
      vertex -15.686 11.5553 2.7
    endloop
  endfacet
  facet normal 0.954308 0.298824 0
    outer loop
      vertex -15.686 11.5553 2
      vertex -15.655 11.4563 2.7
      vertex -15.655 11.4563 2
    endloop
  endfacet
  facet normal 0.919349 0.393442 0
    outer loop
      vertex -15.686 11.5553 2.7
      vertex -15.7258 11.6483 2
      vertex -15.7258 11.6483 2.7
    endloop
  endfacet
  facet normal 0.919349 0.393442 0
    outer loop
      vertex -15.7258 11.6483 2
      vertex -15.686 11.5553 2.7
      vertex -15.686 11.5553 2
    endloop
  endfacet
  facet normal 0.873069 0.487597 0
    outer loop
      vertex -15.7258 11.6483 2.7
      vertex -15.7745 11.7355 2
      vertex -15.7745 11.7355 2.7
    endloop
  endfacet
  facet normal 0.873069 0.487597 0
    outer loop
      vertex -15.7745 11.7355 2
      vertex -15.7258 11.6483 2.7
      vertex -15.7258 11.6483 2
    endloop
  endfacet
  facet normal 0.816773 0.576959 0
    outer loop
      vertex -15.7745 11.7355 2.7
      vertex -15.832 11.8169 2
      vertex -15.832 11.8169 2.7
    endloop
  endfacet
  facet normal 0.816773 0.576959 0
    outer loop
      vertex -15.832 11.8169 2
      vertex -15.7745 11.7355 2.7
      vertex -15.7745 11.7355 2
    endloop
  endfacet
  facet normal 0.750851 0.660471 0
    outer loop
      vertex -15.832 11.8169 2.7
      vertex -15.8985 11.8925 2
      vertex -15.8985 11.8925 2.7
    endloop
  endfacet
  facet normal 0.750851 0.660471 0
    outer loop
      vertex -15.8985 11.8925 2
      vertex -15.832 11.8169 2.7
      vertex -15.832 11.8169 2
    endloop
  endfacet
  facet normal 0.679777 0.733418 -0
    outer loop
      vertex -15.8985 11.8925 2
      vertex -15.9737 11.9622 2.7
      vertex -15.8985 11.8925 2.7
    endloop
  endfacet
  facet normal 0.679777 0.733418 0
    outer loop
      vertex -15.9737 11.9622 2.7
      vertex -15.8985 11.8925 2
      vertex -15.9737 11.9622 2
    endloop
  endfacet
  facet normal 0.604282 0.796771 -0
    outer loop
      vertex -15.9737 11.9622 2
      vertex -16.0569 12.0253 2.7
      vertex -15.9737 11.9622 2.7
    endloop
  endfacet
  facet normal 0.604282 0.796771 0
    outer loop
      vertex -16.0569 12.0253 2.7
      vertex -15.9737 11.9622 2
      vertex -16.0569 12.0253 2
    endloop
  endfacet
  facet normal 0.523887 0.851788 -0
    outer loop
      vertex -16.0569 12.0253 2
      vertex -16.1473 12.0809 2.7
      vertex -16.0569 12.0253 2.7
    endloop
  endfacet
  facet normal 0.523887 0.851788 0
    outer loop
      vertex -16.1473 12.0809 2.7
      vertex -16.0569 12.0253 2
      vertex -16.1473 12.0809 2
    endloop
  endfacet
  facet normal 0.443902 0.896075 -0
    outer loop
      vertex -16.1473 12.0809 2
      vertex -16.2448 12.1292 2.7
      vertex -16.1473 12.0809 2.7
    endloop
  endfacet
  facet normal 0.443902 0.896075 0
    outer loop
      vertex -16.2448 12.1292 2.7
      vertex -16.1473 12.0809 2
      vertex -16.2448 12.1292 2
    endloop
  endfacet
  facet normal 0.363392 0.931636 -0
    outer loop
      vertex -16.2448 12.1292 2
      vertex -16.3494 12.17 2.7
      vertex -16.2448 12.1292 2.7
    endloop
  endfacet
  facet normal 0.363392 0.931636 0
    outer loop
      vertex -16.3494 12.17 2.7
      vertex -16.2448 12.1292 2
      vertex -16.3494 12.17 2
    endloop
  endfacet
  facet normal 0.286482 0.958086 -0
    outer loop
      vertex -16.3494 12.17 2
      vertex -16.4611 12.2034 2.7
      vertex -16.3494 12.17 2.7
    endloop
  endfacet
  facet normal 0.286482 0.958086 0
    outer loop
      vertex -16.4611 12.2034 2.7
      vertex -16.3494 12.17 2
      vertex -16.4611 12.2034 2
    endloop
  endfacet
  facet normal 0.213623 0.976916 -0
    outer loop
      vertex -16.4611 12.2034 2
      vertex -16.58 12.2294 2.7
      vertex -16.4611 12.2034 2.7
    endloop
  endfacet
  facet normal 0.213623 0.976916 0
    outer loop
      vertex -16.58 12.2294 2.7
      vertex -16.4611 12.2034 2
      vertex -16.58 12.2294 2
    endloop
  endfacet
  facet normal 0.14615 0.989262 -0
    outer loop
      vertex -16.58 12.2294 2
      vertex -16.7059 12.248 2.7
      vertex -16.58 12.2294 2.7
    endloop
  endfacet
  facet normal 0.14615 0.989262 0
    outer loop
      vertex -16.7059 12.248 2.7
      vertex -16.58 12.2294 2
      vertex -16.7059 12.248 2
    endloop
  endfacet
  facet normal 0.0831074 0.996541 -0
    outer loop
      vertex -16.7059 12.248 2
      vertex -16.839 12.2591 2.7
      vertex -16.7059 12.248 2.7
    endloop
  endfacet
  facet normal 0.0831074 0.996541 0
    outer loop
      vertex -16.839 12.2591 2.7
      vertex -16.7059 12.248 2
      vertex -16.839 12.2591 2
    endloop
  endfacet
  facet normal 0.0263817 0.999652 -0
    outer loop
      vertex -16.839 12.2591 2
      vertex -16.9792 12.2628 2.7
      vertex -16.839 12.2591 2.7
    endloop
  endfacet
  facet normal 0.0263817 0.999652 0
    outer loop
      vertex -16.9792 12.2628 2.7
      vertex -16.839 12.2591 2
      vertex -16.9792 12.2628 2
    endloop
  endfacet
  facet normal -0.0286926 0.999588 0
    outer loop
      vertex -16.9792 12.2628 2
      vertex -17.1081 12.2591 2.7
      vertex -16.9792 12.2628 2.7
    endloop
  endfacet
  facet normal -0.0286926 0.999588 0
    outer loop
      vertex -17.1081 12.2591 2.7
      vertex -16.9792 12.2628 2
      vertex -17.1081 12.2591 2
    endloop
  endfacet
  facet normal -0.0878468 0.996134 0
    outer loop
      vertex -17.1081 12.2591 2
      vertex -17.2317 12.2482 2.7
      vertex -17.1081 12.2591 2.7
    endloop
  endfacet
  facet normal -0.0878468 0.996134 0
    outer loop
      vertex -17.2317 12.2482 2.7
      vertex -17.1081 12.2591 2
      vertex -17.2317 12.2482 2
    endloop
  endfacet
  facet normal -0.152873 0.988246 0
    outer loop
      vertex -17.2317 12.2482 2
      vertex -17.35 12.2299 2.7
      vertex -17.2317 12.2482 2.7
    endloop
  endfacet
  facet normal -0.152873 0.988246 0
    outer loop
      vertex -17.35 12.2299 2.7
      vertex -17.2317 12.2482 2
      vertex -17.35 12.2299 2
    endloop
  endfacet
  facet normal -0.221136 0.975243 0
    outer loop
      vertex -17.35 12.2299 2
      vertex -17.4629 12.2043 2.7
      vertex -17.35 12.2299 2.7
    endloop
  endfacet
  facet normal -0.221136 0.975243 0
    outer loop
      vertex -17.4629 12.2043 2.7
      vertex -17.35 12.2299 2
      vertex -17.4629 12.2043 2
    endloop
  endfacet
  facet normal -0.292151 0.956372 0
    outer loop
      vertex -17.4629 12.2043 2
      vertex -17.5706 12.1714 2.7
      vertex -17.4629 12.2043 2.7
    endloop
  endfacet
  facet normal -0.292151 0.956372 0
    outer loop
      vertex -17.5706 12.1714 2.7
      vertex -17.4629 12.2043 2
      vertex -17.5706 12.1714 2
    endloop
  endfacet
  facet normal -0.365737 0.930718 0
    outer loop
      vertex -17.5706 12.1714 2
      vertex -17.6729 12.1312 2.7
      vertex -17.5706 12.1714 2.7
    endloop
  endfacet
  facet normal -0.365737 0.930718 0
    outer loop
      vertex -17.6729 12.1312 2.7
      vertex -17.5706 12.1714 2
      vertex -17.6729 12.1312 2
    endloop
  endfacet
  facet normal -0.439791 0.8981 0
    outer loop
      vertex -17.6729 12.1312 2
      vertex -17.7699 12.0837 2.7
      vertex -17.6729 12.1312 2.7
    endloop
  endfacet
  facet normal -0.439791 0.8981 0
    outer loop
      vertex -17.7699 12.0837 2.7
      vertex -17.6729 12.1312 2
      vertex -17.7699 12.0837 2
    endloop
  endfacet
  facet normal -0.512569 0.858646 0
    outer loop
      vertex -17.7699 12.0837 2
      vertex -17.8617 12.0289 2.7
      vertex -17.7699 12.0837 2.7
    endloop
  endfacet
  facet normal -0.512569 0.858646 0
    outer loop
      vertex -17.8617 12.0289 2.7
      vertex -17.7699 12.0837 2
      vertex -17.8617 12.0289 2
    endloop
  endfacet
  facet normal -0.583636 0.812015 0
    outer loop
      vertex -17.8617 12.0289 2
      vertex -17.9481 11.9668 2.7
      vertex -17.8617 12.0289 2.7
    endloop
  endfacet
  facet normal -0.583636 0.812015 0
    outer loop
      vertex -17.9481 11.9668 2.7
      vertex -17.8617 12.0289 2
      vertex -17.9481 11.9668 2
    endloop
  endfacet
  facet normal -0.652432 0.757847 0
    outer loop
      vertex -17.9481 11.9668 2
      vertex -18.0279 11.8981 2.7
      vertex -17.9481 11.9668 2.7
    endloop
  endfacet
  facet normal -0.652432 0.757847 0
    outer loop
      vertex -18.0279 11.8981 2.7
      vertex -17.9481 11.9668 2
      vertex -18.0279 11.8981 2
    endloop
  endfacet
  facet normal -0.717652 0.696402 0
    outer loop
      vertex -18.1 11.8238 2
      vertex -18.0279 11.8981 2.7
      vertex -18.0279 11.8981 2
    endloop
  endfacet
  facet normal -0.717652 0.696402 0
    outer loop
      vertex -18.0279 11.8981 2.7
      vertex -18.1 11.8238 2
      vertex -18.1 11.8238 2.7
    endloop
  endfacet
  facet normal -0.780298 0.625408 0
    outer loop
      vertex -18.1642 11.7437 2
      vertex -18.1 11.8238 2.7
      vertex -18.1 11.8238 2
    endloop
  endfacet
  facet normal -0.780298 0.625408 0
    outer loop
      vertex -18.1 11.8238 2.7
      vertex -18.1642 11.7437 2
      vertex -18.1642 11.7437 2.7
    endloop
  endfacet
  facet normal -0.835182 0.549974 0
    outer loop
      vertex -18.2207 11.6579 2
      vertex -18.1642 11.7437 2.7
      vertex -18.1642 11.7437 2
    endloop
  endfacet
  facet normal -0.835182 0.549974 0
    outer loop
      vertex -18.1642 11.7437 2.7
      vertex -18.2207 11.6579 2
      vertex -18.2207 11.6579 2.7
    endloop
  endfacet
  facet normal -0.883365 0.468685 0
    outer loop
      vertex -18.2693 11.5663 2
      vertex -18.2207 11.6579 2.7
      vertex -18.2207 11.6579 2
    endloop
  endfacet
  facet normal -0.883365 0.468685 0
    outer loop
      vertex -18.2207 11.6579 2.7
      vertex -18.2693 11.5663 2
      vertex -18.2693 11.5663 2.7
    endloop
  endfacet
  facet normal -0.921867 0.387506 0
    outer loop
      vertex -18.3102 11.469 2
      vertex -18.2693 11.5663 2.7
      vertex -18.2693 11.5663 2
    endloop
  endfacet
  facet normal -0.921867 0.387506 0
    outer loop
      vertex -18.2693 11.5663 2.7
      vertex -18.3102 11.469 2
      vertex -18.3102 11.469 2.7
    endloop
  endfacet
  facet normal -0.952317 0.305111 0
    outer loop
      vertex -18.3432 11.366 2
      vertex -18.3102 11.469 2.7
      vertex -18.3102 11.469 2
    endloop
  endfacet
  facet normal -0.952317 0.305111 0
    outer loop
      vertex -18.3102 11.469 2.7
      vertex -18.3432 11.366 2
      vertex -18.3432 11.366 2.7
    endloop
  endfacet
  facet normal -0.973967 0.226691 0
    outer loop
      vertex -18.3685 11.2573 2
      vertex -18.3432 11.366 2.7
      vertex -18.3432 11.366 2
    endloop
  endfacet
  facet normal -0.973967 0.226691 0
    outer loop
      vertex -18.3432 11.366 2.7
      vertex -18.3685 11.2573 2
      vertex -18.3685 11.2573 2.7
    endloop
  endfacet
  facet normal -0.988501 0.151213 0
    outer loop
      vertex -18.386 11.1429 2
      vertex -18.3685 11.2573 2.7
      vertex -18.3685 11.2573 2
    endloop
  endfacet
  facet normal -0.988501 0.151213 0
    outer loop
      vertex -18.3685 11.2573 2.7
      vertex -18.386 11.1429 2
      vertex -18.386 11.1429 2.7
    endloop
  endfacet
  facet normal -0.0772486 -0.997012 0
    outer loop
      vertex -18.386 11.1429 2
      vertex -17.8336 11.1001 2.7
      vertex -18.386 11.1429 2.7
    endloop
  endfacet
  facet normal -0.0772486 -0.997012 -0
    outer loop
      vertex -17.8336 11.1001 2.7
      vertex -18.386 11.1429 2
      vertex -17.8336 11.1001 2
    endloop
  endfacet
  facet normal 0.990111 -0.140288 0
    outer loop
      vertex -17.8336 11.1001 2.7
      vertex -17.8232 11.1735 2
      vertex -17.8232 11.1735 2.7
    endloop
  endfacet
  facet normal 0.990111 -0.140288 0
    outer loop
      vertex -17.8232 11.1735 2
      vertex -17.8336 11.1001 2.7
      vertex -17.8336 11.1001 2
    endloop
  endfacet
  facet normal 0.977265 -0.212022 0
    outer loop
      vertex -17.8232 11.1735 2.7
      vertex -17.8081 11.2431 2
      vertex -17.8081 11.2431 2.7
    endloop
  endfacet
  facet normal 0.977265 -0.212022 0
    outer loop
      vertex -17.8081 11.2431 2
      vertex -17.8232 11.1735 2.7
      vertex -17.8232 11.1735 2
    endloop
  endfacet
  facet normal 0.958106 -0.286414 0
    outer loop
      vertex -17.8081 11.2431 2.7
      vertex -17.7884 11.309 2
      vertex -17.7884 11.309 2.7
    endloop
  endfacet
  facet normal 0.958106 -0.286414 0
    outer loop
      vertex -17.7884 11.309 2
      vertex -17.8081 11.2431 2.7
      vertex -17.8081 11.2431 2
    endloop
  endfacet
  facet normal 0.930733 -0.365699 0
    outer loop
      vertex -17.7884 11.309 2.7
      vertex -17.764 11.3711 2
      vertex -17.764 11.3711 2.7
    endloop
  endfacet
  facet normal 0.930733 -0.365699 0
    outer loop
      vertex -17.764 11.3711 2
      vertex -17.7884 11.309 2.7
      vertex -17.7884 11.309 2
    endloop
  endfacet
  facet normal 0.895347 -0.44537 0
    outer loop
      vertex -17.764 11.3711 2.7
      vertex -17.735 11.4294 2
      vertex -17.735 11.4294 2.7
    endloop
  endfacet
  facet normal 0.895347 -0.44537 0
    outer loop
      vertex -17.735 11.4294 2
      vertex -17.764 11.3711 2.7
      vertex -17.764 11.3711 2
    endloop
  endfacet
  facet normal 0.851658 -0.524097 0
    outer loop
      vertex -17.735 11.4294 2.7
      vertex -17.7014 11.484 2
      vertex -17.7014 11.484 2.7
    endloop
  endfacet
  facet normal 0.851658 -0.524097 0
    outer loop
      vertex -17.7014 11.484 2
      vertex -17.735 11.4294 2.7
      vertex -17.735 11.4294 2
    endloop
  endfacet
  facet normal 0.798489 -0.60201 0
    outer loop
      vertex -17.7014 11.484 2.7
      vertex -17.6631 11.5348 2
      vertex -17.6631 11.5348 2.7
    endloop
  endfacet
  facet normal 0.798489 -0.60201 0
    outer loop
      vertex -17.6631 11.5348 2
      vertex -17.7014 11.484 2.7
      vertex -17.7014 11.484 2
    endloop
  endfacet
  facet normal 0.738588 -0.674158 0
    outer loop
      vertex -17.6631 11.5348 2.7
      vertex -17.6202 11.5818 2
      vertex -17.6202 11.5818 2.7
    endloop
  endfacet
  facet normal 0.738588 -0.674158 0
    outer loop
      vertex -17.6202 11.5818 2
      vertex -17.6631 11.5348 2.7
      vertex -17.6631 11.5348 2
    endloop
  endfacet
  facet normal 0.672828 -0.739799 0
    outer loop
      vertex -17.6202 11.5818 2
      vertex -17.5727 11.625 2.7
      vertex -17.6202 11.5818 2.7
    endloop
  endfacet
  facet normal 0.672828 -0.739799 0
    outer loop
      vertex -17.5727 11.625 2.7
      vertex -17.6202 11.5818 2
      vertex -17.5727 11.625 2
    endloop
  endfacet
  facet normal 0.604691 -0.79646 0
    outer loop
      vertex -17.5727 11.625 2
      vertex -17.5212 11.6641 2.7
      vertex -17.5727 11.625 2.7
    endloop
  endfacet
  facet normal 0.604691 -0.79646 0
    outer loop
      vertex -17.5212 11.6641 2.7
      vertex -17.5727 11.625 2
      vertex -17.5212 11.6641 2
    endloop
  endfacet
  facet normal 0.531383 -0.847132 0
    outer loop
      vertex -17.5212 11.6641 2
      vertex -17.4662 11.6986 2.7
      vertex -17.5212 11.6641 2.7
    endloop
  endfacet
  facet normal 0.531383 -0.847132 0
    outer loop
      vertex -17.4662 11.6986 2.7
      vertex -17.5212 11.6641 2
      vertex -17.4662 11.6986 2
    endloop
  endfacet
  facet normal 0.45452 -0.890737 0
    outer loop
      vertex -17.4662 11.6986 2
      vertex -17.4078 11.7284 2.7
      vertex -17.4662 11.6986 2.7
    endloop
  endfacet
  facet normal 0.45452 -0.890737 0
    outer loop
      vertex -17.4078 11.7284 2.7
      vertex -17.4662 11.6986 2
      vertex -17.4078 11.7284 2
    endloop
  endfacet
  facet normal 0.378342 -0.925666 0
    outer loop
      vertex -17.4078 11.7284 2
      vertex -17.3459 11.7537 2.7
      vertex -17.4078 11.7284 2.7
    endloop
  endfacet
  facet normal 0.378342 -0.925666 0
    outer loop
      vertex -17.3459 11.7537 2.7
      vertex -17.4078 11.7284 2
      vertex -17.3459 11.7537 2
    endloop
  endfacet
  facet normal 0.3026 -0.953118 0
    outer loop
      vertex -17.3459 11.7537 2
      vertex -17.2807 11.7744 2.7
      vertex -17.3459 11.7537 2.7
    endloop
  endfacet
  facet normal 0.3026 -0.953118 0
    outer loop
      vertex -17.2807 11.7744 2.7
      vertex -17.3459 11.7537 2
      vertex -17.2807 11.7744 2
    endloop
  endfacet
  facet normal 0.22817 -0.973621 0
    outer loop
      vertex -17.2807 11.7744 2
      vertex -17.212 11.7905 2.7
      vertex -17.2807 11.7744 2.7
    endloop
  endfacet
  facet normal 0.22817 -0.973621 0
    outer loop
      vertex -17.212 11.7905 2.7
      vertex -17.2807 11.7744 2
      vertex -17.212 11.7905 2
    endloop
  endfacet
  facet normal 0.157297 -0.987551 0
    outer loop
      vertex -17.212 11.7905 2
      vertex -17.1398 11.802 2.7
      vertex -17.212 11.7905 2.7
    endloop
  endfacet
  facet normal 0.157297 -0.987551 0
    outer loop
      vertex -17.1398 11.802 2.7
      vertex -17.212 11.7905 2
      vertex -17.1398 11.802 2
    endloop
  endfacet
  facet normal 0.0910114 -0.99585 0
    outer loop
      vertex -17.1398 11.802 2
      vertex -17.0643 11.8089 2.7
      vertex -17.1398 11.802 2.7
    endloop
  endfacet
  facet normal 0.0910114 -0.99585 0
    outer loop
      vertex -17.0643 11.8089 2.7
      vertex -17.1398 11.802 2
      vertex -17.0643 11.8089 2
    endloop
  endfacet
  facet normal 0.0291016 -0.999576 0
    outer loop
      vertex -17.0643 11.8089 2
      vertex -16.9853 11.8112 2.7
      vertex -17.0643 11.8089 2.7
    endloop
  endfacet
  facet normal 0.0291016 -0.999576 0
    outer loop
      vertex -16.9853 11.8112 2.7
      vertex -17.0643 11.8089 2
      vertex -16.9853 11.8112 2
    endloop
  endfacet
  facet normal -0.0289231 -0.999582 0
    outer loop
      vertex -16.9853 11.8112 2
      vertex -16.8989 11.8087 2.7
      vertex -16.9853 11.8112 2.7
    endloop
  endfacet
  facet normal -0.0289231 -0.999582 -0
    outer loop
      vertex -16.8989 11.8087 2.7
      vertex -16.9853 11.8112 2
      vertex -16.8989 11.8087 2
    endloop
  endfacet
  facet normal -0.0904256 -0.995903 0
    outer loop
      vertex -16.8989 11.8087 2
      vertex -16.8174 11.8013 2.7
      vertex -16.8989 11.8087 2.7
    endloop
  endfacet
  facet normal -0.0904256 -0.995903 -0
    outer loop
      vertex -16.8174 11.8013 2.7
      vertex -16.8989 11.8087 2
      vertex -16.8174 11.8013 2
    endloop
  endfacet
  facet normal -0.158342 -0.987384 0
    outer loop
      vertex -16.8174 11.8013 2
      vertex -16.7407 11.789 2.7
      vertex -16.8174 11.8013 2.7
    endloop
  endfacet
  facet normal -0.158342 -0.987384 -0
    outer loop
      vertex -16.7407 11.789 2.7
      vertex -16.8174 11.8013 2
      vertex -16.7407 11.789 2
    endloop
  endfacet
  facet normal -0.234243 -0.972178 0
    outer loop
      vertex -16.7407 11.789 2
      vertex -16.6689 11.7717 2.7
      vertex -16.7407 11.789 2.7
    endloop
  endfacet
  facet normal -0.234243 -0.972178 -0
    outer loop
      vertex -16.6689 11.7717 2.7
      vertex -16.7407 11.789 2
      vertex -16.6689 11.7717 2
    endloop
  endfacet
  facet normal -0.314527 -0.949248 0
    outer loop
      vertex -16.6689 11.7717 2
      vertex -16.6019 11.7495 2.7
      vertex -16.6689 11.7717 2.7
    endloop
  endfacet
  facet normal -0.314527 -0.949248 -0
    outer loop
      vertex -16.6019 11.7495 2.7
      vertex -16.6689 11.7717 2
      vertex -16.6019 11.7495 2
    endloop
  endfacet
  facet normal -0.401206 -0.915988 0
    outer loop
      vertex -16.6019 11.7495 2
      vertex -16.5398 11.7223 2.7
      vertex -16.6019 11.7495 2.7
    endloop
  endfacet
  facet normal -0.401206 -0.915988 -0
    outer loop
      vertex -16.5398 11.7223 2.7
      vertex -16.6019 11.7495 2
      vertex -16.5398 11.7223 2
    endloop
  endfacet
  facet normal -0.489392 -0.872064 0
    outer loop
      vertex -16.5398 11.7223 2
      vertex -16.4826 11.6902 2.7
      vertex -16.5398 11.7223 2.7
    endloop
  endfacet
  facet normal -0.489392 -0.872064 -0
    outer loop
      vertex -16.4826 11.6902 2.7
      vertex -16.5398 11.7223 2
      vertex -16.4826 11.6902 2
    endloop
  endfacet
  facet normal -0.576806 -0.816881 0
    outer loop
      vertex -16.4826 11.6902 2
      vertex -16.4302 11.6532 2.7
      vertex -16.4826 11.6902 2.7
    endloop
  endfacet
  facet normal -0.576806 -0.816881 -0
    outer loop
      vertex -16.4302 11.6532 2.7
      vertex -16.4826 11.6902 2
      vertex -16.4302 11.6532 2
    endloop
  endfacet
  facet normal -0.661517 -0.74993 0
    outer loop
      vertex -16.4302 11.6532 2
      vertex -16.3827 11.6113 2.7
      vertex -16.4302 11.6532 2.7
    endloop
  endfacet
  facet normal -0.661517 -0.74993 -0
    outer loop
      vertex -16.3827 11.6113 2.7
      vertex -16.4302 11.6532 2
      vertex -16.3827 11.6113 2
    endloop
  endfacet
  facet normal -0.735169 -0.677883 0
    outer loop
      vertex -16.3401 11.5651 2
      vertex -16.3827 11.6113 2.7
      vertex -16.3827 11.6113 2
    endloop
  endfacet
  facet normal -0.735169 -0.677883 0
    outer loop
      vertex -16.3827 11.6113 2.7
      vertex -16.3401 11.5651 2
      vertex -16.3401 11.5651 2.7
    endloop
  endfacet
  facet normal -0.798073 -0.602561 0
    outer loop
      vertex -16.3025 11.5153 2
      vertex -16.3401 11.5651 2.7
      vertex -16.3401 11.5651 2
    endloop
  endfacet
  facet normal -0.798073 -0.602561 0
    outer loop
      vertex -16.3401 11.5651 2.7
      vertex -16.3025 11.5153 2
      vertex -16.3025 11.5153 2.7
    endloop
  endfacet
  facet normal -0.853519 -0.521062 0
    outer loop
      vertex -16.2699 11.4619 2
      vertex -16.3025 11.5153 2.7
      vertex -16.3025 11.5153 2
    endloop
  endfacet
  facet normal -0.853519 -0.521062 0
    outer loop
      vertex -16.3025 11.5153 2.7
      vertex -16.2699 11.4619 2
      vertex -16.2699 11.4619 2.7
    endloop
  endfacet
  facet normal -0.900359 -0.435147 0
    outer loop
      vertex -16.2424 11.405 2
      vertex -16.2699 11.4619 2.7
      vertex -16.2699 11.4619 2
    endloop
  endfacet
  facet normal -0.900359 -0.435147 0
    outer loop
      vertex -16.2699 11.4619 2.7
      vertex -16.2424 11.405 2
      vertex -16.2424 11.405 2.7
    endloop
  endfacet
  facet normal -0.936774 -0.349935 0
    outer loop
      vertex -16.2198 11.3445 2
      vertex -16.2424 11.405 2.7
      vertex -16.2424 11.405 2
    endloop
  endfacet
  facet normal -0.936774 -0.349935 0
    outer loop
      vertex -16.2424 11.405 2.7
      vertex -16.2198 11.3445 2
      vertex -16.2198 11.3445 2.7
    endloop
  endfacet
  facet normal -0.964798 -0.26299 0
    outer loop
      vertex -16.2023 11.2803 2
      vertex -16.2198 11.3445 2.7
      vertex -16.2198 11.3445 2
    endloop
  endfacet
  facet normal -0.964798 -0.26299 0
    outer loop
      vertex -16.2198 11.3445 2.7
      vertex -16.2023 11.2803 2
      vertex -16.2023 11.2803 2.7
    endloop
  endfacet
  facet normal -0.983069 -0.183235 0
    outer loop
      vertex -16.1897 11.2127 2
      vertex -16.2023 11.2803 2.7
      vertex -16.2023 11.2803 2
    endloop
  endfacet
  facet normal -0.983069 -0.183235 0
    outer loop
      vertex -16.2023 11.2803 2.7
      vertex -16.1897 11.2127 2
      vertex -16.1897 11.2127 2.7
    endloop
  endfacet
  facet normal -0.994513 -0.104612 0
    outer loop
      vertex -16.1822 11.1414 2
      vertex -16.1897 11.2127 2.7
      vertex -16.1897 11.2127 2
    endloop
  endfacet
  facet normal -0.994513 -0.104612 0
    outer loop
      vertex -16.1897 11.2127 2.7
      vertex -16.1822 11.1414 2
      vertex -16.1822 11.1414 2.7
    endloop
  endfacet
  facet normal -0.999442 -0.0334038 0
    outer loop
      vertex -16.1797 11.0666 2
      vertex -16.1822 11.1414 2.7
      vertex -16.1822 11.1414 2
    endloop
  endfacet
  facet normal -0.999442 -0.0334038 0
    outer loop
      vertex -16.1822 11.1414 2.7
      vertex -16.1797 11.0666 2
      vertex -16.1797 11.0666 2.7
    endloop
  endfacet
  facet normal -0.999158 0.041025 0
    outer loop
      vertex -16.1828 10.9911 2
      vertex -16.1797 11.0666 2.7
      vertex -16.1797 11.0666 2
    endloop
  endfacet
  facet normal -0.999158 0.041025 0
    outer loop
      vertex -16.1797 11.0666 2.7
      vertex -16.1828 10.9911 2
      vertex -16.1828 10.9911 2.7
    endloop
  endfacet
  facet normal -0.991868 0.127269 0
    outer loop
      vertex -16.192 10.9194 2
      vertex -16.1828 10.9911 2.7
      vertex -16.1828 10.9911 2
    endloop
  endfacet
  facet normal -0.991868 0.127269 0
    outer loop
      vertex -16.1828 10.9911 2.7
      vertex -16.192 10.9194 2
      vertex -16.192 10.9194 2.7
    endloop
  endfacet
  facet normal -0.975302 0.220877 0
    outer loop
      vertex -16.2074 10.8514 2
      vertex -16.192 10.9194 2.7
      vertex -16.192 10.9194 2
    endloop
  endfacet
  facet normal -0.975302 0.220877 0
    outer loop
      vertex -16.192 10.9194 2.7
      vertex -16.2074 10.8514 2
      vertex -16.2074 10.8514 2.7
    endloop
  endfacet
  facet normal -0.948239 0.317557 0
    outer loop
      vertex -16.2289 10.7872 2
      vertex -16.2074 10.8514 2.7
      vertex -16.2074 10.8514 2
    endloop
  endfacet
  facet normal -0.948239 0.317557 0
    outer loop
      vertex -16.2074 10.8514 2.7
      vertex -16.2289 10.7872 2
      vertex -16.2289 10.7872 2.7
    endloop
  endfacet
  facet normal -0.909799 0.415049 0
    outer loop
      vertex -16.2565 10.7267 2
      vertex -16.2289 10.7872 2.7
      vertex -16.2289 10.7872 2
    endloop
  endfacet
  facet normal -0.909799 0.415049 0
    outer loop
      vertex -16.2289 10.7872 2.7
      vertex -16.2565 10.7267 2
      vertex -16.2565 10.7267 2.7
    endloop
  endfacet
  facet normal -0.859356 0.511377 0
    outer loop
      vertex -16.2903 10.6699 2
      vertex -16.2565 10.7267 2.7
      vertex -16.2565 10.7267 2
    endloop
  endfacet
  facet normal -0.859356 0.511377 0
    outer loop
      vertex -16.2565 10.7267 2.7
      vertex -16.2903 10.6699 2
      vertex -16.2903 10.6699 2.7
    endloop
  endfacet
  facet normal -0.799458 0.600722 0
    outer loop
      vertex -16.3302 10.6168 2
      vertex -16.2903 10.6699 2.7
      vertex -16.2903 10.6699 2
    endloop
  endfacet
  facet normal -0.799458 0.600722 0
    outer loop
      vertex -16.2903 10.6699 2.7
      vertex -16.3302 10.6168 2
      vertex -16.3302 10.6168 2.7
    endloop
  endfacet
  facet normal -0.731154 0.682213 0
    outer loop
      vertex -16.3762 10.5675 2
      vertex -16.3302 10.6168 2.7
      vertex -16.3302 10.6168 2
    endloop
  endfacet
  facet normal -0.731154 0.682213 0
    outer loop
      vertex -16.3302 10.6168 2.7
      vertex -16.3762 10.5675 2
      vertex -16.3762 10.5675 2.7
    endloop
  endfacet
  facet normal -0.657892 0.753113 0
    outer loop
      vertex -16.3762 10.5675 2
      vertex -16.4284 10.5219 2.7
      vertex -16.3762 10.5675 2.7
    endloop
  endfacet
  facet normal -0.657892 0.753113 0
    outer loop
      vertex -16.4284 10.5219 2.7
      vertex -16.3762 10.5675 2
      vertex -16.4284 10.5219 2
    endloop
  endfacet
  facet normal -0.581371 0.813638 0
    outer loop
      vertex -16.4284 10.5219 2
      vertex -16.4862 10.4806 2.7
      vertex -16.4284 10.5219 2.7
    endloop
  endfacet
  facet normal -0.581371 0.813638 0
    outer loop
      vertex -16.4862 10.4806 2.7
      vertex -16.4284 10.5219 2
      vertex -16.4862 10.4806 2
    endloop
  endfacet
  facet normal -0.502501 0.864577 0
    outer loop
      vertex -16.4862 10.4806 2
      vertex -16.549 10.4441 2.7
      vertex -16.4862 10.4806 2.7
    endloop
  endfacet
  facet normal -0.502501 0.864577 0
    outer loop
      vertex -16.549 10.4441 2.7
      vertex -16.4862 10.4806 2
      vertex -16.549 10.4441 2
    endloop
  endfacet
  facet normal -0.422446 0.906388 0
    outer loop
      vertex -16.549 10.4441 2
      vertex -16.6168 10.4125 2.7
      vertex -16.549 10.4441 2.7
    endloop
  endfacet
  facet normal -0.422446 0.906388 0
    outer loop
      vertex -16.6168 10.4125 2.7
      vertex -16.549 10.4441 2
      vertex -16.6168 10.4125 2
    endloop
  endfacet
  facet normal -0.34433 0.938849 0
    outer loop
      vertex -16.6168 10.4125 2
      vertex -16.6896 10.3858 2.7
      vertex -16.6168 10.4125 2.7
    endloop
  endfacet
  facet normal -0.34433 0.938849 0
    outer loop
      vertex -16.6896 10.3858 2.7
      vertex -16.6168 10.4125 2
      vertex -16.6896 10.3858 2
    endloop
  endfacet
  facet normal -0.270961 0.96259 0
    outer loop
      vertex -16.6896 10.3858 2
      vertex -16.7674 10.3639 2.7
      vertex -16.6896 10.3858 2.7
    endloop
  endfacet
  facet normal -0.270961 0.96259 0
    outer loop
      vertex -16.7674 10.3639 2.7
      vertex -16.6896 10.3858 2
      vertex -16.7674 10.3639 2
    endloop
  endfacet
  facet normal -0.201119 0.979567 0
    outer loop
      vertex -16.7674 10.3639 2
      vertex -16.8502 10.3469 2.7
      vertex -16.7674 10.3639 2.7
    endloop
  endfacet
  facet normal -0.201119 0.979567 0
    outer loop
      vertex -16.8502 10.3469 2.7
      vertex -16.7674 10.3639 2
      vertex -16.8502 10.3469 2
    endloop
  endfacet
  facet normal -0.136523 0.990637 0
    outer loop
      vertex -16.8502 10.3469 2
      vertex -16.938 10.3348 2.7
      vertex -16.8502 10.3469 2.7
    endloop
  endfacet
  facet normal -0.136523 0.990637 0
    outer loop
      vertex -16.938 10.3348 2.7
      vertex -16.8502 10.3469 2
      vertex -16.938 10.3348 2
    endloop
  endfacet
  facet normal -0.0783376 0.996927 0
    outer loop
      vertex -16.938 10.3348 2
      vertex -17.0309 10.3275 2.7
      vertex -16.938 10.3348 2.7
    endloop
  endfacet
  facet normal -0.0783376 0.996927 0
    outer loop
      vertex -17.0309 10.3275 2.7
      vertex -16.938 10.3348 2
      vertex -17.0309 10.3275 2
    endloop
  endfacet
  facet normal -0.025554 0.999673 0
    outer loop
      vertex -17.0309 10.3275 2
      vertex -17.1287 10.325 2.7
      vertex -17.0309 10.3275 2.7
    endloop
  endfacet
  facet normal -0.025554 0.999673 0
    outer loop
      vertex -17.1287 10.325 2.7
      vertex -17.0309 10.3275 2
      vertex -17.1287 10.325 2
    endloop
  endfacet
  facet normal 0 1 -0
    outer loop
      vertex -17.1287 10.325 2
      vertex -17.4278 10.325 2.7
      vertex -17.1287 10.325 2.7
    endloop
  endfacet
  facet normal 0 1 0
    outer loop
      vertex -17.4278 10.325 2.7
      vertex -17.1287 10.325 2
      vertex -17.4278 10.325 2
    endloop
  endfacet
  facet normal -1 0 0
    outer loop
      vertex -17.4278 9.84901 2
      vertex -17.4278 10.325 2.7
      vertex -17.4278 10.325 2
    endloop
  endfacet
  facet normal -1 -0 0
    outer loop
      vertex -17.4278 10.325 2.7
      vertex -17.4278 9.84901 2
      vertex -17.4278 9.84901 2.7
    endloop
  endfacet
  facet normal 0 -1 0
    outer loop
      vertex -17.4278 9.84901 2
      vertex -17.1165 9.84901 2.7
      vertex -17.4278 9.84901 2.7
    endloop
  endfacet
  facet normal 0 -1 -0
    outer loop
      vertex -17.1165 9.84901 2.7
      vertex -17.4278 9.84901 2
      vertex -17.1165 9.84901 2
    endloop
  endfacet
  facet normal -0.0221161 -0.999755 0
    outer loop
      vertex -17.1165 9.84901 2
      vertex -17.0062 9.84657 2.7
      vertex -17.1165 9.84901 2.7
    endloop
  endfacet
  facet normal -0.0221161 -0.999755 -0
    outer loop
      vertex -17.0062 9.84657 2.7
      vertex -17.1165 9.84901 2
      vertex -17.0062 9.84657 2
    endloop
  endfacet
  facet normal -0.0696293 -0.997573 0
    outer loop
      vertex -17.0062 9.84657 2
      vertex -16.9019 9.83929 2.7
      vertex -17.0062 9.84657 2.7
    endloop
  endfacet
  facet normal -0.0696293 -0.997573 -0
    outer loop
      vertex -16.9019 9.83929 2.7
      vertex -17.0062 9.84657 2
      vertex -16.9019 9.83929 2
    endloop
  endfacet
  facet normal -0.122522 -0.992466 0
    outer loop
      vertex -16.9019 9.83929 2
      vertex -16.8034 9.82713 2.7
      vertex -16.9019 9.83929 2.7
    endloop
  endfacet
  facet normal -0.122522 -0.992466 -0
    outer loop
      vertex -16.8034 9.82713 2.7
      vertex -16.9019 9.83929 2
      vertex -16.8034 9.82713 2
    endloop
  endfacet
  facet normal -0.180568 -0.983563 0
    outer loop
      vertex -16.8034 9.82713 2
      vertex -16.7108 9.81013 2.7
      vertex -16.8034 9.82713 2.7
    endloop
  endfacet
  facet normal -0.180568 -0.983563 -0
    outer loop
      vertex -16.7108 9.81013 2.7
      vertex -16.8034 9.82713 2
      vertex -16.7108 9.81013 2
    endloop
  endfacet
  facet normal -0.244958 -0.969534 0
    outer loop
      vertex -16.7108 9.81013 2
      vertex -16.6242 9.78825 2.7
      vertex -16.7108 9.81013 2.7
    endloop
  endfacet
  facet normal -0.244958 -0.969534 -0
    outer loop
      vertex -16.6242 9.78825 2.7
      vertex -16.7108 9.81013 2
      vertex -16.6242 9.78825 2
    endloop
  endfacet
  facet normal -0.314215 -0.949352 0
    outer loop
      vertex -16.6242 9.78825 2
      vertex -16.5435 9.76154 2.7
      vertex -16.6242 9.78825 2.7
    endloop
  endfacet
  facet normal -0.314215 -0.949352 -0
    outer loop
      vertex -16.5435 9.76154 2.7
      vertex -16.6242 9.78825 2
      vertex -16.5435 9.76154 2
    endloop
  endfacet
  facet normal -0.389262 -0.921127 0
    outer loop
      vertex -16.5435 9.76154 2
      vertex -16.4687 9.72993 2.7
      vertex -16.5435 9.76154 2.7
    endloop
  endfacet
  facet normal -0.389262 -0.921127 -0
    outer loop
      vertex -16.4687 9.72993 2.7
      vertex -16.5435 9.76154 2
      vertex -16.4687 9.72993 2
    endloop
  endfacet
  facet normal -0.467422 -0.884034 0
    outer loop
      vertex -16.4687 9.72993 2
      vertex -16.3998 9.6935 2.7
      vertex -16.4687 9.72993 2.7
    endloop
  endfacet
  facet normal -0.467422 -0.884034 -0
    outer loop
      vertex -16.3998 9.6935 2.7
      vertex -16.4687 9.72993 2
      vertex -16.3998 9.6935 2
    endloop
  endfacet
  facet normal -0.549045 -0.835793 0
    outer loop
      vertex -16.3998 9.6935 2
      vertex -16.3369 9.65218 2.7
      vertex -16.3998 9.6935 2.7
    endloop
  endfacet
  facet normal -0.549045 -0.835793 -0
    outer loop
      vertex -16.3369 9.65218 2.7
      vertex -16.3998 9.6935 2
      vertex -16.3369 9.65218 2
    endloop
  endfacet
  facet normal -0.627038 -0.778989 0
    outer loop
      vertex -16.3369 9.65218 2
      vertex -16.2802 9.60654 2.7
      vertex -16.3369 9.65218 2.7
    endloop
  endfacet
  facet normal -0.627038 -0.778989 -0
    outer loop
      vertex -16.2802 9.60654 2.7
      vertex -16.3369 9.65218 2
      vertex -16.2802 9.60654 2
    endloop
  endfacet
  facet normal -0.703114 -0.711078 0
    outer loop
      vertex -16.2802 9.60654 2
      vertex -16.2302 9.5571 2.7
      vertex -16.2802 9.60654 2.7
    endloop
  endfacet
  facet normal -0.703114 -0.711078 -0
    outer loop
      vertex -16.2302 9.5571 2.7
      vertex -16.2802 9.60654 2
      vertex -16.2302 9.5571 2
    endloop
  endfacet
  facet normal -0.775156 -0.63177 0
    outer loop
      vertex -16.1868 9.50385 2
      vertex -16.2302 9.5571 2.7
      vertex -16.2302 9.5571 2
    endloop
  endfacet
  facet normal -0.775156 -0.63177 0
    outer loop
      vertex -16.2302 9.5571 2.7
      vertex -16.1868 9.50385 2
      vertex -16.1868 9.50385 2.7
    endloop
  endfacet
  facet normal -0.841767 -0.53984 0
    outer loop
      vertex -16.1502 9.44678 2
      vertex -16.1868 9.50385 2.7
      vertex -16.1868 9.50385 2
    endloop
  endfacet
  facet normal -0.841767 -0.53984 0
    outer loop
      vertex -16.1868 9.50385 2.7
      vertex -16.1502 9.44678 2
      vertex -16.1502 9.44678 2.7
    endloop
  endfacet
  facet normal -0.896334 -0.44338 0
    outer loop
      vertex -16.1201 9.38593 2
      vertex -16.1502 9.44678 2.7
      vertex -16.1502 9.44678 2
    endloop
  endfacet
  facet normal -0.896334 -0.44338 0
    outer loop
      vertex -16.1502 9.44678 2.7
      vertex -16.1201 9.38593 2
      vertex -16.1201 9.38593 2.7
    endloop
  endfacet
  facet normal -0.9408 -0.338962 0
    outer loop
      vertex -16.0968 9.32126 2
      vertex -16.1201 9.38593 2.7
      vertex -16.1201 9.38593 2
    endloop
  endfacet
  facet normal -0.9408 -0.338962 0
    outer loop
      vertex -16.1201 9.38593 2.7
      vertex -16.0968 9.32126 2
      vertex -16.0968 9.32126 2.7
    endloop
  endfacet
  facet normal -0.971846 -0.235616 0
    outer loop
      vertex -16.0802 9.25279 2
      vertex -16.0968 9.32126 2.7
      vertex -16.0968 9.32126 2
    endloop
  endfacet
  facet normal -0.971846 -0.235616 0
    outer loop
      vertex -16.0968 9.32126 2.7
      vertex -16.0802 9.25279 2
      vertex -16.0802 9.25279 2.7
    endloop
  endfacet
  facet normal -0.990378 -0.13839 0
    outer loop
      vertex -16.0701 9.18051 2
      vertex -16.0802 9.25279 2.7
      vertex -16.0802 9.25279 2
    endloop
  endfacet
  facet normal -0.990378 -0.13839 0
    outer loop
      vertex -16.0802 9.25279 2.7
      vertex -16.0701 9.18051 2
      vertex -16.0701 9.18051 2.7
    endloop
  endfacet
  facet normal -0.99906 -0.043346 0
    outer loop
      vertex -16.0668 9.10445 2
      vertex -16.0701 9.18051 2.7
      vertex -16.0701 9.18051 2
    endloop
  endfacet
  facet normal -0.99906 -0.043346 0
    outer loop
      vertex -16.0701 9.18051 2.7
      vertex -16.0668 9.10445 2
      vertex -16.0668 9.10445 2.7
    endloop
  endfacet
  facet normal -0.999446 0.0332881 0
    outer loop
      vertex -16.0697 9.01738 2
      vertex -16.0668 9.10445 2.7
      vertex -16.0668 9.10445 2
    endloop
  endfacet
  facet normal -0.999446 0.0332881 0
    outer loop
      vertex -16.0668 9.10445 2.7
      vertex -16.0697 9.01738 2
      vertex -16.0697 9.01738 2.7
    endloop
  endfacet
  facet normal -0.994314 0.106486 0
    outer loop
      vertex -16.0785 8.93521 2
      vertex -16.0697 9.01738 2.7
      vertex -16.0697 9.01738 2
    endloop
  endfacet
  facet normal -0.994314 0.106486 0
    outer loop
      vertex -16.0697 9.01738 2.7
      vertex -16.0785 8.93521 2
      vertex -16.0785 8.93521 2.7
    endloop
  endfacet
  facet normal -0.982614 0.185663 0
    outer loop
      vertex -16.0931 8.85794 2
      vertex -16.0785 8.93521 2.7
      vertex -16.0785 8.93521 2
    endloop
  endfacet
  facet normal -0.982614 0.185663 0
    outer loop
      vertex -16.0785 8.93521 2.7
      vertex -16.0931 8.85794 2
      vertex -16.0931 8.85794 2.7
    endloop
  endfacet
  facet normal -0.962492 0.271312 0
    outer loop
      vertex -16.1135 8.78557 2
      vertex -16.0931 8.85794 2.7
      vertex -16.0931 8.85794 2
    endloop
  endfacet
  facet normal -0.962492 0.271312 0
    outer loop
      vertex -16.0931 8.85794 2.7
      vertex -16.1135 8.78557 2
      vertex -16.1135 8.78557 2.7
    endloop
  endfacet
  facet normal -0.931735 0.363139 0
    outer loop
      vertex -16.1398 8.71809 2
      vertex -16.1135 8.78557 2.7
      vertex -16.1135 8.78557 2
    endloop
  endfacet
  facet normal -0.931735 0.363139 0
    outer loop
      vertex -16.1135 8.78557 2.7
      vertex -16.1398 8.71809 2
      vertex -16.1398 8.71809 2.7
    endloop
  endfacet
  facet normal -0.889743 0.456461 0
    outer loop
      vertex -16.1719 8.65552 2
      vertex -16.1398 8.71809 2.7
      vertex -16.1398 8.71809 2
    endloop
  endfacet
  facet normal -0.889743 0.456461 0
    outer loop
      vertex -16.1398 8.71809 2.7
      vertex -16.1719 8.65552 2
      vertex -16.1719 8.65552 2.7
    endloop
  endfacet
  facet normal -0.835067 0.550148 0
    outer loop
      vertex -16.2099 8.59784 2
      vertex -16.1719 8.65552 2.7
      vertex -16.1719 8.65552 2
    endloop
  endfacet
  facet normal -0.835067 0.550148 0
    outer loop
      vertex -16.1719 8.65552 2.7
      vertex -16.2099 8.59784 2
      vertex -16.2099 8.59784 2.7
    endloop
  endfacet
  facet normal -0.769534 0.638606 0
    outer loop
      vertex -16.2537 8.54506 2
      vertex -16.2099 8.59784 2.7
      vertex -16.2099 8.59784 2
    endloop
  endfacet
  facet normal -0.769534 0.638606 0
    outer loop
      vertex -16.2099 8.59784 2.7
      vertex -16.2537 8.54506 2
      vertex -16.2537 8.54506 2.7
    endloop
  endfacet
  facet normal -0.694672 0.719326 0
    outer loop
      vertex -16.2537 8.54506 2
      vertex -16.3033 8.49716 2.7
      vertex -16.2537 8.54506 2.7
    endloop
  endfacet
  facet normal -0.694672 0.719326 0
    outer loop
      vertex -16.3033 8.49716 2.7
      vertex -16.2537 8.54506 2
      vertex -16.3033 8.49716 2
    endloop
  endfacet
  facet normal -0.616514 0.787344 0
    outer loop
      vertex -16.3033 8.49716 2
      vertex -16.3581 8.45425 2.7
      vertex -16.3033 8.49716 2.7
    endloop
  endfacet
  facet normal -0.616514 0.787344 0
    outer loop
      vertex -16.3581 8.45425 2.7
      vertex -16.3033 8.49716 2
      vertex -16.3581 8.45425 2
    endloop
  endfacet
  facet normal -0.53867 0.842517 0
    outer loop
      vertex -16.3581 8.45425 2
      vertex -16.4173 8.4164 2.7
      vertex -16.3581 8.45425 2.7
    endloop
  endfacet
  facet normal -0.53867 0.842517 0
    outer loop
      vertex -16.4173 8.4164 2.7
      vertex -16.3581 8.45425 2
      vertex -16.4173 8.4164 2
    endloop
  endfacet
  facet normal -0.459038 0.888416 0
    outer loop
      vertex -16.4173 8.4164 2
      vertex -16.4808 8.38359 2.7
      vertex -16.4173 8.4164 2.7
    endloop
  endfacet
  facet normal -0.459038 0.888416 0
    outer loop
      vertex -16.4808 8.38359 2.7
      vertex -16.4173 8.4164 2
      vertex -16.4808 8.38359 2
    endloop
  endfacet
  facet normal -0.377954 0.925824 0
    outer loop
      vertex -16.4808 8.38359 2
      vertex -16.5488 8.35583 2.7
      vertex -16.4808 8.38359 2.7
    endloop
  endfacet
  facet normal -0.377954 0.925824 0
    outer loop
      vertex -16.5488 8.35583 2.7
      vertex -16.4808 8.38359 2
      vertex -16.5488 8.35583 2
    endloop
  endfacet
  facet normal -0.299415 0.954123 0
    outer loop
      vertex -16.5488 8.35583 2
      vertex -16.6212 8.33311 2.7
      vertex -16.5488 8.35583 2.7
    endloop
  endfacet
  facet normal -0.299415 0.954123 0
    outer loop
      vertex -16.6212 8.33311 2.7
      vertex -16.5488 8.35583 2
      vertex -16.6212 8.33311 2
    endloop
  endfacet
  facet normal -0.22422 0.974539 0
    outer loop
      vertex -16.6212 8.33311 2
      vertex -16.698 8.31544 2.7
      vertex -16.6212 8.33311 2.7
    endloop
  endfacet
  facet normal -0.22422 0.974539 0
    outer loop
      vertex -16.698 8.31544 2.7
      vertex -16.6212 8.33311 2
      vertex -16.698 8.31544 2
    endloop
  endfacet
  facet normal -0.153456 0.988155 0
    outer loop
      vertex -16.698 8.31544 2
      vertex -16.7792 8.30283 2.7
      vertex -16.698 8.31544 2.7
    endloop
  endfacet
  facet normal -0.153456 0.988155 0
    outer loop
      vertex -16.7792 8.30283 2.7
      vertex -16.698 8.31544 2
      vertex -16.7792 8.30283 2
    endloop
  endfacet
  facet normal -0.0880908 0.996112 0
    outer loop
      vertex -16.7792 8.30283 2
      vertex -16.8648 8.29526 2.7
      vertex -16.7792 8.30283 2.7
    endloop
  endfacet
  facet normal -0.0880908 0.996112 0
    outer loop
      vertex -16.8648 8.29526 2.7
      vertex -16.7792 8.30283 2
      vertex -16.8648 8.29526 2
    endloop
  endfacet
  facet normal -0.028211 0.999602 0
    outer loop
      vertex -16.8648 8.29526 2
      vertex -16.9548 8.29272 2.7
      vertex -16.8648 8.29526 2.7
    endloop
  endfacet
  facet normal -0.028211 0.999602 0
    outer loop
      vertex -16.9548 8.29272 2.7
      vertex -16.8648 8.29526 2
      vertex -16.9548 8.29272 2
    endloop
  endfacet
  facet normal 0.0538383 0.99855 -0
    outer loop
      vertex -16.9548 8.29272 2
      vertex -17.1297 8.30215 2.7
      vertex -16.9548 8.29272 2.7
    endloop
  endfacet
  facet normal 0.0538383 0.99855 0
    outer loop
      vertex -17.1297 8.30215 2.7
      vertex -16.9548 8.29272 2
      vertex -17.1297 8.30215 2
    endloop
  endfacet
  facet normal 0.176874 0.984233 -0
    outer loop
      vertex -17.1297 8.30215 2
      vertex -17.2869 8.3304 2.7
      vertex -17.1297 8.30215 2.7
    endloop
  endfacet
  facet normal 0.176874 0.984233 0
    outer loop
      vertex -17.2869 8.3304 2.7
      vertex -17.1297 8.30215 2
      vertex -17.2869 8.3304 2
    endloop
  endfacet
  facet normal 0.319893 0.947454 -0
    outer loop
      vertex -17.2869 8.3304 2
      vertex -17.4264 8.3775 2.7
      vertex -17.2869 8.3304 2.7
    endloop
  endfacet
  facet normal 0.319893 0.947454 0
    outer loop
      vertex -17.4264 8.3775 2.7
      vertex -17.2869 8.3304 2
      vertex -17.4264 8.3775 2
    endloop
  endfacet
  facet normal 0.475976 0.879458 -0
    outer loop
      vertex -17.4264 8.3775 2
      vertex -17.5482 8.44342 2.7
      vertex -17.4264 8.3775 2.7
    endloop
  endfacet
  facet normal 0.475976 0.879458 0
    outer loop
      vertex -17.5482 8.44342 2.7
      vertex -17.4264 8.3775 2
      vertex -17.5482 8.44342 2
    endloop
  endfacet
  facet normal 0.631394 0.775462 -0
    outer loop
      vertex -17.5482 8.44342 2
      vertex -17.6523 8.52818 2.7
      vertex -17.5482 8.44342 2.7
    endloop
  endfacet
  facet normal 0.631394 0.775462 0
    outer loop
      vertex -17.6523 8.52818 2.7
      vertex -17.5482 8.44342 2
      vertex -17.6523 8.52818 2
    endloop
  endfacet
  facet normal 0.768009 0.64044 0
    outer loop
      vertex -17.6523 8.52818 2.7
      vertex -17.7387 8.63179 2
      vertex -17.7387 8.63179 2.7
    endloop
  endfacet
  facet normal 0.768009 0.64044 0
    outer loop
      vertex -17.7387 8.63179 2
      vertex -17.6523 8.52818 2.7
      vertex -17.6523 8.52818 2
    endloop
  endfacet
  facet normal 0.8721 0.489328 0
    outer loop
      vertex -17.7387 8.63179 2.7
      vertex -17.8074 8.75423 2
      vertex -17.8074 8.75423 2.7
    endloop
  endfacet
  facet normal 0.8721 0.489328 0
    outer loop
      vertex -17.8074 8.75423 2
      vertex -17.7387 8.63179 2.7
      vertex -17.7387 8.63179 2
    endloop
  endfacet
  facet normal 0.940804 0.338951 0
    outer loop
      vertex -17.8074 8.75423 2.7
      vertex -17.8583 8.89551 2
      vertex -17.8583 8.89551 2.7
    endloop
  endfacet
  facet normal 0.940804 0.338951 0
    outer loop
      vertex -17.8583 8.89551 2
      vertex -17.8074 8.75423 2.7
      vertex -17.8074 8.75423 2
    endloop
  endfacet
  facet normal 0.979049 0.203625 0
    outer loop
      vertex -17.8583 8.89551 2.7
      vertex -17.8916 9.05562 2
      vertex -17.8916 9.05562 2.7
    endloop
  endfacet
  facet normal 0.979049 0.203625 0
    outer loop
      vertex -17.8916 9.05562 2
      vertex -17.8583 8.89551 2.7
      vertex -17.8583 8.89551 2
    endloop
  endfacet
  facet normal -0.0910578 0.995846 0
    outer loop
      vertex -17.8916 9.05562 2
      vertex -18.4592 9.00372 2.7
      vertex -17.8916 9.05562 2.7
    endloop
  endfacet
  facet normal -0.0910578 0.995846 0
    outer loop
      vertex -18.4592 9.00372 2.7
      vertex -17.8916 9.05562 2
      vertex -18.4592 9.00372 2
    endloop
  endfacet
  facet normal -0.987124 -0.159954 0
    outer loop
      vertex -18.439 8.87906 2
      vertex -18.4592 9.00372 2.7
      vertex -18.4592 9.00372 2
    endloop
  endfacet
  facet normal -0.987124 -0.159954 0
    outer loop
      vertex -18.4592 9.00372 2.7
      vertex -18.439 8.87906 2
      vertex -18.439 8.87906 2.7
    endloop
  endfacet
  facet normal -0.973041 -0.230633 0
    outer loop
      vertex -18.4111 8.76135 2
      vertex -18.439 8.87906 2.7
      vertex -18.439 8.87906 2
    endloop
  endfacet
  facet normal -0.973041 -0.230633 0
    outer loop
      vertex -18.439 8.87906 2.7
      vertex -18.4111 8.76135 2
      vertex -18.4111 8.76135 2.7
    endloop
  endfacet
  facet normal -0.951522 -0.30758 0
    outer loop
      vertex -18.3753 8.6506 2
      vertex -18.4111 8.76135 2.7
      vertex -18.4111 8.76135 2
    endloop
  endfacet
  facet normal -0.951522 -0.30758 0
    outer loop
      vertex -18.4111 8.76135 2.7
      vertex -18.3753 8.6506 2
      vertex -18.3753 8.6506 2.7
    endloop
  endfacet
  facet normal -0.921916 -0.38739 0
    outer loop
      vertex -18.3317 8.54684 2
      vertex -18.3753 8.6506 2.7
      vertex -18.3753 8.6506 2
    endloop
  endfacet
  facet normal -0.921916 -0.38739 0
    outer loop
      vertex -18.3753 8.6506 2.7
      vertex -18.3317 8.54684 2
      vertex -18.3317 8.54684 2.7
    endloop
  endfacet
  facet normal -0.88321 -0.468977 0
    outer loop
      vertex -18.2803 8.45004 2
      vertex -18.3317 8.54684 2.7
      vertex -18.3317 8.54684 2
    endloop
  endfacet
  facet normal -0.88321 -0.468977 0
    outer loop
      vertex -18.3317 8.54684 2.7
      vertex -18.2803 8.45004 2
      vertex -18.2803 8.45004 2.7
    endloop
  endfacet
  facet normal -0.835411 -0.549625 0
    outer loop
      vertex -18.2212 8.36021 2
      vertex -18.2803 8.45004 2.7
      vertex -18.2803 8.45004 2
    endloop
  endfacet
  facet normal -0.835411 -0.549625 0
    outer loop
      vertex -18.2803 8.45004 2.7
      vertex -18.2212 8.36021 2
      vertex -18.2212 8.36021 2.7
    endloop
  endfacet
  facet normal -0.777636 -0.628715 0
    outer loop
      vertex -18.1542 8.27734 2
      vertex -18.2212 8.36021 2.7
      vertex -18.2212 8.36021 2
    endloop
  endfacet
  facet normal -0.777636 -0.628715 0
    outer loop
      vertex -18.2212 8.36021 2.7
      vertex -18.1542 8.27734 2
      vertex -18.1542 8.27734 2.7
    endloop
  endfacet
  facet normal -0.712626 -0.701544 0
    outer loop
      vertex -18.0795 8.20146 2
      vertex -18.1542 8.27734 2.7
      vertex -18.1542 8.27734 2
    endloop
  endfacet
  facet normal -0.712626 -0.701544 0
    outer loop
      vertex -18.1542 8.27734 2.7
      vertex -18.0795 8.20146 2
      vertex -18.0795 8.20146 2.7
    endloop
  endfacet
  facet normal -0.640769 -0.767733 0
    outer loop
      vertex -18.0795 8.20146 2
      vertex -17.9969 8.13252 2.7
      vertex -18.0795 8.20146 2.7
    endloop
  endfacet
  facet normal -0.640769 -0.767733 -0
    outer loop
      vertex -17.9969 8.13252 2.7
      vertex -18.0795 8.20146 2
      vertex -17.9969 8.13252 2
    endloop
  endfacet
  facet normal -0.567347 -0.823479 0
    outer loop
      vertex -17.9969 8.13252 2
      vertex -17.9072 8.07072 2.7
      vertex -17.9969 8.13252 2.7
    endloop
  endfacet
  facet normal -0.567347 -0.823479 -0
    outer loop
      vertex -17.9072 8.07072 2.7
      vertex -17.9969 8.13252 2
      vertex -17.9072 8.07072 2
    endloop
  endfacet
  facet normal -0.492739 -0.870177 0
    outer loop
      vertex -17.9072 8.07072 2
      vertex -17.8109 8.01619 2.7
      vertex -17.9072 8.07072 2.7
    endloop
  endfacet
  facet normal -0.492739 -0.870177 -0
    outer loop
      vertex -17.8109 8.01619 2.7
      vertex -17.9072 8.07072 2
      vertex -17.8109 8.01619 2
    endloop
  endfacet
  facet normal -0.418037 -0.90843 0
    outer loop
      vertex -17.8109 8.01619 2
      vertex -17.7082 7.96893 2.7
      vertex -17.8109 8.01619 2.7
    endloop
  endfacet
  facet normal -0.418037 -0.90843 -0
    outer loop
      vertex -17.7082 7.96893 2.7
      vertex -17.8109 8.01619 2
      vertex -17.7082 7.96893 2
    endloop
  endfacet
  facet normal -0.343598 -0.939117 0
    outer loop
      vertex -17.7082 7.96893 2
      vertex -17.5989 7.92894 2.7
      vertex -17.7082 7.96893 2.7
    endloop
  endfacet
  facet normal -0.343598 -0.939117 -0
    outer loop
      vertex -17.5989 7.92894 2.7
      vertex -17.7082 7.96893 2
      vertex -17.5989 7.92894 2
    endloop
  endfacet
  facet normal -0.27191 -0.962323 0
    outer loop
      vertex -17.5989 7.92894 2
      vertex -17.4831 7.89622 2.7
      vertex -17.5989 7.92894 2.7
    endloop
  endfacet
  facet normal -0.27191 -0.962323 -0
    outer loop
      vertex -17.4831 7.89622 2.7
      vertex -17.5989 7.92894 2
      vertex -17.4831 7.89622 2
    endloop
  endfacet
  facet normal -0.20373 -0.979027 0
    outer loop
      vertex -17.4831 7.89622 2
      vertex -17.3608 7.87077 2.7
      vertex -17.4831 7.89622 2.7
    endloop
  endfacet
  facet normal -0.20373 -0.979027 -0
    outer loop
      vertex -17.3608 7.87077 2.7
      vertex -17.4831 7.89622 2
      vertex -17.3608 7.87077 2
    endloop
  endfacet
  facet normal -0.139839 -0.990174 0
    outer loop
      vertex -17.3608 7.87077 2
      vertex -17.232 7.85258 2.7
      vertex -17.3608 7.87077 2.7
    endloop
  endfacet
  facet normal -0.139839 -0.990174 -0
    outer loop
      vertex -17.232 7.85258 2.7
      vertex -17.3608 7.87077 2
      vertex -17.232 7.85258 2
    endloop
  endfacet
  facet normal -0.0801695 -0.996781 0
    outer loop
      vertex -17.232 7.85258 2
      vertex -17.0966 7.84169 2.7
      vertex -17.232 7.85258 2.7
    endloop
  endfacet
  facet normal -0.0801695 -0.996781 -0
    outer loop
      vertex -17.0966 7.84169 2.7
      vertex -17.232 7.85258 2
      vertex -17.0966 7.84169 2
    endloop
  endfacet
  facet normal -0.025732 -0.999669 0
    outer loop
      vertex -17.0966 7.84169 2
      vertex -16.9548 7.83804 2.7
      vertex -17.0966 7.84169 2.7
    endloop
  endfacet
  facet normal -0.025732 -0.999669 -0
    outer loop
      vertex -16.9548 7.83804 2.7
      vertex -17.0966 7.84169 2
      vertex -16.9548 7.83804 2
    endloop
  endfacet
  facet normal 0.0266353 -0.999645 0
    outer loop
      vertex -16.9548 7.83804 2
      vertex -16.8028 7.84209 2.7
      vertex -16.9548 7.83804 2.7
    endloop
  endfacet
  facet normal 0.0266353 -0.999645 0
    outer loop
      vertex -16.8028 7.84209 2.7
      vertex -16.9548 7.83804 2
      vertex -16.8028 7.84209 2
    endloop
  endfacet
  facet normal -0 0 1
    outer loop
      vertex -1.72733 11.1414 2.7
      vertex -1.16025 11.1246 2.7
      vertex -1.16467 11.241 2.7
    endloop
  endfacet
  facet normal 0 -0 1
    outer loop
      vertex -1.72482 11.0666 2.7
      vertex -1.16025 11.1246 2.7
      vertex -1.72733 11.1414 2.7
    endloop
  endfacet
  facet normal 0 0 1
    outer loop
      vertex -1.73483 11.2127 2.7
      vertex -1.16467 11.241 2.7
      vertex -1.17795 11.3516 2.7
    endloop
  endfacet
  facet normal 0 0 1
    outer loop
      vertex -1.16025 11.1246 2.7
      vertex -1.72482 11.0666 2.7
      vertex -1.16309 11.0349 2.7
    endloop
  endfacet
  facet normal 0 0 1
    outer loop
      vertex -1.74736 11.2803 2.7
      vertex -1.17795 11.3516 2.7
      vertex -1.20009 11.4563 2.7
    endloop
  endfacet
  facet normal 0 0 1
    outer loop
      vertex -1.16309 11.0349 2.7
      vertex -1.72482 11.0666 2.7
      vertex -1.17163 10.9491 2.7
    endloop
  endfacet
  facet normal 0 0 1
    outer loop
      vertex -1.76491 11.3445 2.7
      vertex -1.20009 11.4563 2.7
      vertex -1.23108 11.5553 2.7
    endloop
  endfacet
  facet normal -0 0 1
    outer loop
      vertex -1.72789 10.9911 2.7
      vertex -1.17163 10.9491 2.7
      vertex -1.72482 11.0666 2.7
    endloop
  endfacet
  facet normal 0 0 1
    outer loop
      vertex -1.17163 10.9491 2.7
      vertex -1.72789 10.9911 2.7
      vertex -1.18585 10.867 2.7
    endloop
  endfacet
  facet normal 0 0 1
    outer loop
      vertex -1.78746 11.405 2.7
      vertex -1.23108 11.5553 2.7
      vertex -1.27092 11.6483 2.7
    endloop
  endfacet
  facet normal -0 0 1
    outer loop
      vertex -1.73709 10.9194 2.7
      vertex -1.18585 10.867 2.7
      vertex -1.72789 10.9911 2.7
    endloop
  endfacet
  facet normal 0 0 1
    outer loop
      vertex -1.78746 11.405 2.7
      vertex -1.27092 11.6483 2.7
      vertex -1.31961 11.7355 2.7
    endloop
  endfacet
  facet normal 0 0 1
    outer loop
      vertex -1.18585 10.867 2.7
      vertex -1.73709 10.9194 2.7
      vertex -1.20575 10.7888 2.7
    endloop
  endfacet
  facet normal 0 0 1
    outer loop
      vertex -1.81502 11.4619 2.7
      vertex -1.31961 11.7355 2.7
      vertex -1.37715 11.8169 2.7
    endloop
  endfacet
  facet normal 0 0 1
    outer loop
      vertex -1.20575 10.7888 2.7
      vertex -1.73709 10.9194 2.7
      vertex -1.23135 10.7144 2.7
    endloop
  endfacet
  facet normal 0 0 1
    outer loop
      vertex -1.8476 11.5153 2.7
      vertex -1.37715 11.8169 2.7
      vertex -1.44356 11.8925 2.7
    endloop
  endfacet
  facet normal -0 0 1
    outer loop
      vertex -1.75246 10.8514 2.7
      vertex -1.23135 10.7144 2.7
      vertex -1.73709 10.9194 2.7
    endloop
  endfacet
  facet normal 0 0 1
    outer loop
      vertex -1.26265 10.6438 2.7
      vertex -1.75246 10.8514 2.7
      vertex -1.29962 10.577 2.7
    endloop
  endfacet
  facet normal 0 0 1
    outer loop
      vertex -1.88518 11.5651 2.7
      vertex -1.44356 11.8925 2.7
      vertex -1.5188 11.9622 2.7
    endloop
  endfacet
  facet normal -0 0 1
    outer loop
      vertex -1.77394 10.7872 2.7
      vertex -1.29962 10.577 2.7
      vertex -1.75246 10.8514 2.7
    endloop
  endfacet
  facet normal 0 0 1
    outer loop
      vertex -1.92776 11.6113 2.7
      vertex -1.5188 11.9622 2.7
      vertex -1.60205 12.0253 2.7
    endloop
  endfacet
  facet normal 0 0 1
    outer loop
      vertex -1.29962 10.577 2.7
      vertex -1.77394 10.7872 2.7
      vertex -1.34229 10.5139 2.7
    endloop
  endfacet
  facet normal 0 0 1
    outer loop
      vertex -1.97528 11.6532 2.7
      vertex -1.60205 12.0253 2.7
      vertex -1.69241 12.0809 2.7
    endloop
  endfacet
  facet normal -0 0 1
    outer loop
      vertex -1.80157 10.7267 2.7
      vertex -1.34229 10.5139 2.7
      vertex -1.77394 10.7872 2.7
    endloop
  endfacet
  facet normal 0 0 1
    outer loop
      vertex -1.34229 10.5139 2.7
      vertex -1.80157 10.7267 2.7
      vertex -1.39064 10.4547 2.7
    endloop
  endfacet
  facet normal 0 0 1
    outer loop
      vertex -1.23135 10.7144 2.7
      vertex -1.75246 10.8514 2.7
      vertex -1.26265 10.6438 2.7
    endloop
  endfacet
  facet normal 0 0 1
    outer loop
      vertex -1.16467 11.241 2.7
      vertex -1.73483 11.2127 2.7
      vertex -1.72733 11.1414 2.7
    endloop
  endfacet
  facet normal 0 0 1
    outer loop
      vertex -1.17795 11.3516 2.7
      vertex -1.74736 11.2803 2.7
      vertex -1.73483 11.2127 2.7
    endloop
  endfacet
  facet normal 0 0 1
    outer loop
      vertex -1.20009 11.4563 2.7
      vertex -1.76491 11.3445 2.7
      vertex -1.74736 11.2803 2.7
    endloop
  endfacet
  facet normal 0 0 1
    outer loop
      vertex -1.23108 11.5553 2.7
      vertex -1.78746 11.405 2.7
      vertex -1.76491 11.3445 2.7
    endloop
  endfacet
  facet normal 0 0 1
    outer loop
      vertex -1.97528 11.6532 2.7
      vertex -1.69241 12.0809 2.7
      vertex -1.78989 12.1292 2.7
    endloop
  endfacet
  facet normal 0 0 1
    outer loop
      vertex -1.31961 11.7355 2.7
      vertex -1.81502 11.4619 2.7
      vertex -1.78746 11.405 2.7
    endloop
  endfacet
  facet normal 0 0 1
    outer loop
      vertex -1.37715 11.8169 2.7
      vertex -1.8476 11.5153 2.7
      vertex -1.81502 11.4619 2.7
    endloop
  endfacet
  facet normal 0 0 1
    outer loop
      vertex -1.44356 11.8925 2.7
      vertex -1.88518 11.5651 2.7
      vertex -1.8476 11.5153 2.7
    endloop
  endfacet
  facet normal 0 0 1
    outer loop
      vertex -2.02766 11.6902 2.7
      vertex -1.78989 12.1292 2.7
      vertex -1.8945 12.17 2.7
    endloop
  endfacet
  facet normal 0 0 1
    outer loop
      vertex -1.5188 11.9622 2.7
      vertex -1.92776 11.6113 2.7
      vertex -1.88518 11.5651 2.7
    endloop
  endfacet
  facet normal 0 0 1
    outer loop
      vertex -1.60205 12.0253 2.7
      vertex -1.97528 11.6532 2.7
      vertex -1.92776 11.6113 2.7
    endloop
  endfacet
  facet normal 0 0 1
    outer loop
      vertex -2.0849 11.7223 2.7
      vertex -1.8945 12.17 2.7
      vertex -2.00623 12.2034 2.7
    endloop
  endfacet
  facet normal 0 0 1
    outer loop
      vertex -1.78989 12.1292 2.7
      vertex -2.02766 11.6902 2.7
      vertex -1.97528 11.6532 2.7
    endloop
  endfacet
  facet normal 0 0 1
    outer loop
      vertex -1.8945 12.17 2.7
      vertex -2.0849 11.7223 2.7
      vertex -2.02766 11.6902 2.7
    endloop
  endfacet
  facet normal 0 0 1
    outer loop
      vertex -2.21396 11.7717 2.7
      vertex -2.00623 12.2034 2.7
      vertex -2.12506 12.2294 2.7
    endloop
  endfacet
  facet normal 0 0 1
    outer loop
      vertex -2.00623 12.2034 2.7
      vertex -2.147 11.7495 2.7
      vertex -2.0849 11.7223 2.7
    endloop
  endfacet
  facet normal 0 0 1
    outer loop
      vertex -2.00623 12.2034 2.7
      vertex -2.21396 11.7717 2.7
      vertex -2.147 11.7495 2.7
    endloop
  endfacet
  facet normal 0 0 1
    outer loop
      vertex -2.28578 11.789 2.7
      vertex -2.12506 12.2294 2.7
      vertex -2.25104 12.248 2.7
    endloop
  endfacet
  facet normal 0 0 1
    outer loop
      vertex -2.12506 12.2294 2.7
      vertex -2.28578 11.789 2.7
      vertex -2.21396 11.7717 2.7
    endloop
  endfacet
  facet normal 0 0 1
    outer loop
      vertex -2.25104 12.248 2.7
      vertex -2.36247 11.8013 2.7
      vertex -2.28578 11.789 2.7
    endloop
  endfacet
  facet normal 0 0 1
    outer loop
      vertex -2.38412 12.2591 2.7
      vertex -2.36247 11.8013 2.7
      vertex -2.25104 12.248 2.7
    endloop
  endfacet
  facet normal 0 0 1
    outer loop
      vertex -2.38412 12.2591 2.7
      vertex -2.444 11.8087 2.7
      vertex -2.36247 11.8013 2.7
    endloop
  endfacet
  facet normal 0 0 1
    outer loop
      vertex -2.52434 12.2628 2.7
      vertex -2.444 11.8087 2.7
      vertex -2.38412 12.2591 2.7
    endloop
  endfacet
  facet normal 0 0 1
    outer loop
      vertex -2.52434 12.2628 2.7
      vertex -2.53041 11.8112 2.7
      vertex -2.444 11.8087 2.7
    endloop
  endfacet
  facet normal 0 0 1
    outer loop
      vertex -2.52434 12.2628 2.7
      vertex -2.60939 11.8089 2.7
      vertex -2.53041 11.8112 2.7
    endloop
  endfacet
  facet normal -0 0 1
    outer loop
      vertex -2.65323 12.2591 2.7
      vertex -2.60939 11.8089 2.7
      vertex -2.52434 12.2628 2.7
    endloop
  endfacet
  facet normal 0 0 1
    outer loop
      vertex -2.65323 12.2591 2.7
      vertex -2.68495 11.802 2.7
      vertex -2.60939 11.8089 2.7
    endloop
  endfacet
  facet normal -0 0 1
    outer loop
      vertex -2.77681 12.2482 2.7
      vertex -2.68495 11.802 2.7
      vertex -2.65323 12.2591 2.7
    endloop
  endfacet
  facet normal 0 0 1
    outer loop
      vertex -2.68495 11.802 2.7
      vertex -2.77681 12.2482 2.7
      vertex -2.75708 11.7905 2.7
    endloop
  endfacet
  facet normal -0 0 1
    outer loop
      vertex -2.89508 12.2299 2.7
      vertex -2.75708 11.7905 2.7
      vertex -2.77681 12.2482 2.7
    endloop
  endfacet
  facet normal 0 0 1
    outer loop
      vertex -2.75708 11.7905 2.7
      vertex -2.89508 12.2299 2.7
      vertex -2.82578 11.7744 2.7
    endloop
  endfacet
  facet normal -0 0 1
    outer loop
      vertex -3.00804 12.2043 2.7
      vertex -2.82578 11.7744 2.7
      vertex -2.89508 12.2299 2.7
    endloop
  endfacet
  facet normal 0 0 1
    outer loop
      vertex -2.82578 11.7744 2.7
      vertex -3.00804 12.2043 2.7
      vertex -2.89105 11.7537 2.7
    endloop
  endfacet
  facet normal -0 0 1
    outer loop
      vertex -3.11569 12.1714 2.7
      vertex -2.89105 11.7537 2.7
      vertex -3.00804 12.2043 2.7
    endloop
  endfacet
  facet normal 0 0 1
    outer loop
      vertex -2.89105 11.7537 2.7
      vertex -3.11569 12.1714 2.7
      vertex -2.95288 11.7284 2.7
    endloop
  endfacet
  facet normal -0 0 1
    outer loop
      vertex -3.21803 12.1312 2.7
      vertex -2.95288 11.7284 2.7
      vertex -3.11569 12.1714 2.7
    endloop
  endfacet
  facet normal 0 0 1
    outer loop
      vertex -2.95288 11.7284 2.7
      vertex -3.21803 12.1312 2.7
      vertex -3.01129 11.6986 2.7
    endloop
  endfacet
  facet normal -0 0 1
    outer loop
      vertex -3.31506 12.0837 2.7
      vertex -3.01129 11.6986 2.7
      vertex -3.21803 12.1312 2.7
    endloop
  endfacet
  facet normal 0 0 1
    outer loop
      vertex -3.01129 11.6986 2.7
      vertex -3.31506 12.0837 2.7
      vertex -3.06628 11.6641 2.7
    endloop
  endfacet
  facet normal -0 0 1
    outer loop
      vertex -3.40677 12.0289 2.7
      vertex -3.06628 11.6641 2.7
      vertex -3.31506 12.0837 2.7
    endloop
  endfacet
  facet normal 0 0 1
    outer loop
      vertex -3.06628 11.6641 2.7
      vertex -3.40677 12.0289 2.7
      vertex -3.11784 11.625 2.7
    endloop
  endfacet
  facet normal -0 0 1
    outer loop
      vertex -3.49318 11.9668 2.7
      vertex -3.11784 11.625 2.7
      vertex -3.40677 12.0289 2.7
    endloop
  endfacet
  facet normal 0 0 1
    outer loop
      vertex -3.11784 11.625 2.7
      vertex -3.49318 11.9668 2.7
      vertex -3.16536 11.5818 2.7
    endloop
  endfacet
  facet normal -0 0 1
    outer loop
      vertex -3.57303 11.8981 2.7
      vertex -3.16536 11.5818 2.7
      vertex -3.49318 11.9668 2.7
    endloop
  endfacet
  facet normal 0 0 1
    outer loop
      vertex -3.16536 11.5818 2.7
      vertex -3.57303 11.8981 2.7
      vertex -3.20825 11.5348 2.7
    endloop
  endfacet
  facet normal -0 0 1
    outer loop
      vertex -3.64508 11.8238 2.7
      vertex -3.20825 11.5348 2.7
      vertex -3.57303 11.8981 2.7
    endloop
  endfacet
  facet normal 0 0 1
    outer loop
      vertex -3.20825 11.5348 2.7
      vertex -3.64508 11.8238 2.7
      vertex -3.24651 11.484 2.7
    endloop
  endfacet
  facet normal -0 0 1
    outer loop
      vertex -3.70934 11.7437 2.7
      vertex -3.24651 11.484 2.7
      vertex -3.64508 11.8238 2.7
    endloop
  endfacet
  facet normal 0 0 1
    outer loop
      vertex -3.24651 11.484 2.7
      vertex -3.70934 11.7437 2.7
      vertex -3.28014 11.4294 2.7
    endloop
  endfacet
  facet normal -0 0 1
    outer loop
      vertex -3.76579 11.6579 2.7
      vertex -3.28014 11.4294 2.7
      vertex -3.70934 11.7437 2.7
    endloop
  endfacet
  facet normal 0 0 1
    outer loop
      vertex -3.28014 11.4294 2.7
      vertex -3.76579 11.6579 2.7
      vertex -3.30911 11.3711 2.7
    endloop
  endfacet
  facet normal -0 0 1
    outer loop
      vertex -3.81444 11.5663 2.7
      vertex -3.30911 11.3711 2.7
      vertex -3.76579 11.6579 2.7
    endloop
  endfacet
  facet normal 0 0 1
    outer loop
      vertex -3.30911 11.3711 2.7
      vertex -3.81444 11.5663 2.7
      vertex -3.33348 11.309 2.7
    endloop
  endfacet
  facet normal -0 0 1
    outer loop
      vertex -3.8553 11.469 2.7
      vertex -3.33348 11.309 2.7
      vertex -3.81444 11.5663 2.7
    endloop
  endfacet
  facet normal 0 0 1
    outer loop
      vertex -3.33348 11.309 2.7
      vertex -3.8553 11.469 2.7
      vertex -3.3532 11.2431 2.7
    endloop
  endfacet
  facet normal -0 0 1
    outer loop
      vertex -3.88835 11.366 2.7
      vertex -3.3532 11.2431 2.7
      vertex -3.8553 11.469 2.7
    endloop
  endfacet
  facet normal 0 0 1
    outer loop
      vertex -3.3532 11.2431 2.7
      vertex -3.88835 11.366 2.7
      vertex -3.36829 11.1735 2.7
    endloop
  endfacet
  facet normal -0 0 1
    outer loop
      vertex -3.91362 11.2573 2.7
      vertex -3.36829 11.1735 2.7
      vertex -3.88835 11.366 2.7
    endloop
  endfacet
  facet normal 0 0 1
    outer loop
      vertex -3.36829 11.1735 2.7
      vertex -3.91362 11.2573 2.7
      vertex -3.37874 11.1001 2.7
    endloop
  endfacet
  facet normal 0 0 1
    outer loop
      vertex -3.37874 11.1001 2.7
      vertex -3.91362 11.2573 2.7
      vertex -3.93108 11.1429 2.7
    endloop
  endfacet
  facet normal 0 0 1
    outer loop
      vertex -1.39064 10.4547 2.7
      vertex -1.80157 10.7267 2.7
      vertex -1.44443 10.3995 2.7
    endloop
  endfacet
  facet normal -0 0 1
    outer loop
      vertex -1.83536 10.6699 2.7
      vertex -1.44443 10.3995 2.7
      vertex -1.80157 10.7267 2.7
    endloop
  endfacet
  facet normal 0 0 1
    outer loop
      vertex -1.44443 10.3995 2.7
      vertex -1.83536 10.6699 2.7
      vertex -1.50337 10.3484 2.7
    endloop
  endfacet
  facet normal 0 0 1
    outer loop
      vertex -1.50337 10.3484 2.7
      vertex -1.83536 10.6699 2.7
      vertex -1.56747 10.3013 2.7
    endloop
  endfacet
  facet normal -0 0 1
    outer loop
      vertex -1.87527 10.6168 2.7
      vertex -1.56747 10.3013 2.7
      vertex -1.83536 10.6699 2.7
    endloop
  endfacet
  facet normal 0 0 1
    outer loop
      vertex -1.56747 10.3013 2.7
      vertex -1.87527 10.6168 2.7
      vertex -1.63673 10.2584 2.7
    endloop
  endfacet
  facet normal -0 0 1
    outer loop
      vertex -1.92133 10.5675 2.7
      vertex -1.63673 10.2584 2.7
      vertex -1.87527 10.6168 2.7
    endloop
  endfacet
  facet normal 0 0 1
    outer loop
      vertex -1.63673 10.2584 2.7
      vertex -1.92133 10.5675 2.7
      vertex -1.71117 10.2196 2.7
    endloop
  endfacet
  facet normal -0 0 1
    outer loop
      vertex -1.97353 10.5219 2.7
      vertex -1.71117 10.2196 2.7
      vertex -1.92133 10.5675 2.7
    endloop
  endfacet
  facet normal 0 0 1
    outer loop
      vertex -1.71117 10.2196 2.7
      vertex -1.97353 10.5219 2.7
      vertex -1.79074 10.1848 2.7
    endloop
  endfacet
  facet normal -0 0 1
    outer loop
      vertex -2.0313 10.4806 2.7
      vertex -1.79074 10.1848 2.7
      vertex -1.97353 10.5219 2.7
    endloop
  endfacet
  facet normal 0 0 1
    outer loop
      vertex -1.79074 10.1848 2.7
      vertex -2.0313 10.4806 2.7
      vertex -1.87549 10.1542 2.7
    endloop
  endfacet
  facet normal 0 0 1
    outer loop
      vertex -1.87549 10.1542 2.7
      vertex -2.0313 10.4806 2.7
      vertex -1.96541 10.1277 2.7
    endloop
  endfacet
  facet normal -0 0 1
    outer loop
      vertex -2.09407 10.4441 2.7
      vertex -1.96541 10.1277 2.7
      vertex -2.0313 10.4806 2.7
    endloop
  endfacet
  facet normal 0 0 1
    outer loop
      vertex -2.39529 10.3469 2.7
      vertex -2.06047 10.0931 2.7
      vertex -2.06047 10.1053 2.7
    endloop
  endfacet
  facet normal 0 0 1
    outer loop
      vertex -1.96541 10.1277 2.7
      vertex -2.09407 10.4441 2.7
      vertex -2.06047 10.1053 2.7
    endloop
  endfacet
  facet normal -0 0 1
    outer loop
      vertex -2.16187 10.4125 2.7
      vertex -2.06047 10.1053 2.7
      vertex -2.09407 10.4441 2.7
    endloop
  endfacet
  facet normal -0 0 1
    outer loop
      vertex -2.23466 10.3858 2.7
      vertex -2.06047 10.1053 2.7
      vertex -2.16187 10.4125 2.7
    endloop
  endfacet
  facet normal 0 0 1
    outer loop
      vertex -2.06047 10.0931 2.7
      vertex -2.16933 9.78825 2.7
      vertex -2.08861 9.76154 2.7
    endloop
  endfacet
  facet normal -0 0 1
    outer loop
      vertex -2.31247 10.3639 2.7
      vertex -2.06047 10.1053 2.7
      vertex -2.23466 10.3858 2.7
    endloop
  endfacet
  facet normal 0 0 1
    outer loop
      vertex -2.06047 10.0931 2.7
      vertex -2.25595 9.81013 2.7
      vertex -2.16933 9.78825 2.7
    endloop
  endfacet
  facet normal -0 0 1
    outer loop
      vertex -2.39529 10.3469 2.7
      vertex -2.06047 10.1053 2.7
      vertex -2.31247 10.3639 2.7
    endloop
  endfacet
  facet normal 0 0 1
    outer loop
      vertex -2.06047 10.0931 2.7
      vertex -2.3485 9.82713 2.7
      vertex -2.25595 9.81013 2.7
    endloop
  endfacet
  facet normal 0 0 1
    outer loop
      vertex -2.06047 10.0931 2.7
      vertex -2.39529 10.3469 2.7
      vertex -2.3485 9.82713 2.7
    endloop
  endfacet
  facet normal 0 0 1
    outer loop
      vertex -2.39529 10.3469 2.7
      vertex -2.44696 9.83929 2.7
      vertex -2.3485 9.82713 2.7
    endloop
  endfacet
  facet normal -0 0 1
    outer loop
      vertex -2.48312 10.3348 2.7
      vertex -2.44696 9.83929 2.7
      vertex -2.39529 10.3469 2.7
    endloop
  endfacet
  facet normal 0 0 1
    outer loop
      vertex -2.48312 10.3348 2.7
      vertex -2.55133 9.84657 2.7
      vertex -2.44696 9.83929 2.7
    endloop
  endfacet
  facet normal -0 0 1
    outer loop
      vertex -2.57597 10.3275 2.7
      vertex -2.55133 9.84657 2.7
      vertex -2.48312 10.3348 2.7
    endloop
  endfacet
  facet normal 0 0 1
    outer loop
      vertex -2.57597 10.3275 2.7
      vertex -2.66162 9.84901 2.7
      vertex -2.55133 9.84657 2.7
    endloop
  endfacet
  facet normal -0 0 1
    outer loop
      vertex -2.67383 10.325 2.7
      vertex -2.66162 9.84901 2.7
      vertex -2.57597 10.3275 2.7
    endloop
  endfacet
  facet normal 0 0 1
    outer loop
      vertex -2.97289 9.84901 2.7
      vertex -2.67383 10.325 2.7
      vertex -2.97289 10.325 2.7
    endloop
  endfacet
  facet normal 0 0 1
    outer loop
      vertex -2.67383 10.325 2.7
      vertex -2.97289 9.84901 2.7
      vertex -2.66162 9.84901 2.7
    endloop
  endfacet
  facet normal -0 0 1
    outer loop
      vertex -1.61191 9.10445 2.7
      vertex -1.04126 9.08612 2.7
      vertex -1.04459 9.17595 2.7
    endloop
  endfacet
  facet normal -0 0 1
    outer loop
      vertex -1.61525 9.18051 2.7
      vertex -1.04459 9.17595 2.7
      vertex -1.05453 9.2623 2.7
    endloop
  endfacet
  facet normal 0 0 1
    outer loop
      vertex -1.61484 9.01738 2.7
      vertex -1.04126 9.08612 2.7
      vertex -1.61191 9.10445 2.7
    endloop
  endfacet
  facet normal 0 0 1
    outer loop
      vertex -1.61525 9.18051 2.7
      vertex -1.05453 9.2623 2.7
      vertex -1.07111 9.34517 2.7
    endloop
  endfacet
  facet normal 0 0 1
    outer loop
      vertex -1.04126 9.08612 2.7
      vertex -1.61484 9.01738 2.7
      vertex -1.04594 8.95721 2.7
    endloop
  endfacet
  facet normal 0 0 1
    outer loop
      vertex -1.62524 9.25279 2.7
      vertex -1.07111 9.34517 2.7
      vertex -1.09431 9.42459 2.7
    endloop
  endfacet
  facet normal 0 0 1
    outer loop
      vertex -1.6236 8.93521 2.7
      vertex -1.04594 8.95721 2.7
      vertex -1.61484 9.01738 2.7
    endloop
  endfacet
  facet normal 0 0 1
    outer loop
      vertex -1.64192 9.32126 2.7
      vertex -1.09431 9.42459 2.7
      vertex -1.12416 9.50055 2.7
    endloop
  endfacet
  facet normal 0 0 1
    outer loop
      vertex -1.04594 8.95721 2.7
      vertex -1.6236 8.93521 2.7
      vertex -1.05995 8.83493 2.7
    endloop
  endfacet
  facet normal 0 0 1
    outer loop
      vertex -1.64192 9.32126 2.7
      vertex -1.12416 9.50055 2.7
      vertex -1.16063 9.57303 2.7
    endloop
  endfacet
  facet normal 0 0 1
    outer loop
      vertex -1.66525 9.38593 2.7
      vertex -1.16063 9.57303 2.7
      vertex -1.20374 9.64204 2.7
    endloop
  endfacet
  facet normal -0 0 1
    outer loop
      vertex -1.63818 8.85794 2.7
      vertex -1.05995 8.83493 2.7
      vertex -1.6236 8.93521 2.7
    endloop
  endfacet
  facet normal 0 0 1
    outer loop
      vertex -1.66525 9.38593 2.7
      vertex -1.20374 9.64204 2.7
      vertex -1.25346 9.7076 2.7
    endloop
  endfacet
  facet normal 0 0 1
    outer loop
      vertex -1.05995 8.83493 2.7
      vertex -1.63818 8.85794 2.7
      vertex -1.08331 8.71927 2.7
    endloop
  endfacet
  facet normal 0 0 1
    outer loop
      vertex -1.69525 9.44678 2.7
      vertex -1.25346 9.7076 2.7
      vertex -1.30983 9.76967 2.7
    endloop
  endfacet
  facet normal 0 0 1
    outer loop
      vertex -1.08331 8.71927 2.7
      vertex -1.63818 8.85794 2.7
      vertex -1.11601 8.61024 2.7
    endloop
  endfacet
  facet normal 0 0 1
    outer loop
      vertex -1.73193 9.50385 2.7
      vertex -1.30983 9.76967 2.7
      vertex -1.37213 9.82732 2.7
    endloop
  endfacet
  facet normal -0 0 1
    outer loop
      vertex -1.65863 8.78557 2.7
      vertex -1.11601 8.61024 2.7
      vertex -1.63818 8.85794 2.7
    endloop
  endfacet
  facet normal 0 0 1
    outer loop
      vertex -1.73193 9.50385 2.7
      vertex -1.37213 9.82732 2.7
      vertex -1.43971 9.87953 2.7
    endloop
  endfacet
  facet normal 0 0 1
    outer loop
      vertex -1.11601 8.61024 2.7
      vertex -1.65863 8.78557 2.7
      vertex -1.15805 8.50784 2.7
    endloop
  endfacet
  facet normal 0 0 1
    outer loop
      vertex -1.77527 9.5571 2.7
      vertex -1.43971 9.87953 2.7
      vertex -1.51257 9.92632 2.7
    endloop
  endfacet
  facet normal 0 0 1
    outer loop
      vertex -1.82529 9.60654 2.7
      vertex -1.51257 9.92632 2.7
      vertex -1.5907 9.96768 2.7
    endloop
  endfacet
  facet normal -0 0 1
    outer loop
      vertex -1.68491 8.71809 2.7
      vertex -1.15805 8.50784 2.7
      vertex -1.65863 8.78557 2.7
    endloop
  endfacet
  facet normal 0 0 1
    outer loop
      vertex -1.15805 8.50784 2.7
      vertex -1.68491 8.71809 2.7
      vertex -1.20944 8.41208 2.7
    endloop
  endfacet
  facet normal 0 0 1
    outer loop
      vertex -1.04459 9.17595 2.7
      vertex -1.61525 9.18051 2.7
      vertex -1.61191 9.10445 2.7
    endloop
  endfacet
  facet normal 0 0 1
    outer loop
      vertex -1.07111 9.34517 2.7
      vertex -1.62524 9.25279 2.7
      vertex -1.61525 9.18051 2.7
    endloop
  endfacet
  facet normal 0 0 1
    outer loop
      vertex -1.09431 9.42459 2.7
      vertex -1.64192 9.32126 2.7
      vertex -1.62524 9.25279 2.7
    endloop
  endfacet
  facet normal 0 0 1
    outer loop
      vertex -1.16063 9.57303 2.7
      vertex -1.66525 9.38593 2.7
      vertex -1.64192 9.32126 2.7
    endloop
  endfacet
  facet normal 0 0 1
    outer loop
      vertex -1.82529 9.60654 2.7
      vertex -1.5907 9.96768 2.7
      vertex -1.6741 10.0036 2.7
    endloop
  endfacet
  facet normal 0 0 1
    outer loop
      vertex -1.25346 9.7076 2.7
      vertex -1.69525 9.44678 2.7
      vertex -1.66525 9.38593 2.7
    endloop
  endfacet
  facet normal 0 0 1
    outer loop
      vertex -1.30983 9.76967 2.7
      vertex -1.73193 9.50385 2.7
      vertex -1.69525 9.44678 2.7
    endloop
  endfacet
  facet normal 0 0 1
    outer loop
      vertex -1.88196 9.65218 2.7
      vertex -1.6741 10.0036 2.7
      vertex -1.76279 10.0341 2.7
    endloop
  endfacet
  facet normal 0 0 1
    outer loop
      vertex -1.43971 9.87953 2.7
      vertex -1.77527 9.5571 2.7
      vertex -1.73193 9.50385 2.7
    endloop
  endfacet
  facet normal 0 0 1
    outer loop
      vertex -1.51257 9.92632 2.7
      vertex -1.82529 9.60654 2.7
      vertex -1.77527 9.5571 2.7
    endloop
  endfacet
  facet normal 0 0 1
    outer loop
      vertex -1.94493 9.6935 2.7
      vertex -1.76279 10.0341 2.7
      vertex -1.85674 10.0592 2.7
    endloop
  endfacet
  facet normal 0 0 1
    outer loop
      vertex -1.6741 10.0036 2.7
      vertex -1.88196 9.65218 2.7
      vertex -1.82529 9.60654 2.7
    endloop
  endfacet
  facet normal 0 0 1
    outer loop
      vertex -1.76279 10.0341 2.7
      vertex -1.94493 9.6935 2.7
      vertex -1.88196 9.65218 2.7
    endloop
  endfacet
  facet normal 0 0 1
    outer loop
      vertex -2.01381 9.72993 2.7
      vertex -1.85674 10.0592 2.7
      vertex -1.95596 10.0789 2.7
    endloop
  endfacet
  facet normal 0 0 1
    outer loop
      vertex -1.85674 10.0592 2.7
      vertex -2.01381 9.72993 2.7
      vertex -1.94493 9.6935 2.7
    endloop
  endfacet
  facet normal 0 0 1
    outer loop
      vertex -2.08861 9.76154 2.7
      vertex -1.95596 10.0789 2.7
      vertex -2.06047 10.0931 2.7
    endloop
  endfacet
  facet normal 0 0 1
    outer loop
      vertex -1.95596 10.0789 2.7
      vertex -2.08861 9.76154 2.7
      vertex -2.01381 9.72993 2.7
    endloop
  endfacet
  facet normal -0 0 1
    outer loop
      vertex -1.71703 8.65552 2.7
      vertex -1.20944 8.41208 2.7
      vertex -1.68491 8.71809 2.7
    endloop
  endfacet
  facet normal 0 0 1
    outer loop
      vertex -1.20944 8.41208 2.7
      vertex -1.71703 8.65552 2.7
      vertex -1.27017 8.32295 2.7
    endloop
  endfacet
  facet normal -0 0 1
    outer loop
      vertex -1.75499 8.59784 2.7
      vertex -1.27017 8.32295 2.7
      vertex -1.71703 8.65552 2.7
    endloop
  endfacet
  facet normal 0 0 1
    outer loop
      vertex -1.27017 8.32295 2.7
      vertex -1.75499 8.59784 2.7
      vertex -1.34026 8.24045 2.7
    endloop
  endfacet
  facet normal 0 0 1
    outer loop
      vertex -1.34026 8.24045 2.7
      vertex -1.75499 8.59784 2.7
      vertex -1.41968 8.16457 2.7
    endloop
  endfacet
  facet normal -0 0 1
    outer loop
      vertex -1.7988 8.54506 2.7
      vertex -1.41968 8.16457 2.7
      vertex -1.75499 8.59784 2.7
    endloop
  endfacet
  facet normal 0 0 1
    outer loop
      vertex -1.41968 8.16457 2.7
      vertex -1.7988 8.54506 2.7
      vertex -1.50775 8.09604 2.7
    endloop
  endfacet
  facet normal -0 0 1
    outer loop
      vertex -1.84843 8.49716 2.7
      vertex -1.50775 8.09604 2.7
      vertex -1.7988 8.54506 2.7
    endloop
  endfacet
  facet normal 0 0 1
    outer loop
      vertex -1.50775 8.09604 2.7
      vertex -1.84843 8.49716 2.7
      vertex -1.60381 8.03557 2.7
    endloop
  endfacet
  facet normal -0 0 1
    outer loop
      vertex -1.90318 8.45425 2.7
      vertex -1.60381 8.03557 2.7
      vertex -1.84843 8.49716 2.7
    endloop
  endfacet
  facet normal 0 0 1
    outer loop
      vertex -1.60381 8.03557 2.7
      vertex -1.90318 8.45425 2.7
      vertex -1.70786 7.98317 2.7
    endloop
  endfacet
  facet normal -0 0 1
    outer loop
      vertex -1.96234 8.4164 2.7
      vertex -1.70786 7.98317 2.7
      vertex -1.90318 8.45425 2.7
    endloop
  endfacet
  facet normal 0 0 1
    outer loop
      vertex -1.70786 7.98317 2.7
      vertex -1.96234 8.4164 2.7
      vertex -1.8199 7.93883 2.7
    endloop
  endfacet
  facet normal -0 0 1
    outer loop
      vertex -2.02591 8.38359 2.7
      vertex -1.8199 7.93883 2.7
      vertex -1.96234 8.4164 2.7
    endloop
  endfacet
  facet normal 0 0 1
    outer loop
      vertex -1.8199 7.93883 2.7
      vertex -2.02591 8.38359 2.7
      vertex -1.93991 7.90254 2.7
    endloop
  endfacet
  facet normal -0 0 1
    outer loop
      vertex -2.09389 8.35583 2.7
      vertex -1.93991 7.90254 2.7
      vertex -2.02591 8.38359 2.7
    endloop
  endfacet
  facet normal 0 0 1
    outer loop
      vertex -1.93991 7.90254 2.7
      vertex -2.09389 8.35583 2.7
      vertex -2.06793 7.87433 2.7
    endloop
  endfacet
  facet normal -0 0 1
    outer loop
      vertex -2.16628 8.33311 2.7
      vertex -2.06793 7.87433 2.7
      vertex -2.09389 8.35583 2.7
    endloop
  endfacet
  facet normal -0 0 1
    outer loop
      vertex -2.24307 8.31544 2.7
      vertex -2.06793 7.87433 2.7
      vertex -2.16628 8.33311 2.7
    endloop
  endfacet
  facet normal 0 0 1
    outer loop
      vertex -2.06793 7.87433 2.7
      vertex -2.24307 8.31544 2.7
      vertex -2.20393 7.85417 2.7
    endloop
  endfacet
  facet normal -0 0 1
    outer loop
      vertex -2.32426 8.30283 2.7
      vertex -2.20393 7.85417 2.7
      vertex -2.24307 8.31544 2.7
    endloop
  endfacet
  facet normal 0 0 1
    outer loop
      vertex -2.32426 8.30283 2.7
      vertex -2.34792 7.84209 2.7
      vertex -2.20393 7.85417 2.7
    endloop
  endfacet
  facet normal -0 0 1
    outer loop
      vertex -2.40988 8.29526 2.7
      vertex -2.34792 7.84209 2.7
      vertex -2.32426 8.30283 2.7
    endloop
  endfacet
  facet normal 0 0 1
    outer loop
      vertex -2.49989 7.83804 2.7
      vertex -2.40988 8.29526 2.7
      vertex -2.49989 8.29272 2.7
    endloop
  endfacet
  facet normal 0 0 1
    outer loop
      vertex -2.40988 8.29526 2.7
      vertex -2.49989 7.83804 2.7
      vertex -2.34792 7.84209 2.7
    endloop
  endfacet
  facet normal 0 0 1
    outer loop
      vertex -2.49989 8.29272 2.7
      vertex -2.64175 7.84169 2.7
      vertex -2.49989 7.83804 2.7
    endloop
  endfacet
  facet normal 0 0 1
    outer loop
      vertex -2.67482 8.30215 2.7
      vertex -2.64175 7.84169 2.7
      vertex -2.49989 8.29272 2.7
    endloop
  endfacet
  facet normal 0 0 1
    outer loop
      vertex -2.67482 8.30215 2.7
      vertex -2.7771 7.85258 2.7
      vertex -2.64175 7.84169 2.7
    endloop
  endfacet
  facet normal 0 0 1
    outer loop
      vertex -2.83202 8.3304 2.7
      vertex -2.7771 7.85258 2.7
      vertex -2.67482 8.30215 2.7
    endloop
  endfacet
  facet normal 0 0 1
    outer loop
      vertex -2.83202 8.3304 2.7
      vertex -2.90593 7.87077 2.7
      vertex -2.7771 7.85258 2.7
    endloop
  endfacet
  facet normal 0 0 1
    outer loop
      vertex -3.02823 7.89622 2.7
      vertex -2.83202 8.3304 2.7
      vertex -2.97153 8.3775 2.7
    endloop
  endfacet
  facet normal 0 0 1
    outer loop
      vertex -2.83202 8.3304 2.7
      vertex -3.02823 7.89622 2.7
      vertex -2.90593 7.87077 2.7
    endloop
  endfacet
  facet normal 0 0 1
    outer loop
      vertex -3.2533 7.96893 2.7
      vertex -2.97153 8.3775 2.7
      vertex -3.09332 8.44342 2.7
    endloop
  endfacet
  facet normal 0 0 1
    outer loop
      vertex -2.97153 8.3775 2.7
      vertex -3.14403 7.92894 2.7
      vertex -3.02823 7.89622 2.7
    endloop
  endfacet
  facet normal 0 0 1
    outer loop
      vertex -3.45229 8.07072 2.7
      vertex -3.09332 8.44342 2.7
      vertex -3.19742 8.52818 2.7
    endloop
  endfacet
  facet normal 0 0 1
    outer loop
      vertex -2.97153 8.3775 2.7
      vertex -3.2533 7.96893 2.7
      vertex -3.14403 7.92894 2.7
    endloop
  endfacet
  facet normal 0 0 1
    outer loop
      vertex -3.62457 8.20146 2.7
      vertex -3.19742 8.52818 2.7
      vertex -3.2838 8.63179 2.7
    endloop
  endfacet
  facet normal 0 0 1
    outer loop
      vertex -3.7663 8.36021 2.7
      vertex -3.2838 8.63179 2.7
      vertex -3.35248 8.75423 2.7
    endloop
  endfacet
  facet normal 0 0 1
    outer loop
      vertex -3.09332 8.44342 2.7
      vertex -3.35605 8.01619 2.7
      vertex -3.2533 7.96893 2.7
    endloop
  endfacet
  facet normal 0 0 1
    outer loop
      vertex -3.92041 8.6506 2.7
      vertex -3.35248 8.75423 2.7
      vertex -3.40344 8.89551 2.7
    endloop
  endfacet
  facet normal 0 0 1
    outer loop
      vertex -3.98416 8.87906 2.7
      vertex -3.40344 8.89551 2.7
      vertex -3.43671 9.05562 2.7
    endloop
  endfacet
  facet normal 0 0 1
    outer loop
      vertex -3.09332 8.44342 2.7
      vertex -3.45229 8.07072 2.7
      vertex -3.35605 8.01619 2.7
    endloop
  endfacet
  facet normal 0 0 1
    outer loop
      vertex -3.19742 8.52818 2.7
      vertex -3.54201 8.13252 2.7
      vertex -3.45229 8.07072 2.7
    endloop
  endfacet
  facet normal 0 0 1
    outer loop
      vertex -3.19742 8.52818 2.7
      vertex -3.62457 8.20146 2.7
      vertex -3.54201 8.13252 2.7
    endloop
  endfacet
  facet normal 0 0 1
    outer loop
      vertex -3.2838 8.63179 2.7
      vertex -3.69933 8.27734 2.7
      vertex -3.62457 8.20146 2.7
    endloop
  endfacet
  facet normal 0 0 1
    outer loop
      vertex -3.2838 8.63179 2.7
      vertex -3.7663 8.36021 2.7
      vertex -3.69933 8.27734 2.7
    endloop
  endfacet
  facet normal 0 0 1
    outer loop
      vertex -3.35248 8.75423 2.7
      vertex -3.82547 8.45004 2.7
      vertex -3.7663 8.36021 2.7
    endloop
  endfacet
  facet normal 0 0 1
    outer loop
      vertex -3.35248 8.75423 2.7
      vertex -3.87683 8.54684 2.7
      vertex -3.82547 8.45004 2.7
    endloop
  endfacet
  facet normal 0 0 1
    outer loop
      vertex -3.35248 8.75423 2.7
      vertex -3.92041 8.6506 2.7
      vertex -3.87683 8.54684 2.7
    endloop
  endfacet
  facet normal 0 0 1
    outer loop
      vertex -3.40344 8.89551 2.7
      vertex -3.95618 8.76135 2.7
      vertex -3.92041 8.6506 2.7
    endloop
  endfacet
  facet normal 0 0 1
    outer loop
      vertex -3.40344 8.89551 2.7
      vertex -3.98416 8.87906 2.7
      vertex -3.95618 8.76135 2.7
    endloop
  endfacet
  facet normal 0 -0 1
    outer loop
      vertex -3.98416 8.87906 2.7
      vertex -3.43671 9.05562 2.7
      vertex -4.00433 9.00372 2.7
    endloop
  endfacet
  facet normal 0 0 1
    outer loop
      vertex 3.81094 12.1987 2.7
      vertex 1.86708 11.7318 2.7
      vertex 3.81094 11.7318 2.7
    endloop
  endfacet
  facet normal -0 0 1
    outer loop
      vertex 1.36664 12.1987 2.7
      vertex 1.86708 11.7318 2.7
      vertex 3.81094 12.1987 2.7
    endloop
  endfacet
  facet normal 0 0 1
    outer loop
      vertex 1.36664 12.1987 2.7
      vertex 1.78468 10.3678 2.7
      vertex 1.86708 11.7318 2.7
    endloop
  endfacet
  facet normal 0 0 1
    outer loop
      vertex 1.22322 9.88564 2.7
      vertex 1.78468 10.3678 2.7
      vertex 1.36664 12.1987 2.7
    endloop
  endfacet
  facet normal 0 0 1
    outer loop
      vertex 1.78468 10.3678 2.7
      vertex 1.22322 9.88564 2.7
      vertex 1.7603 9.88564 2.7
    endloop
  endfacet
  facet normal 0 0 1
    outer loop
      vertex 4.06119 9.29974 2.7
      vertex 3.48744 9.37581 2.7
      vertex 3.49054 9.28755 2.7
    endloop
  endfacet
  facet normal 0 0 1
    outer loop
      vertex 3.59738 10.3482 2.7
      vertex 3.4781 9.46024 2.7
      vertex 3.48744 9.37581 2.7
    endloop
  endfacet
  facet normal 0 0 1
    outer loop
      vertex 3.59738 10.3482 2.7
      vertex 3.46257 9.54082 2.7
      vertex 3.4781 9.46024 2.7
    endloop
  endfacet
  facet normal 0 0 1
    outer loop
      vertex 3.59738 10.3482 2.7
      vertex 3.44081 9.61755 2.7
      vertex 3.46257 9.54082 2.7
    endloop
  endfacet
  facet normal 0 0 1
    outer loop
      vertex 3.59738 10.3482 2.7
      vertex 3.41284 9.69046 2.7
      vertex 3.44081 9.61755 2.7
    endloop
  endfacet
  facet normal 0 0 1
    outer loop
      vertex 3.18066 9.99612 2.7
      vertex 3.50407 10.4172 2.7
      vertex 3.40442 10.4769 2.7
    endloop
  endfacet
  facet normal 0 0 1
    outer loop
      vertex 3.59738 10.3482 2.7
      vertex 3.37865 9.75951 2.7
      vertex 3.41284 9.69046 2.7
    endloop
  endfacet
  facet normal 0 0 1
    outer loop
      vertex 3.59738 10.3482 2.7
      vertex 3.33824 9.82471 2.7
      vertex 3.37865 9.75951 2.7
    endloop
  endfacet
  facet normal 0 0 1
    outer loop
      vertex 3.11823 10.0424 2.7
      vertex 3.40442 10.4769 2.7
      vertex 3.29839 10.5275 2.7
    endloop
  endfacet
  facet normal 0 0 1
    outer loop
      vertex 3.59738 10.3482 2.7
      vertex 3.29161 9.88608 2.7
      vertex 3.33824 9.82471 2.7
    endloop
  endfacet
  facet normal 0 0 1
    outer loop
      vertex 3.59738 10.3482 2.7
      vertex 3.23877 9.9436 2.7
      vertex 3.29161 9.88608 2.7
    endloop
  endfacet
  facet normal 0 0 1
    outer loop
      vertex 3.05145 10.0826 2.7
      vertex 3.29839 10.5275 2.7
      vertex 3.18597 10.5688 2.7
    endloop
  endfacet
  facet normal 0 0 1
    outer loop
      vertex 3.50407 10.4172 2.7
      vertex 3.18066 9.99612 2.7
      vertex 3.23877 9.9436 2.7
    endloop
  endfacet
  facet normal 0 0 1
    outer loop
      vertex 3.40442 10.4769 2.7
      vertex 3.11823 10.0424 2.7
      vertex 3.18066 9.99612 2.7
    endloop
  endfacet
  facet normal 0 0 1
    outer loop
      vertex 2.98035 10.1166 2.7
      vertex 3.18597 10.5688 2.7
      vertex 3.06721 10.601 2.7
    endloop
  endfacet
  facet normal 0 0 1
    outer loop
      vertex 3.29839 10.5275 2.7
      vertex 3.05145 10.0826 2.7
      vertex 3.11823 10.0424 2.7
    endloop
  endfacet
  facet normal 0 0 1
    outer loop
      vertex 3.18597 10.5688 2.7
      vertex 2.98035 10.1166 2.7
      vertex 3.05145 10.0826 2.7
    endloop
  endfacet
  facet normal 0 0 1
    outer loop
      vertex 2.90491 10.1444 2.7
      vertex 3.06721 10.601 2.7
      vertex 2.94208 10.624 2.7
    endloop
  endfacet
  facet normal 0 0 1
    outer loop
      vertex 3.06721 10.601 2.7
      vertex 2.90491 10.1444 2.7
      vertex 2.98035 10.1166 2.7
    endloop
  endfacet
  facet normal 0 0 1
    outer loop
      vertex 2.94208 10.624 2.7
      vertex 2.82513 10.166 2.7
      vertex 2.90491 10.1444 2.7
    endloop
  endfacet
  facet normal 0 0 1
    outer loop
      vertex 2.81058 10.6378 2.7
      vertex 2.82513 10.166 2.7
      vertex 2.94208 10.624 2.7
    endloop
  endfacet
  facet normal 0 0 1
    outer loop
      vertex 2.81058 10.6378 2.7
      vertex 2.74103 10.1815 2.7
      vertex 2.82513 10.166 2.7
    endloop
  endfacet
  facet normal 0 0 1
    outer loop
      vertex 2.67271 10.6424 2.7
      vertex 2.74103 10.1815 2.7
      vertex 2.81058 10.6378 2.7
    endloop
  endfacet
  facet normal 0 0 1
    outer loop
      vertex 2.67271 10.6424 2.7
      vertex 2.65259 10.1907 2.7
      vertex 2.74103 10.1815 2.7
    endloop
  endfacet
  facet normal -0 0 1
    outer loop
      vertex 2.55687 10.639 2.7
      vertex 2.65259 10.1907 2.7
      vertex 2.67271 10.6424 2.7
    endloop
  endfacet
  facet normal 0 0 1
    outer loop
      vertex 2.65259 10.1907 2.7
      vertex 2.55687 10.639 2.7
      vertex 2.55981 10.1938 2.7
    endloop
  endfacet
  facet normal 0 0 1
    outer loop
      vertex 2.55687 10.639 2.7
      vertex 2.51068 10.193 2.7
      vertex 2.55981 10.1938 2.7
    endloop
  endfacet
  facet normal -0 0 1
    outer loop
      vertex 2.44531 10.6288 2.7
      vertex 2.51068 10.193 2.7
      vertex 2.55687 10.639 2.7
    endloop
  endfacet
  facet normal 0 0 1
    outer loop
      vertex 2.51068 10.193 2.7
      vertex 2.44531 10.6288 2.7
      vertex 2.46231 10.1904 2.7
    endloop
  endfacet
  facet normal -0 0 1
    outer loop
      vertex 2.33806 10.6119 2.7
      vertex 2.46231 10.1904 2.7
      vertex 2.44531 10.6288 2.7
    endloop
  endfacet
  facet normal 0 0 1
    outer loop
      vertex 2.46231 10.1904 2.7
      vertex 2.33806 10.6119 2.7
      vertex 2.41469 10.186 2.7
    endloop
  endfacet
  facet normal 0 0 1
    outer loop
      vertex 2.41469 10.186 2.7
      vertex 2.33806 10.6119 2.7
      vertex 2.36783 10.18 2.7
    endloop
  endfacet
  facet normal -0 0 1
    outer loop
      vertex 2.23511 10.5881 2.7
      vertex 2.36783 10.18 2.7
      vertex 2.33806 10.6119 2.7
    endloop
  endfacet
  facet normal 0 0 1
    outer loop
      vertex 2.36783 10.18 2.7
      vertex 2.23511 10.5881 2.7
      vertex 2.32172 10.1722 2.7
    endloop
  endfacet
  facet normal 0 0 1
    outer loop
      vertex 2.32172 10.1722 2.7
      vertex 2.23511 10.5881 2.7
      vertex 2.27635 10.1626 2.7
    endloop
  endfacet
  facet normal -0 0 1
    outer loop
      vertex 2.13643 10.5576 2.7
      vertex 2.27635 10.1626 2.7
      vertex 2.23511 10.5881 2.7
    endloop
  endfacet
  facet normal 0 0 1
    outer loop
      vertex 2.27635 10.1626 2.7
      vertex 2.13643 10.5576 2.7
      vertex 2.23174 10.1514 2.7
    endloop
  endfacet
  facet normal -0 0 1
    outer loop
      vertex 2.04205 10.5203 2.7
      vertex 2.23174 10.1514 2.7
      vertex 2.13643 10.5576 2.7
    endloop
  endfacet
  facet normal 0 0 1
    outer loop
      vertex 2.23174 10.1514 2.7
      vertex 2.04205 10.5203 2.7
      vertex 2.18788 10.1384 2.7
    endloop
  endfacet
  facet normal 0 0 1
    outer loop
      vertex 2.18788 10.1384 2.7
      vertex 2.04205 10.5203 2.7
      vertex 2.14478 10.1236 2.7
    endloop
  endfacet
  facet normal -0 0 1
    outer loop
      vertex 1.95197 10.4763 2.7
      vertex 2.14478 10.1236 2.7
      vertex 2.04205 10.5203 2.7
    endloop
  endfacet
  facet normal 0 0 1
    outer loop
      vertex 2.14478 10.1236 2.7
      vertex 1.95197 10.4763 2.7
      vertex 2.10205 10.1068 2.7
    endloop
  endfacet
  facet normal -0 0 1
    outer loop
      vertex 1.86618 10.4254 2.7
      vertex 2.10205 10.1068 2.7
      vertex 1.95197 10.4763 2.7
    endloop
  endfacet
  facet normal 0 0 1
    outer loop
      vertex 2.10205 10.1068 2.7
      vertex 1.86618 10.4254 2.7
      vertex 2.05933 10.0876 2.7
    endloop
  endfacet
  facet normal 0 0 1
    outer loop
      vertex 2.05933 10.0876 2.7
      vertex 1.86618 10.4254 2.7
      vertex 2.01662 10.066 2.7
    endloop
  endfacet
  facet normal -0 0 1
    outer loop
      vertex 1.78468 10.3678 2.7
      vertex 2.01662 10.066 2.7
      vertex 1.86618 10.4254 2.7
    endloop
  endfacet
  facet normal 0 0 1
    outer loop
      vertex 2.01662 10.066 2.7
      vertex 1.78468 10.3678 2.7
      vertex 1.97389 10.042 2.7
    endloop
  endfacet
  facet normal 0 0 1
    outer loop
      vertex 1.97389 10.042 2.7
      vertex 1.78468 10.3678 2.7
      vertex 1.93117 10.0155 2.7
    endloop
  endfacet
  facet normal 0 0 1
    outer loop
      vertex 1.93117 10.0155 2.7
      vertex 1.78468 10.3678 2.7
      vertex 1.88846 9.98668 2.7
    endloop
  endfacet
  facet normal 0 0 1
    outer loop
      vertex 1.88846 9.98668 2.7
      vertex 1.78468 10.3678 2.7
      vertex 1.84573 9.95541 2.7
    endloop
  endfacet
  facet normal 0 0 1
    outer loop
      vertex 1.84573 9.95541 2.7
      vertex 1.78468 10.3678 2.7
      vertex 1.80301 9.92174 2.7
    endloop
  endfacet
  facet normal 0 0 1
    outer loop
      vertex 1.80301 9.92174 2.7
      vertex 1.78468 10.3678 2.7
      vertex 1.7603 9.88564 2.7
    endloop
  endfacet
  facet normal -0 0 1
    outer loop
      vertex 3.48744 9.37581 2.7
      vertex 4.06119 9.29974 2.7
      vertex 4.05653 9.42986 2.7
    endloop
  endfacet
  facet normal 0 0 1
    outer loop
      vertex 3.48744 9.37581 2.7
      vertex 4.05653 9.42986 2.7
      vertex 4.04257 9.55441 2.7
    endloop
  endfacet
  facet normal 0 0 1
    outer loop
      vertex 4.06119 9.29974 2.7
      vertex 3.49054 9.28755 2.7
      vertex 4.0562 9.1521 2.7
    endloop
  endfacet
  facet normal 0 0 1
    outer loop
      vertex 3.48744 9.37581 2.7
      vertex 4.04257 9.55441 2.7
      vertex 4.01932 9.67339 2.7
    endloop
  endfacet
  facet normal -0 0 1
    outer loop
      vertex 3.48746 9.18625 2.7
      vertex 4.0562 9.1521 2.7
      vertex 3.49054 9.28755 2.7
    endloop
  endfacet
  facet normal 0 0 1
    outer loop
      vertex 3.48744 9.37581 2.7
      vertex 4.01932 9.67339 2.7
      vertex 3.98674 9.78677 2.7
    endloop
  endfacet
  facet normal 0 0 1
    outer loop
      vertex 4.0562 9.1521 2.7
      vertex 3.48746 9.18625 2.7
      vertex 4.04121 9.01161 2.7
    endloop
  endfacet
  facet normal 0 0 1
    outer loop
      vertex 3.48744 9.37581 2.7
      vertex 3.98674 9.78677 2.7
      vertex 3.94487 9.89459 2.7
    endloop
  endfacet
  facet normal -0 0 1
    outer loop
      vertex 3.47818 9.08989 2.7
      vertex 4.04121 9.01161 2.7
      vertex 3.48746 9.18625 2.7
    endloop
  endfacet
  facet normal 0 0 1
    outer loop
      vertex 3.48744 9.37581 2.7
      vertex 3.94487 9.89459 2.7
      vertex 3.89369 9.99684 2.7
    endloop
  endfacet
  facet normal 0 0 1
    outer loop
      vertex 4.04121 9.01161 2.7
      vertex 3.47818 9.08989 2.7
      vertex 4.01625 8.8783 2.7
    endloop
  endfacet
  facet normal 0 0 1
    outer loop
      vertex 3.48744 9.37581 2.7
      vertex 3.89369 9.99684 2.7
      vertex 3.83321 10.0935 2.7
    endloop
  endfacet
  facet normal -0 0 1
    outer loop
      vertex 3.46274 8.99847 2.7
      vertex 4.01625 8.8783 2.7
      vertex 3.47818 9.08989 2.7
    endloop
  endfacet
  facet normal 0 0 1
    outer loop
      vertex 3.48744 9.37581 2.7
      vertex 3.83321 10.0935 2.7
      vertex 3.76341 10.1846 2.7
    endloop
  endfacet
  facet normal 0 0 1
    outer loop
      vertex 4.01625 8.8783 2.7
      vertex 3.46274 8.99847 2.7
      vertex 3.98131 8.75212 2.7
    endloop
  endfacet
  facet normal 0 0 1
    outer loop
      vertex 3.48744 9.37581 2.7
      vertex 3.76341 10.1846 2.7
      vertex 3.68431 10.2701 2.7
    endloop
  endfacet
  facet normal -0 0 1
    outer loop
      vertex 3.44112 8.91199 2.7
      vertex 3.98131 8.75212 2.7
      vertex 3.46274 8.99847 2.7
    endloop
  endfacet
  facet normal 0 0 1
    outer loop
      vertex 3.48744 9.37581 2.7
      vertex 3.68431 10.2701 2.7
      vertex 3.59738 10.3482 2.7
    endloop
  endfacet
  facet normal 0 0 1
    outer loop
      vertex 3.98131 8.75212 2.7
      vertex 3.44112 8.91199 2.7
      vertex 3.93639 8.63312 2.7
    endloop
  endfacet
  facet normal 0 0 1
    outer loop
      vertex 3.23877 9.9436 2.7
      vertex 3.59738 10.3482 2.7
      vertex 3.50407 10.4172 2.7
    endloop
  endfacet
  facet normal -0 0 1
    outer loop
      vertex 3.4133 8.83044 2.7
      vertex 3.93639 8.63312 2.7
      vertex 3.44112 8.91199 2.7
    endloop
  endfacet
  facet normal 0 0 1
    outer loop
      vertex 3.93639 8.63312 2.7
      vertex 3.4133 8.83044 2.7
      vertex 3.88147 8.52126 2.7
    endloop
  endfacet
  facet normal -0 0 1
    outer loop
      vertex 3.37932 8.75383 2.7
      vertex 3.88147 8.52126 2.7
      vertex 3.4133 8.83044 2.7
    endloop
  endfacet
  facet normal 0 0 1
    outer loop
      vertex 3.88147 8.52126 2.7
      vertex 3.37932 8.75383 2.7
      vertex 3.81657 8.41656 2.7
    endloop
  endfacet
  facet normal -0 0 1
    outer loop
      vertex 3.33916 8.68214 2.7
      vertex 3.81657 8.41656 2.7
      vertex 3.37932 8.75383 2.7
    endloop
  endfacet
  facet normal 0 0 1
    outer loop
      vertex 3.81657 8.41656 2.7
      vertex 3.33916 8.68214 2.7
      vertex 3.74168 8.31903 2.7
    endloop
  endfacet
  facet normal -0 0 1
    outer loop
      vertex 3.29282 8.6154 2.7
      vertex 3.74168 8.31903 2.7
      vertex 3.33916 8.68214 2.7
    endloop
  endfacet
  facet normal 0 0 1
    outer loop
      vertex 3.74168 8.31903 2.7
      vertex 3.29282 8.6154 2.7
      vertex 3.65681 8.22865 2.7
    endloop
  endfacet
  facet normal -0 0 1
    outer loop
      vertex 3.2403 8.55359 2.7
      vertex 3.65681 8.22865 2.7
      vertex 3.29282 8.6154 2.7
    endloop
  endfacet
  facet normal 0 0 1
    outer loop
      vertex 3.65681 8.22865 2.7
      vertex 3.2403 8.55359 2.7
      vertex 3.56311 8.14667 2.7
    endloop
  endfacet
  facet normal -0 0 1
    outer loop
      vertex 3.18231 8.49756 2.7
      vertex 3.56311 8.14667 2.7
      vertex 3.2403 8.55359 2.7
    endloop
  endfacet
  facet normal 0 0 1
    outer loop
      vertex 3.56311 8.14667 2.7
      vertex 3.18231 8.49756 2.7
      vertex 3.46167 8.07434 2.7
    endloop
  endfacet
  facet normal -0 0 1
    outer loop
      vertex 3.11958 8.44812 2.7
      vertex 3.46167 8.07434 2.7
      vertex 3.18231 8.49756 2.7
    endloop
  endfacet
  facet normal 0 0 1
    outer loop
      vertex 3.46167 8.07434 2.7
      vertex 3.11958 8.44812 2.7
      vertex 3.35251 8.01166 2.7
    endloop
  endfacet
  facet normal -0 0 1
    outer loop
      vertex 3.05211 8.40527 2.7
      vertex 3.35251 8.01166 2.7
      vertex 3.11958 8.44812 2.7
    endloop
  endfacet
  facet normal 0 0 1
    outer loop
      vertex 3.35251 8.01166 2.7
      vertex 3.05211 8.40527 2.7
      vertex 3.23563 7.9586 2.7
    endloop
  endfacet
  facet normal -0 0 1
    outer loop
      vertex 2.97989 8.36902 2.7
      vertex 3.23563 7.9586 2.7
      vertex 3.05211 8.40527 2.7
    endloop
  endfacet
  facet normal 0 0 1
    outer loop
      vertex 3.23563 7.9586 2.7
      vertex 2.97989 8.36902 2.7
      vertex 3.11102 7.91521 2.7
    endloop
  endfacet
  facet normal -0 0 1
    outer loop
      vertex 2.90292 8.33936 2.7
      vertex 3.11102 7.91521 2.7
      vertex 2.97989 8.36902 2.7
    endloop
  endfacet
  facet normal 0 0 1
    outer loop
      vertex 3.11102 7.91521 2.7
      vertex 2.90292 8.33936 2.7
      vertex 2.9787 7.88145 2.7
    endloop
  endfacet
  facet normal -0 0 1
    outer loop
      vertex 2.82121 8.31627 2.7
      vertex 2.9787 7.88145 2.7
      vertex 2.90292 8.33936 2.7
    endloop
  endfacet
  facet normal 0 0 1
    outer loop
      vertex 2.9787 7.88145 2.7
      vertex 2.82121 8.31627 2.7
      vertex 2.83865 7.85735 2.7
    endloop
  endfacet
  facet normal -0 0 1
    outer loop
      vertex 2.73476 8.29979 2.7
      vertex 2.83865 7.85735 2.7
      vertex 2.82121 8.31627 2.7
    endloop
  endfacet
  facet normal 0 0 1
    outer loop
      vertex 2.73476 8.29979 2.7
      vertex 2.69087 7.84286 2.7
      vertex 2.83865 7.85735 2.7
    endloop
  endfacet
  facet normal -0 0 1
    outer loop
      vertex 2.64355 8.2899 2.7
      vertex 2.69087 7.84286 2.7
      vertex 2.73476 8.29979 2.7
    endloop
  endfacet
  facet normal 0 0 1
    outer loop
      vertex 2.53537 7.83804 2.7
      vertex 2.64355 8.2899 2.7
      vertex 2.54761 8.28661 2.7
    endloop
  endfacet
  facet normal 0 0 1
    outer loop
      vertex 2.64355 8.2899 2.7
      vertex 2.53537 7.83804 2.7
      vertex 2.69087 7.84286 2.7
    endloop
  endfacet
  facet normal 0 0 1
    outer loop
      vertex 2.54761 8.28661 2.7
      vertex 2.40465 7.84129 2.7
      vertex 2.53537 7.83804 2.7
    endloop
  endfacet
  facet normal 0 0 1
    outer loop
      vertex 2.39432 8.29448 2.7
      vertex 2.40465 7.84129 2.7
      vertex 2.54761 8.28661 2.7
    endloop
  endfacet
  facet normal 0 0 1
    outer loop
      vertex 2.39432 8.29448 2.7
      vertex 2.27965 7.85101 2.7
      vertex 2.40465 7.84129 2.7
    endloop
  endfacet
  facet normal 0 0 1
    outer loop
      vertex 2.2545 8.3181 2.7
      vertex 2.27965 7.85101 2.7
      vertex 2.39432 8.29448 2.7
    endloop
  endfacet
  facet normal 0 0 1
    outer loop
      vertex 2.2545 8.3181 2.7
      vertex 2.16037 7.8672 2.7
      vertex 2.27965 7.85101 2.7
    endloop
  endfacet
  facet normal 0 0 1
    outer loop
      vertex 2.04683 7.88989 2.7
      vertex 2.2545 8.3181 2.7
      vertex 2.12819 8.35747 2.7
    endloop
  endfacet
  facet normal 0 0 1
    outer loop
      vertex 2.2545 8.3181 2.7
      vertex 2.04683 7.88989 2.7
      vertex 2.16037 7.8672 2.7
    endloop
  endfacet
  facet normal 0 0 1
    outer loop
      vertex 1.83691 7.9547 2.7
      vertex 2.12819 8.35747 2.7
      vertex 2.01535 8.4126 2.7
    endloop
  endfacet
  facet normal 0 0 1
    outer loop
      vertex 2.12819 8.35747 2.7
      vertex 1.93901 7.91905 2.7
      vertex 2.04683 7.88989 2.7
    endloop
  endfacet
  facet normal 0 0 1
    outer loop
      vertex 1.74054 7.99681 2.7
      vertex 2.01535 8.4126 2.7
      vertex 1.91602 8.48346 2.7
    endloop
  endfacet
  facet normal 0 0 1
    outer loop
      vertex 2.12819 8.35747 2.7
      vertex 1.83691 7.9547 2.7
      vertex 1.93901 7.91905 2.7
    endloop
  endfacet
  facet normal 0 0 1
    outer loop
      vertex 1.56499 8.10049 2.7
      vertex 1.91602 8.48346 2.7
      vertex 1.83015 8.57007 2.7
    endloop
  endfacet
  facet normal 0 0 1
    outer loop
      vertex 1.34901 8.30156 2.7
      vertex 1.83015 8.57007 2.7
      vertex 1.75778 8.67242 2.7
    endloop
  endfacet
  facet normal 0 0 1
    outer loop
      vertex 2.01535 8.4126 2.7
      vertex 1.74054 7.99681 2.7
      vertex 1.83691 7.9547 2.7
    endloop
  endfacet
  facet normal 0 0 1
    outer loop
      vertex 1.23856 8.4646 2.7
      vertex 1.75778 8.67242 2.7
      vertex 1.6989 8.79054 2.7
    endloop
  endfacet
  facet normal 0 0 1
    outer loop
      vertex 1.15492 8.65086 2.7
      vertex 1.6989 8.79054 2.7
      vertex 1.6535 8.92439 2.7
    endloop
  endfacet
  facet normal 0 0 1
    outer loop
      vertex 1.91602 8.48346 2.7
      vertex 1.6499 8.04541 2.7
      vertex 1.74054 7.99681 2.7
    endloop
  endfacet
  facet normal 0 0 1
    outer loop
      vertex 1.91602 8.48346 2.7
      vertex 1.56499 8.10049 2.7
      vertex 1.6499 8.04541 2.7
    endloop
  endfacet
  facet normal 0 0 1
    outer loop
      vertex 1.83015 8.57007 2.7
      vertex 1.4863 8.16171 2.7
      vertex 1.56499 8.10049 2.7
    endloop
  endfacet
  facet normal 0 0 1
    outer loop
      vertex 1.83015 8.57007 2.7
      vertex 1.41431 8.22873 2.7
      vertex 1.4863 8.16171 2.7
    endloop
  endfacet
  facet normal 0 0 1
    outer loop
      vertex 1.83015 8.57007 2.7
      vertex 1.34901 8.30156 2.7
      vertex 1.41431 8.22873 2.7
    endloop
  endfacet
  facet normal 0 0 1
    outer loop
      vertex 1.75778 8.67242 2.7
      vertex 1.29044 8.38017 2.7
      vertex 1.34901 8.30156 2.7
    endloop
  endfacet
  facet normal 0 0 1
    outer loop
      vertex 1.75778 8.67242 2.7
      vertex 1.23856 8.4646 2.7
      vertex 1.29044 8.38017 2.7
    endloop
  endfacet
  facet normal 0 0 1
    outer loop
      vertex 1.6989 8.79054 2.7
      vertex 1.19339 8.55482 2.7
      vertex 1.23856 8.4646 2.7
    endloop
  endfacet
  facet normal 0 0 1
    outer loop
      vertex 1.6989 8.79054 2.7
      vertex 1.15492 8.65086 2.7
      vertex 1.19339 8.55482 2.7
    endloop
  endfacet
  facet normal 0 0 1
    outer loop
      vertex 1.6535 8.92439 2.7
      vertex 1.12317 8.75269 2.7
      vertex 1.15492 8.65086 2.7
    endloop
  endfacet
  facet normal 0 -0 1
    outer loop
      vertex 1.12317 8.75269 2.7
      vertex 1.6535 8.92439 2.7
      vertex 1.09811 8.86032 2.7
    endloop
  endfacet
  facet normal -0 0 1
    outer loop
      vertex -0.277222 8.56737 2.7
      vertex 0.317795 7.89906 2.7
      vertex 0.317795 8.56737 2.7
    endloop
  endfacet
  facet normal 0 0 1
    outer loop
      vertex 0.317795 7.89906 2.7
      vertex -0.277222 8.56737 2.7
      vertex -0.277222 7.89906 2.7
    endloop
  endfacet
  facet normal 0.083601 -0.996499 0
    outer loop
      vertex -2.34792 7.84209 2
      vertex -2.20393 7.85417 2.7
      vertex -2.34792 7.84209 2.7
    endloop
  endfacet
  facet normal 0.083601 -0.996499 0
    outer loop
      vertex -2.20393 7.85417 2.7
      vertex -2.34792 7.84209 2
      vertex -2.20393 7.85417 2
    endloop
  endfacet
  facet normal 0.146633 -0.989191 0
    outer loop
      vertex -2.20393 7.85417 2
      vertex -2.06793 7.87433 2.7
      vertex -2.20393 7.85417 2.7
    endloop
  endfacet
  facet normal 0.146633 -0.989191 0
    outer loop
      vertex -2.06793 7.87433 2.7
      vertex -2.20393 7.85417 2
      vertex -2.06793 7.87433 2
    endloop
  endfacet
  facet normal 0.215194 -0.976571 0
    outer loop
      vertex -2.06793 7.87433 2
      vertex -1.93991 7.90254 2.7
      vertex -2.06793 7.87433 2.7
    endloop
  endfacet
  facet normal 0.215194 -0.976571 0
    outer loop
      vertex -1.93991 7.90254 2.7
      vertex -2.06793 7.87433 2
      vertex -1.93991 7.90254 2
    endloop
  endfacet
  facet normal 0.289447 -0.957194 0
    outer loop
      vertex -1.93991 7.90254 2
      vertex -1.8199 7.93883 2.7
      vertex -1.93991 7.90254 2.7
    endloop
  endfacet
  facet normal 0.289447 -0.957194 0
    outer loop
      vertex -1.8199 7.93883 2.7
      vertex -1.93991 7.90254 2
      vertex -1.8199 7.93883 2
    endloop
  endfacet
  facet normal 0.367983 -0.929833 0
    outer loop
      vertex -1.8199 7.93883 2
      vertex -1.70786 7.98317 2.7
      vertex -1.8199 7.93883 2.7
    endloop
  endfacet
  facet normal 0.367983 -0.929833 0
    outer loop
      vertex -1.70786 7.98317 2.7
      vertex -1.8199 7.93883 2
      vertex -1.70786 7.98317 2
    endloop
  endfacet
  facet normal 0.449787 -0.893136 0
    outer loop
      vertex -1.70786 7.98317 2
      vertex -1.60381 8.03557 2.7
      vertex -1.70786 7.98317 2.7
    endloop
  endfacet
  facet normal 0.449787 -0.893136 0
    outer loop
      vertex -1.60381 8.03557 2.7
      vertex -1.70786 7.98317 2
      vertex -1.60381 8.03557 2
    endloop
  endfacet
  facet normal 0.532736 -0.846281 0
    outer loop
      vertex -1.60381 8.03557 2
      vertex -1.50775 8.09604 2.7
      vertex -1.60381 8.03557 2.7
    endloop
  endfacet
  facet normal 0.532736 -0.846281 0
    outer loop
      vertex -1.50775 8.09604 2.7
      vertex -1.60381 8.03557 2
      vertex -1.50775 8.09604 2
    endloop
  endfacet
  facet normal 0.614114 -0.789217 0
    outer loop
      vertex -1.50775 8.09604 2
      vertex -1.41968 8.16457 2.7
      vertex -1.50775 8.09604 2.7
    endloop
  endfacet
  facet normal 0.614114 -0.789217 0
    outer loop
      vertex -1.41968 8.16457 2.7
      vertex -1.50775 8.09604 2
      vertex -1.41968 8.16457 2
    endloop
  endfacet
  facet normal 0.690809 -0.723037 0
    outer loop
      vertex -1.41968 8.16457 2
      vertex -1.34026 8.24045 2.7
      vertex -1.41968 8.16457 2.7
    endloop
  endfacet
  facet normal 0.690809 -0.723037 0
    outer loop
      vertex -1.34026 8.24045 2.7
      vertex -1.41968 8.16457 2
      vertex -1.34026 8.24045 2
    endloop
  endfacet
  facet normal 0.762099 -0.647461 0
    outer loop
      vertex -1.34026 8.24045 2.7
      vertex -1.27017 8.32295 2
      vertex -1.27017 8.32295 2.7
    endloop
  endfacet
  facet normal 0.762099 -0.647461 0
    outer loop
      vertex -1.27017 8.32295 2
      vertex -1.34026 8.24045 2.7
      vertex -1.34026 8.24045 2
    endloop
  endfacet
  facet normal 0.826402 -0.563081 0
    outer loop
      vertex -1.27017 8.32295 2.7
      vertex -1.20944 8.41208 2
      vertex -1.20944 8.41208 2.7
    endloop
  endfacet
  facet normal 0.826402 -0.563081 0
    outer loop
      vertex -1.20944 8.41208 2
      vertex -1.27017 8.32295 2.7
      vertex -1.27017 8.32295 2
    endloop
  endfacet
  facet normal 0.881135 -0.472865 0
    outer loop
      vertex -1.20944 8.41208 2.7
      vertex -1.15805 8.50784 2
      vertex -1.15805 8.50784 2.7
    endloop
  endfacet
  facet normal 0.881135 -0.472865 0
    outer loop
      vertex -1.15805 8.50784 2
      vertex -1.20944 8.41208 2.7
      vertex -1.20944 8.41208 2
    endloop
  endfacet
  facet normal 0.925074 -0.379786 0
    outer loop
      vertex -1.15805 8.50784 2.7
      vertex -1.11601 8.61024 2
      vertex -1.11601 8.61024 2.7
    endloop
  endfacet
  facet normal 0.925074 -0.379786 0
    outer loop
      vertex -1.11601 8.61024 2
      vertex -1.15805 8.50784 2.7
      vertex -1.15805 8.50784 2
    endloop
  endfacet
  facet normal 0.957848 -0.287275 0
    outer loop
      vertex -1.11601 8.61024 2.7
      vertex -1.08331 8.71927 2
      vertex -1.08331 8.71927 2.7
    endloop
  endfacet
  facet normal 0.957848 -0.287275 0
    outer loop
      vertex -1.08331 8.71927 2
      vertex -1.11601 8.61024 2.7
      vertex -1.11601 8.61024 2
    endloop
  endfacet
  facet normal 0.980207 -0.197974 0
    outer loop
      vertex -1.08331 8.71927 2.7
      vertex -1.05995 8.83493 2
      vertex -1.05995 8.83493 2.7
    endloop
  endfacet
  facet normal 0.980207 -0.197974 0
    outer loop
      vertex -1.05995 8.83493 2
      vertex -1.08331 8.71927 2.7
      vertex -1.08331 8.71927 2
    endloop
  endfacet
  facet normal 0.9935 -0.113828 0
    outer loop
      vertex -1.05995 8.83493 2.7
      vertex -1.04594 8.95721 2
      vertex -1.04594 8.95721 2.7
    endloop
  endfacet
  facet normal 0.9935 -0.113828 0
    outer loop
      vertex -1.04594 8.95721 2
      vertex -1.05995 8.83493 2.7
      vertex -1.05995 8.83493 2
    endloop
  endfacet
  facet normal 0.999342 -0.0362805 0
    outer loop
      vertex -1.04594 8.95721 2.7
      vertex -1.04126 9.08612 2
      vertex -1.04126 9.08612 2.7
    endloop
  endfacet
  facet normal 0.999342 -0.0362805 0
    outer loop
      vertex -1.04126 9.08612 2
      vertex -1.04594 8.95721 2.7
      vertex -1.04594 8.95721 2
    endloop
  endfacet
  facet normal 0.999314 0.0370446 0
    outer loop
      vertex -1.04126 9.08612 2.7
      vertex -1.04459 9.17595 2
      vertex -1.04459 9.17595 2.7
    endloop
  endfacet
  facet normal 0.999314 0.0370446 0
    outer loop
      vertex -1.04459 9.17595 2
      vertex -1.04126 9.08612 2.7
      vertex -1.04126 9.08612 2
    endloop
  endfacet
  facet normal 0.99344 0.114358 0
    outer loop
      vertex -1.04459 9.17595 2.7
      vertex -1.05453 9.2623 2
      vertex -1.05453 9.2623 2.7
    endloop
  endfacet
  facet normal 0.99344 0.114358 0
    outer loop
      vertex -1.05453 9.2623 2
      vertex -1.04459 9.17595 2.7
      vertex -1.04459 9.17595 2
    endloop
  endfacet
  facet normal 0.980567 0.196184 0
    outer loop
      vertex -1.05453 9.2623 2.7
      vertex -1.07111 9.34517 2
      vertex -1.07111 9.34517 2.7
    endloop
  endfacet
  facet normal 0.980567 0.196184 0
    outer loop
      vertex -1.07111 9.34517 2
      vertex -1.05453 9.2623 2.7
      vertex -1.05453 9.2623 2
    endloop
  endfacet
  facet normal 0.959884 0.280399 0
    outer loop
      vertex -1.07111 9.34517 2.7
      vertex -1.09431 9.42459 2
      vertex -1.09431 9.42459 2.7
    endloop
  endfacet
  facet normal 0.959884 0.280399 0
    outer loop
      vertex -1.09431 9.42459 2
      vertex -1.07111 9.34517 2.7
      vertex -1.07111 9.34517 2
    endloop
  endfacet
  facet normal 0.930716 0.365743 0
    outer loop
      vertex -1.09431 9.42459 2.7
      vertex -1.12416 9.50055 2
      vertex -1.12416 9.50055 2.7
    endloop
  endfacet
  facet normal 0.930716 0.365743 0
    outer loop
      vertex -1.12416 9.50055 2
      vertex -1.09431 9.42459 2.7
      vertex -1.09431 9.42459 2
    endloop
  endfacet
  facet normal 0.89329 0.44948 0
    outer loop
      vertex -1.12416 9.50055 2.7
      vertex -1.16063 9.57303 2
      vertex -1.16063 9.57303 2.7
    endloop
  endfacet
  facet normal 0.89329 0.44948 0
    outer loop
      vertex -1.16063 9.57303 2
      vertex -1.12416 9.50055 2.7
      vertex -1.12416 9.50055 2
    endloop
  endfacet
  facet normal 0.848116 0.529811 0
    outer loop
      vertex -1.16063 9.57303 2.7
      vertex -1.20374 9.64204 2
      vertex -1.20374 9.64204 2.7
    endloop
  endfacet
  facet normal 0.848116 0.529811 0
    outer loop
      vertex -1.20374 9.64204 2
      vertex -1.16063 9.57303 2.7
      vertex -1.16063 9.57303 2
    endloop
  endfacet
  facet normal 0.79678 0.604269 0
    outer loop
      vertex -1.20374 9.64204 2.7
      vertex -1.25346 9.7076 2
      vertex -1.25346 9.7076 2.7
    endloop
  endfacet
  facet normal 0.79678 0.604269 0
    outer loop
      vertex -1.25346 9.7076 2
      vertex -1.20374 9.64204 2.7
      vertex -1.20374 9.64204 2
    endloop
  endfacet
  facet normal 0.74028 0.672299 0
    outer loop
      vertex -1.25346 9.7076 2.7
      vertex -1.30983 9.76967 2
      vertex -1.30983 9.76967 2.7
    endloop
  endfacet
  facet normal 0.74028 0.672299 0
    outer loop
      vertex -1.30983 9.76967 2
      vertex -1.25346 9.7076 2.7
      vertex -1.25346 9.7076 2
    endloop
  endfacet
  facet normal 0.679185 0.733967 -0
    outer loop
      vertex -1.30983 9.76967 2
      vertex -1.37213 9.82732 2.7
      vertex -1.30983 9.76967 2.7
    endloop
  endfacet
  facet normal 0.679185 0.733967 0
    outer loop
      vertex -1.37213 9.82732 2.7
      vertex -1.30983 9.76967 2
      vertex -1.37213 9.82732 2
    endloop
  endfacet
  facet normal 0.611368 0.791347 -0
    outer loop
      vertex -1.37213 9.82732 2
      vertex -1.43971 9.87953 2.7
      vertex -1.37213 9.82732 2.7
    endloop
  endfacet
  facet normal 0.611368 0.791347 0
    outer loop
      vertex -1.43971 9.87953 2.7
      vertex -1.37213 9.82732 2
      vertex -1.43971 9.87953 2
    endloop
  endfacet
  facet normal 0.540361 0.841434 -0
    outer loop
      vertex -1.43971 9.87953 2
      vertex -1.51257 9.92632 2.7
      vertex -1.43971 9.87953 2.7
    endloop
  endfacet
  facet normal 0.540361 0.841434 0
    outer loop
      vertex -1.51257 9.92632 2.7
      vertex -1.43971 9.87953 2
      vertex -1.51257 9.92632 2
    endloop
  endfacet
  facet normal 0.467862 0.883802 -0
    outer loop
      vertex -1.51257 9.92632 2
      vertex -1.5907 9.96768 2.7
      vertex -1.51257 9.92632 2.7
    endloop
  endfacet
  facet normal 0.467862 0.883802 0
    outer loop
      vertex -1.5907 9.96768 2.7
      vertex -1.51257 9.92632 2
      vertex -1.5907 9.96768 2
    endloop
  endfacet
  facet normal 0.395567 0.918437 -0
    outer loop
      vertex -1.5907 9.96768 2
      vertex -1.6741 10.0036 2.7
      vertex -1.5907 9.96768 2.7
    endloop
  endfacet
  facet normal 0.395567 0.918437 0
    outer loop
      vertex -1.6741 10.0036 2.7
      vertex -1.5907 9.96768 2
      vertex -1.6741 10.0036 2
    endloop
  endfacet
  facet normal 0.325202 0.945645 -0
    outer loop
      vertex -1.6741 10.0036 2
      vertex -1.76279 10.0341 2.7
      vertex -1.6741 10.0036 2.7
    endloop
  endfacet
  facet normal 0.325202 0.945645 0
    outer loop
      vertex -1.76279 10.0341 2.7
      vertex -1.6741 10.0036 2
      vertex -1.76279 10.0341 2
    endloop
  endfacet
  facet normal 0.258111 0.966115 -0
    outer loop
      vertex -1.76279 10.0341 2
      vertex -1.85674 10.0592 2.7
      vertex -1.76279 10.0341 2.7
    endloop
  endfacet
  facet normal 0.258111 0.966115 0
    outer loop
      vertex -1.85674 10.0592 2.7
      vertex -1.76279 10.0341 2
      vertex -1.85674 10.0592 2
    endloop
  endfacet
  facet normal 0.194747 0.980853 -0
    outer loop
      vertex -1.85674 10.0592 2
      vertex -1.95596 10.0789 2.7
      vertex -1.85674 10.0592 2.7
    endloop
  endfacet
  facet normal 0.194747 0.980853 0
    outer loop
      vertex -1.95596 10.0789 2.7
      vertex -1.85674 10.0592 2
      vertex -1.95596 10.0789 2
    endloop
  endfacet
  facet normal 0.134635 0.990895 -0
    outer loop
      vertex -1.95596 10.0789 2
      vertex -2.06047 10.0931 2.7
      vertex -1.95596 10.0789 2.7
    endloop
  endfacet
  facet normal 0.134635 0.990895 0
    outer loop
      vertex -2.06047 10.0931 2.7
      vertex -1.95596 10.0789 2
      vertex -2.06047 10.0931 2
    endloop
  endfacet
  facet normal 1 -0 0
    outer loop
      vertex -2.06047 10.0931 2.7
      vertex -2.06047 10.1053 2
      vertex -2.06047 10.1053 2.7
    endloop
  endfacet
  facet normal 1 0 0
    outer loop
      vertex -2.06047 10.1053 2
      vertex -2.06047 10.0931 2.7
      vertex -2.06047 10.0931 2
    endloop
  endfacet
  facet normal 0.229359 -0.973342 0
    outer loop
      vertex -2.06047 10.1053 2
      vertex -1.96541 10.1277 2.7
      vertex -2.06047 10.1053 2.7
    endloop
  endfacet
  facet normal 0.229359 -0.973342 0
    outer loop
      vertex -1.96541 10.1277 2.7
      vertex -2.06047 10.1053 2
      vertex -1.96541 10.1277 2
    endloop
  endfacet
  facet normal 0.282686 -0.959212 0
    outer loop
      vertex -1.96541 10.1277 2
      vertex -1.87549 10.1542 2.7
      vertex -1.96541 10.1277 2.7
    endloop
  endfacet
  facet normal 0.282686 -0.959212 0
    outer loop
      vertex -1.87549 10.1542 2.7
      vertex -1.96541 10.1277 2
      vertex -1.87549 10.1542 2
    endloop
  endfacet
  facet normal 0.339604 -0.940569 0
    outer loop
      vertex -1.87549 10.1542 2
      vertex -1.79074 10.1848 2.7
      vertex -1.87549 10.1542 2.7
    endloop
  endfacet
  facet normal 0.339604 -0.940569 0
    outer loop
      vertex -1.79074 10.1848 2.7
      vertex -1.87549 10.1542 2
      vertex -1.79074 10.1848 2
    endloop
  endfacet
  facet normal 0.400704 -0.916208 0
    outer loop
      vertex -1.79074 10.1848 2
      vertex -1.71117 10.2196 2.7
      vertex -1.79074 10.1848 2.7
    endloop
  endfacet
  facet normal 0.400704 -0.916208 0
    outer loop
      vertex -1.71117 10.2196 2.7
      vertex -1.79074 10.1848 2
      vertex -1.71117 10.2196 2
    endloop
  endfacet
  facet normal 0.462208 -0.886772 0
    outer loop
      vertex -1.71117 10.2196 2
      vertex -1.63673 10.2584 2.7
      vertex -1.71117 10.2196 2.7
    endloop
  endfacet
  facet normal 0.462208 -0.886772 0
    outer loop
      vertex -1.63673 10.2584 2.7
      vertex -1.71117 10.2196 2
      vertex -1.63673 10.2584 2
    endloop
  endfacet
  facet normal 0.526574 -0.850129 0
    outer loop
      vertex -1.63673 10.2584 2
      vertex -1.56747 10.3013 2.7
      vertex -1.63673 10.2584 2.7
    endloop
  endfacet
  facet normal 0.526574 -0.850129 0
    outer loop
      vertex -1.56747 10.3013 2.7
      vertex -1.63673 10.2584 2
      vertex -1.56747 10.3013 2
    endloop
  endfacet
  facet normal 0.592126 -0.805845 0
    outer loop
      vertex -1.56747 10.3013 2
      vertex -1.50337 10.3484 2.7
      vertex -1.56747 10.3013 2.7
    endloop
  endfacet
  facet normal 0.592126 -0.805845 0
    outer loop
      vertex -1.50337 10.3484 2.7
      vertex -1.56747 10.3013 2
      vertex -1.50337 10.3484 2
    endloop
  endfacet
  facet normal 0.655067 -0.755571 0
    outer loop
      vertex -1.50337 10.3484 2
      vertex -1.44443 10.3995 2.7
      vertex -1.50337 10.3484 2.7
    endloop
  endfacet
  facet normal 0.655067 -0.755571 0
    outer loop
      vertex -1.44443 10.3995 2.7
      vertex -1.50337 10.3484 2
      vertex -1.44443 10.3995 2
    endloop
  endfacet
  facet normal 0.716195 -0.697901 0
    outer loop
      vertex -1.44443 10.3995 2.7
      vertex -1.39064 10.4547 2
      vertex -1.39064 10.4547 2.7
    endloop
  endfacet
  facet normal 0.716195 -0.697901 0
    outer loop
      vertex -1.39064 10.4547 2
      vertex -1.44443 10.3995 2.7
      vertex -1.44443 10.3995 2
    endloop
  endfacet
  facet normal 0.774511 -0.632561 0
    outer loop
      vertex -1.39064 10.4547 2.7
      vertex -1.34229 10.5139 2
      vertex -1.34229 10.5139 2.7
    endloop
  endfacet
  facet normal 0.774511 -0.632561 0
    outer loop
      vertex -1.34229 10.5139 2
      vertex -1.39064 10.4547 2.7
      vertex -1.39064 10.4547 2
    endloop
  endfacet
  facet normal 0.828377 -0.560172 0
    outer loop
      vertex -1.34229 10.5139 2.7
      vertex -1.29962 10.577 2
      vertex -1.29962 10.577 2.7
    endloop
  endfacet
  facet normal 0.828377 -0.560172 0
    outer loop
      vertex -1.29962 10.577 2
      vertex -1.34229 10.5139 2.7
      vertex -1.34229 10.5139 2
    endloop
  endfacet
  facet normal 0.874941 -0.48423 0
    outer loop
      vertex -1.29962 10.577 2.7
      vertex -1.26265 10.6438 2
      vertex -1.26265 10.6438 2.7
    endloop
  endfacet
  facet normal 0.874941 -0.48423 0
    outer loop
      vertex -1.26265 10.6438 2
      vertex -1.29962 10.577 2.7
      vertex -1.29962 10.577 2
    endloop
  endfacet
  facet normal 0.914185 -0.405297 0
    outer loop
      vertex -1.26265 10.6438 2.7
      vertex -1.23135 10.7144 2
      vertex -1.23135 10.7144 2.7
    endloop
  endfacet
  facet normal 0.914185 -0.405297 0
    outer loop
      vertex -1.23135 10.7144 2
      vertex -1.26265 10.6438 2.7
      vertex -1.26265 10.6438 2
    endloop
  endfacet
  facet normal 0.945589 -0.325364 0
    outer loop
      vertex -1.23135 10.7144 2.7
      vertex -1.20575 10.7888 2
      vertex -1.20575 10.7888 2.7
    endloop
  endfacet
  facet normal 0.945589 -0.325364 0
    outer loop
      vertex -1.20575 10.7888 2
      vertex -1.23135 10.7144 2.7
      vertex -1.23135 10.7144 2
    endloop
  endfacet
  facet normal 0.969113 -0.246616 0
    outer loop
      vertex -1.20575 10.7888 2.7
      vertex -1.18585 10.867 2
      vertex -1.18585 10.867 2.7
    endloop
  endfacet
  facet normal 0.969113 -0.246616 0
    outer loop
      vertex -1.18585 10.867 2
      vertex -1.20575 10.7888 2.7
      vertex -1.20575 10.7888 2
    endloop
  endfacet
  facet normal 0.98533 -0.170662 0
    outer loop
      vertex -1.18585 10.867 2.7
      vertex -1.17163 10.9491 2
      vertex -1.17163 10.9491 2.7
    endloop
  endfacet
  facet normal 0.98533 -0.170662 0
    outer loop
      vertex -1.17163 10.9491 2
      vertex -1.18585 10.867 2.7
      vertex -1.18585 10.867 2
    endloop
  endfacet
  facet normal 0.995083 -0.0990444 0
    outer loop
      vertex -1.17163 10.9491 2.7
      vertex -1.16309 11.0349 2
      vertex -1.16309 11.0349 2.7
    endloop
  endfacet
  facet normal 0.995083 -0.0990444 0
    outer loop
      vertex -1.16309 11.0349 2
      vertex -1.17163 10.9491 2.7
      vertex -1.17163 10.9491 2
    endloop
  endfacet
  facet normal 0.999499 -0.0316452 0
    outer loop
      vertex -1.16309 11.0349 2.7
      vertex -1.16025 11.1246 2
      vertex -1.16025 11.1246 2.7
    endloop
  endfacet
  facet normal 0.999499 -0.0316452 0
    outer loop
      vertex -1.16025 11.1246 2
      vertex -1.16309 11.0349 2.7
      vertex -1.16309 11.0349 2
    endloop
  endfacet
  facet normal 0.99928 0.0379452 0
    outer loop
      vertex -1.16025 11.1246 2.7
      vertex -1.16467 11.241 2
      vertex -1.16467 11.241 2.7
    endloop
  endfacet
  facet normal 0.99928 0.0379452 0
    outer loop
      vertex -1.16467 11.241 2
      vertex -1.16025 11.1246 2.7
      vertex -1.16025 11.1246 2
    endloop
  endfacet
  facet normal 0.992868 0.119216 0
    outer loop
      vertex -1.16467 11.241 2.7
      vertex -1.17795 11.3516 2
      vertex -1.17795 11.3516 2.7
    endloop
  endfacet
  facet normal 0.992868 0.119216 0
    outer loop
      vertex -1.17795 11.3516 2
      vertex -1.16467 11.241 2.7
      vertex -1.16467 11.241 2
    endloop
  endfacet
  facet normal 0.978365 0.206886 0
    outer loop
      vertex -1.17795 11.3516 2.7
      vertex -1.20009 11.4563 2
      vertex -1.20009 11.4563 2.7
    endloop
  endfacet
  facet normal 0.978365 0.206886 0
    outer loop
      vertex -1.20009 11.4563 2
      vertex -1.17795 11.3516 2.7
      vertex -1.17795 11.3516 2
    endloop
  endfacet
  facet normal 0.954336 0.298736 0
    outer loop
      vertex -1.20009 11.4563 2.7
      vertex -1.23108 11.5553 2
      vertex -1.23108 11.5553 2.7
    endloop
  endfacet
  facet normal 0.954336 0.298736 0
    outer loop
      vertex -1.23108 11.5553 2
      vertex -1.20009 11.4563 2.7
      vertex -1.20009 11.4563 2
    endloop
  endfacet
  facet normal 0.919206 0.393776 0
    outer loop
      vertex -1.23108 11.5553 2.7
      vertex -1.27092 11.6483 2
      vertex -1.27092 11.6483 2.7
    endloop
  endfacet
  facet normal 0.919206 0.393776 0
    outer loop
      vertex -1.27092 11.6483 2
      vertex -1.23108 11.5553 2.7
      vertex -1.23108 11.5553 2
    endloop
  endfacet
  facet normal 0.873111 0.487521 0
    outer loop
      vertex -1.27092 11.6483 2.7
      vertex -1.31961 11.7355 2
      vertex -1.31961 11.7355 2.7
    endloop
  endfacet
  facet normal 0.873111 0.487521 0
    outer loop
      vertex -1.31961 11.7355 2
      vertex -1.27092 11.6483 2.7
      vertex -1.27092 11.6483 2
    endloop
  endfacet
  facet normal 0.816584 0.577227 0
    outer loop
      vertex -1.31961 11.7355 2.7
      vertex -1.37715 11.8169 2
      vertex -1.37715 11.8169 2.7
    endloop
  endfacet
  facet normal 0.816584 0.577227 0
    outer loop
      vertex -1.37715 11.8169 2
      vertex -1.31961 11.7355 2.7
      vertex -1.31961 11.7355 2
    endloop
  endfacet
  facet normal 0.751295 0.659967 0
    outer loop
      vertex -1.37715 11.8169 2.7
      vertex -1.44356 11.8925 2
      vertex -1.44356 11.8925 2.7
    endloop
  endfacet
  facet normal 0.751295 0.659967 0
    outer loop
      vertex -1.44356 11.8925 2
      vertex -1.37715 11.8169 2.7
      vertex -1.37715 11.8169 2
    endloop
  endfacet
  facet normal 0.679583 0.733599 -0
    outer loop
      vertex -1.44356 11.8925 2
      vertex -1.5188 11.9622 2.7
      vertex -1.44356 11.8925 2.7
    endloop
  endfacet
  facet normal 0.679583 0.733599 0
    outer loop
      vertex -1.5188 11.9622 2.7
      vertex -1.44356 11.8925 2
      vertex -1.5188 11.9622 2
    endloop
  endfacet
  facet normal 0.604051 0.796946 -0
    outer loop
      vertex -1.5188 11.9622 2
      vertex -1.60205 12.0253 2.7
      vertex -1.5188 11.9622 2.7
    endloop
  endfacet
  facet normal 0.604051 0.796946 0
    outer loop
      vertex -1.60205 12.0253 2.7
      vertex -1.5188 11.9622 2
      vertex -1.60205 12.0253 2
    endloop
  endfacet
  facet normal 0.524055 0.851684 -0
    outer loop
      vertex -1.60205 12.0253 2
      vertex -1.69241 12.0809 2.7
      vertex -1.60205 12.0253 2.7
    endloop
  endfacet
  facet normal 0.524055 0.851684 0
    outer loop
      vertex -1.69241 12.0809 2.7
      vertex -1.60205 12.0253 2
      vertex -1.69241 12.0809 2
    endloop
  endfacet
  facet normal 0.443975 0.896039 -0
    outer loop
      vertex -1.69241 12.0809 2
      vertex -1.78989 12.1292 2.7
      vertex -1.69241 12.0809 2.7
    endloop
  endfacet
  facet normal 0.443975 0.896039 0
    outer loop
      vertex -1.78989 12.1292 2.7
      vertex -1.69241 12.0809 2
      vertex -1.78989 12.1292 2
    endloop
  endfacet
  facet normal 0.363362 0.931648 -0
    outer loop
      vertex -1.78989 12.1292 2
      vertex -1.8945 12.17 2.7
      vertex -1.78989 12.1292 2.7
    endloop
  endfacet
  facet normal 0.363362 0.931648 0
    outer loop
      vertex -1.8945 12.17 2.7
      vertex -1.78989 12.1292 2
      vertex -1.8945 12.17 2
    endloop
  endfacet
  facet normal 0.286412 0.958107 -0
    outer loop
      vertex -1.8945 12.17 2
      vertex -2.00623 12.2034 2.7
      vertex -1.8945 12.17 2.7
    endloop
  endfacet
  facet normal 0.286412 0.958107 0
    outer loop
      vertex -2.00623 12.2034 2.7
      vertex -1.8945 12.17 2
      vertex -2.00623 12.2034 2
    endloop
  endfacet
  facet normal 0.213743 0.97689 -0
    outer loop
      vertex -2.00623 12.2034 2
      vertex -2.12506 12.2294 2.7
      vertex -2.00623 12.2034 2.7
    endloop
  endfacet
  facet normal 0.213743 0.97689 0
    outer loop
      vertex -2.12506 12.2294 2.7
      vertex -2.00623 12.2034 2
      vertex -2.12506 12.2294 2
    endloop
  endfacet
  facet normal 0.146059 0.989276 -0
    outer loop
      vertex -2.12506 12.2294 2
      vertex -2.25104 12.248 2.7
      vertex -2.12506 12.2294 2.7
    endloop
  endfacet
  facet normal 0.146059 0.989276 0
    outer loop
      vertex -2.25104 12.248 2.7
      vertex -2.12506 12.2294 2
      vertex -2.25104 12.248 2
    endloop
  endfacet
  facet normal 0.0831198 0.99654 -0
    outer loop
      vertex -2.25104 12.248 2
      vertex -2.38412 12.2591 2.7
      vertex -2.25104 12.248 2.7
    endloop
  endfacet
  facet normal 0.0831198 0.99654 0
    outer loop
      vertex -2.38412 12.2591 2.7
      vertex -2.25104 12.248 2
      vertex -2.38412 12.2591 2
    endloop
  endfacet
  facet normal 0.0263779 0.999652 -0
    outer loop
      vertex -2.38412 12.2591 2
      vertex -2.52434 12.2628 2.7
      vertex -2.38412 12.2591 2.7
    endloop
  endfacet
  facet normal 0.0263779 0.999652 0
    outer loop
      vertex -2.52434 12.2628 2.7
      vertex -2.38412 12.2591 2
      vertex -2.52434 12.2628 2
    endloop
  endfacet
  facet normal -0.0286948 0.999588 0
    outer loop
      vertex -2.52434 12.2628 2
      vertex -2.65323 12.2591 2.7
      vertex -2.52434 12.2628 2.7
    endloop
  endfacet
  facet normal -0.0286948 0.999588 0
    outer loop
      vertex -2.65323 12.2591 2.7
      vertex -2.52434 12.2628 2
      vertex -2.65323 12.2591 2
    endloop
  endfacet
  facet normal -0.0878609 0.996133 0
    outer loop
      vertex -2.65323 12.2591 2
      vertex -2.77681 12.2482 2.7
      vertex -2.65323 12.2591 2.7
    endloop
  endfacet
  facet normal -0.0878609 0.996133 0
    outer loop
      vertex -2.77681 12.2482 2.7
      vertex -2.65323 12.2591 2
      vertex -2.77681 12.2482 2
    endloop
  endfacet
  facet normal -0.152911 0.98824 0
    outer loop
      vertex -2.77681 12.2482 2
      vertex -2.89508 12.2299 2.7
      vertex -2.77681 12.2482 2.7
    endloop
  endfacet
  facet normal -0.152911 0.98824 0
    outer loop
      vertex -2.89508 12.2299 2.7
      vertex -2.77681 12.2482 2
      vertex -2.89508 12.2299 2
    endloop
  endfacet
  facet normal -0.221024 0.975268 0
    outer loop
      vertex -2.89508 12.2299 2
      vertex -3.00804 12.2043 2.7
      vertex -2.89508 12.2299 2.7
    endloop
  endfacet
  facet normal -0.221024 0.975268 0
    outer loop
      vertex -3.00804 12.2043 2.7
      vertex -2.89508 12.2299 2
      vertex -3.00804 12.2043 2
    endloop
  endfacet
  facet normal -0.292275 0.956334 0
    outer loop
      vertex -3.00804 12.2043 2
      vertex -3.11569 12.1714 2.7
      vertex -3.00804 12.2043 2.7
    endloop
  endfacet
  facet normal -0.292275 0.956334 0
    outer loop
      vertex -3.11569 12.1714 2.7
      vertex -3.00804 12.2043 2
      vertex -3.11569 12.1714 2
    endloop
  endfacet
  facet normal -0.365613 0.930767 0
    outer loop
      vertex -3.11569 12.1714 2
      vertex -3.21803 12.1312 2.7
      vertex -3.11569 12.1714 2.7
    endloop
  endfacet
  facet normal -0.365613 0.930767 0
    outer loop
      vertex -3.21803 12.1312 2.7
      vertex -3.11569 12.1714 2
      vertex -3.21803 12.1312 2
    endloop
  endfacet
  facet normal -0.439682 0.898154 0
    outer loop
      vertex -3.21803 12.1312 2
      vertex -3.31506 12.0837 2.7
      vertex -3.21803 12.1312 2.7
    endloop
  endfacet
  facet normal -0.439682 0.898154 0
    outer loop
      vertex -3.31506 12.0837 2.7
      vertex -3.21803 12.1312 2
      vertex -3.31506 12.0837 2
    endloop
  endfacet
  facet normal -0.512939 0.858425 0
    outer loop
      vertex -3.31506 12.0837 2
      vertex -3.40677 12.0289 2.7
      vertex -3.31506 12.0837 2.7
    endloop
  endfacet
  facet normal -0.512939 0.858425 0
    outer loop
      vertex -3.40677 12.0289 2.7
      vertex -3.31506 12.0837 2
      vertex -3.40677 12.0289 2
    endloop
  endfacet
  facet normal -0.583592 0.812047 0
    outer loop
      vertex -3.40677 12.0289 2
      vertex -3.49318 11.9668 2.7
      vertex -3.40677 12.0289 2.7
    endloop
  endfacet
  facet normal -0.583592 0.812047 0
    outer loop
      vertex -3.49318 11.9668 2.7
      vertex -3.40677 12.0289 2
      vertex -3.49318 11.9668 2
    endloop
  endfacet
  facet normal -0.652198 0.758049 0
    outer loop
      vertex -3.49318 11.9668 2
      vertex -3.57303 11.8981 2.7
      vertex -3.49318 11.9668 2.7
    endloop
  endfacet
  facet normal -0.652198 0.758049 0
    outer loop
      vertex -3.57303 11.8981 2.7
      vertex -3.49318 11.9668 2
      vertex -3.57303 11.8981 2
    endloop
  endfacet
  facet normal -0.717893 0.696153 0
    outer loop
      vertex -3.64508 11.8238 2
      vertex -3.57303 11.8981 2.7
      vertex -3.57303 11.8981 2
    endloop
  endfacet
  facet normal -0.717893 0.696153 0
    outer loop
      vertex -3.57303 11.8981 2.7
      vertex -3.64508 11.8238 2
      vertex -3.64508 11.8238 2.7
    endloop
  endfacet
  facet normal -0.780013 0.625763 0
    outer loop
      vertex -3.70934 11.7437 2
      vertex -3.64508 11.8238 2.7
      vertex -3.64508 11.8238 2
    endloop
  endfacet
  facet normal -0.780013 0.625763 0
    outer loop
      vertex -3.64508 11.8238 2.7
      vertex -3.70934 11.7437 2
      vertex -3.70934 11.7437 2.7
    endloop
  endfacet
  facet normal -0.835405 0.549634 0
    outer loop
      vertex -3.76579 11.6579 2
      vertex -3.70934 11.7437 2.7
      vertex -3.70934 11.7437 2
    endloop
  endfacet
  facet normal -0.835405 0.549634 0
    outer loop
      vertex -3.70934 11.7437 2.7
      vertex -3.76579 11.6579 2
      vertex -3.76579 11.6579 2.7
    endloop
  endfacet
  facet normal -0.883166 0.469061 0
    outer loop
      vertex -3.81444 11.5663 2
      vertex -3.76579 11.6579 2.7
      vertex -3.76579 11.6579 2
    endloop
  endfacet
  facet normal -0.883166 0.469061 0
    outer loop
      vertex -3.76579 11.6579 2.7
      vertex -3.81444 11.5663 2
      vertex -3.81444 11.5663 2.7
    endloop
  endfacet
  facet normal -0.922002 0.387184 0
    outer loop
      vertex -3.8553 11.469 2
      vertex -3.81444 11.5663 2.7
      vertex -3.81444 11.5663 2
    endloop
  endfacet
  facet normal -0.922002 0.387184 0
    outer loop
      vertex -3.81444 11.5663 2.7
      vertex -3.8553 11.469 2
      vertex -3.8553 11.469 2.7
    endloop
  endfacet
  facet normal -0.952182 0.30553 0
    outer loop
      vertex -3.88835 11.366 2
      vertex -3.8553 11.469 2.7
      vertex -3.8553 11.469 2
    endloop
  endfacet
  facet normal -0.952182 0.30553 0
    outer loop
      vertex -3.8553 11.469 2.7
      vertex -3.88835 11.366 2
      vertex -3.88835 11.366 2.7
    endloop
  endfacet
  facet normal -0.974026 0.226436 0
    outer loop
      vertex -3.91362 11.2573 2
      vertex -3.88835 11.366 2.7
      vertex -3.88835 11.366 2
    endloop
  endfacet
  facet normal -0.974026 0.226436 0
    outer loop
      vertex -3.88835 11.366 2.7
      vertex -3.91362 11.2573 2
      vertex -3.91362 11.2573 2.7
    endloop
  endfacet
  facet normal -0.988553 0.150875 0
    outer loop
      vertex -3.93108 11.1429 2
      vertex -3.91362 11.2573 2.7
      vertex -3.91362 11.2573 2
    endloop
  endfacet
  facet normal -0.988553 0.150875 0
    outer loop
      vertex -3.91362 11.2573 2.7
      vertex -3.93108 11.1429 2
      vertex -3.93108 11.1429 2.7
    endloop
  endfacet
  facet normal -0.0772569 -0.997011 0
    outer loop
      vertex -3.93108 11.1429 2
      vertex -3.37874 11.1001 2.7
      vertex -3.93108 11.1429 2.7
    endloop
  endfacet
  facet normal -0.0772569 -0.997011 -0
    outer loop
      vertex -3.37874 11.1001 2.7
      vertex -3.93108 11.1429 2
      vertex -3.37874 11.1001 2
    endloop
  endfacet
  facet normal 0.990017 -0.140949 0
    outer loop
      vertex -3.37874 11.1001 2.7
      vertex -3.36829 11.1735 2
      vertex -3.36829 11.1735 2.7
    endloop
  endfacet
  facet normal 0.990017 -0.140949 0
    outer loop
      vertex -3.36829 11.1735 2
      vertex -3.37874 11.1001 2.7
      vertex -3.37874 11.1001 2
    endloop
  endfacet
  facet normal 0.977294 -0.211887 0
    outer loop
      vertex -3.36829 11.1735 2.7
      vertex -3.3532 11.2431 2
      vertex -3.3532 11.2431 2.7
    endloop
  endfacet
  facet normal 0.977294 -0.211887 0
    outer loop
      vertex -3.3532 11.2431 2
      vertex -3.36829 11.1735 2.7
      vertex -3.36829 11.1735 2
    endloop
  endfacet
  facet normal 0.958026 -0.286681 0
    outer loop
      vertex -3.3532 11.2431 2.7
      vertex -3.33348 11.309 2
      vertex -3.33348 11.309 2.7
    endloop
  endfacet
  facet normal 0.958026 -0.286681 0
    outer loop
      vertex -3.33348 11.309 2
      vertex -3.3532 11.2431 2.7
      vertex -3.3532 11.2431 2
    endloop
  endfacet
  facet normal 0.930886 -0.365309 0
    outer loop
      vertex -3.33348 11.309 2.7
      vertex -3.30911 11.3711 2
      vertex -3.30911 11.3711 2.7
    endloop
  endfacet
  facet normal 0.930886 -0.365309 0
    outer loop
      vertex -3.30911 11.3711 2
      vertex -3.33348 11.309 2.7
      vertex -3.33348 11.309 2
    endloop
  endfacet
  facet normal 0.89553 -0.445 0
    outer loop
      vertex -3.30911 11.3711 2.7
      vertex -3.28014 11.4294 2
      vertex -3.28014 11.4294 2.7
    endloop
  endfacet
  facet normal 0.89553 -0.445 0
    outer loop
      vertex -3.28014 11.4294 2
      vertex -3.30911 11.3711 2.7
      vertex -3.30911 11.3711 2
    endloop
  endfacet
  facet normal 0.851449 -0.524437 0
    outer loop
      vertex -3.28014 11.4294 2.7
      vertex -3.24651 11.484 2
      vertex -3.24651 11.484 2.7
    endloop
  endfacet
  facet normal 0.851449 -0.524437 0
    outer loop
      vertex -3.24651 11.484 2
      vertex -3.28014 11.4294 2.7
      vertex -3.28014 11.4294 2
    endloop
  endfacet
  facet normal 0.798791 -0.601609 0
    outer loop
      vertex -3.24651 11.484 2.7
      vertex -3.20825 11.5348 2
      vertex -3.20825 11.5348 2.7
    endloop
  endfacet
  facet normal 0.798791 -0.601609 0
    outer loop
      vertex -3.20825 11.5348 2
      vertex -3.24651 11.484 2.7
      vertex -3.24651 11.484 2
    endloop
  endfacet
  facet normal 0.738666 -0.674072 0
    outer loop
      vertex -3.20825 11.5348 2.7
      vertex -3.16536 11.5818 2
      vertex -3.16536 11.5818 2.7
    endloop
  endfacet
  facet normal 0.738666 -0.674072 0
    outer loop
      vertex -3.16536 11.5818 2
      vertex -3.20825 11.5348 2.7
      vertex -3.20825 11.5348 2
    endloop
  endfacet
  facet normal 0.672673 -0.73994 0
    outer loop
      vertex -3.16536 11.5818 2
      vertex -3.11784 11.625 2.7
      vertex -3.16536 11.5818 2.7
    endloop
  endfacet
  facet normal 0.672673 -0.73994 0
    outer loop
      vertex -3.11784 11.625 2.7
      vertex -3.16536 11.5818 2
      vertex -3.11784 11.625 2
    endloop
  endfacet
  facet normal 0.604244 -0.796799 0
    outer loop
      vertex -3.11784 11.625 2
      vertex -3.06628 11.6641 2.7
      vertex -3.11784 11.625 2.7
    endloop
  endfacet
  facet normal 0.604244 -0.796799 0
    outer loop
      vertex -3.06628 11.6641 2.7
      vertex -3.11784 11.625 2
      vertex -3.06628 11.6641 2
    endloop
  endfacet
  facet normal 0.531452 -0.847088 0
    outer loop
      vertex -3.06628 11.6641 2
      vertex -3.01129 11.6986 2.7
      vertex -3.06628 11.6641 2.7
    endloop
  endfacet
  facet normal 0.531452 -0.847088 0
    outer loop
      vertex -3.01129 11.6986 2.7
      vertex -3.06628 11.6641 2
      vertex -3.01129 11.6986 2
    endloop
  endfacet
  facet normal 0.454458 -0.890768 0
    outer loop
      vertex -3.01129 11.6986 2
      vertex -2.95288 11.7284 2.7
      vertex -3.01129 11.6986 2.7
    endloop
  endfacet
  facet normal 0.454458 -0.890768 0
    outer loop
      vertex -2.95288 11.7284 2.7
      vertex -3.01129 11.6986 2
      vertex -2.95288 11.7284 2
    endloop
  endfacet
  facet normal 0.378709 -0.925516 0
    outer loop
      vertex -2.95288 11.7284 2
      vertex -2.89105 11.7537 2.7
      vertex -2.95288 11.7284 2.7
    endloop
  endfacet
  facet normal 0.378709 -0.925516 0
    outer loop
      vertex -2.89105 11.7537 2.7
      vertex -2.95288 11.7284 2
      vertex -2.89105 11.7537 2
    endloop
  endfacet
  facet normal 0.302305 -0.953211 0
    outer loop
      vertex -2.89105 11.7537 2
      vertex -2.82578 11.7744 2.7
      vertex -2.89105 11.7537 2.7
    endloop
  endfacet
  facet normal 0.302305 -0.953211 0
    outer loop
      vertex -2.82578 11.7744 2.7
      vertex -2.89105 11.7537 2
      vertex -2.82578 11.7744 2
    endloop
  endfacet
  facet normal 0.22817 -0.973621 0
    outer loop
      vertex -2.82578 11.7744 2
      vertex -2.75708 11.7905 2.7
      vertex -2.82578 11.7744 2.7
    endloop
  endfacet
  facet normal 0.22817 -0.973621 0
    outer loop
      vertex -2.75708 11.7905 2.7
      vertex -2.82578 11.7744 2
      vertex -2.75708 11.7905 2
    endloop
  endfacet
  facet normal 0.157446 -0.987528 0
    outer loop
      vertex -2.75708 11.7905 2
      vertex -2.68495 11.802 2.7
      vertex -2.75708 11.7905 2.7
    endloop
  endfacet
  facet normal 0.157446 -0.987528 0
    outer loop
      vertex -2.68495 11.802 2.7
      vertex -2.75708 11.7905 2
      vertex -2.68495 11.802 2
    endloop
  endfacet
  facet normal 0.0909398 -0.995856 0
    outer loop
      vertex -2.68495 11.802 2
      vertex -2.60939 11.8089 2.7
      vertex -2.68495 11.802 2.7
    endloop
  endfacet
  facet normal 0.0909398 -0.995856 0
    outer loop
      vertex -2.60939 11.8089 2.7
      vertex -2.68495 11.802 2
      vertex -2.60939 11.8089 2
    endloop
  endfacet
  facet normal 0.029109 -0.999576 0
    outer loop
      vertex -2.60939 11.8089 2
      vertex -2.53041 11.8112 2.7
      vertex -2.60939 11.8089 2.7
    endloop
  endfacet
  facet normal 0.029109 -0.999576 0
    outer loop
      vertex -2.53041 11.8112 2.7
      vertex -2.60939 11.8089 2
      vertex -2.53041 11.8112 2
    endloop
  endfacet
  facet normal -0.0289197 -0.999582 0
    outer loop
      vertex -2.53041 11.8112 2
      vertex -2.444 11.8087 2.7
      vertex -2.53041 11.8112 2.7
    endloop
  endfacet
  facet normal -0.0289197 -0.999582 -0
    outer loop
      vertex -2.444 11.8087 2.7
      vertex -2.53041 11.8112 2
      vertex -2.444 11.8087 2
    endloop
  endfacet
  facet normal -0.0903926 -0.995906 0
    outer loop
      vertex -2.444 11.8087 2
      vertex -2.36247 11.8013 2.7
      vertex -2.444 11.8087 2.7
    endloop
  endfacet
  facet normal -0.0903926 -0.995906 -0
    outer loop
      vertex -2.36247 11.8013 2.7
      vertex -2.444 11.8087 2
      vertex -2.36247 11.8013 2
    endloop
  endfacet
  facet normal -0.158362 -0.987381 0
    outer loop
      vertex -2.36247 11.8013 2
      vertex -2.28578 11.789 2.7
      vertex -2.36247 11.8013 2.7
    endloop
  endfacet
  facet normal -0.158362 -0.987381 -0
    outer loop
      vertex -2.28578 11.789 2.7
      vertex -2.36247 11.8013 2
      vertex -2.28578 11.789 2
    endloop
  endfacet
  facet normal -0.234182 -0.972193 0
    outer loop
      vertex -2.28578 11.789 2
      vertex -2.21396 11.7717 2.7
      vertex -2.28578 11.789 2.7
    endloop
  endfacet
  facet normal -0.234182 -0.972193 -0
    outer loop
      vertex -2.21396 11.7717 2.7
      vertex -2.28578 11.789 2
      vertex -2.21396 11.7717 2
    endloop
  endfacet
  facet normal -0.314696 -0.949192 0
    outer loop
      vertex -2.21396 11.7717 2
      vertex -2.147 11.7495 2.7
      vertex -2.21396 11.7717 2.7
    endloop
  endfacet
  facet normal -0.314696 -0.949192 -0
    outer loop
      vertex -2.147 11.7495 2.7
      vertex -2.21396 11.7717 2
      vertex -2.147 11.7495 2
    endloop
  endfacet
  facet normal -0.401206 -0.915988 0
    outer loop
      vertex -2.147 11.7495 2
      vertex -2.0849 11.7223 2.7
      vertex -2.147 11.7495 2.7
    endloop
  endfacet
  facet normal -0.401206 -0.915988 -0
    outer loop
      vertex -2.0849 11.7223 2.7
      vertex -2.147 11.7495 2
      vertex -2.0849 11.7223 2
    endloop
  endfacet
  facet normal -0.489132 -0.87221 0
    outer loop
      vertex -2.0849 11.7223 2
      vertex -2.02766 11.6902 2.7
      vertex -2.0849 11.7223 2.7
    endloop
  endfacet
  facet normal -0.489132 -0.87221 -0
    outer loop
      vertex -2.02766 11.6902 2.7
      vertex -2.0849 11.7223 2
      vertex -2.02766 11.6902 2
    endloop
  endfacet
  facet normal -0.576953 -0.816778 0
    outer loop
      vertex -2.02766 11.6902 2
      vertex -1.97528 11.6532 2.7
      vertex -2.02766 11.6902 2.7
    endloop
  endfacet
  facet normal -0.576953 -0.816778 -0
    outer loop
      vertex -1.97528 11.6532 2.7
      vertex -2.02766 11.6902 2
      vertex -1.97528 11.6532 2
    endloop
  endfacet
  facet normal -0.661361 -0.750068 0
    outer loop
      vertex -1.97528 11.6532 2
      vertex -1.92776 11.6113 2.7
      vertex -1.97528 11.6532 2.7
    endloop
  endfacet
  facet normal -0.661361 -0.750068 -0
    outer loop
      vertex -1.92776 11.6113 2.7
      vertex -1.97528 11.6532 2
      vertex -1.92776 11.6113 2
    endloop
  endfacet
  facet normal -0.735328 -0.677711 0
    outer loop
      vertex -1.88518 11.5651 2
      vertex -1.92776 11.6113 2.7
      vertex -1.92776 11.6113 2
    endloop
  endfacet
  facet normal -0.735328 -0.677711 0
    outer loop
      vertex -1.92776 11.6113 2.7
      vertex -1.88518 11.5651 2
      vertex -1.88518 11.5651 2.7
    endloop
  endfacet
  facet normal -0.798227 -0.602357 0
    outer loop
      vertex -1.8476 11.5153 2
      vertex -1.88518 11.5651 2.7
      vertex -1.88518 11.5651 2
    endloop
  endfacet
  facet normal -0.798227 -0.602357 0
    outer loop
      vertex -1.88518 11.5651 2.7
      vertex -1.8476 11.5153 2
      vertex -1.8476 11.5153 2.7
    endloop
  endfacet
  facet normal -0.853661 -0.520829 0
    outer loop
      vertex -1.81502 11.4619 2
      vertex -1.8476 11.5153 2.7
      vertex -1.8476 11.5153 2
    endloop
  endfacet
  facet normal -0.853661 -0.520829 0
    outer loop
      vertex -1.8476 11.5153 2.7
      vertex -1.81502 11.4619 2
      vertex -1.81502 11.4619 2.7
    endloop
  endfacet
  facet normal -0.899987 -0.435916 0
    outer loop
      vertex -1.78746 11.405 2
      vertex -1.81502 11.4619 2.7
      vertex -1.81502 11.4619 2
    endloop
  endfacet
  facet normal -0.899987 -0.435916 0
    outer loop
      vertex -1.81502 11.4619 2.7
      vertex -1.78746 11.405 2
      vertex -1.78746 11.405 2.7
    endloop
  endfacet
  facet normal -0.937027 -0.349256 0
    outer loop
      vertex -1.76491 11.3445 2
      vertex -1.78746 11.405 2.7
      vertex -1.78746 11.405 2
    endloop
  endfacet
  facet normal -0.937027 -0.349256 0
    outer loop
      vertex -1.78746 11.405 2.7
      vertex -1.76491 11.3445 2
      vertex -1.76491 11.3445 2.7
    endloop
  endfacet
  facet normal -0.964608 -0.263689 0
    outer loop
      vertex -1.74736 11.2803 2
      vertex -1.76491 11.3445 2.7
      vertex -1.76491 11.3445 2
    endloop
  endfacet
  facet normal -0.964608 -0.263689 0
    outer loop
      vertex -1.76491 11.3445 2.7
      vertex -1.74736 11.2803 2
      vertex -1.74736 11.2803 2.7
    endloop
  endfacet
  facet normal -0.983252 -0.182251 0
    outer loop
      vertex -1.73483 11.2127 2
      vertex -1.74736 11.2803 2.7
      vertex -1.74736 11.2803 2
    endloop
  endfacet
  facet normal -0.983252 -0.182251 0
    outer loop
      vertex -1.74736 11.2803 2.7
      vertex -1.73483 11.2127 2
      vertex -1.73483 11.2127 2.7
    endloop
  endfacet
  facet normal -0.994513 -0.104612 0
    outer loop
      vertex -1.72733 11.1414 2
      vertex -1.73483 11.2127 2.7
      vertex -1.73483 11.2127 2
    endloop
  endfacet
  facet normal -0.994513 -0.104612 0
    outer loop
      vertex -1.73483 11.2127 2.7
      vertex -1.72733 11.1414 2
      vertex -1.72733 11.1414 2.7
    endloop
  endfacet
  facet normal -0.999437 -0.0335373 0
    outer loop
      vertex -1.72482 11.0666 2
      vertex -1.72733 11.1414 2.7
      vertex -1.72733 11.1414 2
    endloop
  endfacet
  facet normal -0.999437 -0.0335373 0
    outer loop
      vertex -1.72733 11.1414 2.7
      vertex -1.72482 11.0666 2
      vertex -1.72482 11.0666 2.7
    endloop
  endfacet
  facet normal -0.999174 0.0406287 0
    outer loop
      vertex -1.72789 10.9911 2
      vertex -1.72482 11.0666 2.7
      vertex -1.72482 11.0666 2
    endloop
  endfacet
  facet normal -0.999174 0.0406287 0
    outer loop
      vertex -1.72482 11.0666 2.7
      vertex -1.72789 10.9911 2
      vertex -1.72789 10.9911 2.7
    endloop
  endfacet
  facet normal -0.991868 0.127269 0
    outer loop
      vertex -1.73709 10.9194 2
      vertex -1.72789 10.9911 2.7
      vertex -1.72789 10.9911 2
    endloop
  endfacet
  facet normal -0.991868 0.127269 0
    outer loop
      vertex -1.72789 10.9911 2.7
      vertex -1.73709 10.9194 2
      vertex -1.73709 10.9194 2.7
    endloop
  endfacet
  facet normal -0.975394 0.220468 0
    outer loop
      vertex -1.75246 10.8514 2
      vertex -1.73709 10.9194 2.7
      vertex -1.73709 10.9194 2
    endloop
  endfacet
  facet normal -0.975394 0.220468 0
    outer loop
      vertex -1.73709 10.9194 2.7
      vertex -1.75246 10.8514 2
      vertex -1.75246 10.8514 2.7
    endloop
  endfacet
  facet normal -0.948328 0.317291 0
    outer loop
      vertex -1.77394 10.7872 2
      vertex -1.75246 10.8514 2.7
      vertex -1.75246 10.8514 2
    endloop
  endfacet
  facet normal -0.948328 0.317291 0
    outer loop
      vertex -1.75246 10.8514 2.7
      vertex -1.77394 10.7872 2
      vertex -1.77394 10.7872 2.7
    endloop
  endfacet
  facet normal -0.909629 0.415422 0
    outer loop
      vertex -1.80157 10.7267 2
      vertex -1.77394 10.7872 2.7
      vertex -1.77394 10.7872 2
    endloop
  endfacet
  facet normal -0.909629 0.415422 0
    outer loop
      vertex -1.77394 10.7872 2.7
      vertex -1.80157 10.7267 2
      vertex -1.80157 10.7267 2.7
    endloop
  endfacet
  facet normal -0.859423 0.511266 0
    outer loop
      vertex -1.83536 10.6699 2
      vertex -1.80157 10.7267 2.7
      vertex -1.80157 10.7267 2
    endloop
  endfacet
  facet normal -0.859423 0.511266 0
    outer loop
      vertex -1.80157 10.7267 2.7
      vertex -1.83536 10.6699 2
      vertex -1.83536 10.6699 2.7
    endloop
  endfacet
  facet normal -0.799385 0.600819 0
    outer loop
      vertex -1.87527 10.6168 2
      vertex -1.83536 10.6699 2.7
      vertex -1.83536 10.6699 2
    endloop
  endfacet
  facet normal -0.799385 0.600819 0
    outer loop
      vertex -1.83536 10.6699 2.7
      vertex -1.87527 10.6168 2
      vertex -1.87527 10.6168 2.7
    endloop
  endfacet
  facet normal -0.73071 0.682688 0
    outer loop
      vertex -1.92133 10.5675 2
      vertex -1.87527 10.6168 2.7
      vertex -1.87527 10.6168 2
    endloop
  endfacet
  facet normal -0.73071 0.682688 0
    outer loop
      vertex -1.87527 10.6168 2.7
      vertex -1.92133 10.5675 2
      vertex -1.92133 10.5675 2.7
    endloop
  endfacet
  facet normal -0.657892 0.753113 0
    outer loop
      vertex -1.92133 10.5675 2
      vertex -1.97353 10.5219 2.7
      vertex -1.92133 10.5675 2.7
    endloop
  endfacet
  facet normal -0.657892 0.753113 0
    outer loop
      vertex -1.97353 10.5219 2.7
      vertex -1.92133 10.5675 2
      vertex -1.97353 10.5219 2
    endloop
  endfacet
  facet normal -0.581571 0.813496 0
    outer loop
      vertex -1.97353 10.5219 2
      vertex -2.0313 10.4806 2.7
      vertex -1.97353 10.5219 2.7
    endloop
  endfacet
  facet normal -0.581571 0.813496 0
    outer loop
      vertex -2.0313 10.4806 2.7
      vertex -1.97353 10.5219 2
      vertex -2.0313 10.4806 2
    endloop
  endfacet
  facet normal -0.50268 0.864472 0
    outer loop
      vertex -2.0313 10.4806 2
      vertex -2.09407 10.4441 2.7
      vertex -2.0313 10.4806 2.7
    endloop
  endfacet
  facet normal -0.50268 0.864472 0
    outer loop
      vertex -2.09407 10.4441 2.7
      vertex -2.0313 10.4806 2
      vertex -2.09407 10.4441 2
    endloop
  endfacet
  facet normal -0.422446 0.906388 0
    outer loop
      vertex -2.09407 10.4441 2
      vertex -2.16187 10.4125 2.7
      vertex -2.09407 10.4441 2.7
    endloop
  endfacet
  facet normal -0.422446 0.906388 0
    outer loop
      vertex -2.16187 10.4125 2.7
      vertex -2.09407 10.4441 2
      vertex -2.16187 10.4125 2
    endloop
  endfacet
  facet normal -0.344372 0.938833 0
    outer loop
      vertex -2.16187 10.4125 2
      vertex -2.23466 10.3858 2.7
      vertex -2.16187 10.4125 2.7
    endloop
  endfacet
  facet normal -0.344372 0.938833 0
    outer loop
      vertex -2.23466 10.3858 2.7
      vertex -2.16187 10.4125 2
      vertex -2.23466 10.3858 2
    endloop
  endfacet
  facet normal -0.270928 0.9626 0
    outer loop
      vertex -2.23466 10.3858 2
      vertex -2.31247 10.3639 2.7
      vertex -2.23466 10.3858 2.7
    endloop
  endfacet
  facet normal -0.270928 0.9626 0
    outer loop
      vertex -2.31247 10.3639 2.7
      vertex -2.23466 10.3858 2
      vertex -2.31247 10.3639 2
    endloop
  endfacet
  facet normal -0.201072 0.979576 0
    outer loop
      vertex -2.31247 10.3639 2
      vertex -2.39529 10.3469 2.7
      vertex -2.31247 10.3639 2.7
    endloop
  endfacet
  facet normal -0.201072 0.979576 0
    outer loop
      vertex -2.39529 10.3469 2.7
      vertex -2.31247 10.3639 2
      vertex -2.39529 10.3469 2
    endloop
  endfacet
  facet normal -0.136477 0.990643 0
    outer loop
      vertex -2.39529 10.3469 2
      vertex -2.48312 10.3348 2.7
      vertex -2.39529 10.3469 2.7
    endloop
  endfacet
  facet normal -0.136477 0.990643 0
    outer loop
      vertex -2.48312 10.3348 2.7
      vertex -2.39529 10.3469 2
      vertex -2.48312 10.3348 2
    endloop
  endfacet
  facet normal -0.0783796 0.996924 0
    outer loop
      vertex -2.48312 10.3348 2
      vertex -2.57597 10.3275 2.7
      vertex -2.48312 10.3348 2.7
    endloop
  endfacet
  facet normal -0.0783796 0.996924 0
    outer loop
      vertex -2.57597 10.3275 2.7
      vertex -2.48312 10.3348 2
      vertex -2.57597 10.3275 2
    endloop
  endfacet
  facet normal -0.0255384 0.999674 0
    outer loop
      vertex -2.57597 10.3275 2
      vertex -2.67383 10.325 2.7
      vertex -2.57597 10.3275 2.7
    endloop
  endfacet
  facet normal -0.0255384 0.999674 0
    outer loop
      vertex -2.67383 10.325 2.7
      vertex -2.57597 10.3275 2
      vertex -2.67383 10.325 2
    endloop
  endfacet
  facet normal 0 1 -0
    outer loop
      vertex -2.67383 10.325 2
      vertex -2.97289 10.325 2.7
      vertex -2.67383 10.325 2.7
    endloop
  endfacet
  facet normal 0 1 0
    outer loop
      vertex -2.97289 10.325 2.7
      vertex -2.67383 10.325 2
      vertex -2.97289 10.325 2
    endloop
  endfacet
  facet normal -1 0 0
    outer loop
      vertex -2.97289 9.84901 2
      vertex -2.97289 10.325 2.7
      vertex -2.97289 10.325 2
    endloop
  endfacet
  facet normal -1 -0 0
    outer loop
      vertex -2.97289 10.325 2.7
      vertex -2.97289 9.84901 2
      vertex -2.97289 9.84901 2.7
    endloop
  endfacet
  facet normal 0 -1 0
    outer loop
      vertex -2.97289 9.84901 2
      vertex -2.66162 9.84901 2.7
      vertex -2.97289 9.84901 2.7
    endloop
  endfacet
  facet normal 0 -1 -0
    outer loop
      vertex -2.66162 9.84901 2.7
      vertex -2.97289 9.84901 2
      vertex -2.66162 9.84901 2
    endloop
  endfacet
  facet normal -0.0221181 -0.999755 0
    outer loop
      vertex -2.66162 9.84901 2
      vertex -2.55133 9.84657 2.7
      vertex -2.66162 9.84901 2.7
    endloop
  endfacet
  facet normal -0.0221181 -0.999755 -0
    outer loop
      vertex -2.55133 9.84657 2.7
      vertex -2.66162 9.84901 2
      vertex -2.55133 9.84657 2
    endloop
  endfacet
  facet normal -0.0695828 -0.997576 0
    outer loop
      vertex -2.55133 9.84657 2
      vertex -2.44696 9.83929 2.7
      vertex -2.55133 9.84657 2.7
    endloop
  endfacet
  facet normal -0.0695828 -0.997576 -0
    outer loop
      vertex -2.44696 9.83929 2.7
      vertex -2.55133 9.84657 2
      vertex -2.44696 9.83929 2
    endloop
  endfacet
  facet normal -0.122571 -0.99246 0
    outer loop
      vertex -2.44696 9.83929 2
      vertex -2.3485 9.82713 2.7
      vertex -2.44696 9.83929 2.7
    endloop
  endfacet
  facet normal -0.122571 -0.99246 -0
    outer loop
      vertex -2.3485 9.82713 2.7
      vertex -2.44696 9.83929 2
      vertex -2.3485 9.82713 2
    endloop
  endfacet
  facet normal -0.180662 -0.983545 0
    outer loop
      vertex -2.3485 9.82713 2
      vertex -2.25595 9.81013 2.7
      vertex -2.3485 9.82713 2.7
    endloop
  endfacet
  facet normal -0.180662 -0.983545 -0
    outer loop
      vertex -2.25595 9.81013 2.7
      vertex -2.3485 9.82713 2
      vertex -2.25595 9.81013 2
    endloop
  endfacet
  facet normal -0.244905 -0.969547 0
    outer loop
      vertex -2.25595 9.81013 2
      vertex -2.16933 9.78825 2.7
      vertex -2.25595 9.81013 2.7
    endloop
  endfacet
  facet normal -0.244905 -0.969547 -0
    outer loop
      vertex -2.16933 9.78825 2.7
      vertex -2.25595 9.81013 2
      vertex -2.16933 9.78825 2
    endloop
  endfacet
  facet normal -0.314145 -0.949375 0
    outer loop
      vertex -2.16933 9.78825 2
      vertex -2.08861 9.76154 2.7
      vertex -2.16933 9.78825 2.7
    endloop
  endfacet
  facet normal -0.314145 -0.949375 -0
    outer loop
      vertex -2.08861 9.76154 2.7
      vertex -2.16933 9.78825 2
      vertex -2.08861 9.76154 2
    endloop
  endfacet
  facet normal -0.389262 -0.921127 0
    outer loop
      vertex -2.08861 9.76154 2
      vertex -2.01381 9.72993 2.7
      vertex -2.08861 9.76154 2.7
    endloop
  endfacet
  facet normal -0.389262 -0.921127 -0
    outer loop
      vertex -2.01381 9.72993 2.7
      vertex -2.08861 9.76154 2
      vertex -2.01381 9.72993 2
    endloop
  endfacet
  facet normal -0.467528 -0.883978 0
    outer loop
      vertex -2.01381 9.72993 2
      vertex -1.94493 9.6935 2.7
      vertex -2.01381 9.72993 2.7
    endloop
  endfacet
  facet normal -0.467528 -0.883978 -0
    outer loop
      vertex -1.94493 9.6935 2.7
      vertex -2.01381 9.72993 2
      vertex -1.94493 9.6935 2
    endloop
  endfacet
  facet normal -0.548619 -0.836073 0
    outer loop
      vertex -1.94493 9.6935 2
      vertex -1.88196 9.65218 2.7
      vertex -1.94493 9.6935 2.7
    endloop
  endfacet
  facet normal -0.548619 -0.836073 -0
    outer loop
      vertex -1.88196 9.65218 2.7
      vertex -1.94493 9.6935 2
      vertex -1.88196 9.65218 2
    endloop
  endfacet
  facet normal -0.627239 -0.778827 0
    outer loop
      vertex -1.88196 9.65218 2
      vertex -1.82529 9.60654 2.7
      vertex -1.88196 9.65218 2.7
    endloop
  endfacet
  facet normal -0.627239 -0.778827 -0
    outer loop
      vertex -1.82529 9.60654 2.7
      vertex -1.88196 9.65218 2
      vertex -1.82529 9.60654 2
    endloop
  endfacet
  facet normal -0.702971 -0.711218 0
    outer loop
      vertex -1.82529 9.60654 2
      vertex -1.77527 9.5571 2.7
      vertex -1.82529 9.60654 2.7
    endloop
  endfacet
  facet normal -0.702971 -0.711218 -0
    outer loop
      vertex -1.77527 9.5571 2.7
      vertex -1.82529 9.60654 2
      vertex -1.77527 9.5571 2
    endloop
  endfacet
  facet normal -0.775584 -0.631245 0
    outer loop
      vertex -1.73193 9.50385 2
      vertex -1.77527 9.5571 2.7
      vertex -1.77527 9.5571 2
    endloop
  endfacet
  facet normal -0.775584 -0.631245 0
    outer loop
      vertex -1.77527 9.5571 2.7
      vertex -1.73193 9.50385 2
      vertex -1.73193 9.50385 2.7
    endloop
  endfacet
  facet normal -0.841231 -0.540676 0
    outer loop
      vertex -1.69525 9.44678 2
      vertex -1.73193 9.50385 2.7
      vertex -1.73193 9.50385 2
    endloop
  endfacet
  facet normal -0.841231 -0.540676 0
    outer loop
      vertex -1.73193 9.50385 2.7
      vertex -1.69525 9.44678 2
      vertex -1.69525 9.44678 2.7
    endloop
  endfacet
  facet normal -0.896919 -0.442195 0
    outer loop
      vertex -1.66525 9.38593 2
      vertex -1.69525 9.44678 2.7
      vertex -1.69525 9.44678 2
    endloop
  endfacet
  facet normal -0.896919 -0.442195 0
    outer loop
      vertex -1.69525 9.44678 2.7
      vertex -1.66525 9.38593 2
      vertex -1.66525 9.38593 2.7
    endloop
  endfacet
  facet normal -0.940661 -0.339348 0
    outer loop
      vertex -1.64192 9.32126 2
      vertex -1.66525 9.38593 2.7
      vertex -1.66525 9.38593 2
    endloop
  endfacet
  facet normal -0.940661 -0.339348 0
    outer loop
      vertex -1.66525 9.38593 2.7
      vertex -1.64192 9.32126 2
      vertex -1.64192 9.32126 2.7
    endloop
  endfacet
  facet normal -0.971586 -0.236688 0
    outer loop
      vertex -1.62524 9.25279 2
      vertex -1.64192 9.32126 2.7
      vertex -1.64192 9.32126 2
    endloop
  endfacet
  facet normal -0.971586 -0.236688 0
    outer loop
      vertex -1.64192 9.32126 2.7
      vertex -1.62524 9.25279 2
      vertex -1.62524 9.25279 2.7
    endloop
  endfacet
  facet normal -0.990583 -0.136911 0
    outer loop
      vertex -1.61525 9.18051 2
      vertex -1.62524 9.25279 2.7
      vertex -1.62524 9.25279 2
    endloop
  endfacet
  facet normal -0.990583 -0.136911 0
    outer loop
      vertex -1.62524 9.25279 2.7
      vertex -1.61525 9.18051 2
      vertex -1.61525 9.18051 2.7
    endloop
  endfacet
  facet normal -0.999037 -0.0438704 0
    outer loop
      vertex -1.61191 9.10445 2
      vertex -1.61525 9.18051 2.7
      vertex -1.61525 9.18051 2
    endloop
  endfacet
  facet normal -0.999037 -0.0438704 0
    outer loop
      vertex -1.61525 9.18051 2.7
      vertex -1.61191 9.10445 2
      vertex -1.61191 9.10445 2.7
    endloop
  endfacet
  facet normal -0.999434 0.033632 0
    outer loop
      vertex -1.61484 9.01738 2
      vertex -1.61191 9.10445 2.7
      vertex -1.61191 9.10445 2
    endloop
  endfacet
  facet normal -0.999434 0.033632 0
    outer loop
      vertex -1.61191 9.10445 2.7
      vertex -1.61484 9.01738 2
      vertex -1.61484 9.01738 2.7
    endloop
  endfacet
  facet normal -0.994365 0.106008 0
    outer loop
      vertex -1.6236 8.93521 2
      vertex -1.61484 9.01738 2.7
      vertex -1.61484 9.01738 2
    endloop
  endfacet
  facet normal -0.994365 0.106008 0
    outer loop
      vertex -1.61484 9.01738 2.7
      vertex -1.6236 8.93521 2
      vertex -1.6236 8.93521 2.7
    endloop
  endfacet
  facet normal -0.98266 0.185417 0
    outer loop
      vertex -1.63818 8.85794 2
      vertex -1.6236 8.93521 2.7
      vertex -1.6236 8.93521 2
    endloop
  endfacet
  facet normal -0.98266 0.185417 0
    outer loop
      vertex -1.6236 8.93521 2.7
      vertex -1.63818 8.85794 2
      vertex -1.63818 8.85794 2.7
    endloop
  endfacet
  facet normal -0.962318 0.271928 0
    outer loop
      vertex -1.65863 8.78557 2
      vertex -1.63818 8.85794 2.7
      vertex -1.63818 8.85794 2
    endloop
  endfacet
  facet normal -0.962318 0.271928 0
    outer loop
      vertex -1.63818 8.85794 2.7
      vertex -1.65863 8.78557 2
      vertex -1.65863 8.78557 2.7
    endloop
  endfacet
  facet normal -0.931828 0.362899 0
    outer loop
      vertex -1.68491 8.71809 2
      vertex -1.65863 8.78557 2.7
      vertex -1.65863 8.78557 2
    endloop
  endfacet
  facet normal -0.931828 0.362899 0
    outer loop
      vertex -1.65863 8.78557 2.7
      vertex -1.68491 8.71809 2
      vertex -1.68491 8.71809 2.7
    endloop
  endfacet
  facet normal -0.889628 0.456686 0
    outer loop
      vertex -1.71703 8.65552 2
      vertex -1.68491 8.71809 2.7
      vertex -1.68491 8.71809 2
    endloop
  endfacet
  facet normal -0.889628 0.456686 0
    outer loop
      vertex -1.68491 8.71809 2.7
      vertex -1.71703 8.65552 2
      vertex -1.71703 8.65552 2.7
    endloop
  endfacet
  facet normal -0.835333 0.549744 0
    outer loop
      vertex -1.75499 8.59784 2
      vertex -1.71703 8.65552 2.7
      vertex -1.71703 8.65552 2
    endloop
  endfacet
  facet normal -0.835333 0.549744 0
    outer loop
      vertex -1.71703 8.65552 2.7
      vertex -1.75499 8.59784 2
      vertex -1.75499 8.59784 2.7
    endloop
  endfacet
  facet normal -0.769463 0.638692 0
    outer loop
      vertex -1.7988 8.54506 2
      vertex -1.75499 8.59784 2.7
      vertex -1.75499 8.59784 2
    endloop
  endfacet
  facet normal -0.769463 0.638692 0
    outer loop
      vertex -1.75499 8.59784 2.7
      vertex -1.7988 8.54506 2
      vertex -1.7988 8.54506 2.7
    endloop
  endfacet
  facet normal -0.694455 0.719536 0
    outer loop
      vertex -1.7988 8.54506 2
      vertex -1.84843 8.49716 2.7
      vertex -1.7988 8.54506 2.7
    endloop
  endfacet
  facet normal -0.694455 0.719536 0
    outer loop
      vertex -1.84843 8.49716 2.7
      vertex -1.7988 8.54506 2
      vertex -1.84843 8.49716 2
    endloop
  endfacet
  facet normal -0.616862 0.787071 0
    outer loop
      vertex -1.84843 8.49716 2
      vertex -1.90318 8.45425 2.7
      vertex -1.84843 8.49716 2.7
    endloop
  endfacet
  facet normal -0.616862 0.787071 0
    outer loop
      vertex -1.90318 8.45425 2.7
      vertex -1.84843 8.49716 2
      vertex -1.90318 8.45425 2
    endloop
  endfacet
  facet normal -0.538928 0.842352 0
    outer loop
      vertex -1.90318 8.45425 2
      vertex -1.96234 8.4164 2.7
      vertex -1.90318 8.45425 2.7
    endloop
  endfacet
  facet normal -0.538928 0.842352 0
    outer loop
      vertex -1.96234 8.4164 2.7
      vertex -1.90318 8.45425 2
      vertex -1.96234 8.4164 2
    endloop
  endfacet
  facet normal -0.458639 0.888622 0
    outer loop
      vertex -1.96234 8.4164 2
      vertex -2.02591 8.38359 2.7
      vertex -1.96234 8.4164 2.7
    endloop
  endfacet
  facet normal -0.458639 0.888622 0
    outer loop
      vertex -2.02591 8.38359 2.7
      vertex -1.96234 8.4164 2
      vertex -2.02591 8.38359 2
    endloop
  endfacet
  facet normal -0.378049 0.925785 0
    outer loop
      vertex -2.02591 8.38359 2
      vertex -2.09389 8.35583 2.7
      vertex -2.02591 8.38359 2.7
    endloop
  endfacet
  facet normal -0.378049 0.925785 0
    outer loop
      vertex -2.09389 8.35583 2.7
      vertex -2.02591 8.38359 2
      vertex -2.09389 8.35583 2
    endloop
  endfacet
  facet normal -0.299453 0.954111 0
    outer loop
      vertex -2.09389 8.35583 2
      vertex -2.16628 8.33311 2.7
      vertex -2.09389 8.35583 2.7
    endloop
  endfacet
  facet normal -0.299453 0.954111 0
    outer loop
      vertex -2.16628 8.33311 2.7
      vertex -2.09389 8.35583 2
      vertex -2.16628 8.33311 2
    endloop
  endfacet
  facet normal -0.224248 0.974532 0
    outer loop
      vertex -2.16628 8.33311 2
      vertex -2.24307 8.31544 2.7
      vertex -2.16628 8.33311 2.7
    endloop
  endfacet
  facet normal -0.224248 0.974532 0
    outer loop
      vertex -2.24307 8.31544 2.7
      vertex -2.16628 8.33311 2
      vertex -2.24307 8.31544 2
    endloop
  endfacet
  facet normal -0.153475 0.988153 0
    outer loop
      vertex -2.24307 8.31544 2
      vertex -2.32426 8.30283 2.7
      vertex -2.24307 8.31544 2.7
    endloop
  endfacet
  facet normal -0.153475 0.988153 0
    outer loop
      vertex -2.32426 8.30283 2.7
      vertex -2.24307 8.31544 2
      vertex -2.32426 8.30283 2
    endloop
  endfacet
  facet normal -0.0880704 0.996114 0
    outer loop
      vertex -2.32426 8.30283 2
      vertex -2.40988 8.29526 2.7
      vertex -2.32426 8.30283 2.7
    endloop
  endfacet
  facet normal -0.0880704 0.996114 0
    outer loop
      vertex -2.40988 8.29526 2.7
      vertex -2.32426 8.30283 2
      vertex -2.40988 8.29526 2
    endloop
  endfacet
  facet normal -0.0282079 0.999602 0
    outer loop
      vertex -2.40988 8.29526 2
      vertex -2.49989 8.29272 2.7
      vertex -2.40988 8.29526 2.7
    endloop
  endfacet
  facet normal -0.0282079 0.999602 0
    outer loop
      vertex -2.49989 8.29272 2.7
      vertex -2.40988 8.29526 2
      vertex -2.49989 8.29272 2
    endloop
  endfacet
  facet normal 0.0538291 0.99855 -0
    outer loop
      vertex -2.49989 8.29272 2
      vertex -2.67482 8.30215 2.7
      vertex -2.49989 8.29272 2.7
    endloop
  endfacet
  facet normal 0.0538291 0.99855 0
    outer loop
      vertex -2.67482 8.30215 2.7
      vertex -2.49989 8.29272 2
      vertex -2.67482 8.30215 2
    endloop
  endfacet
  facet normal 0.176874 0.984233 -0
    outer loop
      vertex -2.67482 8.30215 2
      vertex -2.83202 8.3304 2.7
      vertex -2.67482 8.30215 2.7
    endloop
  endfacet
  facet normal 0.176874 0.984233 0
    outer loop
      vertex -2.83202 8.3304 2.7
      vertex -2.67482 8.30215 2
      vertex -2.83202 8.3304 2
    endloop
  endfacet
  facet normal 0.319872 0.947461 -0
    outer loop
      vertex -2.83202 8.3304 2
      vertex -2.97153 8.3775 2.7
      vertex -2.83202 8.3304 2.7
    endloop
  endfacet
  facet normal 0.319872 0.947461 0
    outer loop
      vertex -2.97153 8.3775 2.7
      vertex -2.83202 8.3304 2
      vertex -2.97153 8.3775 2
    endloop
  endfacet
  facet normal 0.476006 0.879442 -0
    outer loop
      vertex -2.97153 8.3775 2
      vertex -3.09332 8.44342 2.7
      vertex -2.97153 8.3775 2.7
    endloop
  endfacet
  facet normal 0.476006 0.879442 0
    outer loop
      vertex -3.09332 8.44342 2.7
      vertex -2.97153 8.3775 2
      vertex -3.09332 8.44342 2
    endloop
  endfacet
  facet normal 0.631394 0.775462 -0
    outer loop
      vertex -3.09332 8.44342 2
      vertex -3.19742 8.52818 2.7
      vertex -3.09332 8.44342 2.7
    endloop
  endfacet
  facet normal 0.631394 0.775462 0
    outer loop
      vertex -3.19742 8.52818 2.7
      vertex -3.09332 8.44342 2
      vertex -3.19742 8.52818 2
    endloop
  endfacet
  facet normal 0.768082 0.640352 0
    outer loop
      vertex -3.19742 8.52818 2.7
      vertex -3.2838 8.63179 2
      vertex -3.2838 8.63179 2.7
    endloop
  endfacet
  facet normal 0.768082 0.640352 0
    outer loop
      vertex -3.2838 8.63179 2
      vertex -3.19742 8.52818 2.7
      vertex -3.19742 8.52818 2
    endloop
  endfacet
  facet normal 0.872161 0.489219 0
    outer loop
      vertex -3.2838 8.63179 2.7
      vertex -3.35248 8.75423 2
      vertex -3.35248 8.75423 2.7
    endloop
  endfacet
  facet normal 0.872161 0.489219 0
    outer loop
      vertex -3.35248 8.75423 2
      vertex -3.2838 8.63179 2.7
      vertex -3.2838 8.63179 2
    endloop
  endfacet
  facet normal 0.940677 0.339304 0
    outer loop
      vertex -3.35248 8.75423 2.7
      vertex -3.40344 8.89551 2
      vertex -3.40344 8.89551 2.7
    endloop
  endfacet
  facet normal 0.940677 0.339304 0
    outer loop
      vertex -3.40344 8.89551 2
      vertex -3.35248 8.75423 2.7
      vertex -3.35248 8.75423 2
    endloop
  endfacet
  facet normal 0.979086 0.203449 0
    outer loop
      vertex -3.40344 8.89551 2.7
      vertex -3.43671 9.05562 2
      vertex -3.43671 9.05562 2.7
    endloop
  endfacet
  facet normal 0.979086 0.203449 0
    outer loop
      vertex -3.43671 9.05562 2
      vertex -3.40344 8.89551 2.7
      vertex -3.40344 8.89551 2
    endloop
  endfacet
  facet normal -0.0910546 0.995846 0
    outer loop
      vertex -3.43671 9.05562 2
      vertex -4.00433 9.00372 2.7
      vertex -3.43671 9.05562 2.7
    endloop
  endfacet
  facet normal -0.0910546 0.995846 0
    outer loop
      vertex -4.00433 9.00372 2.7
      vertex -3.43671 9.05562 2
      vertex -4.00433 9.00372 2
    endloop
  endfacet
  facet normal -0.987162 -0.159723 0
    outer loop
      vertex -3.98416 8.87906 2
      vertex -4.00433 9.00372 2.7
      vertex -4.00433 9.00372 2
    endloop
  endfacet
  facet normal -0.987162 -0.159723 0
    outer loop
      vertex -4.00433 9.00372 2.7
      vertex -3.98416 8.87906 2
      vertex -3.98416 8.87906 2.7
    endloop
  endfacet
  facet normal -0.972892 -0.231259 0
    outer loop
      vertex -3.95618 8.76135 2
      vertex -3.98416 8.87906 2.7
      vertex -3.98416 8.87906 2
    endloop
  endfacet
  facet normal -0.972892 -0.231259 0
    outer loop
      vertex -3.98416 8.87906 2.7
      vertex -3.95618 8.76135 2
      vertex -3.95618 8.76135 2.7
    endloop
  endfacet
  facet normal -0.951598 -0.307347 0
    outer loop
      vertex -3.92041 8.6506 2
      vertex -3.95618 8.76135 2.7
      vertex -3.95618 8.76135 2
    endloop
  endfacet
  facet normal -0.951598 -0.307347 0
    outer loop
      vertex -3.95618 8.76135 2.7
      vertex -3.92041 8.6506 2
      vertex -3.92041 8.6506 2.7
    endloop
  endfacet
  facet normal -0.92198 -0.387239 0
    outer loop
      vertex -3.87683 8.54684 2
      vertex -3.92041 8.6506 2.7
      vertex -3.92041 8.6506 2
    endloop
  endfacet
  facet normal -0.92198 -0.387239 0
    outer loop
      vertex -3.92041 8.6506 2.7
      vertex -3.87683 8.54684 2
      vertex -3.87683 8.54684 2.7
    endloop
  endfacet
  facet normal -0.883361 -0.468693 0
    outer loop
      vertex -3.82547 8.45004 2
      vertex -3.87683 8.54684 2.7
      vertex -3.87683 8.54684 2
    endloop
  endfacet
  facet normal -0.883361 -0.468693 0
    outer loop
      vertex -3.87683 8.54684 2.7
      vertex -3.82547 8.45004 2
      vertex -3.82547 8.45004 2.7
    endloop
  endfacet
  facet normal -0.835113 -0.550079 0
    outer loop
      vertex -3.7663 8.36021 2
      vertex -3.82547 8.45004 2.7
      vertex -3.82547 8.45004 2
    endloop
  endfacet
  facet normal -0.835113 -0.550079 0
    outer loop
      vertex -3.82547 8.45004 2.7
      vertex -3.7663 8.36021 2
      vertex -3.7663 8.36021 2.7
    endloop
  endfacet
  facet normal -0.777774 -0.628545 0
    outer loop
      vertex -3.69933 8.27734 2
      vertex -3.7663 8.36021 2.7
      vertex -3.7663 8.36021 2
    endloop
  endfacet
  facet normal -0.777774 -0.628545 0
    outer loop
      vertex -3.7663 8.36021 2.7
      vertex -3.69933 8.27734 2
      vertex -3.69933 8.27734 2.7
    endloop
  endfacet
  facet normal -0.712344 -0.70183 0
    outer loop
      vertex -3.62457 8.20146 2
      vertex -3.69933 8.27734 2.7
      vertex -3.69933 8.27734 2
    endloop
  endfacet
  facet normal -0.712344 -0.70183 0
    outer loop
      vertex -3.69933 8.27734 2.7
      vertex -3.62457 8.20146 2
      vertex -3.62457 8.20146 2.7
    endloop
  endfacet
  facet normal -0.640952 -0.767581 0
    outer loop
      vertex -3.62457 8.20146 2
      vertex -3.54201 8.13252 2.7
      vertex -3.62457 8.20146 2.7
    endloop
  endfacet
  facet normal -0.640952 -0.767581 -0
    outer loop
      vertex -3.54201 8.13252 2.7
      vertex -3.62457 8.20146 2
      vertex -3.54201 8.13252 2
    endloop
  endfacet
  facet normal -0.567261 -0.823538 0
    outer loop
      vertex -3.54201 8.13252 2
      vertex -3.45229 8.07072 2.7
      vertex -3.54201 8.13252 2.7
    endloop
  endfacet
  facet normal -0.567261 -0.823538 -0
    outer loop
      vertex -3.45229 8.07072 2.7
      vertex -3.54201 8.13252 2
      vertex -3.45229 8.07072 2
    endloop
  endfacet
  facet normal -0.492972 -0.870045 0
    outer loop
      vertex -3.45229 8.07072 2
      vertex -3.35605 8.01619 2.7
      vertex -3.45229 8.07072 2.7
    endloop
  endfacet
  facet normal -0.492972 -0.870045 -0
    outer loop
      vertex -3.35605 8.01619 2.7
      vertex -3.45229 8.07072 2
      vertex -3.35605 8.01619 2
    endloop
  endfacet
  facet normal -0.417869 -0.908507 0
    outer loop
      vertex -3.35605 8.01619 2
      vertex -3.2533 7.96893 2.7
      vertex -3.35605 8.01619 2.7
    endloop
  endfacet
  facet normal -0.417869 -0.908507 -0
    outer loop
      vertex -3.2533 7.96893 2.7
      vertex -3.35605 8.01619 2
      vertex -3.2533 7.96893 2
    endloop
  endfacet
  facet normal -0.343681 -0.939086 0
    outer loop
      vertex -3.2533 7.96893 2
      vertex -3.14403 7.92894 2.7
      vertex -3.2533 7.96893 2.7
    endloop
  endfacet
  facet normal -0.343681 -0.939086 -0
    outer loop
      vertex -3.14403 7.92894 2.7
      vertex -3.2533 7.96893 2
      vertex -3.14403 7.92894 2
    endloop
  endfacet
  facet normal -0.27191 -0.962323 0
    outer loop
      vertex -3.14403 7.92894 2
      vertex -3.02823 7.89622 2.7
      vertex -3.14403 7.92894 2.7
    endloop
  endfacet
  facet normal -0.27191 -0.962323 -0
    outer loop
      vertex -3.02823 7.89622 2.7
      vertex -3.14403 7.92894 2
      vertex -3.02823 7.89622 2
    endloop
  endfacet
  facet normal -0.20373 -0.979027 0
    outer loop
      vertex -3.02823 7.89622 2
      vertex -2.90593 7.87077 2.7
      vertex -3.02823 7.89622 2.7
    endloop
  endfacet
  facet normal -0.20373 -0.979027 -0
    outer loop
      vertex -2.90593 7.87077 2.7
      vertex -3.02823 7.89622 2
      vertex -2.90593 7.87077 2
    endloop
  endfacet
  facet normal -0.139807 -0.990179 0
    outer loop
      vertex -2.90593 7.87077 2
      vertex -2.7771 7.85258 2.7
      vertex -2.90593 7.87077 2.7
    endloop
  endfacet
  facet normal -0.139807 -0.990179 -0
    outer loop
      vertex -2.7771 7.85258 2.7
      vertex -2.90593 7.87077 2
      vertex -2.7771 7.85258 2
    endloop
  endfacet
  facet normal -0.0801989 -0.996779 0
    outer loop
      vertex -2.7771 7.85258 2
      vertex -2.64175 7.84169 2.7
      vertex -2.7771 7.85258 2.7
    endloop
  endfacet
  facet normal -0.0801989 -0.996779 -0
    outer loop
      vertex -2.64175 7.84169 2.7
      vertex -2.7771 7.85258 2
      vertex -2.64175 7.84169 2
    endloop
  endfacet
  facet normal -0.0257211 -0.999669 0
    outer loop
      vertex -2.64175 7.84169 2
      vertex -2.49989 7.83804 2.7
      vertex -2.64175 7.84169 2.7
    endloop
  endfacet
  facet normal -0.0257211 -0.999669 -0
    outer loop
      vertex -2.49989 7.83804 2.7
      vertex -2.64175 7.84169 2
      vertex -2.49989 7.83804 2
    endloop
  endfacet
  facet normal 0.0266405 -0.999645 0
    outer loop
      vertex -2.49989 7.83804 2
      vertex -2.34792 7.84209 2.7
      vertex -2.49989 7.83804 2.7
    endloop
  endfacet
  facet normal 0.0266405 -0.999645 0
    outer loop
      vertex -2.34792 7.84209 2.7
      vertex -2.49989 7.83804 2
      vertex -2.34792 7.84209 2
    endloop
  endfacet
  facet normal 0.0975832 -0.995227 0
    outer loop
      vertex 2.69087 7.84286 2
      vertex 2.83865 7.85735 2.7
      vertex 2.69087 7.84286 2.7
    endloop
  endfacet
  facet normal 0.0975832 -0.995227 0
    outer loop
      vertex 2.83865 7.85735 2.7
      vertex 2.69087 7.84286 2
      vertex 2.83865 7.85735 2
    endloop
  endfacet
  facet normal 0.169589 -0.985515 0
    outer loop
      vertex 2.83865 7.85735 2
      vertex 2.9787 7.88145 2.7
      vertex 2.83865 7.85735 2.7
    endloop
  endfacet
  facet normal 0.169589 -0.985515 0
    outer loop
      vertex 2.9787 7.88145 2.7
      vertex 2.83865 7.85735 2
      vertex 2.9787 7.88145 2
    endloop
  endfacet
  facet normal 0.247219 -0.96896 0
    outer loop
      vertex 2.9787 7.88145 2
      vertex 3.11102 7.91521 2.7
      vertex 2.9787 7.88145 2.7
    endloop
  endfacet
  facet normal 0.247219 -0.96896 0
    outer loop
      vertex 3.11102 7.91521 2.7
      vertex 2.9787 7.88145 2
      vertex 3.11102 7.91521 2
    endloop
  endfacet
  facet normal 0.328841 -0.944385 0
    outer loop
      vertex 3.11102 7.91521 2
      vertex 3.23563 7.9586 2.7
      vertex 3.11102 7.91521 2.7
    endloop
  endfacet
  facet normal 0.328841 -0.944385 0
    outer loop
      vertex 3.23563 7.9586 2.7
      vertex 3.11102 7.91521 2
      vertex 3.23563 7.9586 2
    endloop
  endfacet
  facet normal 0.413369 -0.910564 0
    outer loop
      vertex 3.23563 7.9586 2
      vertex 3.35251 8.01166 2.7
      vertex 3.23563 7.9586 2.7
    endloop
  endfacet
  facet normal 0.413369 -0.910564 0
    outer loop
      vertex 3.35251 8.01166 2.7
      vertex 3.23563 7.9586 2
      vertex 3.35251 8.01166 2
    endloop
  endfacet
  facet normal 0.497952 -0.867205 0
    outer loop
      vertex 3.35251 8.01166 2
      vertex 3.46167 8.07434 2.7
      vertex 3.35251 8.01166 2.7
    endloop
  endfacet
  facet normal 0.497952 -0.867205 0
    outer loop
      vertex 3.46167 8.07434 2.7
      vertex 3.35251 8.01166 2
      vertex 3.46167 8.07434 2
    endloop
  endfacet
  facet normal 0.580562 -0.814216 0
    outer loop
      vertex 3.46167 8.07434 2
      vertex 3.56311 8.14667 2.7
      vertex 3.46167 8.07434 2.7
    endloop
  endfacet
  facet normal 0.580562 -0.814216 0
    outer loop
      vertex 3.56311 8.14667 2.7
      vertex 3.46167 8.07434 2
      vertex 3.56311 8.14667 2
    endloop
  endfacet
  facet normal 0.65847 -0.752607 0
    outer loop
      vertex 3.56311 8.14667 2
      vertex 3.65681 8.22865 2.7
      vertex 3.56311 8.14667 2.7
    endloop
  endfacet
  facet normal 0.65847 -0.752607 0
    outer loop
      vertex 3.65681 8.22865 2.7
      vertex 3.56311 8.14667 2
      vertex 3.65681 8.22865 2
    endloop
  endfacet
  facet normal 0.728979 -0.684537 0
    outer loop
      vertex 3.65681 8.22865 2.7
      vertex 3.74168 8.31903 2
      vertex 3.74168 8.31903 2.7
    endloop
  endfacet
  facet normal 0.728979 -0.684537 0
    outer loop
      vertex 3.74168 8.31903 2
      vertex 3.65681 8.22865 2.7
      vertex 3.65681 8.22865 2
    endloop
  endfacet
  facet normal 0.793147 -0.609031 0
    outer loop
      vertex 3.74168 8.31903 2.7
      vertex 3.81657 8.41656 2
      vertex 3.81657 8.41656 2.7
    endloop
  endfacet
  facet normal 0.793147 -0.609031 0
    outer loop
      vertex 3.81657 8.41656 2
      vertex 3.74168 8.31903 2.7
      vertex 3.74168 8.31903 2
    endloop
  endfacet
  facet normal 0.849954 -0.526858 0
    outer loop
      vertex 3.81657 8.41656 2.7
      vertex 3.88147 8.52126 2
      vertex 3.88147 8.52126 2.7
    endloop
  endfacet
  facet normal 0.849954 -0.526858 0
    outer loop
      vertex 3.88147 8.52126 2
      vertex 3.81657 8.41656 2.7
      vertex 3.81657 8.41656 2
    endloop
  endfacet
  facet normal 0.897646 -0.440718 0
    outer loop
      vertex 3.88147 8.52126 2.7
      vertex 3.93639 8.63312 2
      vertex 3.93639 8.63312 2.7
    endloop
  endfacet
  facet normal 0.897646 -0.440718 0
    outer loop
      vertex 3.93639 8.63312 2
      vertex 3.88147 8.52126 2.7
      vertex 3.88147 8.52126 2
    endloop
  endfacet
  facet normal 0.935564 -0.353156 0
    outer loop
      vertex 3.93639 8.63312 2.7
      vertex 3.98131 8.75212 2
      vertex 3.98131 8.75212 2.7
    endloop
  endfacet
  facet normal 0.935564 -0.353156 0
    outer loop
      vertex 3.98131 8.75212 2
      vertex 3.93639 8.63312 2.7
      vertex 3.93639 8.63312 2
    endloop
  endfacet
  facet normal 0.963734 -0.266864 0
    outer loop
      vertex 3.98131 8.75212 2.7
      vertex 4.01625 8.8783 2
      vertex 4.01625 8.8783 2.7
    endloop
  endfacet
  facet normal 0.963734 -0.266864 0
    outer loop
      vertex 4.01625 8.8783 2
      vertex 3.98131 8.75212 2.7
      vertex 3.98131 8.75212 2
    endloop
  endfacet
  facet normal 0.98292 -0.184035 0
    outer loop
      vertex 4.01625 8.8783 2.7
      vertex 4.04121 9.01161 2
      vertex 4.04121 9.01161 2.7
    endloop
  endfacet
  facet normal 0.98292 -0.184035 0
    outer loop
      vertex 4.04121 9.01161 2
      vertex 4.01625 8.8783 2.7
      vertex 4.01625 8.8783 2
    endloop
  endfacet
  facet normal 0.994356 -0.106096 0
    outer loop
      vertex 4.04121 9.01161 2.7
      vertex 4.0562 9.1521 2
      vertex 4.0562 9.1521 2.7
    endloop
  endfacet
  facet normal 0.994356 -0.106096 0
    outer loop
      vertex 4.0562 9.1521 2
      vertex 4.04121 9.01161 2.7
      vertex 4.04121 9.01161 2
    endloop
  endfacet
  facet normal 0.999429 -0.0337791 0
    outer loop
      vertex 4.0562 9.1521 2.7
      vertex 4.06119 9.29974 2
      vertex 4.06119 9.29974 2.7
    endloop
  endfacet
  facet normal 0.999429 -0.0337791 0
    outer loop
      vertex 4.06119 9.29974 2
      vertex 4.0562 9.1521 2.7
      vertex 4.0562 9.1521 2
    endloop
  endfacet
  facet normal 0.999359 0.0357902 0
    outer loop
      vertex 4.06119 9.29974 2.7
      vertex 4.05653 9.42986 2
      vertex 4.05653 9.42986 2.7
    endloop
  endfacet
  facet normal 0.999359 0.0357902 0
    outer loop
      vertex 4.05653 9.42986 2
      vertex 4.06119 9.29974 2.7
      vertex 4.06119 9.29974 2
    endloop
  endfacet
  facet normal 0.993777 0.111386 0
    outer loop
      vertex 4.05653 9.42986 2.7
      vertex 4.04257 9.55441 2
      vertex 4.04257 9.55441 2.7
    endloop
  endfacet
  facet normal 0.993777 0.111386 0
    outer loop
      vertex 4.04257 9.55441 2
      vertex 4.05653 9.42986 2.7
      vertex 4.05653 9.42986 2
    endloop
  endfacet
  facet normal 0.981437 0.191784 0
    outer loop
      vertex 4.04257 9.55441 2.7
      vertex 4.01932 9.67339 2
      vertex 4.01932 9.67339 2.7
    endloop
  endfacet
  facet normal 0.981437 0.191784 0
    outer loop
      vertex 4.01932 9.67339 2
      vertex 4.04257 9.55441 2.7
      vertex 4.04257 9.55441 2
    endloop
  endfacet
  facet normal 0.961107 0.276176 0
    outer loop
      vertex 4.01932 9.67339 2.7
      vertex 3.98674 9.78677 2
      vertex 3.98674 9.78677 2.7
    endloop
  endfacet
  facet normal 0.961107 0.276176 0
    outer loop
      vertex 3.98674 9.78677 2
      vertex 4.01932 9.67339 2.7
      vertex 4.01932 9.67339 2
    endloop
  endfacet
  facet normal 0.93218 0.361996 0
    outer loop
      vertex 3.98674 9.78677 2.7
      vertex 3.94487 9.89459 2
      vertex 3.94487 9.89459 2.7
    endloop
  endfacet
  facet normal 0.93218 0.361996 0
    outer loop
      vertex 3.94487 9.89459 2
      vertex 3.98674 9.78677 2.7
      vertex 3.98674 9.78677 2
    endloop
  endfacet
  facet normal 0.894235 0.447598 0
    outer loop
      vertex 3.94487 9.89459 2.7
      vertex 3.89369 9.99684 2
      vertex 3.89369 9.99684 2.7
    endloop
  endfacet
  facet normal 0.894235 0.447598 0
    outer loop
      vertex 3.89369 9.99684 2
      vertex 3.94487 9.89459 2.7
      vertex 3.94487 9.89459 2
    endloop
  endfacet
  facet normal 0.847732 0.530425 0
    outer loop
      vertex 3.89369 9.99684 2.7
      vertex 3.83321 10.0935 2
      vertex 3.83321 10.0935 2.7
    endloop
  endfacet
  facet normal 0.847732 0.530425 0
    outer loop
      vertex 3.83321 10.0935 2
      vertex 3.89369 9.99684 2.7
      vertex 3.89369 9.99684 2
    endloop
  endfacet
  facet normal 0.793789 0.608194 0
    outer loop
      vertex 3.83321 10.0935 2.7
      vertex 3.76341 10.1846 2
      vertex 3.76341 10.1846 2.7
    endloop
  endfacet
  facet normal 0.793789 0.608194 0
    outer loop
      vertex 3.76341 10.1846 2
      vertex 3.83321 10.0935 2.7
      vertex 3.83321 10.0935 2
    endloop
  endfacet
  facet normal 0.734046 0.6791 0
    outer loop
      vertex 3.76341 10.1846 2.7
      vertex 3.68431 10.2701 2
      vertex 3.68431 10.2701 2.7
    endloop
  endfacet
  facet normal 0.734046 0.6791 0
    outer loop
      vertex 3.68431 10.2701 2
      vertex 3.76341 10.1846 2.7
      vertex 3.76341 10.1846 2
    endloop
  endfacet
  facet normal 0.668317 0.743877 -0
    outer loop
      vertex 3.68431 10.2701 2
      vertex 3.59738 10.3482 2.7
      vertex 3.68431 10.2701 2.7
    endloop
  endfacet
  facet normal 0.668317 0.743877 0
    outer loop
      vertex 3.59738 10.3482 2.7
      vertex 3.68431 10.2701 2
      vertex 3.59738 10.3482 2
    endloop
  endfacet
  facet normal 0.594568 0.804045 -0
    outer loop
      vertex 3.59738 10.3482 2
      vertex 3.50407 10.4172 2.7
      vertex 3.59738 10.3482 2.7
    endloop
  endfacet
  facet normal 0.594568 0.804045 0
    outer loop
      vertex 3.50407 10.4172 2.7
      vertex 3.59738 10.3482 2
      vertex 3.50407 10.4172 2
    endloop
  endfacet
  facet normal 0.513926 0.857835 -0
    outer loop
      vertex 3.50407 10.4172 2
      vertex 3.40442 10.4769 2.7
      vertex 3.50407 10.4172 2.7
    endloop
  endfacet
  facet normal 0.513926 0.857835 0
    outer loop
      vertex 3.40442 10.4769 2.7
      vertex 3.50407 10.4172 2
      vertex 3.40442 10.4769 2
    endloop
  endfacet
  facet normal 0.430693 0.902498 -0
    outer loop
      vertex 3.40442 10.4769 2
      vertex 3.29839 10.5275 2.7
      vertex 3.40442 10.4769 2.7
    endloop
  endfacet
  facet normal 0.430693 0.902498 0
    outer loop
      vertex 3.29839 10.5275 2.7
      vertex 3.40442 10.4769 2
      vertex 3.29839 10.5275 2
    endloop
  endfacet
  facet normal 0.344838 0.938662 -0
    outer loop
      vertex 3.29839 10.5275 2
      vertex 3.18597 10.5688 2.7
      vertex 3.29839 10.5275 2.7
    endloop
  endfacet
  facet normal 0.344838 0.938662 0
    outer loop
      vertex 3.18597 10.5688 2.7
      vertex 3.29839 10.5275 2
      vertex 3.18597 10.5688 2
    endloop
  endfacet
  facet normal 0.261687 0.965153 -0
    outer loop
      vertex 3.18597 10.5688 2
      vertex 3.06721 10.601 2.7
      vertex 3.18597 10.5688 2.7
    endloop
  endfacet
  facet normal 0.261687 0.965153 0
    outer loop
      vertex 3.06721 10.601 2.7
      vertex 3.18597 10.5688 2
      vertex 3.06721 10.601 2
    endloop
  endfacet
  facet normal 0.18078 0.983524 -0
    outer loop
      vertex 3.06721 10.601 2
      vertex 2.94208 10.624 2.7
      vertex 3.06721 10.601 2.7
    endloop
  endfacet
  facet normal 0.18078 0.983524 0
    outer loop
      vertex 2.94208 10.624 2.7
      vertex 3.06721 10.601 2
      vertex 2.94208 10.624 2
    endloop
  endfacet
  facet normal 0.10437 0.994539 -0
    outer loop
      vertex 2.94208 10.624 2
      vertex 2.81058 10.6378 2.7
      vertex 2.94208 10.624 2.7
    endloop
  endfacet
  facet normal 0.10437 0.994539 0
    outer loop
      vertex 2.81058 10.6378 2.7
      vertex 2.94208 10.624 2
      vertex 2.81058 10.6378 2
    endloop
  endfacet
  facet normal 0.0333462 0.999444 -0
    outer loop
      vertex 2.81058 10.6378 2
      vertex 2.67271 10.6424 2.7
      vertex 2.81058 10.6378 2.7
    endloop
  endfacet
  facet normal 0.0333462 0.999444 0
    outer loop
      vertex 2.67271 10.6424 2.7
      vertex 2.81058 10.6378 2
      vertex 2.67271 10.6424 2
    endloop
  endfacet
  facet normal -0.0293382 0.99957 0
    outer loop
      vertex 2.67271 10.6424 2
      vertex 2.55687 10.639 2.7
      vertex 2.67271 10.6424 2.7
    endloop
  endfacet
  facet normal -0.0293382 0.99957 0
    outer loop
      vertex 2.55687 10.639 2.7
      vertex 2.67271 10.6424 2
      vertex 2.55687 10.639 2
    endloop
  endfacet
  facet normal -0.0910508 0.995846 0
    outer loop
      vertex 2.55687 10.639 2
      vertex 2.44531 10.6288 2.7
      vertex 2.55687 10.639 2.7
    endloop
  endfacet
  facet normal -0.0910508 0.995846 0
    outer loop
      vertex 2.44531 10.6288 2.7
      vertex 2.55687 10.639 2
      vertex 2.44531 10.6288 2
    endloop
  endfacet
  facet normal -0.155655 0.987811 0
    outer loop
      vertex 2.44531 10.6288 2
      vertex 2.33806 10.6119 2.7
      vertex 2.44531 10.6288 2.7
    endloop
  endfacet
  facet normal -0.155655 0.987811 0
    outer loop
      vertex 2.33806 10.6119 2.7
      vertex 2.44531 10.6288 2
      vertex 2.33806 10.6119 2
    endloop
  endfacet
  facet normal -0.22524 0.974303 0
    outer loop
      vertex 2.33806 10.6119 2
      vertex 2.23511 10.5881 2.7
      vertex 2.33806 10.6119 2.7
    endloop
  endfacet
  facet normal -0.22524 0.974303 0
    outer loop
      vertex 2.23511 10.5881 2.7
      vertex 2.33806 10.6119 2
      vertex 2.23511 10.5881 2
    endloop
  endfacet
  facet normal -0.295297 0.955406 0
    outer loop
      vertex 2.23511 10.5881 2
      vertex 2.13643 10.5576 2.7
      vertex 2.23511 10.5881 2.7
    endloop
  endfacet
  facet normal -0.295297 0.955406 0
    outer loop
      vertex 2.13643 10.5576 2.7
      vertex 2.23511 10.5881 2
      vertex 2.13643 10.5576 2
    endloop
  endfacet
  facet normal -0.367548 0.930005 0
    outer loop
      vertex 2.13643 10.5576 2
      vertex 2.04205 10.5203 2.7
      vertex 2.13643 10.5576 2.7
    endloop
  endfacet
  facet normal -0.367548 0.930005 0
    outer loop
      vertex 2.04205 10.5203 2.7
      vertex 2.13643 10.5576 2
      vertex 2.04205 10.5203 2
    endloop
  endfacet
  facet normal -0.438895 0.898538 0
    outer loop
      vertex 2.04205 10.5203 2
      vertex 1.95197 10.4763 2.7
      vertex 2.04205 10.5203 2.7
    endloop
  endfacet
  facet normal -0.438895 0.898538 0
    outer loop
      vertex 1.95197 10.4763 2.7
      vertex 2.04205 10.5203 2
      vertex 1.95197 10.4763 2
    endloop
  endfacet
  facet normal -0.510258 0.860021 0
    outer loop
      vertex 1.95197 10.4763 2
      vertex 1.86618 10.4254 2.7
      vertex 1.95197 10.4763 2.7
    endloop
  endfacet
  facet normal -0.510258 0.860021 0
    outer loop
      vertex 1.86618 10.4254 2.7
      vertex 1.95197 10.4763 2
      vertex 1.86618 10.4254 2
    endloop
  endfacet
  facet normal -0.577155 0.816634 0
    outer loop
      vertex 1.86618 10.4254 2
      vertex 1.78468 10.3678 2.7
      vertex 1.86618 10.4254 2.7
    endloop
  endfacet
  facet normal -0.577155 0.816634 0
    outer loop
      vertex 1.78468 10.3678 2.7
      vertex 1.86618 10.4254 2
      vertex 1.78468 10.3678 2
    endloop
  endfacet
  facet normal 0.99818 -0.0603006 0
    outer loop
      vertex 1.78468 10.3678 2.7
      vertex 1.86708 11.7318 2
      vertex 1.86708 11.7318 2.7
    endloop
  endfacet
  facet normal 0.99818 -0.0603006 0
    outer loop
      vertex 1.86708 11.7318 2
      vertex 1.78468 10.3678 2.7
      vertex 1.78468 10.3678 2
    endloop
  endfacet
  facet normal 0 -1 0
    outer loop
      vertex 1.86708 11.7318 2
      vertex 3.81094 11.7318 2.7
      vertex 1.86708 11.7318 2.7
    endloop
  endfacet
  facet normal 0 -1 -0
    outer loop
      vertex 3.81094 11.7318 2.7
      vertex 1.86708 11.7318 2
      vertex 3.81094 11.7318 2
    endloop
  endfacet
  facet normal 1 -0 0
    outer loop
      vertex 3.81094 11.7318 2.7
      vertex 3.81094 12.1987 2
      vertex 3.81094 12.1987 2.7
    endloop
  endfacet
  facet normal 1 0 0
    outer loop
      vertex 3.81094 12.1987 2
      vertex 3.81094 11.7318 2.7
      vertex 3.81094 11.7318 2
    endloop
  endfacet
  facet normal 0 1 -0
    outer loop
      vertex 3.81094 12.1987 2
      vertex 1.36664 12.1987 2.7
      vertex 3.81094 12.1987 2.7
    endloop
  endfacet
  facet normal 0 1 0
    outer loop
      vertex 1.36664 12.1987 2.7
      vertex 3.81094 12.1987 2
      vertex 1.36664 12.1987 2
    endloop
  endfacet
  facet normal -0.998083 0.0618856 0
    outer loop
      vertex 1.22322 9.88564 2
      vertex 1.36664 12.1987 2.7
      vertex 1.36664 12.1987 2
    endloop
  endfacet
  facet normal -0.998083 0.0618856 0
    outer loop
      vertex 1.36664 12.1987 2.7
      vertex 1.22322 9.88564 2
      vertex 1.22322 9.88564 2.7
    endloop
  endfacet
  facet normal 0 -1 0
    outer loop
      vertex 1.22322 9.88564 2
      vertex 1.7603 9.88564 2.7
      vertex 1.22322 9.88564 2.7
    endloop
  endfacet
  facet normal 0 -1 -0
    outer loop
      vertex 1.7603 9.88564 2.7
      vertex 1.22322 9.88564 2
      vertex 1.7603 9.88564 2
    endloop
  endfacet
  facet normal 0.645533 -0.763732 0
    outer loop
      vertex 1.7603 9.88564 2
      vertex 1.80301 9.92174 2.7
      vertex 1.7603 9.88564 2.7
    endloop
  endfacet
  facet normal 0.645533 -0.763732 0
    outer loop
      vertex 1.80301 9.92174 2.7
      vertex 1.7603 9.88564 2
      vertex 1.80301 9.92174 2
    endloop
  endfacet
  facet normal 0.619006 -0.785386 0
    outer loop
      vertex 1.80301 9.92174 2
      vertex 1.84573 9.95541 2.7
      vertex 1.80301 9.92174 2.7
    endloop
  endfacet
  facet normal 0.619006 -0.785386 0
    outer loop
      vertex 1.84573 9.95541 2.7
      vertex 1.80301 9.92174 2
      vertex 1.84573 9.95541 2
    endloop
  endfacet
  facet normal 0.590561 -0.806993 0
    outer loop
      vertex 1.84573 9.95541 2
      vertex 1.88846 9.98668 2.7
      vertex 1.84573 9.95541 2.7
    endloop
  endfacet
  facet normal 0.590561 -0.806993 0
    outer loop
      vertex 1.88846 9.98668 2.7
      vertex 1.84573 9.95541 2
      vertex 1.88846 9.98668 2
    endloop
  endfacet
  facet normal 0.55935 -0.828932 0
    outer loop
      vertex 1.88846 9.98668 2
      vertex 1.93117 10.0155 2.7
      vertex 1.88846 9.98668 2.7
    endloop
  endfacet
  facet normal 0.55935 -0.828932 0
    outer loop
      vertex 1.93117 10.0155 2.7
      vertex 1.88846 9.98668 2
      vertex 1.93117 10.0155 2
    endloop
  endfacet
  facet normal 0.527135 -0.849782 0
    outer loop
      vertex 1.93117 10.0155 2
      vertex 1.97389 10.042 2.7
      vertex 1.93117 10.0155 2.7
    endloop
  endfacet
  facet normal 0.527135 -0.849782 0
    outer loop
      vertex 1.97389 10.042 2.7
      vertex 1.93117 10.0155 2
      vertex 1.97389 10.042 2
    endloop
  endfacet
  facet normal 0.489709 -0.871886 0
    outer loop
      vertex 1.97389 10.042 2
      vertex 2.01662 10.066 2.7
      vertex 1.97389 10.042 2.7
    endloop
  endfacet
  facet normal 0.489709 -0.871886 0
    outer loop
      vertex 2.01662 10.066 2.7
      vertex 1.97389 10.042 2
      vertex 2.01662 10.066 2
    endloop
  endfacet
  facet normal 0.451304 -0.89237 0
    outer loop
      vertex 2.01662 10.066 2
      vertex 2.05933 10.0876 2.7
      vertex 2.01662 10.066 2.7
    endloop
  endfacet
  facet normal 0.451304 -0.89237 0
    outer loop
      vertex 2.05933 10.0876 2.7
      vertex 2.01662 10.066 2
      vertex 2.05933 10.0876 2
    endloop
  endfacet
  facet normal 0.409939 -0.912113 0
    outer loop
      vertex 2.05933 10.0876 2
      vertex 2.10205 10.1068 2.7
      vertex 2.05933 10.0876 2.7
    endloop
  endfacet
  facet normal 0.409939 -0.912113 0
    outer loop
      vertex 2.10205 10.1068 2.7
      vertex 2.05933 10.0876 2
      vertex 2.10205 10.1068 2
    endloop
  endfacet
  facet normal 0.365902 -0.930654 0
    outer loop
      vertex 2.10205 10.1068 2
      vertex 2.14478 10.1236 2.7
      vertex 2.10205 10.1068 2.7
    endloop
  endfacet
  facet normal 0.365902 -0.930654 0
    outer loop
      vertex 2.14478 10.1236 2.7
      vertex 2.10205 10.1068 2
      vertex 2.14478 10.1236 2
    endloop
  endfacet
  facet normal 0.324773 -0.945792 0
    outer loop
      vertex 2.14478 10.1236 2
      vertex 2.18788 10.1384 2.7
      vertex 2.14478 10.1236 2.7
    endloop
  endfacet
  facet normal 0.324773 -0.945792 0
    outer loop
      vertex 2.18788 10.1384 2.7
      vertex 2.14478 10.1236 2
      vertex 2.18788 10.1384 2
    endloop
  endfacet
  facet normal 0.284178 -0.958772 0
    outer loop
      vertex 2.18788 10.1384 2
      vertex 2.23174 10.1514 2.7
      vertex 2.18788 10.1384 2.7
    endloop
  endfacet
  facet normal 0.284178 -0.958772 0
    outer loop
      vertex 2.23174 10.1514 2.7
      vertex 2.18788 10.1384 2
      vertex 2.23174 10.1514 2
    endloop
  endfacet
  facet normal 0.243507 -0.969899 0
    outer loop
      vertex 2.23174 10.1514 2
      vertex 2.27635 10.1626 2.7
      vertex 2.23174 10.1514 2.7
    endloop
  endfacet
  facet normal 0.243507 -0.969899 0
    outer loop
      vertex 2.27635 10.1626 2.7
      vertex 2.23174 10.1514 2
      vertex 2.27635 10.1626 2
    endloop
  endfacet
  facet normal 0.20701 -0.978339 0
    outer loop
      vertex 2.27635 10.1626 2
      vertex 2.32172 10.1722 2.7
      vertex 2.27635 10.1626 2.7
    endloop
  endfacet
  facet normal 0.20701 -0.978339 0
    outer loop
      vertex 2.32172 10.1722 2.7
      vertex 2.27635 10.1626 2
      vertex 2.32172 10.1722 2
    endloop
  endfacet
  facet normal 0.166791 -0.985992 0
    outer loop
      vertex 2.32172 10.1722 2
      vertex 2.36783 10.18 2.7
      vertex 2.32172 10.1722 2.7
    endloop
  endfacet
  facet normal 0.166791 -0.985992 0
    outer loop
      vertex 2.36783 10.18 2.7
      vertex 2.32172 10.1722 2
      vertex 2.36783 10.18 2
    endloop
  endfacet
  facet normal 0.127004 -0.991902 0
    outer loop
      vertex 2.36783 10.18 2
      vertex 2.41469 10.186 2.7
      vertex 2.36783 10.18 2.7
    endloop
  endfacet
  facet normal 0.127004 -0.991902 0
    outer loop
      vertex 2.41469 10.186 2.7
      vertex 2.36783 10.18 2
      vertex 2.41469 10.186 2
    endloop
  endfacet
  facet normal 0.0920062 -0.995758 0
    outer loop
      vertex 2.41469 10.186 2
      vertex 2.46231 10.1904 2.7
      vertex 2.41469 10.186 2.7
    endloop
  endfacet
  facet normal 0.0920062 -0.995758 0
    outer loop
      vertex 2.46231 10.1904 2.7
      vertex 2.41469 10.186 2
      vertex 2.46231 10.1904 2
    endloop
  endfacet
  facet normal 0.0536748 -0.998558 0
    outer loop
      vertex 2.46231 10.1904 2
      vertex 2.51068 10.193 2.7
      vertex 2.46231 10.1904 2.7
    endloop
  endfacet
  facet normal 0.0536748 -0.998558 0
    outer loop
      vertex 2.51068 10.193 2.7
      vertex 2.46231 10.1904 2
      vertex 2.51068 10.193 2
    endloop
  endfacet
  facet normal 0.0162812 -0.999867 0
    outer loop
      vertex 2.51068 10.193 2
      vertex 2.55981 10.1938 2.7
      vertex 2.51068 10.193 2.7
    endloop
  endfacet
  facet normal 0.0162812 -0.999867 0
    outer loop
      vertex 2.55981 10.1938 2.7
      vertex 2.51068 10.193 2
      vertex 2.55981 10.1938 2
    endloop
  endfacet
  facet normal -0.0333937 -0.999442 0
    outer loop
      vertex 2.55981 10.1938 2
      vertex 2.65259 10.1907 2.7
      vertex 2.55981 10.1938 2.7
    endloop
  endfacet
  facet normal -0.0333937 -0.999442 -0
    outer loop
      vertex 2.65259 10.1907 2.7
      vertex 2.55981 10.1938 2
      vertex 2.65259 10.1907 2
    endloop
  endfacet
  facet normal -0.103467 -0.994633 0
    outer loop
      vertex 2.65259 10.1907 2
      vertex 2.74103 10.1815 2.7
      vertex 2.65259 10.1907 2.7
    endloop
  endfacet
  facet normal -0.103467 -0.994633 -0
    outer loop
      vertex 2.74103 10.1815 2.7
      vertex 2.65259 10.1907 2
      vertex 2.74103 10.1815 2
    endloop
  endfacet
  facet normal -0.181252 -0.983437 0
    outer loop
      vertex 2.74103 10.1815 2
      vertex 2.82513 10.166 2.7
      vertex 2.74103 10.1815 2.7
    endloop
  endfacet
  facet normal -0.181252 -0.983437 -0
    outer loop
      vertex 2.82513 10.166 2.7
      vertex 2.74103 10.1815 2
      vertex 2.82513 10.166 2
    endloop
  endfacet
  facet normal -0.261336 -0.965248 0
    outer loop
      vertex 2.82513 10.166 2
      vertex 2.90491 10.1444 2.7
      vertex 2.82513 10.166 2.7
    endloop
  endfacet
  facet normal -0.261336 -0.965248 -0
    outer loop
      vertex 2.90491 10.1444 2.7
      vertex 2.82513 10.166 2
      vertex 2.90491 10.1444 2
    endloop
  endfacet
  facet normal -0.345775 -0.938318 0
    outer loop
      vertex 2.90491 10.1444 2
      vertex 2.98035 10.1166 2.7
      vertex 2.90491 10.1444 2.7
    endloop
  endfacet
  facet normal -0.345775 -0.938318 -0
    outer loop
      vertex 2.98035 10.1166 2.7
      vertex 2.90491 10.1444 2
      vertex 2.98035 10.1166 2
    endloop
  endfacet
  facet normal -0.431411 -0.902156 0
    outer loop
      vertex 2.98035 10.1166 2
      vertex 3.05145 10.0826 2.7
      vertex 2.98035 10.1166 2.7
    endloop
  endfacet
  facet normal -0.431411 -0.902156 -0
    outer loop
      vertex 3.05145 10.0826 2.7
      vertex 2.98035 10.1166 2
      vertex 3.05145 10.0826 2
    endloop
  endfacet
  facet normal -0.51574 -0.856745 0
    outer loop
      vertex 3.05145 10.0826 2
      vertex 3.11823 10.0424 2.7
      vertex 3.05145 10.0826 2.7
    endloop
  endfacet
  facet normal -0.51574 -0.856745 -0
    outer loop
      vertex 3.11823 10.0424 2.7
      vertex 3.05145 10.0826 2
      vertex 3.11823 10.0424 2
    endloop
  endfacet
  facet normal -0.595523 -0.803338 0
    outer loop
      vertex 3.11823 10.0424 2
      vertex 3.18066 9.99612 2.7
      vertex 3.11823 10.0424 2.7
    endloop
  endfacet
  facet normal -0.595523 -0.803338 -0
    outer loop
      vertex 3.18066 9.99612 2.7
      vertex 3.11823 10.0424 2
      vertex 3.18066 9.99612 2
    endloop
  endfacet
  facet normal -0.670522 -0.74189 0
    outer loop
      vertex 3.18066 9.99612 2
      vertex 3.23877 9.9436 2.7
      vertex 3.18066 9.99612 2.7
    endloop
  endfacet
  facet normal -0.670522 -0.74189 -0
    outer loop
      vertex 3.23877 9.9436 2.7
      vertex 3.18066 9.99612 2
      vertex 3.23877 9.9436 2
    endloop
  endfacet
  facet normal -0.736431 -0.676513 0
    outer loop
      vertex 3.29161 9.88608 2
      vertex 3.23877 9.9436 2.7
      vertex 3.23877 9.9436 2
    endloop
  endfacet
  facet normal -0.736431 -0.676513 0
    outer loop
      vertex 3.23877 9.9436 2.7
      vertex 3.29161 9.88608 2
      vertex 3.29161 9.88608 2.7
    endloop
  endfacet
  facet normal -0.796232 -0.604991 0
    outer loop
      vertex 3.33824 9.82471 2
      vertex 3.29161 9.88608 2.7
      vertex 3.29161 9.88608 2
    endloop
  endfacet
  facet normal -0.796232 -0.604991 0
    outer loop
      vertex 3.29161 9.88608 2.7
      vertex 3.33824 9.82471 2
      vertex 3.33824 9.82471 2.7
    endloop
  endfacet
  facet normal -0.849984 -0.526808 0
    outer loop
      vertex 3.37865 9.75951 2
      vertex 3.33824 9.82471 2.7
      vertex 3.33824 9.82471 2
    endloop
  endfacet
  facet normal -0.849984 -0.526808 0
    outer loop
      vertex 3.33824 9.82471 2.7
      vertex 3.37865 9.75951 2
      vertex 3.37865 9.75951 2.7
    endloop
  endfacet
  facet normal -0.89616 -0.443732 0
    outer loop
      vertex 3.41284 9.69046 2
      vertex 3.37865 9.75951 2.7
      vertex 3.37865 9.75951 2
    endloop
  endfacet
  facet normal -0.89616 -0.443732 0
    outer loop
      vertex 3.37865 9.75951 2.7
      vertex 3.41284 9.69046 2
      vertex 3.41284 9.69046 2.7
    endloop
  endfacet
  facet normal -0.933655 -0.358172 0
    outer loop
      vertex 3.44081 9.61755 2
      vertex 3.41284 9.69046 2.7
      vertex 3.41284 9.69046 2
    endloop
  endfacet
  facet normal -0.933655 -0.358172 0
    outer loop
      vertex 3.41284 9.69046 2.7
      vertex 3.44081 9.61755 2
      vertex 3.44081 9.61755 2.7
    endloop
  endfacet
  facet normal -0.962061 -0.272833 0
    outer loop
      vertex 3.46257 9.54082 2
      vertex 3.44081 9.61755 2.7
      vertex 3.44081 9.61755 2
    endloop
  endfacet
  facet normal -0.962061 -0.272833 0
    outer loop
      vertex 3.44081 9.61755 2.7
      vertex 3.46257 9.54082 2
      vertex 3.46257 9.54082 2.7
    endloop
  endfacet
  facet normal -0.98193 -0.189245 0
    outer loop
      vertex 3.4781 9.46024 2
      vertex 3.46257 9.54082 2.7
      vertex 3.46257 9.54082 2
    endloop
  endfacet
  facet normal -0.98193 -0.189245 0
    outer loop
      vertex 3.46257 9.54082 2.7
      vertex 3.4781 9.46024 2
      vertex 3.4781 9.46024 2.7
    endloop
  endfacet
  facet normal -0.993937 -0.109953 0
    outer loop
      vertex 3.48744 9.37581 2
      vertex 3.4781 9.46024 2.7
      vertex 3.4781 9.46024 2
    endloop
  endfacet
  facet normal -0.993937 -0.109953 0
    outer loop
      vertex 3.4781 9.46024 2.7
      vertex 3.48744 9.37581 2
      vertex 3.48744 9.37581 2.7
    endloop
  endfacet
  facet normal -0.999384 -0.0351019 0
    outer loop
      vertex 3.49054 9.28755 2
      vertex 3.48744 9.37581 2.7
      vertex 3.48744 9.37581 2
    endloop
  endfacet
  facet normal -0.999384 -0.0351019 0
    outer loop
      vertex 3.48744 9.37581 2.7
      vertex 3.49054 9.28755 2
      vertex 3.49054 9.28755 2.7
    endloop
  endfacet
  facet normal -0.999538 0.0303907 0
    outer loop
      vertex 3.48746 9.18625 2
      vertex 3.49054 9.28755 2.7
      vertex 3.49054 9.28755 2
    endloop
  endfacet
  facet normal -0.999538 0.0303907 0
    outer loop
      vertex 3.49054 9.28755 2.7
      vertex 3.48746 9.18625 2
      vertex 3.48746 9.18625 2.7
    endloop
  endfacet
  facet normal -0.995395 0.095862 0
    outer loop
      vertex 3.47818 9.08989 2
      vertex 3.48746 9.18625 2.7
      vertex 3.48746 9.18625 2
    endloop
  endfacet
  facet normal -0.995395 0.095862 0
    outer loop
      vertex 3.48746 9.18625 2.7
      vertex 3.47818 9.08989 2
      vertex 3.47818 9.08989 2.7
    endloop
  endfacet
  facet normal -0.986036 0.166532 0
    outer loop
      vertex 3.46274 8.99847 2
      vertex 3.47818 9.08989 2.7
      vertex 3.47818 9.08989 2
    endloop
  endfacet
  facet normal -0.986036 0.166532 0
    outer loop
      vertex 3.47818 9.08989 2.7
      vertex 3.46274 8.99847 2
      vertex 3.46274 8.99847 2.7
    endloop
  endfacet
  facet normal -0.970143 0.242536 0
    outer loop
      vertex 3.44112 8.91199 2
      vertex 3.46274 8.99847 2.7
      vertex 3.46274 8.99847 2
    endloop
  endfacet
  facet normal -0.970143 0.242536 0
    outer loop
      vertex 3.46274 8.99847 2.7
      vertex 3.44112 8.91199 2
      vertex 3.44112 8.91199 2.7
    endloop
  endfacet
  facet normal -0.946443 0.32287 0
    outer loop
      vertex 3.4133 8.83044 2
      vertex 3.44112 8.91199 2.7
      vertex 3.44112 8.91199 2
    endloop
  endfacet
  facet normal -0.946443 0.32287 0
    outer loop
      vertex 3.44112 8.91199 2.7
      vertex 3.4133 8.83044 2
      vertex 3.4133 8.83044 2.7
    endloop
  endfacet
  facet normal -0.914116 0.405452 0
    outer loop
      vertex 3.37932 8.75383 2
      vertex 3.4133 8.83044 2.7
      vertex 3.4133 8.83044 2
    endloop
  endfacet
  facet normal -0.914116 0.405452 0
    outer loop
      vertex 3.4133 8.83044 2.7
      vertex 3.37932 8.75383 2
      vertex 3.37932 8.75383 2.7
    endloop
  endfacet
  facet normal -0.872435 0.488729 0
    outer loop
      vertex 3.33916 8.68214 2
      vertex 3.37932 8.75383 2.7
      vertex 3.37932 8.75383 2
    endloop
  endfacet
  facet normal -0.872435 0.488729 0
    outer loop
      vertex 3.37932 8.75383 2.7
      vertex 3.33916 8.68214 2
      vertex 3.33916 8.68214 2.7
    endloop
  endfacet
  facet normal -0.821412 0.570336 0
    outer loop
      vertex 3.29282 8.6154 2
      vertex 3.33916 8.68214 2.7
      vertex 3.33916 8.68214 2
    endloop
  endfacet
  facet normal -0.821412 0.570336 0
    outer loop
      vertex 3.33916 8.68214 2.7
      vertex 3.29282 8.6154 2
      vertex 3.29282 8.6154 2.7
    endloop
  endfacet
  facet normal -0.762052 0.647516 0
    outer loop
      vertex 3.2403 8.55359 2
      vertex 3.29282 8.6154 2.7
      vertex 3.29282 8.6154 2
    endloop
  endfacet
  facet normal -0.762052 0.647516 0
    outer loop
      vertex 3.29282 8.6154 2.7
      vertex 3.2403 8.55359 2
      vertex 3.2403 8.55359 2.7
    endloop
  endfacet
  facet normal -0.694849 0.719156 0
    outer loop
      vertex 3.2403 8.55359 2
      vertex 3.18231 8.49756 2.7
      vertex 3.2403 8.55359 2.7
    endloop
  endfacet
  facet normal -0.694849 0.719156 0
    outer loop
      vertex 3.18231 8.49756 2.7
      vertex 3.2403 8.55359 2
      vertex 3.18231 8.49756 2
    endloop
  endfacet
  facet normal -0.618999 0.785392 0
    outer loop
      vertex 3.18231 8.49756 2
      vertex 3.11958 8.44812 2.7
      vertex 3.18231 8.49756 2.7
    endloop
  endfacet
  facet normal -0.618999 0.785392 0
    outer loop
      vertex 3.11958 8.44812 2.7
      vertex 3.18231 8.49756 2
      vertex 3.11958 8.44812 2
    endloop
  endfacet
  facet normal -0.536114 0.844145 0
    outer loop
      vertex 3.11958 8.44812 2
      vertex 3.05211 8.40527 2.7
      vertex 3.11958 8.44812 2.7
    endloop
  endfacet
  facet normal -0.536114 0.844145 0
    outer loop
      vertex 3.05211 8.40527 2.7
      vertex 3.11958 8.44812 2
      vertex 3.05211 8.40527 2
    endloop
  endfacet
  facet normal -0.448599 0.893733 0
    outer loop
      vertex 3.05211 8.40527 2
      vertex 2.97989 8.36902 2.7
      vertex 3.05211 8.40527 2.7
    endloop
  endfacet
  facet normal -0.448599 0.893733 0
    outer loop
      vertex 2.97989 8.36902 2.7
      vertex 3.05211 8.40527 2
      vertex 2.97989 8.36902 2
    endloop
  endfacet
  facet normal -0.359572 0.933117 0
    outer loop
      vertex 2.97989 8.36902 2
      vertex 2.90292 8.33936 2.7
      vertex 2.97989 8.36902 2.7
    endloop
  endfacet
  facet normal -0.359572 0.933117 0
    outer loop
      vertex 2.90292 8.33936 2.7
      vertex 2.97989 8.36902 2
      vertex 2.90292 8.33936 2
    endloop
  endfacet
  facet normal -0.271936 0.962315 0
    outer loop
      vertex 2.90292 8.33936 2
      vertex 2.82121 8.31627 2.7
      vertex 2.90292 8.33936 2.7
    endloop
  endfacet
  facet normal -0.271936 0.962315 0
    outer loop
      vertex 2.82121 8.31627 2.7
      vertex 2.90292 8.33936 2
      vertex 2.82121 8.31627 2
    endloop
  endfacet
  facet normal -0.187258 0.982311 0
    outer loop
      vertex 2.82121 8.31627 2
      vertex 2.73476 8.29979 2.7
      vertex 2.82121 8.31627 2.7
    endloop
  endfacet
  facet normal -0.187258 0.982311 0
    outer loop
      vertex 2.73476 8.29979 2.7
      vertex 2.82121 8.31627 2
      vertex 2.73476 8.29979 2
    endloop
  endfacet
  facet normal -0.107799 0.994173 0
    outer loop
      vertex 2.73476 8.29979 2
      vertex 2.64355 8.2899 2.7
      vertex 2.73476 8.29979 2.7
    endloop
  endfacet
  facet normal -0.107799 0.994173 0
    outer loop
      vertex 2.64355 8.2899 2.7
      vertex 2.73476 8.29979 2
      vertex 2.64355 8.2899 2
    endloop
  endfacet
  facet normal -0.0342721 0.999413 0
    outer loop
      vertex 2.64355 8.2899 2
      vertex 2.54761 8.28661 2.7
      vertex 2.64355 8.2899 2.7
    endloop
  endfacet
  facet normal -0.0342721 0.999413 0
    outer loop
      vertex 2.54761 8.28661 2.7
      vertex 2.64355 8.2899 2
      vertex 2.54761 8.28661 2
    endloop
  endfacet
  facet normal 0.0512731 0.998685 -0
    outer loop
      vertex 2.54761 8.28661 2
      vertex 2.39432 8.29448 2.7
      vertex 2.54761 8.28661 2.7
    endloop
  endfacet
  facet normal 0.0512731 0.998685 0
    outer loop
      vertex 2.39432 8.29448 2.7
      vertex 2.54761 8.28661 2
      vertex 2.39432 8.29448 2
    endloop
  endfacet
  facet normal 0.166571 0.986029 -0
    outer loop
      vertex 2.39432 8.29448 2
      vertex 2.2545 8.3181 2.7
      vertex 2.39432 8.29448 2.7
    endloop
  endfacet
  facet normal 0.166571 0.986029 0
    outer loop
      vertex 2.2545 8.3181 2.7
      vertex 2.39432 8.29448 2
      vertex 2.2545 8.3181 2
    endloop
  endfacet
  facet normal 0.297573 0.954699 -0
    outer loop
      vertex 2.2545 8.3181 2
      vertex 2.12819 8.35747 2.7
      vertex 2.2545 8.3181 2.7
    endloop
  endfacet
  facet normal 0.297573 0.954699 0
    outer loop
      vertex 2.12819 8.35747 2.7
      vertex 2.2545 8.3181 2
      vertex 2.12819 8.35747 2
    endloop
  endfacet
  facet normal 0.438977 0.898498 -0
    outer loop
      vertex 2.12819 8.35747 2
      vertex 2.01535 8.4126 2.7
      vertex 2.12819 8.35747 2.7
    endloop
  endfacet
  facet normal 0.438977 0.898498 0
    outer loop
      vertex 2.01535 8.4126 2.7
      vertex 2.12819 8.35747 2
      vertex 2.01535 8.4126 2
    endloop
  endfacet
  facet normal 0.58075 0.814082 -0
    outer loop
      vertex 2.01535 8.4126 2
      vertex 1.91602 8.48346 2.7
      vertex 2.01535 8.4126 2.7
    endloop
  endfacet
  facet normal 0.58075 0.814082 0
    outer loop
      vertex 1.91602 8.48346 2.7
      vertex 2.01535 8.4126 2
      vertex 1.91602 8.48346 2
    endloop
  endfacet
  facet normal 0.710134 0.704067 0
    outer loop
      vertex 1.91602 8.48346 2.7
      vertex 1.83015 8.57007 2
      vertex 1.83015 8.57007 2.7
    endloop
  endfacet
  facet normal 0.710134 0.704067 0
    outer loop
      vertex 1.83015 8.57007 2
      vertex 1.91602 8.48346 2.7
      vertex 1.91602 8.48346 2
    endloop
  endfacet
  facet normal 0.816506 0.577338 0
    outer loop
      vertex 1.83015 8.57007 2.7
      vertex 1.75778 8.67242 2
      vertex 1.75778 8.67242 2.7
    endloop
  endfacet
  facet normal 0.816506 0.577338 0
    outer loop
      vertex 1.75778 8.67242 2
      vertex 1.83015 8.57007 2.7
      vertex 1.83015 8.57007 2
    endloop
  endfacet
  facet normal 0.894972 0.446122 0
    outer loop
      vertex 1.75778 8.67242 2.7
      vertex 1.6989 8.79054 2
      vertex 1.6989 8.79054 2.7
    endloop
  endfacet
  facet normal 0.894972 0.446122 0
    outer loop
      vertex 1.6989 8.79054 2
      vertex 1.75778 8.67242 2.7
      vertex 1.75778 8.67242 2
    endloop
  endfacet
  facet normal 0.947008 0.321211 0
    outer loop
      vertex 1.6989 8.79054 2.7
      vertex 1.6535 8.92439 2
      vertex 1.6535 8.92439 2.7
    endloop
  endfacet
  facet normal 0.947008 0.321211 0
    outer loop
      vertex 1.6535 8.92439 2
      vertex 1.6989 8.79054 2.7
      vertex 1.6989 8.79054 2
    endloop
  endfacet
  facet normal -0.1146 0.993412 0
    outer loop
      vertex 1.6535 8.92439 2
      vertex 1.09811 8.86032 2.7
      vertex 1.6535 8.92439 2.7
    endloop
  endfacet
  facet normal -0.1146 0.993412 0
    outer loop
      vertex 1.09811 8.86032 2.7
      vertex 1.6535 8.92439 2
      vertex 1.09811 8.86032 2
    endloop
  endfacet
  facet normal -0.973949 -0.226769 0
    outer loop
      vertex 1.12317 8.75269 2
      vertex 1.09811 8.86032 2.7
      vertex 1.09811 8.86032 2
    endloop
  endfacet
  facet normal -0.973949 -0.226769 0
    outer loop
      vertex 1.09811 8.86032 2.7
      vertex 1.12317 8.75269 2
      vertex 1.12317 8.75269 2.7
    endloop
  endfacet
  facet normal -0.954672 -0.297661 0
    outer loop
      vertex 1.15492 8.65086 2
      vertex 1.12317 8.75269 2.7
      vertex 1.12317 8.75269 2
    endloop
  endfacet
  facet normal -0.954672 -0.297661 0
    outer loop
      vertex 1.12317 8.75269 2.7
      vertex 1.15492 8.65086 2
      vertex 1.15492 8.65086 2.7
    endloop
  endfacet
  facet normal -0.928297 -0.371841 0
    outer loop
      vertex 1.19339 8.55482 2
      vertex 1.15492 8.65086 2.7
      vertex 1.15492 8.65086 2
    endloop
  endfacet
  facet normal -0.928297 -0.371841 0
    outer loop
      vertex 1.15492 8.65086 2.7
      vertex 1.19339 8.55482 2
      vertex 1.19339 8.55482 2.7
    endloop
  endfacet
  facet normal -0.894189 -0.447689 0
    outer loop
      vertex 1.23856 8.4646 2
      vertex 1.19339 8.55482 2.7
      vertex 1.19339 8.55482 2
    endloop
  endfacet
  facet normal -0.894189 -0.447689 0
    outer loop
      vertex 1.19339 8.55482 2.7
      vertex 1.23856 8.4646 2
      vertex 1.23856 8.4646 2.7
    endloop
  endfacet
  facet normal -0.852005 -0.523534 0
    outer loop
      vertex 1.29044 8.38017 2
      vertex 1.23856 8.4646 2.7
      vertex 1.23856 8.4646 2
    endloop
  endfacet
  facet normal -0.852005 -0.523534 0
    outer loop
      vertex 1.23856 8.4646 2.7
      vertex 1.29044 8.38017 2
      vertex 1.29044 8.38017 2.7
    endloop
  endfacet
  facet normal -0.801893 -0.597467 0
    outer loop
      vertex 1.34901 8.30156 2
      vertex 1.29044 8.38017 2.7
      vertex 1.29044 8.38017 2
    endloop
  endfacet
  facet normal -0.801893 -0.597467 0
    outer loop
      vertex 1.29044 8.38017 2.7
      vertex 1.34901 8.30156 2
      vertex 1.34901 8.30156 2.7
    endloop
  endfacet
  facet normal -0.744548 -0.667568 0
    outer loop
      vertex 1.41431 8.22873 2
      vertex 1.34901 8.30156 2.7
      vertex 1.34901 8.30156 2
    endloop
  endfacet
  facet normal -0.744548 -0.667568 0
    outer loop
      vertex 1.34901 8.30156 2.7
      vertex 1.41431 8.22873 2
      vertex 1.41431 8.22873 2.7
    endloop
  endfacet
  facet normal -0.68139 -0.73192 0
    outer loop
      vertex 1.41431 8.22873 2
      vertex 1.4863 8.16171 2.7
      vertex 1.41431 8.22873 2.7
    endloop
  endfacet
  facet normal -0.68139 -0.73192 -0
    outer loop
      vertex 1.4863 8.16171 2.7
      vertex 1.41431 8.22873 2
      vertex 1.4863 8.16171 2
    endloop
  endfacet
  facet normal -0.614045 -0.789271 0
    outer loop
      vertex 1.4863 8.16171 2
      vertex 1.56499 8.10049 2.7
      vertex 1.4863 8.16171 2.7
    endloop
  endfacet
  facet normal -0.614045 -0.789271 -0
    outer loop
      vertex 1.56499 8.10049 2.7
      vertex 1.4863 8.16171 2
      vertex 1.56499 8.10049 2
    endloop
  endfacet
  facet normal -0.544214 -0.838947 0
    outer loop
      vertex 1.56499 8.10049 2
      vertex 1.6499 8.04541 2.7
      vertex 1.56499 8.10049 2.7
    endloop
  endfacet
  facet normal -0.544214 -0.838947 -0
    outer loop
      vertex 1.6499 8.04541 2.7
      vertex 1.56499 8.10049 2
      vertex 1.6499 8.04541 2
    endloop
  endfacet
  facet normal -0.472545 -0.881306 0
    outer loop
      vertex 1.6499 8.04541 2
      vertex 1.74054 7.99681 2.7
      vertex 1.6499 8.04541 2.7
    endloop
  endfacet
  facet normal -0.472545 -0.881306 -0
    outer loop
      vertex 1.74054 7.99681 2.7
      vertex 1.6499 8.04541 2
      vertex 1.74054 7.99681 2
    endloop
  endfacet
  facet normal -0.400405 -0.916338 0
    outer loop
      vertex 1.74054 7.99681 2
      vertex 1.83691 7.9547 2.7
      vertex 1.74054 7.99681 2.7
    endloop
  endfacet
  facet normal -0.400405 -0.916338 -0
    outer loop
      vertex 1.83691 7.9547 2.7
      vertex 1.74054 7.99681 2
      vertex 1.83691 7.9547 2
    endloop
  endfacet
  facet normal -0.32965 -0.944103 0
    outer loop
      vertex 1.83691 7.9547 2
      vertex 1.93901 7.91905 2.7
      vertex 1.83691 7.9547 2.7
    endloop
  endfacet
  facet normal -0.32965 -0.944103 -0
    outer loop
      vertex 1.93901 7.91905 2.7
      vertex 1.83691 7.9547 2
      vertex 1.93901 7.91905 2
    endloop
  endfacet
  facet normal -0.261071 -0.965319 0
    outer loop
      vertex 1.93901 7.91905 2
      vertex 2.04683 7.88989 2.7
      vertex 1.93901 7.91905 2.7
    endloop
  endfacet
  facet normal -0.261071 -0.965319 -0
    outer loop
      vertex 2.04683 7.88989 2.7
      vertex 1.93901 7.91905 2
      vertex 2.04683 7.88989 2
    endloop
  endfacet
  facet normal -0.195967 -0.980611 0
    outer loop
      vertex 2.04683 7.88989 2
      vertex 2.16037 7.8672 2.7
      vertex 2.04683 7.88989 2.7
    endloop
  endfacet
  facet normal -0.195967 -0.980611 -0
    outer loop
      vertex 2.16037 7.8672 2.7
      vertex 2.04683 7.88989 2
      vertex 2.16037 7.8672 2
    endloop
  endfacet
  facet normal -0.134498 -0.990914 0
    outer loop
      vertex 2.16037 7.8672 2
      vertex 2.27965 7.85101 2.7
      vertex 2.16037 7.8672 2.7
    endloop
  endfacet
  facet normal -0.134498 -0.990914 -0
    outer loop
      vertex 2.27965 7.85101 2.7
      vertex 2.16037 7.8672 2
      vertex 2.27965 7.85101 2
    endloop
  endfacet
  facet normal -0.077526 -0.99699 0
    outer loop
      vertex 2.27965 7.85101 2
      vertex 2.40465 7.84129 2.7
      vertex 2.27965 7.85101 2.7
    endloop
  endfacet
  facet normal -0.077526 -0.99699 -0
    outer loop
      vertex 2.40465 7.84129 2.7
      vertex 2.27965 7.85101 2
      vertex 2.40465 7.84129 2
    endloop
  endfacet
  facet normal -0.0248546 -0.999691 0
    outer loop
      vertex 2.40465 7.84129 2
      vertex 2.53537 7.83804 2.7
      vertex 2.40465 7.84129 2.7
    endloop
  endfacet
  facet normal -0.0248546 -0.999691 -0
    outer loop
      vertex 2.53537 7.83804 2.7
      vertex 2.40465 7.84129 2
      vertex 2.53537 7.83804 2
    endloop
  endfacet
  facet normal 0.0309819 -0.99952 0
    outer loop
      vertex 2.53537 7.83804 2
      vertex 2.69087 7.84286 2.7
      vertex 2.53537 7.83804 2.7
    endloop
  endfacet
  facet normal 0.0309819 -0.99952 0
    outer loop
      vertex 2.69087 7.84286 2.7
      vertex 2.53537 7.83804 2
      vertex 2.69087 7.84286 2
    endloop
  endfacet
  facet normal 0 1 -0
    outer loop
      vertex 0.317795 8.56737 2
      vertex -0.277222 8.56737 2.7
      vertex 0.317795 8.56737 2.7
    endloop
  endfacet
  facet normal 0 1 0
    outer loop
      vertex -0.277222 8.56737 2.7
      vertex 0.317795 8.56737 2
      vertex -0.277222 8.56737 2
    endloop
  endfacet
  facet normal -1 0 0
    outer loop
      vertex -0.277222 7.89906 2
      vertex -0.277222 8.56737 2.7
      vertex -0.277222 8.56737 2
    endloop
  endfacet
  facet normal -1 -0 0
    outer loop
      vertex -0.277222 8.56737 2.7
      vertex -0.277222 7.89906 2
      vertex -0.277222 7.89906 2.7
    endloop
  endfacet
  facet normal 0 -1 0
    outer loop
      vertex -0.277222 7.89906 2
      vertex 0.317795 7.89906 2.7
      vertex -0.277222 7.89906 2.7
    endloop
  endfacet
  facet normal 0 -1 -0
    outer loop
      vertex 0.317795 7.89906 2.7
      vertex -0.277222 7.89906 2
      vertex 0.317795 7.89906 2
    endloop
  endfacet
  facet normal 1 -0 0
    outer loop
      vertex 0.317795 7.89906 2.7
      vertex 0.317795 8.56737 2
      vertex 0.317795 8.56737 2.7
    endloop
  endfacet
  facet normal 1 0 0
    outer loop
      vertex 0.317795 8.56737 2
      vertex 0.317795 7.89906 2.7
      vertex 0.317795 7.89906 2
    endloop
  endfacet
  facet normal -0 0 1
    outer loop
      vertex 15.9528 9.30727 2.7
      vertex 17.4724 8.87392 2.7
      vertex 17.4724 9.30727 2.7
    endloop
  endfacet
  facet normal 0 0 1
    outer loop
      vertex 15.4462 8.87392 2.7
      vertex 15.9528 9.30727 2.7
      vertex 15.4462 9.30115 2.7
    endloop
  endfacet
  facet normal 0 0 1
    outer loop
      vertex 15.9528 9.30727 2.7
      vertex 15.4462 8.87392 2.7
      vertex 17.4724 8.87392 2.7
    endloop
  endfacet
  facet normal -0 0 1
    outer loop
      vertex 17.4724 11.5807 2.7
      vertex 17.9912 9.30727 2.7
      vertex 17.9912 12.2001 2.7
    endloop
  endfacet
  facet normal 0 0 1
    outer loop
      vertex 17.4724 9.30727 2.7
      vertex 17.9912 9.30727 2.7
      vertex 17.4724 11.5807 2.7
    endloop
  endfacet
  facet normal 0 0 1
    outer loop
      vertex 17.9912 9.30727 2.7
      vertex 17.4724 9.30727 2.7
      vertex 17.9912 8.87392 2.7
    endloop
  endfacet
  facet normal 0 0 1
    outer loop
      vertex 17.4724 11.5807 2.7
      vertex 17.4661 11.5663 2.7
      vertex 17.4702 11.575 2.7
    endloop
  endfacet
  facet normal 0 0 1
    outer loop
      vertex 17.4724 11.5807 2.7
      vertex 17.4602 11.5545 2.7
      vertex 17.4661 11.5663 2.7
    endloop
  endfacet
  facet normal 0 0 1
    outer loop
      vertex 17.4724 11.5807 2.7
      vertex 17.4525 11.5397 2.7
      vertex 17.4602 11.5545 2.7
    endloop
  endfacet
  facet normal 0 0 1
    outer loop
      vertex 17.4144 12.2001 2.7
      vertex 17.4525 11.5397 2.7
      vertex 17.4724 11.5807 2.7
    endloop
  endfacet
  facet normal 0 0 1
    outer loop
      vertex 17.4525 11.5397 2.7
      vertex 17.4144 12.2001 2.7
      vertex 17.443 11.5217 2.7
    endloop
  endfacet
  facet normal 0 0 1
    outer loop
      vertex 17.443 11.5217 2.7
      vertex 17.4144 12.2001 2.7
      vertex 17.4317 11.5006 2.7
    endloop
  endfacet
  facet normal -0 0 1
    outer loop
      vertex 17.4144 12.2001 2.7
      vertex 17.4724 11.5807 2.7
      vertex 17.9912 12.2001 2.7
    endloop
  endfacet
  facet normal 0 0 1
    outer loop
      vertex 17.4317 11.5006 2.7
      vertex 17.4144 12.2001 2.7
      vertex 17.4186 11.4765 2.7
    endloop
  endfacet
  facet normal 0 0 1
    outer loop
      vertex 17.4144 12.2001 2.7
      vertex 17.4037 11.4492 2.7
      vertex 17.4186 11.4765 2.7
    endloop
  endfacet
  facet normal 0 0 1
    outer loop
      vertex 17.4144 12.2001 2.7
      vertex 17.387 11.4189 2.7
      vertex 17.4037 11.4492 2.7
    endloop
  endfacet
  facet normal 0 0 1
    outer loop
      vertex 17.4144 12.2001 2.7
      vertex 17.3698 11.3881 2.7
      vertex 17.387 11.4189 2.7
    endloop
  endfacet
  facet normal 0 0 1
    outer loop
      vertex 17.4144 12.2001 2.7
      vertex 17.3537 11.3594 2.7
      vertex 17.3698 11.3881 2.7
    endloop
  endfacet
  facet normal 0 0 1
    outer loop
      vertex 17.4144 12.2001 2.7
      vertex 17.3385 11.3328 2.7
      vertex 17.3537 11.3594 2.7
    endloop
  endfacet
  facet normal 0 0 1
    outer loop
      vertex 17.4144 12.2001 2.7
      vertex 17.3243 11.3083 2.7
      vertex 17.3385 11.3328 2.7
    endloop
  endfacet
  facet normal 0 0 1
    outer loop
      vertex 17.4144 12.2001 2.7
      vertex 17.3111 11.2859 2.7
      vertex 17.3243 11.3083 2.7
    endloop
  endfacet
  facet normal 0 0 1
    outer loop
      vertex 17.4144 12.2001 2.7
      vertex 17.2988 11.2657 2.7
      vertex 17.3111 11.2859 2.7
    endloop
  endfacet
  facet normal 0 0 1
    outer loop
      vertex 17.4144 12.2001 2.7
      vertex 17.2876 11.2475 2.7
      vertex 17.2988 11.2657 2.7
    endloop
  endfacet
  facet normal 0 0 1
    outer loop
      vertex 17.4144 12.2001 2.7
      vertex 17.2773 11.2314 2.7
      vertex 17.2876 11.2475 2.7
    endloop
  endfacet
  facet normal 0 0 1
    outer loop
      vertex 17.4144 12.2001 2.7
      vertex 17.268 11.2175 2.7
      vertex 17.2773 11.2314 2.7
    endloop
  endfacet
  facet normal 0 0 1
    outer loop
      vertex 15.4462 9.30115 2.7
      vertex 17.268 11.2175 2.7
      vertex 17.4144 12.2001 2.7
    endloop
  endfacet
  facet normal 0 0 1
    outer loop
      vertex 17.268 11.2175 2.7
      vertex 15.4462 9.30115 2.7
      vertex 16.1664 9.5941 2.7
    endloop
  endfacet
  facet normal 0 0 1
    outer loop
      vertex 16.1664 9.5941 2.7
      vertex 15.4462 9.30115 2.7
      vertex 16.0016 9.36829 2.7
    endloop
  endfacet
  facet normal 0 0 1
    outer loop
      vertex 16.0016 9.36829 2.7
      vertex 15.4462 9.30115 2.7
      vertex 15.9528 9.30727 2.7
    endloop
  endfacet
  facet normal -0 0 1
    outer loop
      vertex 17.9912 9.30727 2.7
      vertex 18.5954 8.87392 2.7
      vertex 18.5954 9.30727 2.7
    endloop
  endfacet
  facet normal 0 0 1
    outer loop
      vertex 18.5954 8.87392 2.7
      vertex 17.9912 9.30727 2.7
      vertex 17.9912 8.87392 2.7
    endloop
  endfacet
  facet normal 0 0 1
    outer loop
      vertex 17.4724 8.87392 2.7
      vertex 17.9912 8.87392 2.7
      vertex 17.4724 9.30727 2.7
    endloop
  endfacet
  facet normal 0 0 1
    outer loop
      vertex 17.9912 8.87392 2.7
      vertex 17.4724 8.87392 2.7
      vertex 17.9912 7.90048 2.7
    endloop
  endfacet
  facet normal 0 0 1
    outer loop
      vertex 17.9912 7.90048 2.7
      vertex 17.4724 8.87392 2.7
      vertex 17.4724 7.90048 2.7
    endloop
  endfacet
  facet normal 0 -1 0
    outer loop
      vertex 17.9912 8.87392 2
      vertex 18.5954 8.87392 2.7
      vertex 17.9912 8.87392 2.7
    endloop
  endfacet
  facet normal 0 -1 -0
    outer loop
      vertex 18.5954 8.87392 2.7
      vertex 17.9912 8.87392 2
      vertex 18.5954 8.87392 2
    endloop
  endfacet
  facet normal 1 -0 0
    outer loop
      vertex 18.5954 8.87392 2.7
      vertex 18.5954 9.30727 2
      vertex 18.5954 9.30727 2.7
    endloop
  endfacet
  facet normal 1 0 0
    outer loop
      vertex 18.5954 9.30727 2
      vertex 18.5954 8.87392 2.7
      vertex 18.5954 8.87392 2
    endloop
  endfacet
  facet normal 0 1 -0
    outer loop
      vertex 18.5954 9.30727 2
      vertex 17.9912 9.30727 2.7
      vertex 18.5954 9.30727 2.7
    endloop
  endfacet
  facet normal 0 1 0
    outer loop
      vertex 17.9912 9.30727 2.7
      vertex 18.5954 9.30727 2
      vertex 17.9912 9.30727 2
    endloop
  endfacet
  facet normal 1 -0 0
    outer loop
      vertex 17.9912 9.30727 2.7
      vertex 17.9912 12.2001 2
      vertex 17.9912 12.2001 2.7
    endloop
  endfacet
  facet normal 1 0 0
    outer loop
      vertex 17.9912 12.2001 2
      vertex 17.9912 9.30727 2.7
      vertex 17.9912 9.30727 2
    endloop
  endfacet
  facet normal 0 1 -0
    outer loop
      vertex 17.9912 12.2001 2
      vertex 17.4144 12.2001 2.7
      vertex 17.9912 12.2001 2.7
    endloop
  endfacet
  facet normal 0 1 0
    outer loop
      vertex 17.4144 12.2001 2.7
      vertex 17.9912 12.2001 2
      vertex 17.4144 12.2001 2
    endloop
  endfacet
  facet normal -0.827336 0.561708 0
    outer loop
      vertex 15.4462 9.30115 2
      vertex 17.4144 12.2001 2.7
      vertex 17.4144 12.2001 2
    endloop
  endfacet
  facet normal -0.827336 0.561708 0
    outer loop
      vertex 17.4144 12.2001 2.7
      vertex 15.4462 9.30115 2
      vertex 15.4462 9.30115 2.7
    endloop
  endfacet
  facet normal -1 0 0
    outer loop
      vertex 15.4462 8.87392 2
      vertex 15.4462 9.30115 2.7
      vertex 15.4462 9.30115 2
    endloop
  endfacet
  facet normal -1 -0 0
    outer loop
      vertex 15.4462 9.30115 2.7
      vertex 15.4462 8.87392 2
      vertex 15.4462 8.87392 2.7
    endloop
  endfacet
  facet normal 0 -1 0
    outer loop
      vertex 15.4462 8.87392 2
      vertex 17.4724 8.87392 2.7
      vertex 15.4462 8.87392 2.7
    endloop
  endfacet
  facet normal 0 -1 -0
    outer loop
      vertex 17.4724 8.87392 2.7
      vertex 15.4462 8.87392 2
      vertex 17.4724 8.87392 2
    endloop
  endfacet
  facet normal -1 0 0
    outer loop
      vertex 17.4724 7.90048 2
      vertex 17.4724 8.87392 2.7
      vertex 17.4724 8.87392 2
    endloop
  endfacet
  facet normal -1 -0 0
    outer loop
      vertex 17.4724 8.87392 2.7
      vertex 17.4724 7.90048 2
      vertex 17.4724 7.90048 2.7
    endloop
  endfacet
  facet normal 0 -1 0
    outer loop
      vertex 17.4724 7.90048 2
      vertex 17.9912 7.90048 2.7
      vertex 17.4724 7.90048 2.7
    endloop
  endfacet
  facet normal 0 -1 -0
    outer loop
      vertex 17.9912 7.90048 2.7
      vertex 17.4724 7.90048 2
      vertex 17.9912 7.90048 2
    endloop
  endfacet
  facet normal 1 -0 0
    outer loop
      vertex 17.9912 7.90048 2.7
      vertex 17.9912 8.87392 2
      vertex 17.9912 8.87392 2.7
    endloop
  endfacet
  facet normal 1 0 0
    outer loop
      vertex 17.9912 8.87392 2
      vertex 17.9912 7.90048 2.7
      vertex 17.9912 7.90048 2
    endloop
  endfacet
  facet normal 0.780969 -0.62457 0
    outer loop
      vertex 15.9528 9.30727 2.7
      vertex 16.0016 9.36829 2
      vertex 16.0016 9.36829 2.7
    endloop
  endfacet
  facet normal 0.780969 -0.62457 0
    outer loop
      vertex 16.0016 9.36829 2
      vertex 15.9528 9.30727 2.7
      vertex 15.9528 9.30727 2
    endloop
  endfacet
  facet normal 0.807757 -0.589515 0
    outer loop
      vertex 16.0016 9.36829 2.7
      vertex 16.1664 9.5941 2
      vertex 16.1664 9.5941 2.7
    endloop
  endfacet
  facet normal 0.807757 -0.589515 0
    outer loop
      vertex 16.1664 9.5941 2
      vertex 16.0016 9.36829 2.7
      vertex 16.0016 9.36829 2
    endloop
  endfacet
  facet normal 0.827474 -0.561504 0
    outer loop
      vertex 16.1664 9.5941 2.7
      vertex 17.268 11.2175 2
      vertex 17.268 11.2175 2.7
    endloop
  endfacet
  facet normal 0.827474 -0.561504 0
    outer loop
      vertex 17.268 11.2175 2
      vertex 16.1664 9.5941 2.7
      vertex 16.1664 9.5941 2
    endloop
  endfacet
  facet normal 0.831129 -0.556079 0
    outer loop
      vertex 17.268 11.2175 2.7
      vertex 17.2773 11.2314 2
      vertex 17.2773 11.2314 2.7
    endloop
  endfacet
  facet normal 0.831129 -0.556079 0
    outer loop
      vertex 17.2773 11.2314 2
      vertex 17.268 11.2175 2.7
      vertex 17.268 11.2175 2
    endloop
  endfacet
  facet normal 0.842366 -0.538905 0
    outer loop
      vertex 17.2773 11.2314 2.7
      vertex 17.2876 11.2475 2
      vertex 17.2876 11.2475 2.7
    endloop
  endfacet
  facet normal 0.842366 -0.538905 0
    outer loop
      vertex 17.2876 11.2475 2
      vertex 17.2773 11.2314 2.7
      vertex 17.2773 11.2314 2
    endloop
  endfacet
  facet normal 0.851658 -0.524097 0
    outer loop
      vertex 17.2876 11.2475 2.7
      vertex 17.2988 11.2657 2
      vertex 17.2988 11.2657 2.7
    endloop
  endfacet
  facet normal 0.851658 -0.524097 0
    outer loop
      vertex 17.2988 11.2657 2
      vertex 17.2876 11.2475 2.7
      vertex 17.2876 11.2475 2
    endloop
  endfacet
  facet normal 0.854117 -0.520081 0
    outer loop
      vertex 17.2988 11.2657 2.7
      vertex 17.3111 11.2859 2
      vertex 17.3111 11.2859 2.7
    endloop
  endfacet
  facet normal 0.854117 -0.520081 0
    outer loop
      vertex 17.3111 11.2859 2
      vertex 17.2988 11.2657 2.7
      vertex 17.2988 11.2657 2
    endloop
  endfacet
  facet normal 0.861538 -0.507692 0
    outer loop
      vertex 17.3111 11.2859 2.7
      vertex 17.3243 11.3083 2
      vertex 17.3243 11.3083 2.7
    endloop
  endfacet
  facet normal 0.861538 -0.507692 0
    outer loop
      vertex 17.3243 11.3083 2
      vertex 17.3111 11.2859 2.7
      vertex 17.3111 11.2859 2
    endloop
  endfacet
  facet normal 0.865184 -0.501454 0
    outer loop
      vertex 17.3243 11.3083 2.7
      vertex 17.3385 11.3328 2
      vertex 17.3385 11.3328 2.7
    endloop
  endfacet
  facet normal 0.865184 -0.501454 0
    outer loop
      vertex 17.3385 11.3328 2
      vertex 17.3243 11.3083 2.7
      vertex 17.3243 11.3083 2
    endloop
  endfacet
  facet normal 0.868243 -0.496139 0
    outer loop
      vertex 17.3385 11.3328 2.7
      vertex 17.3537 11.3594 2
      vertex 17.3537 11.3594 2.7
    endloop
  endfacet
  facet normal 0.868243 -0.496139 0
    outer loop
      vertex 17.3537 11.3594 2
      vertex 17.3385 11.3328 2.7
      vertex 17.3385 11.3328 2
    endloop
  endfacet
  facet normal 0.872143 -0.489251 0
    outer loop
      vertex 17.3537 11.3594 2.7
      vertex 17.3698 11.3881 2
      vertex 17.3698 11.3881 2.7
    endloop
  endfacet
  facet normal 0.872143 -0.489251 0
    outer loop
      vertex 17.3698 11.3881 2
      vertex 17.3537 11.3594 2.7
      vertex 17.3537 11.3594 2
    endloop
  endfacet
  facet normal 0.873085 -0.487567 0
    outer loop
      vertex 17.3698 11.3881 2.7
      vertex 17.387 11.4189 2
      vertex 17.387 11.4189 2.7
    endloop
  endfacet
  facet normal 0.873085 -0.487567 0
    outer loop
      vertex 17.387 11.4189 2
      vertex 17.3698 11.3881 2.7
      vertex 17.3698 11.3881 2
    endloop
  endfacet
  facet normal 0.875788 -0.482695 0
    outer loop
      vertex 17.387 11.4189 2.7
      vertex 17.4037 11.4492 2
      vertex 17.4037 11.4492 2.7
    endloop
  endfacet
  facet normal 0.875788 -0.482695 0
    outer loop
      vertex 17.4037 11.4492 2
      vertex 17.387 11.4189 2.7
      vertex 17.387 11.4189 2
    endloop
  endfacet
  facet normal 0.877773 -0.479077 0
    outer loop
      vertex 17.4037 11.4492 2.7
      vertex 17.4186 11.4765 2
      vertex 17.4186 11.4765 2.7
    endloop
  endfacet
  facet normal 0.877773 -0.479077 0
    outer loop
      vertex 17.4186 11.4765 2
      vertex 17.4037 11.4492 2.7
      vertex 17.4037 11.4492 2
    endloop
  endfacet
  facet normal 0.878591 -0.477575 0
    outer loop
      vertex 17.4186 11.4765 2.7
      vertex 17.4317 11.5006 2
      vertex 17.4317 11.5006 2.7
    endloop
  endfacet
  facet normal 0.878591 -0.477575 0
    outer loop
      vertex 17.4317 11.5006 2
      vertex 17.4186 11.4765 2.7
      vertex 17.4186 11.4765 2
    endloop
  endfacet
  facet normal 0.881542 -0.472105 0
    outer loop
      vertex 17.4317 11.5006 2.7
      vertex 17.443 11.5217 2
      vertex 17.443 11.5217 2.7
    endloop
  endfacet
  facet normal 0.881542 -0.472105 0
    outer loop
      vertex 17.443 11.5217 2
      vertex 17.4317 11.5006 2.7
      vertex 17.4317 11.5006 2
    endloop
  endfacet
  facet normal 0.884385 -0.466759 0
    outer loop
      vertex 17.443 11.5217 2.7
      vertex 17.4525 11.5397 2
      vertex 17.4525 11.5397 2.7
    endloop
  endfacet
  facet normal 0.884385 -0.466759 0
    outer loop
      vertex 17.4525 11.5397 2
      vertex 17.443 11.5217 2.7
      vertex 17.443 11.5217 2
    endloop
  endfacet
  facet normal 0.887119 -0.461541 0
    outer loop
      vertex 17.4525 11.5397 2.7
      vertex 17.4602 11.5545 2
      vertex 17.4602 11.5545 2.7
    endloop
  endfacet
  facet normal 0.887119 -0.461541 0
    outer loop
      vertex 17.4602 11.5545 2
      vertex 17.4525 11.5397 2.7
      vertex 17.4525 11.5397 2
    endloop
  endfacet
  facet normal 0.894427 -0.447214 0
    outer loop
      vertex 17.4602 11.5545 2.7
      vertex 17.4661 11.5663 2
      vertex 17.4661 11.5663 2.7
    endloop
  endfacet
  facet normal 0.894427 -0.447214 0
    outer loop
      vertex 17.4661 11.5663 2
      vertex 17.4602 11.5545 2.7
      vertex 17.4602 11.5545 2
    endloop
  endfacet
  facet normal 0.904583 -0.426298 0
    outer loop
      vertex 17.4661 11.5663 2.7
      vertex 17.4702 11.575 2
      vertex 17.4702 11.575 2.7
    endloop
  endfacet
  facet normal 0.904583 -0.426298 0
    outer loop
      vertex 17.4702 11.575 2
      vertex 17.4661 11.5663 2.7
      vertex 17.4661 11.5663 2
    endloop
  endfacet
  facet normal 0.932923 -0.360076 0
    outer loop
      vertex 17.4702 11.575 2.7
      vertex 17.4724 11.5807 2
      vertex 17.4724 11.5807 2.7
    endloop
  endfacet
  facet normal 0.932923 -0.360076 0
    outer loop
      vertex 17.4724 11.5807 2
      vertex 17.4702 11.575 2.7
      vertex 17.4702 11.575 2
    endloop
  endfacet
  facet normal -1 0 0
    outer loop
      vertex 17.4724 9.30727 2
      vertex 17.4724 11.5807 2.7
      vertex 17.4724 11.5807 2
    endloop
  endfacet
  facet normal -1 -0 0
    outer loop
      vertex 17.4724 11.5807 2.7
      vertex 17.4724 9.30727 2
      vertex 17.4724 9.30727 2.7
    endloop
  endfacet
  facet normal 0 1 -0
    outer loop
      vertex 17.4724 9.30727 2
      vertex 15.9528 9.30727 2.7
      vertex 17.4724 9.30727 2.7
    endloop
  endfacet
  facet normal 0 1 0
    outer loop
      vertex 15.9528 9.30727 2.7
      vertex 17.4724 9.30727 2
      vertex 15.9528 9.30727 2
    endloop
  endfacet
  facet normal -0 0 1
    outer loop
      vertex 30.4076 9.33821 2.7
      vertex 31.9273 8.90486 2.7
      vertex 31.9273 9.33821 2.7
    endloop
  endfacet
  facet normal 0 0 1
    outer loop
      vertex 29.9011 8.90486 2.7
      vertex 30.4076 9.33821 2.7
      vertex 29.9011 9.33208 2.7
    endloop
  endfacet
  facet normal 0 0 1
    outer loop
      vertex 30.4076 9.33821 2.7
      vertex 29.9011 8.90486 2.7
      vertex 31.9273 8.90486 2.7
    endloop
  endfacet
  facet normal -0 0 1
    outer loop
      vertex 31.9273 11.6116 2.7
      vertex 32.4461 9.33821 2.7
      vertex 32.4461 12.2311 2.7
    endloop
  endfacet
  facet normal 0 0 1
    outer loop
      vertex 31.9273 9.33821 2.7
      vertex 32.4461 9.33821 2.7
      vertex 31.9273 11.6116 2.7
    endloop
  endfacet
  facet normal 0 0 1
    outer loop
      vertex 32.4461 9.33821 2.7
      vertex 31.9273 9.33821 2.7
      vertex 32.4461 8.90486 2.7
    endloop
  endfacet
  facet normal 0 0 1
    outer loop
      vertex 31.9273 11.6116 2.7
      vertex 31.921 11.5973 2.7
      vertex 31.9251 11.606 2.7
    endloop
  endfacet
  facet normal 0 0 1
    outer loop
      vertex 31.9273 11.6116 2.7
      vertex 31.9151 11.5855 2.7
      vertex 31.921 11.5973 2.7
    endloop
  endfacet
  facet normal 0 0 1
    outer loop
      vertex 31.9273 11.6116 2.7
      vertex 31.9074 11.5706 2.7
      vertex 31.9151 11.5855 2.7
    endloop
  endfacet
  facet normal 0 0 1
    outer loop
      vertex 31.8693 12.2311 2.7
      vertex 31.9074 11.5706 2.7
      vertex 31.9273 11.6116 2.7
    endloop
  endfacet
  facet normal 0 0 1
    outer loop
      vertex 31.9074 11.5706 2.7
      vertex 31.8693 12.2311 2.7
      vertex 31.8979 11.5526 2.7
    endloop
  endfacet
  facet normal 0 0 1
    outer loop
      vertex 31.8979 11.5526 2.7
      vertex 31.8693 12.2311 2.7
      vertex 31.8866 11.5316 2.7
    endloop
  endfacet
  facet normal -0 0 1
    outer loop
      vertex 31.8693 12.2311 2.7
      vertex 31.9273 11.6116 2.7
      vertex 32.4461 12.2311 2.7
    endloop
  endfacet
  facet normal 0 0 1
    outer loop
      vertex 31.8866 11.5316 2.7
      vertex 31.8693 12.2311 2.7
      vertex 31.8735 11.5074 2.7
    endloop
  endfacet
  facet normal 0 0 1
    outer loop
      vertex 31.8693 12.2311 2.7
      vertex 31.8586 11.4802 2.7
      vertex 31.8735 11.5074 2.7
    endloop
  endfacet
  facet normal 0 0 1
    outer loop
      vertex 31.8693 12.2311 2.7
      vertex 31.8419 11.4499 2.7
      vertex 31.8586 11.4802 2.7
    endloop
  endfacet
  facet normal 0 0 1
    outer loop
      vertex 31.8693 12.2311 2.7
      vertex 31.8247 11.419 2.7
      vertex 31.8419 11.4499 2.7
    endloop
  endfacet
  facet normal 0 0 1
    outer loop
      vertex 31.8693 12.2311 2.7
      vertex 31.8086 11.3903 2.7
      vertex 31.8247 11.419 2.7
    endloop
  endfacet
  facet normal 0 0 1
    outer loop
      vertex 31.8693 12.2311 2.7
      vertex 31.7934 11.3637 2.7
      vertex 31.8086 11.3903 2.7
    endloop
  endfacet
  facet normal 0 0 1
    outer loop
      vertex 31.8693 12.2311 2.7
      vertex 31.7792 11.3392 2.7
      vertex 31.7934 11.3637 2.7
    endloop
  endfacet
  facet normal 0 0 1
    outer loop
      vertex 31.8693 12.2311 2.7
      vertex 31.766 11.3169 2.7
      vertex 31.7792 11.3392 2.7
    endloop
  endfacet
  facet normal 0 0 1
    outer loop
      vertex 31.8693 12.2311 2.7
      vertex 31.7537 11.2966 2.7
      vertex 31.766 11.3169 2.7
    endloop
  endfacet
  facet normal 0 0 1
    outer loop
      vertex 31.8693 12.2311 2.7
      vertex 31.7424 11.2784 2.7
      vertex 31.7537 11.2966 2.7
    endloop
  endfacet
  facet normal 0 0 1
    outer loop
      vertex 31.8693 12.2311 2.7
      vertex 31.7322 11.2624 2.7
      vertex 31.7424 11.2784 2.7
    endloop
  endfacet
  facet normal 0 0 1
    outer loop
      vertex 31.8693 12.2311 2.7
      vertex 31.7229 11.2484 2.7
      vertex 31.7322 11.2624 2.7
    endloop
  endfacet
  facet normal 0 0 1
    outer loop
      vertex 29.9011 9.33208 2.7
      vertex 31.7229 11.2484 2.7
      vertex 31.8693 12.2311 2.7
    endloop
  endfacet
  facet normal 0 0 1
    outer loop
      vertex 31.7229 11.2484 2.7
      vertex 29.9011 9.33208 2.7
      vertex 30.6213 9.62503 2.7
    endloop
  endfacet
  facet normal 0 0 1
    outer loop
      vertex 30.6213 9.62503 2.7
      vertex 29.9011 9.33208 2.7
      vertex 30.4565 9.39923 2.7
    endloop
  endfacet
  facet normal 0 0 1
    outer loop
      vertex 30.4565 9.39923 2.7
      vertex 29.9011 9.33208 2.7
      vertex 30.4076 9.33821 2.7
    endloop
  endfacet
  facet normal -0 0 1
    outer loop
      vertex 32.4461 9.33821 2.7
      vertex 33.0503 8.90486 2.7
      vertex 33.0503 9.33821 2.7
    endloop
  endfacet
  facet normal 0 0 1
    outer loop
      vertex 33.0503 8.90486 2.7
      vertex 32.4461 9.33821 2.7
      vertex 32.4461 8.90486 2.7
    endloop
  endfacet
  facet normal 0 0 1
    outer loop
      vertex 31.9273 8.90486 2.7
      vertex 32.4461 8.90486 2.7
      vertex 31.9273 9.33821 2.7
    endloop
  endfacet
  facet normal 0 0 1
    outer loop
      vertex 32.4461 8.90486 2.7
      vertex 31.9273 8.90486 2.7
      vertex 32.4461 7.93141 2.7
    endloop
  endfacet
  facet normal 0 0 1
    outer loop
      vertex 32.4461 7.93141 2.7
      vertex 31.9273 8.90486 2.7
      vertex 31.9273 7.93141 2.7
    endloop
  endfacet
  facet normal 0 0 1
    outer loop
      vertex 37.8109 12.2311 2.7
      vertex 35.8671 11.7642 2.7
      vertex 37.8109 11.7642 2.7
    endloop
  endfacet
  facet normal -0 0 1
    outer loop
      vertex 35.3666 12.2311 2.7
      vertex 35.8671 11.7642 2.7
      vertex 37.8109 12.2311 2.7
    endloop
  endfacet
  facet normal 0 0 1
    outer loop
      vertex 35.3666 12.2311 2.7
      vertex 35.7847 10.4001 2.7
      vertex 35.8671 11.7642 2.7
    endloop
  endfacet
  facet normal 0 0 1
    outer loop
      vertex 35.2232 9.91798 2.7
      vertex 35.7847 10.4001 2.7
      vertex 35.3666 12.2311 2.7
    endloop
  endfacet
  facet normal 0 0 1
    outer loop
      vertex 35.7847 10.4001 2.7
      vertex 35.2232 9.91798 2.7
      vertex 35.7603 9.91798 2.7
    endloop
  endfacet
  facet normal 0 0 1
    outer loop
      vertex 38.0612 9.33208 2.7
      vertex 37.4874 9.40816 2.7
      vertex 37.4905 9.31989 2.7
    endloop
  endfacet
  facet normal 0 0 1
    outer loop
      vertex 37.5974 10.3806 2.7
      vertex 37.4781 9.49258 2.7
      vertex 37.4874 9.40816 2.7
    endloop
  endfacet
  facet normal 0 0 1
    outer loop
      vertex 37.5974 10.3806 2.7
      vertex 37.4626 9.57317 2.7
      vertex 37.4781 9.49258 2.7
    endloop
  endfacet
  facet normal 0 0 1
    outer loop
      vertex 37.5974 10.3806 2.7
      vertex 37.4408 9.6499 2.7
      vertex 37.4626 9.57317 2.7
    endloop
  endfacet
  facet normal 0 0 1
    outer loop
      vertex 37.5974 10.3806 2.7
      vertex 37.4128 9.72279 2.7
      vertex 37.4408 9.6499 2.7
    endloop
  endfacet
  facet normal 0 0 1
    outer loop
      vertex 37.1807 10.0284 2.7
      vertex 37.5041 10.4495 2.7
      vertex 37.4044 10.5093 2.7
    endloop
  endfacet
  facet normal 0 0 1
    outer loop
      vertex 37.5974 10.3806 2.7
      vertex 37.3786 9.79185 2.7
      vertex 37.4128 9.72279 2.7
    endloop
  endfacet
  facet normal 0 0 1
    outer loop
      vertex 37.5974 10.3806 2.7
      vertex 37.3382 9.85706 2.7
      vertex 37.3786 9.79185 2.7
    endloop
  endfacet
  facet normal 0 0 1
    outer loop
      vertex 37.1182 10.0748 2.7
      vertex 37.4044 10.5093 2.7
      vertex 37.2984 10.5598 2.7
    endloop
  endfacet
  facet normal 0 0 1
    outer loop
      vertex 37.5974 10.3806 2.7
      vertex 37.2916 9.91843 2.7
      vertex 37.3382 9.85706 2.7
    endloop
  endfacet
  facet normal 0 0 1
    outer loop
      vertex 37.5974 10.3806 2.7
      vertex 37.2388 9.97594 2.7
      vertex 37.2916 9.91843 2.7
    endloop
  endfacet
  facet normal 0 0 1
    outer loop
      vertex 37.0515 10.115 2.7
      vertex 37.2984 10.5598 2.7
      vertex 37.186 10.6012 2.7
    endloop
  endfacet
  facet normal 0 0 1
    outer loop
      vertex 37.5041 10.4495 2.7
      vertex 37.1807 10.0284 2.7
      vertex 37.2388 9.97594 2.7
    endloop
  endfacet
  facet normal 0 0 1
    outer loop
      vertex 37.4044 10.5093 2.7
      vertex 37.1182 10.0748 2.7
      vertex 37.1807 10.0284 2.7
    endloop
  endfacet
  facet normal 0 0 1
    outer loop
      vertex 36.9803 10.1489 2.7
      vertex 37.186 10.6012 2.7
      vertex 37.0672 10.6334 2.7
    endloop
  endfacet
  facet normal 0 0 1
    outer loop
      vertex 37.2984 10.5598 2.7
      vertex 37.0515 10.115 2.7
      vertex 37.1182 10.0748 2.7
    endloop
  endfacet
  facet normal 0 0 1
    outer loop
      vertex 37.186 10.6012 2.7
      vertex 36.9803 10.1489 2.7
      vertex 37.0515 10.115 2.7
    endloop
  endfacet
  facet normal 0 0 1
    outer loop
      vertex 36.9049 10.1767 2.7
      vertex 37.0672 10.6334 2.7
      vertex 36.9421 10.6563 2.7
    endloop
  endfacet
  facet normal 0 0 1
    outer loop
      vertex 37.0672 10.6334 2.7
      vertex 36.9049 10.1767 2.7
      vertex 36.9803 10.1489 2.7
    endloop
  endfacet
  facet normal 0 0 1
    outer loop
      vertex 36.9421 10.6563 2.7
      vertex 36.8251 10.1984 2.7
      vertex 36.9049 10.1767 2.7
    endloop
  endfacet
  facet normal 0 0 1
    outer loop
      vertex 36.8106 10.6701 2.7
      vertex 36.8251 10.1984 2.7
      vertex 36.9421 10.6563 2.7
    endloop
  endfacet
  facet normal 0 0 1
    outer loop
      vertex 36.8106 10.6701 2.7
      vertex 36.741 10.2138 2.7
      vertex 36.8251 10.1984 2.7
    endloop
  endfacet
  facet normal 0 0 1
    outer loop
      vertex 36.6727 10.6747 2.7
      vertex 36.741 10.2138 2.7
      vertex 36.8106 10.6701 2.7
    endloop
  endfacet
  facet normal 0 0 1
    outer loop
      vertex 36.6727 10.6747 2.7
      vertex 36.6526 10.2231 2.7
      vertex 36.741 10.2138 2.7
    endloop
  endfacet
  facet normal -0 0 1
    outer loop
      vertex 36.5569 10.6713 2.7
      vertex 36.6526 10.2231 2.7
      vertex 36.6727 10.6747 2.7
    endloop
  endfacet
  facet normal 0 0 1
    outer loop
      vertex 36.6526 10.2231 2.7
      vertex 36.5569 10.6713 2.7
      vertex 36.5598 10.2262 2.7
    endloop
  endfacet
  facet normal 0 0 1
    outer loop
      vertex 36.5569 10.6713 2.7
      vertex 36.5107 10.2253 2.7
      vertex 36.5598 10.2262 2.7
    endloop
  endfacet
  facet normal -0 0 1
    outer loop
      vertex 36.4453 10.6612 2.7
      vertex 36.5107 10.2253 2.7
      vertex 36.5569 10.6713 2.7
    endloop
  endfacet
  facet normal 0 0 1
    outer loop
      vertex 36.5107 10.2253 2.7
      vertex 36.4453 10.6612 2.7
      vertex 36.4623 10.2227 2.7
    endloop
  endfacet
  facet normal -0 0 1
    outer loop
      vertex 36.3381 10.6442 2.7
      vertex 36.4623 10.2227 2.7
      vertex 36.4453 10.6612 2.7
    endloop
  endfacet
  facet normal 0 0 1
    outer loop
      vertex 36.4623 10.2227 2.7
      vertex 36.3381 10.6442 2.7
      vertex 36.4147 10.2184 2.7
    endloop
  endfacet
  facet normal 0 0 1
    outer loop
      vertex 36.4147 10.2184 2.7
      vertex 36.3381 10.6442 2.7
      vertex 36.3678 10.2123 2.7
    endloop
  endfacet
  facet normal -0 0 1
    outer loop
      vertex 36.2351 10.6205 2.7
      vertex 36.3678 10.2123 2.7
      vertex 36.3381 10.6442 2.7
    endloop
  endfacet
  facet normal 0 0 1
    outer loop
      vertex 36.3678 10.2123 2.7
      vertex 36.2351 10.6205 2.7
      vertex 36.3217 10.2045 2.7
    endloop
  endfacet
  facet normal 0 0 1
    outer loop
      vertex 36.3217 10.2045 2.7
      vertex 36.2351 10.6205 2.7
      vertex 36.2764 10.195 2.7
    endloop
  endfacet
  facet normal -0 0 1
    outer loop
      vertex 36.1364 10.59 2.7
      vertex 36.2764 10.195 2.7
      vertex 36.2351 10.6205 2.7
    endloop
  endfacet
  facet normal 0 0 1
    outer loop
      vertex 36.2764 10.195 2.7
      vertex 36.1364 10.59 2.7
      vertex 36.2317 10.1837 2.7
    endloop
  endfacet
  facet normal -0 0 1
    outer loop
      vertex 36.0421 10.5527 2.7
      vertex 36.2317 10.1837 2.7
      vertex 36.1364 10.59 2.7
    endloop
  endfacet
  facet normal 0 0 1
    outer loop
      vertex 36.2317 10.1837 2.7
      vertex 36.0421 10.5527 2.7
      vertex 36.1879 10.1707 2.7
    endloop
  endfacet
  facet normal 0 0 1
    outer loop
      vertex 36.1879 10.1707 2.7
      vertex 36.0421 10.5527 2.7
      vertex 36.1448 10.156 2.7
    endloop
  endfacet
  facet normal -0 0 1
    outer loop
      vertex 35.952 10.5086 2.7
      vertex 36.1448 10.156 2.7
      vertex 36.0421 10.5527 2.7
    endloop
  endfacet
  facet normal 0 0 1
    outer loop
      vertex 36.1448 10.156 2.7
      vertex 35.952 10.5086 2.7
      vertex 36.1021 10.1392 2.7
    endloop
  endfacet
  facet normal -0 0 1
    outer loop
      vertex 35.8662 10.4577 2.7
      vertex 36.1021 10.1392 2.7
      vertex 35.952 10.5086 2.7
    endloop
  endfacet
  facet normal 0 0 1
    outer loop
      vertex 36.1021 10.1392 2.7
      vertex 35.8662 10.4577 2.7
      vertex 36.0593 10.12 2.7
    endloop
  endfacet
  facet normal 0 0 1
    outer loop
      vertex 36.0593 10.12 2.7
      vertex 35.8662 10.4577 2.7
      vertex 36.0166 10.0983 2.7
    endloop
  endfacet
  facet normal -0 0 1
    outer loop
      vertex 35.7847 10.4001 2.7
      vertex 36.0166 10.0983 2.7
      vertex 35.8662 10.4577 2.7
    endloop
  endfacet
  facet normal 0 0 1
    outer loop
      vertex 36.0166 10.0983 2.7
      vertex 35.7847 10.4001 2.7
      vertex 35.9739 10.0743 2.7
    endloop
  endfacet
  facet normal 0 0 1
    outer loop
      vertex 35.9739 10.0743 2.7
      vertex 35.7847 10.4001 2.7
      vertex 35.9312 10.0479 2.7
    endloop
  endfacet
  facet normal 0 0 1
    outer loop
      vertex 35.9312 10.0479 2.7
      vertex 35.7847 10.4001 2.7
      vertex 35.8885 10.019 2.7
    endloop
  endfacet
  facet normal 0 0 1
    outer loop
      vertex 35.8885 10.019 2.7
      vertex 35.7847 10.4001 2.7
      vertex 35.8457 9.98776 2.7
    endloop
  endfacet
  facet normal 0 0 1
    outer loop
      vertex 35.8457 9.98776 2.7
      vertex 35.7847 10.4001 2.7
      vertex 35.803 9.95407 2.7
    endloop
  endfacet
  facet normal 0 0 1
    outer loop
      vertex 35.803 9.95407 2.7
      vertex 35.7847 10.4001 2.7
      vertex 35.7603 9.91798 2.7
    endloop
  endfacet
  facet normal -0 0 1
    outer loop
      vertex 37.4874 9.40816 2.7
      vertex 38.0612 9.33208 2.7
      vertex 38.0565 9.4622 2.7
    endloop
  endfacet
  facet normal 0 0 1
    outer loop
      vertex 37.4874 9.40816 2.7
      vertex 38.0565 9.4622 2.7
      vertex 38.0426 9.58675 2.7
    endloop
  endfacet
  facet normal 0 0 1
    outer loop
      vertex 38.0612 9.33208 2.7
      vertex 37.4905 9.31989 2.7
      vertex 38.0562 9.18445 2.7
    endloop
  endfacet
  facet normal 0 0 1
    outer loop
      vertex 37.4874 9.40816 2.7
      vertex 38.0426 9.58675 2.7
      vertex 38.0193 9.70572 2.7
    endloop
  endfacet
  facet normal -0 0 1
    outer loop
      vertex 37.4875 9.2186 2.7
      vertex 38.0562 9.18445 2.7
      vertex 37.4905 9.31989 2.7
    endloop
  endfacet
  facet normal 0 0 1
    outer loop
      vertex 37.4874 9.40816 2.7
      vertex 38.0193 9.70572 2.7
      vertex 37.9867 9.81912 2.7
    endloop
  endfacet
  facet normal 0 0 1
    outer loop
      vertex 38.0562 9.18445 2.7
      vertex 37.4875 9.2186 2.7
      vertex 38.0412 9.04396 2.7
    endloop
  endfacet
  facet normal 0 0 1
    outer loop
      vertex 37.4874 9.40816 2.7
      vertex 37.9867 9.81912 2.7
      vertex 37.9449 9.92694 2.7
    endloop
  endfacet
  facet normal -0 0 1
    outer loop
      vertex 37.4782 9.12224 2.7
      vertex 38.0412 9.04396 2.7
      vertex 37.4875 9.2186 2.7
    endloop
  endfacet
  facet normal 0 0 1
    outer loop
      vertex 37.4874 9.40816 2.7
      vertex 37.9449 9.92694 2.7
      vertex 37.8937 10.0292 2.7
    endloop
  endfacet
  facet normal 0 0 1
    outer loop
      vertex 38.0412 9.04396 2.7
      vertex 37.4782 9.12224 2.7
      vertex 38.0163 8.91063 2.7
    endloop
  endfacet
  facet normal 0 0 1
    outer loop
      vertex 37.4874 9.40816 2.7
      vertex 37.8937 10.0292 2.7
      vertex 37.8332 10.1258 2.7
    endloop
  endfacet
  facet normal -0 0 1
    outer loop
      vertex 37.4627 9.03082 2.7
      vertex 38.0163 8.91063 2.7
      vertex 37.4782 9.12224 2.7
    endloop
  endfacet
  facet normal 0 0 1
    outer loop
      vertex 37.4874 9.40816 2.7
      vertex 37.8332 10.1258 2.7
      vertex 37.7634 10.2169 2.7
    endloop
  endfacet
  facet normal 0 0 1
    outer loop
      vertex 38.0163 8.91063 2.7
      vertex 37.4627 9.03082 2.7
      vertex 37.9813 8.78447 2.7
    endloop
  endfacet
  facet normal 0 0 1
    outer loop
      vertex 37.4874 9.40816 2.7
      vertex 37.7634 10.2169 2.7
      vertex 37.6843 10.3024 2.7
    endloop
  endfacet
  facet normal -0 0 1
    outer loop
      vertex 37.4411 8.94434 2.7
      vertex 37.9813 8.78447 2.7
      vertex 37.4627 9.03082 2.7
    endloop
  endfacet
  facet normal 0 0 1
    outer loop
      vertex 37.4874 9.40816 2.7
      vertex 37.6843 10.3024 2.7
      vertex 37.5974 10.3806 2.7
    endloop
  endfacet
  facet normal 0 0 1
    outer loop
      vertex 37.9813 8.78447 2.7
      vertex 37.4411 8.94434 2.7
      vertex 37.9364 8.66545 2.7
    endloop
  endfacet
  facet normal 0 0 1
    outer loop
      vertex 37.2388 9.97594 2.7
      vertex 37.5974 10.3806 2.7
      vertex 37.5041 10.4495 2.7
    endloop
  endfacet
  facet normal -0 0 1
    outer loop
      vertex 37.4133 8.86278 2.7
      vertex 37.9364 8.66545 2.7
      vertex 37.4411 8.94434 2.7
    endloop
  endfacet
  facet normal 0 0 1
    outer loop
      vertex 37.9364 8.66545 2.7
      vertex 37.4133 8.86278 2.7
      vertex 37.8815 8.5536 2.7
    endloop
  endfacet
  facet normal -0 0 1
    outer loop
      vertex 37.3793 8.78616 2.7
      vertex 37.8815 8.5536 2.7
      vertex 37.4133 8.86278 2.7
    endloop
  endfacet
  facet normal 0 0 1
    outer loop
      vertex 37.8815 8.5536 2.7
      vertex 37.3793 8.78616 2.7
      vertex 37.8166 8.44891 2.7
    endloop
  endfacet
  facet normal -0 0 1
    outer loop
      vertex 37.3392 8.71449 2.7
      vertex 37.8166 8.44891 2.7
      vertex 37.3793 8.78616 2.7
    endloop
  endfacet
  facet normal 0 0 1
    outer loop
      vertex 37.8166 8.44891 2.7
      vertex 37.3392 8.71449 2.7
      vertex 37.7417 8.35138 2.7
    endloop
  endfacet
  facet normal -0 0 1
    outer loop
      vertex 37.2928 8.64775 2.7
      vertex 37.7417 8.35138 2.7
      vertex 37.3392 8.71449 2.7
    endloop
  endfacet
  facet normal 0 0 1
    outer loop
      vertex 37.7417 8.35138 2.7
      vertex 37.2928 8.64775 2.7
      vertex 37.6568 8.26099 2.7
    endloop
  endfacet
  facet normal -0 0 1
    outer loop
      vertex 37.2403 8.58594 2.7
      vertex 37.6568 8.26099 2.7
      vertex 37.2928 8.64775 2.7
    endloop
  endfacet
  facet normal 0 0 1
    outer loop
      vertex 37.6568 8.26099 2.7
      vertex 37.2403 8.58594 2.7
      vertex 37.5631 8.17902 2.7
    endloop
  endfacet
  facet normal -0 0 1
    outer loop
      vertex 37.1823 8.52991 2.7
      vertex 37.5631 8.17902 2.7
      vertex 37.2403 8.58594 2.7
    endloop
  endfacet
  facet normal 0 0 1
    outer loop
      vertex 37.5631 8.17902 2.7
      vertex 37.1823 8.52991 2.7
      vertex 37.4617 8.10669 2.7
    endloop
  endfacet
  facet normal -0 0 1
    outer loop
      vertex 37.1196 8.48047 2.7
      vertex 37.4617 8.10669 2.7
      vertex 37.1823 8.52991 2.7
    endloop
  endfacet
  facet normal 0 0 1
    outer loop
      vertex 37.4617 8.10669 2.7
      vertex 37.1196 8.48047 2.7
      vertex 37.3525 8.04399 2.7
    endloop
  endfacet
  facet normal -0 0 1
    outer loop
      vertex 37.0521 8.43761 2.7
      vertex 37.3525 8.04399 2.7
      vertex 37.1196 8.48047 2.7
    endloop
  endfacet
  facet normal 0 0 1
    outer loop
      vertex 37.3525 8.04399 2.7
      vertex 37.0521 8.43761 2.7
      vertex 37.2356 7.99095 2.7
    endloop
  endfacet
  facet normal -0 0 1
    outer loop
      vertex 36.9799 8.40135 2.7
      vertex 37.2356 7.99095 2.7
      vertex 37.0521 8.43761 2.7
    endloop
  endfacet
  facet normal 0 0 1
    outer loop
      vertex 37.2356 7.99095 2.7
      vertex 36.9799 8.40135 2.7
      vertex 37.111 7.94756 2.7
    endloop
  endfacet
  facet normal -0 0 1
    outer loop
      vertex 36.9029 8.37169 2.7
      vertex 37.111 7.94756 2.7
      vertex 36.9799 8.40135 2.7
    endloop
  endfacet
  facet normal 0 0 1
    outer loop
      vertex 37.111 7.94756 2.7
      vertex 36.9029 8.37169 2.7
      vertex 36.9787 7.91379 2.7
    endloop
  endfacet
  facet normal -0 0 1
    outer loop
      vertex 36.8212 8.34862 2.7
      vertex 36.9787 7.91379 2.7
      vertex 36.9029 8.37169 2.7
    endloop
  endfacet
  facet normal 0 0 1
    outer loop
      vertex 36.9787 7.91379 2.7
      vertex 36.8212 8.34862 2.7
      vertex 36.8387 7.88968 2.7
    endloop
  endfacet
  facet normal -0 0 1
    outer loop
      vertex 36.7348 8.33214 2.7
      vertex 36.8387 7.88968 2.7
      vertex 36.8212 8.34862 2.7
    endloop
  endfacet
  facet normal 0 0 1
    outer loop
      vertex 36.7348 8.33214 2.7
      vertex 36.6909 7.87521 2.7
      vertex 36.8387 7.88968 2.7
    endloop
  endfacet
  facet normal -0 0 1
    outer loop
      vertex 36.6436 8.32225 2.7
      vertex 36.6909 7.87521 2.7
      vertex 36.7348 8.33214 2.7
    endloop
  endfacet
  facet normal 0 0 1
    outer loop
      vertex 36.5354 7.87039 2.7
      vertex 36.6436 8.32225 2.7
      vertex 36.5476 8.31895 2.7
    endloop
  endfacet
  facet normal 0 0 1
    outer loop
      vertex 36.6436 8.32225 2.7
      vertex 36.5354 7.87039 2.7
      vertex 36.6909 7.87521 2.7
    endloop
  endfacet
  facet normal 0 0 1
    outer loop
      vertex 36.5476 8.31895 2.7
      vertex 36.4046 7.87363 2.7
      vertex 36.5354 7.87039 2.7
    endloop
  endfacet
  facet normal 0 0 1
    outer loop
      vertex 36.3943 8.32683 2.7
      vertex 36.4046 7.87363 2.7
      vertex 36.5476 8.31895 2.7
    endloop
  endfacet
  facet normal 0 0 1
    outer loop
      vertex 36.3943 8.32683 2.7
      vertex 36.2796 7.88335 2.7
      vertex 36.4046 7.87363 2.7
    endloop
  endfacet
  facet normal 0 0 1
    outer loop
      vertex 36.2545 8.35045 2.7
      vertex 36.2796 7.88335 2.7
      vertex 36.3943 8.32683 2.7
    endloop
  endfacet
  facet normal 0 0 1
    outer loop
      vertex 36.2545 8.35045 2.7
      vertex 36.1604 7.89955 2.7
      vertex 36.2796 7.88335 2.7
    endloop
  endfacet
  facet normal 0 0 1
    outer loop
      vertex 36.0468 7.92224 2.7
      vertex 36.2545 8.35045 2.7
      vertex 36.1282 8.38982 2.7
    endloop
  endfacet
  facet normal 0 0 1
    outer loop
      vertex 36.2545 8.35045 2.7
      vertex 36.0468 7.92224 2.7
      vertex 36.1604 7.89955 2.7
    endloop
  endfacet
  facet normal 0 0 1
    outer loop
      vertex 35.8369 7.98703 2.7
      vertex 36.1282 8.38982 2.7
      vertex 36.0154 8.44493 2.7
    endloop
  endfacet
  facet normal 0 0 1
    outer loop
      vertex 36.1282 8.38982 2.7
      vertex 35.939 7.9514 2.7
      vertex 36.0468 7.92224 2.7
    endloop
  endfacet
  facet normal 0 0 1
    outer loop
      vertex 35.7405 8.02916 2.7
      vertex 36.0154 8.44493 2.7
      vertex 35.916 8.51581 2.7
    endloop
  endfacet
  facet normal 0 0 1
    outer loop
      vertex 36.1282 8.38982 2.7
      vertex 35.8369 7.98703 2.7
      vertex 35.939 7.9514 2.7
    endloop
  endfacet
  facet normal 0 0 1
    outer loop
      vertex 35.565 8.13283 2.7
      vertex 35.916 8.51581 2.7
      vertex 35.8302 8.60242 2.7
    endloop
  endfacet
  facet normal 0 0 1
    outer loop
      vertex 35.349 8.33389 2.7
      vertex 35.8302 8.60242 2.7
      vertex 35.7578 8.70477 2.7
    endloop
  endfacet
  facet normal 0 0 1
    outer loop
      vertex 36.0154 8.44493 2.7
      vertex 35.7405 8.02916 2.7
      vertex 35.8369 7.98703 2.7
    endloop
  endfacet
  facet normal 0 0 1
    outer loop
      vertex 35.2386 8.49695 2.7
      vertex 35.7578 8.70477 2.7
      vertex 35.6989 8.82288 2.7
    endloop
  endfacet
  facet normal 0 0 1
    outer loop
      vertex 35.1549 8.6832 2.7
      vertex 35.6989 8.82288 2.7
      vertex 35.6535 8.95674 2.7
    endloop
  endfacet
  facet normal 0 0 1
    outer loop
      vertex 35.916 8.51581 2.7
      vertex 35.6499 8.07776 2.7
      vertex 35.7405 8.02916 2.7
    endloop
  endfacet
  facet normal 0 0 1
    outer loop
      vertex 35.916 8.51581 2.7
      vertex 35.565 8.13283 2.7
      vertex 35.6499 8.07776 2.7
    endloop
  endfacet
  facet normal 0 0 1
    outer loop
      vertex 35.8302 8.60242 2.7
      vertex 35.4863 8.19406 2.7
      vertex 35.565 8.13283 2.7
    endloop
  endfacet
  facet normal 0 0 1
    outer loop
      vertex 35.8302 8.60242 2.7
      vertex 35.4143 8.26108 2.7
      vertex 35.4863 8.19406 2.7
    endloop
  endfacet
  facet normal 0 0 1
    outer loop
      vertex 35.8302 8.60242 2.7
      vertex 35.349 8.33389 2.7
      vertex 35.4143 8.26108 2.7
    endloop
  endfacet
  facet normal 0 0 1
    outer loop
      vertex 35.7578 8.70477 2.7
      vertex 35.2904 8.41252 2.7
      vertex 35.349 8.33389 2.7
    endloop
  endfacet
  facet normal 0 0 1
    outer loop
      vertex 35.7578 8.70477 2.7
      vertex 35.2386 8.49695 2.7
      vertex 35.2904 8.41252 2.7
    endloop
  endfacet
  facet normal 0 0 1
    outer loop
      vertex 35.6989 8.82288 2.7
      vertex 35.1934 8.58717 2.7
      vertex 35.2386 8.49695 2.7
    endloop
  endfacet
  facet normal 0 0 1
    outer loop
      vertex 35.6989 8.82288 2.7
      vertex 35.1549 8.6832 2.7
      vertex 35.1934 8.58717 2.7
    endloop
  endfacet
  facet normal 0 0 1
    outer loop
      vertex 35.6535 8.95674 2.7
      vertex 35.1232 8.78503 2.7
      vertex 35.1549 8.6832 2.7
    endloop
  endfacet
  facet normal 0 -0 1
    outer loop
      vertex 35.1232 8.78503 2.7
      vertex 35.6535 8.95674 2.7
      vertex 35.0981 8.89265 2.7
    endloop
  endfacet
  facet normal -0 0 1
    outer loop
      vertex 33.7228 8.59972 2.7
      vertex 34.3178 7.93141 2.7
      vertex 34.3178 8.59972 2.7
    endloop
  endfacet
  facet normal 0 0 1
    outer loop
      vertex 34.3178 7.93141 2.7
      vertex 33.7228 8.59972 2.7
      vertex 33.7228 7.93141 2.7
    endloop
  endfacet
  facet normal 0 -1 0
    outer loop
      vertex 32.4461 8.90486 2
      vertex 33.0503 8.90486 2.7
      vertex 32.4461 8.90486 2.7
    endloop
  endfacet
  facet normal 0 -1 -0
    outer loop
      vertex 33.0503 8.90486 2.7
      vertex 32.4461 8.90486 2
      vertex 33.0503 8.90486 2
    endloop
  endfacet
  facet normal 1 -0 0
    outer loop
      vertex 33.0503 8.90486 2.7
      vertex 33.0503 9.33821 2
      vertex 33.0503 9.33821 2.7
    endloop
  endfacet
  facet normal 1 0 0
    outer loop
      vertex 33.0503 9.33821 2
      vertex 33.0503 8.90486 2.7
      vertex 33.0503 8.90486 2
    endloop
  endfacet
  facet normal 0 1 -0
    outer loop
      vertex 33.0503 9.33821 2
      vertex 32.4461 9.33821 2.7
      vertex 33.0503 9.33821 2.7
    endloop
  endfacet
  facet normal 0 1 0
    outer loop
      vertex 32.4461 9.33821 2.7
      vertex 33.0503 9.33821 2
      vertex 32.4461 9.33821 2
    endloop
  endfacet
  facet normal 1 -0 0
    outer loop
      vertex 32.4461 9.33821 2.7
      vertex 32.4461 12.2311 2
      vertex 32.4461 12.2311 2.7
    endloop
  endfacet
  facet normal 1 0 0
    outer loop
      vertex 32.4461 12.2311 2
      vertex 32.4461 9.33821 2.7
      vertex 32.4461 9.33821 2
    endloop
  endfacet
  facet normal 0 1 -0
    outer loop
      vertex 32.4461 12.2311 2
      vertex 31.8693 12.2311 2.7
      vertex 32.4461 12.2311 2.7
    endloop
  endfacet
  facet normal 0 1 0
    outer loop
      vertex 31.8693 12.2311 2.7
      vertex 32.4461 12.2311 2
      vertex 31.8693 12.2311 2
    endloop
  endfacet
  facet normal -0.827342 0.561698 0
    outer loop
      vertex 29.9011 9.33208 2
      vertex 31.8693 12.2311 2.7
      vertex 31.8693 12.2311 2
    endloop
  endfacet
  facet normal -0.827342 0.561698 0
    outer loop
      vertex 31.8693 12.2311 2.7
      vertex 29.9011 9.33208 2
      vertex 29.9011 9.33208 2.7
    endloop
  endfacet
  facet normal -1 0 0
    outer loop
      vertex 29.9011 8.90486 2
      vertex 29.9011 9.33208 2.7
      vertex 29.9011 9.33208 2
    endloop
  endfacet
  facet normal -1 -0 0
    outer loop
      vertex 29.9011 9.33208 2.7
      vertex 29.9011 8.90486 2
      vertex 29.9011 8.90486 2.7
    endloop
  endfacet
  facet normal 0 -1 0
    outer loop
      vertex 29.9011 8.90486 2
      vertex 31.9273 8.90486 2.7
      vertex 29.9011 8.90486 2.7
    endloop
  endfacet
  facet normal 0 -1 -0
    outer loop
      vertex 31.9273 8.90486 2.7
      vertex 29.9011 8.90486 2
      vertex 31.9273 8.90486 2
    endloop
  endfacet
  facet normal -1 0 0
    outer loop
      vertex 31.9273 7.93141 2
      vertex 31.9273 8.90486 2.7
      vertex 31.9273 8.90486 2
    endloop
  endfacet
  facet normal -1 -0 0
    outer loop
      vertex 31.9273 8.90486 2.7
      vertex 31.9273 7.93141 2
      vertex 31.9273 7.93141 2.7
    endloop
  endfacet
  facet normal 0 -1 0
    outer loop
      vertex 31.9273 7.93141 2
      vertex 32.4461 7.93141 2.7
      vertex 31.9273 7.93141 2.7
    endloop
  endfacet
  facet normal 0 -1 -0
    outer loop
      vertex 32.4461 7.93141 2.7
      vertex 31.9273 7.93141 2
      vertex 32.4461 7.93141 2
    endloop
  endfacet
  facet normal 1 -0 0
    outer loop
      vertex 32.4461 7.93141 2.7
      vertex 32.4461 8.90486 2
      vertex 32.4461 8.90486 2.7
    endloop
  endfacet
  facet normal 1 0 0
    outer loop
      vertex 32.4461 8.90486 2
      vertex 32.4461 7.93141 2.7
      vertex 32.4461 7.93141 2
    endloop
  endfacet
  facet normal 0.780345 -0.62535 0
    outer loop
      vertex 30.4076 9.33821 2.7
      vertex 30.4565 9.39923 2
      vertex 30.4565 9.39923 2.7
    endloop
  endfacet
  facet normal 0.780345 -0.62535 0
    outer loop
      vertex 30.4565 9.39923 2
      vertex 30.4076 9.33821 2.7
      vertex 30.4076 9.33821 2
    endloop
  endfacet
  facet normal 0.807745 -0.589532 0
    outer loop
      vertex 30.4565 9.39923 2.7
      vertex 30.6213 9.62503 2
      vertex 30.6213 9.62503 2.7
    endloop
  endfacet
  facet normal 0.807745 -0.589532 0
    outer loop
      vertex 30.6213 9.62503 2
      vertex 30.4565 9.39923 2.7
      vertex 30.4565 9.39923 2
    endloop
  endfacet
  facet normal 0.827469 -0.561511 0
    outer loop
      vertex 30.6213 9.62503 2.7
      vertex 31.7229 11.2484 2
      vertex 31.7229 11.2484 2.7
    endloop
  endfacet
  facet normal 0.827469 -0.561511 0
    outer loop
      vertex 31.7229 11.2484 2
      vertex 30.6213 9.62503 2.7
      vertex 30.6213 9.62503 2
    endloop
  endfacet
  facet normal 0.832965 -0.553326 0
    outer loop
      vertex 31.7229 11.2484 2.7
      vertex 31.7322 11.2624 2
      vertex 31.7322 11.2624 2.7
    endloop
  endfacet
  facet normal 0.832965 -0.553326 0
    outer loop
      vertex 31.7322 11.2624 2
      vertex 31.7229 11.2484 2.7
      vertex 31.7229 11.2484 2
    endloop
  endfacet
  facet normal 0.843227 -0.537557 0
    outer loop
      vertex 31.7322 11.2624 2.7
      vertex 31.7424 11.2784 2
      vertex 31.7424 11.2784 2.7
    endloop
  endfacet
  facet normal 0.843227 -0.537557 0
    outer loop
      vertex 31.7424 11.2784 2
      vertex 31.7322 11.2624 2.7
      vertex 31.7322 11.2624 2
    endloop
  endfacet
  facet normal 0.849568 -0.527479 0
    outer loop
      vertex 31.7424 11.2784 2.7
      vertex 31.7537 11.2966 2
      vertex 31.7537 11.2966 2.7
    endloop
  endfacet
  facet normal 0.849568 -0.527479 0
    outer loop
      vertex 31.7537 11.2966 2
      vertex 31.7424 11.2784 2.7
      vertex 31.7424 11.2784 2
    endloop
  endfacet
  facet normal 0.855254 -0.518208 0
    outer loop
      vertex 31.7537 11.2966 2.7
      vertex 31.766 11.3169 2
      vertex 31.766 11.3169 2.7
    endloop
  endfacet
  facet normal 0.855254 -0.518208 0
    outer loop
      vertex 31.766 11.3169 2
      vertex 31.7537 11.2966 2.7
      vertex 31.7537 11.2966 2
    endloop
  endfacet
  facet normal 0.860542 -0.509379 0
    outer loop
      vertex 31.766 11.3169 2.7
      vertex 31.7792 11.3392 2
      vertex 31.7792 11.3392 2.7
    endloop
  endfacet
  facet normal 0.860542 -0.509379 0
    outer loop
      vertex 31.7792 11.3392 2
      vertex 31.766 11.3169 2.7
      vertex 31.766 11.3169 2
    endloop
  endfacet
  facet normal 0.865184 -0.501454 0
    outer loop
      vertex 31.7792 11.3392 2.7
      vertex 31.7934 11.3637 2
      vertex 31.7934 11.3637 2.7
    endloop
  endfacet
  facet normal 0.865184 -0.501454 0
    outer loop
      vertex 31.7934 11.3637 2
      vertex 31.7792 11.3392 2.7
      vertex 31.7792 11.3392 2
    endloop
  endfacet
  facet normal 0.868243 -0.496139 0
    outer loop
      vertex 31.7934 11.3637 2.7
      vertex 31.8086 11.3903 2
      vertex 31.8086 11.3903 2.7
    endloop
  endfacet
  facet normal 0.868243 -0.496139 0
    outer loop
      vertex 31.8086 11.3903 2
      vertex 31.7934 11.3637 2.7
      vertex 31.7934 11.3637 2
    endloop
  endfacet
  facet normal 0.872143 -0.489251 0
    outer loop
      vertex 31.8086 11.3903 2.7
      vertex 31.8247 11.419 2
      vertex 31.8247 11.419 2.7
    endloop
  endfacet
  facet normal 0.872143 -0.489251 0
    outer loop
      vertex 31.8247 11.419 2
      vertex 31.8086 11.3903 2.7
      vertex 31.8086 11.3903 2
    endloop
  endfacet
  facet normal 0.873757 -0.486363 0
    outer loop
      vertex 31.8247 11.419 2.7
      vertex 31.8419 11.4499 2
      vertex 31.8419 11.4499 2.7
    endloop
  endfacet
  facet normal 0.873757 -0.486363 0
    outer loop
      vertex 31.8419 11.4499 2
      vertex 31.8247 11.419 2.7
      vertex 31.8247 11.419 2
    endloop
  endfacet
  facet normal 0.875788 -0.482695 0
    outer loop
      vertex 31.8419 11.4499 2.7
      vertex 31.8586 11.4802 2
      vertex 31.8586 11.4802 2.7
    endloop
  endfacet
  facet normal 0.875788 -0.482695 0
    outer loop
      vertex 31.8586 11.4802 2
      vertex 31.8419 11.4499 2.7
      vertex 31.8419 11.4499 2
    endloop
  endfacet
  facet normal 0.877032 -0.480433 0
    outer loop
      vertex 31.8586 11.4802 2.7
      vertex 31.8735 11.5074 2
      vertex 31.8735 11.5074 2.7
    endloop
  endfacet
  facet normal 0.877032 -0.480433 0
    outer loop
      vertex 31.8735 11.5074 2
      vertex 31.8586 11.4802 2.7
      vertex 31.8586 11.4802 2
    endloop
  endfacet
  facet normal 0.879419 -0.476049 0
    outer loop
      vertex 31.8735 11.5074 2.7
      vertex 31.8866 11.5316 2
      vertex 31.8866 11.5316 2.7
    endloop
  endfacet
  facet normal 0.879419 -0.476049 0
    outer loop
      vertex 31.8866 11.5316 2
      vertex 31.8735 11.5074 2.7
      vertex 31.8735 11.5074 2
    endloop
  endfacet
  facet normal 0.880606 -0.47385 0
    outer loop
      vertex 31.8866 11.5316 2.7
      vertex 31.8979 11.5526 2
      vertex 31.8979 11.5526 2.7
    endloop
  endfacet
  facet normal 0.880606 -0.47385 0
    outer loop
      vertex 31.8979 11.5526 2
      vertex 31.8866 11.5316 2.7
      vertex 31.8866 11.5316 2
    endloop
  endfacet
  facet normal 0.884385 -0.466759 0
    outer loop
      vertex 31.8979 11.5526 2.7
      vertex 31.9074 11.5706 2
      vertex 31.9074 11.5706 2.7
    endloop
  endfacet
  facet normal 0.884385 -0.466759 0
    outer loop
      vertex 31.9074 11.5706 2
      vertex 31.8979 11.5526 2.7
      vertex 31.8979 11.5526 2
    endloop
  endfacet
  facet normal 0.888385 -0.459098 0
    outer loop
      vertex 31.9074 11.5706 2.7
      vertex 31.9151 11.5855 2
      vertex 31.9151 11.5855 2.7
    endloop
  endfacet
  facet normal 0.888385 -0.459098 0
    outer loop
      vertex 31.9151 11.5855 2
      vertex 31.9074 11.5706 2.7
      vertex 31.9074 11.5706 2
    endloop
  endfacet
  facet normal 0.894427 -0.447214 0
    outer loop
      vertex 31.9151 11.5855 2.7
      vertex 31.921 11.5973 2
      vertex 31.921 11.5973 2.7
    endloop
  endfacet
  facet normal 0.894427 -0.447214 0
    outer loop
      vertex 31.921 11.5973 2
      vertex 31.9151 11.5855 2.7
      vertex 31.9151 11.5855 2
    endloop
  endfacet
  facet normal 0.904583 -0.426298 0
    outer loop
      vertex 31.921 11.5973 2.7
      vertex 31.9251 11.606 2
      vertex 31.9251 11.606 2.7
    endloop
  endfacet
  facet normal 0.904583 -0.426298 0
    outer loop
      vertex 31.9251 11.606 2
      vertex 31.921 11.5973 2.7
      vertex 31.921 11.5973 2
    endloop
  endfacet
  facet normal 0.930751 -0.365652 0
    outer loop
      vertex 31.9251 11.606 2.7
      vertex 31.9273 11.6116 2
      vertex 31.9273 11.6116 2.7
    endloop
  endfacet
  facet normal 0.930751 -0.365652 0
    outer loop
      vertex 31.9273 11.6116 2
      vertex 31.9251 11.606 2.7
      vertex 31.9251 11.606 2
    endloop
  endfacet
  facet normal -1 0 0
    outer loop
      vertex 31.9273 9.33821 2
      vertex 31.9273 11.6116 2.7
      vertex 31.9273 11.6116 2
    endloop
  endfacet
  facet normal -1 -0 0
    outer loop
      vertex 31.9273 11.6116 2.7
      vertex 31.9273 9.33821 2
      vertex 31.9273 9.33821 2.7
    endloop
  endfacet
  facet normal 0 1 -0
    outer loop
      vertex 31.9273 9.33821 2
      vertex 30.4076 9.33821 2.7
      vertex 31.9273 9.33821 2.7
    endloop
  endfacet
  facet normal 0 1 0
    outer loop
      vertex 30.4076 9.33821 2.7
      vertex 31.9273 9.33821 2
      vertex 30.4076 9.33821 2
    endloop
  endfacet
  facet normal 0.0974367 -0.995242 0
    outer loop
      vertex 36.6909 7.87521 2
      vertex 36.8387 7.88968 2.7
      vertex 36.6909 7.87521 2.7
    endloop
  endfacet
  facet normal 0.0974367 -0.995242 0
    outer loop
      vertex 36.8387 7.88968 2.7
      vertex 36.6909 7.87521 2
      vertex 36.8387 7.88968 2
    endloop
  endfacet
  facet normal 0.169716 -0.985493 0
    outer loop
      vertex 36.8387 7.88968 2
      vertex 36.9787 7.91379 2.7
      vertex 36.8387 7.88968 2.7
    endloop
  endfacet
  facet normal 0.169716 -0.985493 0
    outer loop
      vertex 36.9787 7.91379 2.7
      vertex 36.8387 7.88968 2
      vertex 36.9787 7.91379 2
    endloop
  endfacet
  facet normal 0.247323 -0.968933 0
    outer loop
      vertex 36.9787 7.91379 2
      vertex 37.111 7.94756 2.7
      vertex 36.9787 7.91379 2.7
    endloop
  endfacet
  facet normal 0.247323 -0.968933 0
    outer loop
      vertex 37.111 7.94756 2.7
      vertex 36.9787 7.91379 2
      vertex 37.111 7.94756 2
    endloop
  endfacet
  facet normal 0.328865 -0.944377 0
    outer loop
      vertex 37.111 7.94756 2
      vertex 37.2356 7.99095 2.7
      vertex 37.111 7.94756 2.7
    endloop
  endfacet
  facet normal 0.328865 -0.944377 0
    outer loop
      vertex 37.2356 7.99095 2.7
      vertex 37.111 7.94756 2
      vertex 37.2356 7.99095 2
    endloop
  endfacet
  facet normal 0.413181 -0.910649 0
    outer loop
      vertex 37.2356 7.99095 2
      vertex 37.3525 8.04399 2.7
      vertex 37.2356 7.99095 2.7
    endloop
  endfacet
  facet normal 0.413181 -0.910649 0
    outer loop
      vertex 37.3525 8.04399 2.7
      vertex 37.2356 7.99095 2
      vertex 37.3525 8.04399 2
    endloop
  endfacet
  facet normal 0.497934 -0.867215 0
    outer loop
      vertex 37.3525 8.04399 2
      vertex 37.4617 8.10669 2.7
      vertex 37.3525 8.04399 2.7
    endloop
  endfacet
  facet normal 0.497934 -0.867215 0
    outer loop
      vertex 37.4617 8.10669 2.7
      vertex 37.3525 8.04399 2
      vertex 37.4617 8.10669 2
    endloop
  endfacet
  facet normal 0.580714 -0.814108 0
    outer loop
      vertex 37.4617 8.10669 2
      vertex 37.5631 8.17902 2.7
      vertex 37.4617 8.10669 2.7
    endloop
  endfacet
  facet normal 0.580714 -0.814108 0
    outer loop
      vertex 37.5631 8.17902 2.7
      vertex 37.4617 8.10669 2
      vertex 37.5631 8.17902 2
    endloop
  endfacet
  facet normal 0.658425 -0.752646 0
    outer loop
      vertex 37.5631 8.17902 2
      vertex 37.6568 8.26099 2.7
      vertex 37.5631 8.17902 2.7
    endloop
  endfacet
  facet normal 0.658425 -0.752646 0
    outer loop
      vertex 37.6568 8.26099 2.7
      vertex 37.5631 8.17902 2
      vertex 37.6568 8.26099 2
    endloop
  endfacet
  facet normal 0.728896 -0.684625 0
    outer loop
      vertex 37.6568 8.26099 2.7
      vertex 37.7417 8.35138 2
      vertex 37.7417 8.35138 2.7
    endloop
  endfacet
  facet normal 0.728896 -0.684625 0
    outer loop
      vertex 37.7417 8.35138 2
      vertex 37.6568 8.26099 2.7
      vertex 37.6568 8.26099 2
    endloop
  endfacet
  facet normal 0.793107 -0.609082 0
    outer loop
      vertex 37.7417 8.35138 2.7
      vertex 37.8166 8.44891 2
      vertex 37.8166 8.44891 2.7
    endloop
  endfacet
  facet normal 0.793107 -0.609082 0
    outer loop
      vertex 37.8166 8.44891 2
      vertex 37.7417 8.35138 2.7
      vertex 37.7417 8.35138 2
    endloop
  endfacet
  facet normal 0.849931 -0.526894 0
    outer loop
      vertex 37.8166 8.44891 2.7
      vertex 37.8815 8.5536 2
      vertex 37.8815 8.5536 2.7
    endloop
  endfacet
  facet normal 0.849931 -0.526894 0
    outer loop
      vertex 37.8815 8.5536 2
      vertex 37.8166 8.44891 2.7
      vertex 37.8166 8.44891 2
    endloop
  endfacet
  facet normal 0.897694 -0.44062 0
    outer loop
      vertex 37.8815 8.5536 2.7
      vertex 37.9364 8.66545 2
      vertex 37.9364 8.66545 2.7
    endloop
  endfacet
  facet normal 0.897694 -0.44062 0
    outer loop
      vertex 37.9364 8.66545 2
      vertex 37.8815 8.5536 2.7
      vertex 37.8815 8.5536 2
    endloop
  endfacet
  facet normal 0.935636 -0.352966 0
    outer loop
      vertex 37.9364 8.66545 2.7
      vertex 37.9813 8.78447 2
      vertex 37.9813 8.78447 2.7
    endloop
  endfacet
  facet normal 0.935636 -0.352966 0
    outer loop
      vertex 37.9813 8.78447 2
      vertex 37.9364 8.66545 2.7
      vertex 37.9364 8.66545 2
    endloop
  endfacet
  facet normal 0.963605 -0.267329 0
    outer loop
      vertex 37.9813 8.78447 2.7
      vertex 38.0163 8.91063 2
      vertex 38.0163 8.91063 2.7
    endloop
  endfacet
  facet normal 0.963605 -0.267329 0
    outer loop
      vertex 38.0163 8.91063 2
      vertex 37.9813 8.78447 2.7
      vertex 37.9813 8.78447 2
    endloop
  endfacet
  facet normal 0.983005 -0.183581 0
    outer loop
      vertex 38.0163 8.91063 2.7
      vertex 38.0412 9.04396 2
      vertex 38.0412 9.04396 2.7
    endloop
  endfacet
  facet normal 0.983005 -0.183581 0
    outer loop
      vertex 38.0412 9.04396 2
      vertex 38.0163 8.91063 2.7
      vertex 38.0163 8.91063 2
    endloop
  endfacet
  facet normal 0.994348 -0.106166 0
    outer loop
      vertex 38.0412 9.04396 2.7
      vertex 38.0562 9.18445 2
      vertex 38.0562 9.18445 2.7
    endloop
  endfacet
  facet normal 0.994348 -0.106166 0
    outer loop
      vertex 38.0562 9.18445 2
      vertex 38.0412 9.04396 2.7
      vertex 38.0412 9.04396 2
    endloop
  endfacet
  facet normal 0.999427 -0.033849 0
    outer loop
      vertex 38.0562 9.18445 2.7
      vertex 38.0612 9.33208 2
      vertex 38.0612 9.33208 2.7
    endloop
  endfacet
  facet normal 0.999427 -0.033849 0
    outer loop
      vertex 38.0612 9.33208 2
      vertex 38.0562 9.18445 2.7
      vertex 38.0562 9.18445 2
    endloop
  endfacet
  facet normal 0.999348 0.036097 0
    outer loop
      vertex 38.0612 9.33208 2.7
      vertex 38.0565 9.4622 2
      vertex 38.0565 9.4622 2.7
    endloop
  endfacet
  facet normal 0.999348 0.036097 0
    outer loop
      vertex 38.0565 9.4622 2
      vertex 38.0612 9.33208 2.7
      vertex 38.0612 9.33208 2
    endloop
  endfacet
  facet normal 0.99383 0.110913 0
    outer loop
      vertex 38.0565 9.4622 2.7
      vertex 38.0426 9.58675 2
      vertex 38.0426 9.58675 2.7
    endloop
  endfacet
  facet normal 0.99383 0.110913 0
    outer loop
      vertex 38.0426 9.58675 2
      vertex 38.0565 9.4622 2.7
      vertex 38.0565 9.4622 2
    endloop
  endfacet
  facet normal 0.981356 0.192196 0
    outer loop
      vertex 38.0426 9.58675 2.7
      vertex 38.0193 9.70572 2
      vertex 38.0193 9.70572 2.7
    endloop
  endfacet
  facet normal 0.981356 0.192196 0
    outer loop
      vertex 38.0193 9.70572 2
      vertex 38.0426 9.58675 2.7
      vertex 38.0426 9.58675 2
    endloop
  endfacet
  facet normal 0.961075 0.276288 0
    outer loop
      vertex 38.0193 9.70572 2.7
      vertex 37.9867 9.81912 2
      vertex 37.9867 9.81912 2.7
    endloop
  endfacet
  facet normal 0.961075 0.276288 0
    outer loop
      vertex 37.9867 9.81912 2
      vertex 38.0193 9.70572 2.7
      vertex 38.0193 9.70572 2
    endloop
  endfacet
  facet normal 0.932384 0.36147 0
    outer loop
      vertex 37.9867 9.81912 2.7
      vertex 37.9449 9.92694 2
      vertex 37.9449 9.92694 2.7
    endloop
  endfacet
  facet normal 0.932384 0.36147 0
    outer loop
      vertex 37.9449 9.92694 2
      vertex 37.9867 9.81912 2.7
      vertex 37.9867 9.81912 2
    endloop
  endfacet
  facet normal 0.894182 0.447703 0
    outer loop
      vertex 37.9449 9.92694 2.7
      vertex 37.8937 10.0292 2
      vertex 37.8937 10.0292 2.7
    endloop
  endfacet
  facet normal 0.894182 0.447703 0
    outer loop
      vertex 37.8937 10.0292 2
      vertex 37.9449 9.92694 2.7
      vertex 37.9449 9.92694 2
    endloop
  endfacet
  facet normal 0.847505 0.530787 0
    outer loop
      vertex 37.8937 10.0292 2.7
      vertex 37.8332 10.1258 2
      vertex 37.8332 10.1258 2.7
    endloop
  endfacet
  facet normal 0.847505 0.530787 0
    outer loop
      vertex 37.8332 10.1258 2
      vertex 37.8937 10.0292 2.7
      vertex 37.8937 10.0292 2
    endloop
  endfacet
  facet normal 0.793789 0.608194 0
    outer loop
      vertex 37.8332 10.1258 2.7
      vertex 37.7634 10.2169 2
      vertex 37.7634 10.2169 2.7
    endloop
  endfacet
  facet normal 0.793789 0.608194 0
    outer loop
      vertex 37.7634 10.2169 2
      vertex 37.8332 10.1258 2.7
      vertex 37.8332 10.1258 2
    endloop
  endfacet
  facet normal 0.734046 0.6791 0
    outer loop
      vertex 37.7634 10.2169 2.7
      vertex 37.6843 10.3024 2
      vertex 37.6843 10.3024 2.7
    endloop
  endfacet
  facet normal 0.734046 0.6791 0
    outer loop
      vertex 37.6843 10.3024 2
      vertex 37.7634 10.2169 2.7
      vertex 37.7634 10.2169 2
    endloop
  endfacet
  facet normal 0.668917 0.743337 -0
    outer loop
      vertex 37.6843 10.3024 2
      vertex 37.5974 10.3806 2.7
      vertex 37.6843 10.3024 2.7
    endloop
  endfacet
  facet normal 0.668917 0.743337 0
    outer loop
      vertex 37.5974 10.3806 2.7
      vertex 37.6843 10.3024 2
      vertex 37.5974 10.3806 2
    endloop
  endfacet
  facet normal 0.594052 0.804427 -0
    outer loop
      vertex 37.5974 10.3806 2
      vertex 37.5041 10.4495 2.7
      vertex 37.5974 10.3806 2.7
    endloop
  endfacet
  facet normal 0.594052 0.804427 0
    outer loop
      vertex 37.5041 10.4495 2.7
      vertex 37.5974 10.3806 2
      vertex 37.5041 10.4495 2
    endloop
  endfacet
  facet normal 0.514369 0.857569 -0
    outer loop
      vertex 37.5041 10.4495 2
      vertex 37.4044 10.5093 2.7
      vertex 37.5041 10.4495 2.7
    endloop
  endfacet
  facet normal 0.514369 0.857569 0
    outer loop
      vertex 37.4044 10.5093 2.7
      vertex 37.5041 10.4495 2
      vertex 37.4044 10.5093 2
    endloop
  endfacet
  facet normal 0.430099 0.902782 -0
    outer loop
      vertex 37.4044 10.5093 2
      vertex 37.2984 10.5598 2.7
      vertex 37.4044 10.5093 2.7
    endloop
  endfacet
  facet normal 0.430099 0.902782 0
    outer loop
      vertex 37.2984 10.5598 2.7
      vertex 37.4044 10.5093 2
      vertex 37.2984 10.5598 2
    endloop
  endfacet
  facet normal 0.345628 0.938372 -0
    outer loop
      vertex 37.2984 10.5598 2
      vertex 37.186 10.6012 2.7
      vertex 37.2984 10.5598 2.7
    endloop
  endfacet
  facet normal 0.345628 0.938372 0
    outer loop
      vertex 37.186 10.6012 2.7
      vertex 37.2984 10.5598 2
      vertex 37.186 10.6012 2
    endloop
  endfacet
  facet normal 0.261605 0.965175 -0
    outer loop
      vertex 37.186 10.6012 2
      vertex 37.0672 10.6334 2.7
      vertex 37.186 10.6012 2.7
    endloop
  endfacet
  facet normal 0.261605 0.965175 0
    outer loop
      vertex 37.0672 10.6334 2.7
      vertex 37.186 10.6012 2
      vertex 37.0672 10.6334 2
    endloop
  endfacet
  facet normal 0.180062 0.983655 -0
    outer loop
      vertex 37.0672 10.6334 2
      vertex 36.9421 10.6563 2.7
      vertex 37.0672 10.6334 2.7
    endloop
  endfacet
  facet normal 0.180062 0.983655 0
    outer loop
      vertex 36.9421 10.6563 2.7
      vertex 37.0672 10.6334 2
      vertex 36.9421 10.6563 2
    endloop
  endfacet
  facet normal 0.10437 0.994539 -0
    outer loop
      vertex 36.9421 10.6563 2
      vertex 36.8106 10.6701 2.7
      vertex 36.9421 10.6563 2.7
    endloop
  endfacet
  facet normal 0.10437 0.994539 0
    outer loop
      vertex 36.8106 10.6701 2.7
      vertex 36.9421 10.6563 2
      vertex 36.8106 10.6701 2
    endloop
  endfacet
  facet normal 0.033339 0.999444 -0
    outer loop
      vertex 36.8106 10.6701 2
      vertex 36.6727 10.6747 2.7
      vertex 36.8106 10.6701 2.7
    endloop
  endfacet
  facet normal 0.033339 0.999444 0
    outer loop
      vertex 36.6727 10.6747 2.7
      vertex 36.8106 10.6701 2
      vertex 36.6727 10.6747 2
    endloop
  endfacet
  facet normal -0.0293483 0.999569 0
    outer loop
      vertex 36.6727 10.6747 2
      vertex 36.5569 10.6713 2.7
      vertex 36.6727 10.6747 2.7
    endloop
  endfacet
  facet normal -0.0293483 0.999569 0
    outer loop
      vertex 36.5569 10.6713 2.7
      vertex 36.6727 10.6747 2
      vertex 36.5569 10.6713 2
    endloop
  endfacet
  facet normal -0.0901334 0.99593 0
    outer loop
      vertex 36.5569 10.6713 2
      vertex 36.4453 10.6612 2.7
      vertex 36.5569 10.6713 2.7
    endloop
  endfacet
  facet normal -0.0901334 0.99593 0
    outer loop
      vertex 36.4453 10.6612 2.7
      vertex 36.5569 10.6713 2
      vertex 36.4453 10.6612 2
    endloop
  endfacet
  facet normal -0.156625 0.987658 0
    outer loop
      vertex 36.4453 10.6612 2
      vertex 36.3381 10.6442 2.7
      vertex 36.4453 10.6612 2.7
    endloop
  endfacet
  facet normal -0.156625 0.987658 0
    outer loop
      vertex 36.3381 10.6442 2.7
      vertex 36.4453 10.6612 2
      vertex 36.3381 10.6442 2
    endloop
  endfacet
  facet normal -0.224238 0.974535 0
    outer loop
      vertex 36.3381 10.6442 2
      vertex 36.2351 10.6205 2.7
      vertex 36.3381 10.6442 2.7
    endloop
  endfacet
  facet normal -0.224238 0.974535 0
    outer loop
      vertex 36.2351 10.6205 2.7
      vertex 36.3381 10.6442 2
      vertex 36.2351 10.6205 2
    endloop
  endfacet
  facet normal -0.295242 0.955423 0
    outer loop
      vertex 36.2351 10.6205 2
      vertex 36.1364 10.59 2.7
      vertex 36.2351 10.6205 2.7
    endloop
  endfacet
  facet normal -0.295242 0.955423 0
    outer loop
      vertex 36.1364 10.59 2.7
      vertex 36.2351 10.6205 2
      vertex 36.1364 10.59 2
    endloop
  endfacet
  facet normal -0.367818 0.929898 0
    outer loop
      vertex 36.1364 10.59 2
      vertex 36.0421 10.5527 2.7
      vertex 36.1364 10.59 2.7
    endloop
  endfacet
  facet normal -0.367818 0.929898 0
    outer loop
      vertex 36.0421 10.5527 2.7
      vertex 36.1364 10.59 2
      vertex 36.0421 10.5527 2
    endloop
  endfacet
  facet normal -0.439621 0.898183 0
    outer loop
      vertex 36.0421 10.5527 2
      vertex 35.952 10.5086 2.7
      vertex 36.0421 10.5527 2.7
    endloop
  endfacet
  facet normal -0.439621 0.898183 0
    outer loop
      vertex 35.952 10.5086 2.7
      vertex 36.0421 10.5527 2
      vertex 35.952 10.5086 2
    endloop
  endfacet
  facet normal -0.510214 0.860047 0
    outer loop
      vertex 35.952 10.5086 2
      vertex 35.8662 10.4577 2.7
      vertex 35.952 10.5086 2.7
    endloop
  endfacet
  facet normal -0.510214 0.860047 0
    outer loop
      vertex 35.8662 10.4577 2.7
      vertex 35.952 10.5086 2
      vertex 35.8662 10.4577 2
    endloop
  endfacet
  facet normal -0.577155 0.816634 0
    outer loop
      vertex 35.8662 10.4577 2
      vertex 35.7847 10.4001 2.7
      vertex 35.8662 10.4577 2.7
    endloop
  endfacet
  facet normal -0.577155 0.816634 0
    outer loop
      vertex 35.7847 10.4001 2.7
      vertex 35.8662 10.4577 2
      vertex 35.7847 10.4001 2
    endloop
  endfacet
  facet normal 0.998181 -0.0602962 0
    outer loop
      vertex 35.7847 10.4001 2.7
      vertex 35.8671 11.7642 2
      vertex 35.8671 11.7642 2.7
    endloop
  endfacet
  facet normal 0.998181 -0.0602962 0
    outer loop
      vertex 35.8671 11.7642 2
      vertex 35.7847 10.4001 2.7
      vertex 35.7847 10.4001 2
    endloop
  endfacet
  facet normal 0 -1 0
    outer loop
      vertex 35.8671 11.7642 2
      vertex 37.8109 11.7642 2.7
      vertex 35.8671 11.7642 2.7
    endloop
  endfacet
  facet normal 0 -1 -0
    outer loop
      vertex 37.8109 11.7642 2.7
      vertex 35.8671 11.7642 2
      vertex 37.8109 11.7642 2
    endloop
  endfacet
  facet normal 1 -0 0
    outer loop
      vertex 37.8109 11.7642 2.7
      vertex 37.8109 12.2311 2
      vertex 37.8109 12.2311 2.7
    endloop
  endfacet
  facet normal 1 0 0
    outer loop
      vertex 37.8109 12.2311 2
      vertex 37.8109 11.7642 2.7
      vertex 37.8109 11.7642 2
    endloop
  endfacet
  facet normal 0 1 -0
    outer loop
      vertex 37.8109 12.2311 2
      vertex 35.3666 12.2311 2.7
      vertex 37.8109 12.2311 2.7
    endloop
  endfacet
  facet normal 0 1 0
    outer loop
      vertex 35.3666 12.2311 2.7
      vertex 37.8109 12.2311 2
      vertex 35.3666 12.2311 2
    endloop
  endfacet
  facet normal -0.998084 0.0618754 0
    outer loop
      vertex 35.2232 9.91798 2
      vertex 35.3666 12.2311 2.7
      vertex 35.3666 12.2311 2
    endloop
  endfacet
  facet normal -0.998084 0.0618754 0
    outer loop
      vertex 35.3666 12.2311 2.7
      vertex 35.2232 9.91798 2
      vertex 35.2232 9.91798 2.7
    endloop
  endfacet
  facet normal 0 -1 0
    outer loop
      vertex 35.2232 9.91798 2
      vertex 35.7603 9.91798 2.7
      vertex 35.2232 9.91798 2.7
    endloop
  endfacet
  facet normal 0 -1 -0
    outer loop
      vertex 35.7603 9.91798 2.7
      vertex 35.2232 9.91798 2
      vertex 35.7603 9.91798 2
    endloop
  endfacet
  facet normal 0.645517 -0.763746 0
    outer loop
      vertex 35.7603 9.91798 2
      vertex 35.803 9.95407 2.7
      vertex 35.7603 9.91798 2.7
    endloop
  endfacet
  facet normal 0.645517 -0.763746 0
    outer loop
      vertex 35.803 9.95407 2.7
      vertex 35.7603 9.91798 2
      vertex 35.803 9.95407 2
    endloop
  endfacet
  facet normal 0.619412 -0.785066 0
    outer loop
      vertex 35.803 9.95407 2
      vertex 35.8457 9.98776 2.7
      vertex 35.803 9.95407 2.7
    endloop
  endfacet
  facet normal 0.619412 -0.785066 0
    outer loop
      vertex 35.8457 9.98776 2.7
      vertex 35.803 9.95407 2
      vertex 35.8457 9.98776 2
    endloop
  endfacet
  facet normal 0.589562 -0.807723 0
    outer loop
      vertex 35.8457 9.98776 2
      vertex 35.8885 10.019 2.7
      vertex 35.8457 9.98776 2.7
    endloop
  endfacet
  facet normal 0.589562 -0.807723 0
    outer loop
      vertex 35.8885 10.019 2.7
      vertex 35.8457 9.98776 2
      vertex 35.8885 10.019 2
    endloop
  endfacet
  facet normal 0.560505 -0.828151 0
    outer loop
      vertex 35.8885 10.019 2
      vertex 35.9312 10.0479 2.7
      vertex 35.8885 10.019 2.7
    endloop
  endfacet
  facet normal 0.560505 -0.828151 0
    outer loop
      vertex 35.9312 10.0479 2.7
      vertex 35.8885 10.019 2
      vertex 35.9312 10.0479 2
    endloop
  endfacet
  facet normal 0.525875 -0.850562 0
    outer loop
      vertex 35.9312 10.0479 2
      vertex 35.9739 10.0743 2.7
      vertex 35.9312 10.0479 2.7
    endloop
  endfacet
  facet normal 0.525875 -0.850562 0
    outer loop
      vertex 35.9739 10.0743 2.7
      vertex 35.9312 10.0479 2
      vertex 35.9739 10.0743 2
    endloop
  endfacet
  facet normal 0.48997 -0.871739 0
    outer loop
      vertex 35.9739 10.0743 2
      vertex 36.0166 10.0983 2.7
      vertex 35.9739 10.0743 2.7
    endloop
  endfacet
  facet normal 0.48997 -0.871739 0
    outer loop
      vertex 36.0166 10.0983 2.7
      vertex 35.9739 10.0743 2
      vertex 36.0166 10.0983 2
    endloop
  endfacet
  facet normal 0.45305 -0.891485 0
    outer loop
      vertex 36.0166 10.0983 2
      vertex 36.0593 10.12 2.7
      vertex 36.0166 10.0983 2.7
    endloop
  endfacet
  facet normal 0.45305 -0.891485 0
    outer loop
      vertex 36.0593 10.12 2.7
      vertex 36.0166 10.0983 2
      vertex 36.0593 10.12 2
    endloop
  endfacet
  facet normal 0.409301 -0.9124 0
    outer loop
      vertex 36.0593 10.12 2
      vertex 36.1021 10.1392 2.7
      vertex 36.0593 10.12 2.7
    endloop
  endfacet
  facet normal 0.409301 -0.9124 0
    outer loop
      vertex 36.1021 10.1392 2.7
      vertex 36.0593 10.12 2
      vertex 36.1021 10.1392 2
    endloop
  endfacet
  facet normal 0.366124 -0.930566 0
    outer loop
      vertex 36.1021 10.1392 2
      vertex 36.1448 10.156 2.7
      vertex 36.1021 10.1392 2.7
    endloop
  endfacet
  facet normal 0.366124 -0.930566 0
    outer loop
      vertex 36.1448 10.156 2.7
      vertex 36.1021 10.1392 2
      vertex 36.1448 10.156 2
    endloop
  endfacet
  facet normal 0.322808 -0.946464 0
    outer loop
      vertex 36.1448 10.156 2
      vertex 36.1879 10.1707 2.7
      vertex 36.1448 10.156 2.7
    endloop
  endfacet
  facet normal 0.322808 -0.946464 0
    outer loop
      vertex 36.1879 10.1707 2.7
      vertex 36.1448 10.156 2
      vertex 36.1879 10.1707 2
    endloop
  endfacet
  facet normal 0.284535 -0.958666 0
    outer loop
      vertex 36.1879 10.1707 2
      vertex 36.2317 10.1837 2.7
      vertex 36.1879 10.1707 2.7
    endloop
  endfacet
  facet normal 0.284535 -0.958666 0
    outer loop
      vertex 36.2317 10.1837 2.7
      vertex 36.1879 10.1707 2
      vertex 36.2317 10.1837 2
    endloop
  endfacet
  facet normal 0.245086 -0.969501 0
    outer loop
      vertex 36.2317 10.1837 2
      vertex 36.2764 10.195 2.7
      vertex 36.2317 10.1837 2.7
    endloop
  endfacet
  facet normal 0.245086 -0.969501 0
    outer loop
      vertex 36.2764 10.195 2.7
      vertex 36.2317 10.1837 2
      vertex 36.2764 10.195 2
    endloop
  endfacet
  facet normal 0.205248 -0.97871 0
    outer loop
      vertex 36.2764 10.195 2
      vertex 36.3217 10.2045 2.7
      vertex 36.2764 10.195 2.7
    endloop
  endfacet
  facet normal 0.205248 -0.97871 0
    outer loop
      vertex 36.3217 10.2045 2.7
      vertex 36.2764 10.195 2
      vertex 36.3217 10.2045 2
    endloop
  endfacet
  facet normal 0.166826 -0.985986 0
    outer loop
      vertex 36.3217 10.2045 2
      vertex 36.3678 10.2123 2.7
      vertex 36.3217 10.2045 2.7
    endloop
  endfacet
  facet normal 0.166826 -0.985986 0
    outer loop
      vertex 36.3678 10.2123 2.7
      vertex 36.3217 10.2045 2
      vertex 36.3678 10.2123 2
    endloop
  endfacet
  facet normal 0.128978 -0.991648 0
    outer loop
      vertex 36.3678 10.2123 2
      vertex 36.4147 10.2184 2.7
      vertex 36.3678 10.2123 2.7
    endloop
  endfacet
  facet normal 0.128978 -0.991648 0
    outer loop
      vertex 36.4147 10.2184 2.7
      vertex 36.3678 10.2123 2
      vertex 36.4147 10.2184 2
    endloop
  endfacet
  facet normal 0.0899698 -0.995944 0
    outer loop
      vertex 36.4147 10.2184 2
      vertex 36.4623 10.2227 2.7
      vertex 36.4147 10.2184 2.7
    endloop
  endfacet
  facet normal 0.0899698 -0.995944 0
    outer loop
      vertex 36.4623 10.2227 2.7
      vertex 36.4147 10.2184 2
      vertex 36.4623 10.2227 2
    endloop
  endfacet
  facet normal 0.0536417 -0.99856 0
    outer loop
      vertex 36.4623 10.2227 2
      vertex 36.5107 10.2253 2.7
      vertex 36.4623 10.2227 2.7
    endloop
  endfacet
  facet normal 0.0536417 -0.99856 0
    outer loop
      vertex 36.5107 10.2253 2.7
      vertex 36.4623 10.2227 2
      vertex 36.5107 10.2253 2
    endloop
  endfacet
  facet normal 0.0183269 -0.999832 0
    outer loop
      vertex 36.5107 10.2253 2
      vertex 36.5598 10.2262 2.7
      vertex 36.5107 10.2253 2.7
    endloop
  endfacet
  facet normal 0.0183269 -0.999832 0
    outer loop
      vertex 36.5598 10.2262 2.7
      vertex 36.5107 10.2253 2
      vertex 36.5598 10.2262 2
    endloop
  endfacet
  facet normal -0.0333865 -0.999443 0
    outer loop
      vertex 36.5598 10.2262 2
      vertex 36.6526 10.2231 2.7
      vertex 36.5598 10.2262 2.7
    endloop
  endfacet
  facet normal -0.0333865 -0.999443 -0
    outer loop
      vertex 36.6526 10.2231 2.7
      vertex 36.5598 10.2262 2
      vertex 36.6526 10.2231 2
    endloop
  endfacet
  facet normal -0.104626 -0.994512 0
    outer loop
      vertex 36.6526 10.2231 2
      vertex 36.741 10.2138 2.7
      vertex 36.6526 10.2231 2.7
    endloop
  endfacet
  facet normal -0.104626 -0.994512 -0
    outer loop
      vertex 36.741 10.2138 2.7
      vertex 36.6526 10.2231 2
      vertex 36.741 10.2138 2
    endloop
  endfacet
  facet normal -0.18012 -0.983645 0
    outer loop
      vertex 36.741 10.2138 2
      vertex 36.8251 10.1984 2.7
      vertex 36.741 10.2138 2.7
    endloop
  endfacet
  facet normal -0.18012 -0.983645 -0
    outer loop
      vertex 36.8251 10.1984 2.7
      vertex 36.741 10.2138 2
      vertex 36.8251 10.1984 2
    endloop
  endfacet
  facet normal -0.262401 -0.964959 0
    outer loop
      vertex 36.8251 10.1984 2
      vertex 36.9049 10.1767 2.7
      vertex 36.8251 10.1984 2.7
    endloop
  endfacet
  facet normal -0.262401 -0.964959 -0
    outer loop
      vertex 36.9049 10.1767 2.7
      vertex 36.8251 10.1984 2
      vertex 36.9049 10.1767 2
    endloop
  endfacet
  facet normal -0.345936 -0.938258 0
    outer loop
      vertex 36.9049 10.1767 2
      vertex 36.9803 10.1489 2.7
      vertex 36.9049 10.1767 2.7
    endloop
  endfacet
  facet normal -0.345936 -0.938258 -0
    outer loop
      vertex 36.9803 10.1489 2.7
      vertex 36.9049 10.1767 2
      vertex 36.9803 10.1489 2
    endloop
  endfacet
  facet normal -0.429884 -0.902884 0
    outer loop
      vertex 36.9803 10.1489 2
      vertex 37.0515 10.115 2.7
      vertex 36.9803 10.1489 2.7
    endloop
  endfacet
  facet normal -0.429884 -0.902884 -0
    outer loop
      vertex 37.0515 10.115 2.7
      vertex 36.9803 10.1489 2
      vertex 37.0515 10.115 2
    endloop
  endfacet
  facet normal -0.516194 -0.856472 0
    outer loop
      vertex 37.0515 10.115 2
      vertex 37.1182 10.0748 2.7
      vertex 37.0515 10.115 2.7
    endloop
  endfacet
  facet normal -0.516194 -0.856472 -0
    outer loop
      vertex 37.1182 10.0748 2.7
      vertex 37.0515 10.115 2
      vertex 37.1182 10.0748 2
    endloop
  endfacet
  facet normal -0.596087 -0.80292 0
    outer loop
      vertex 37.1182 10.0748 2
      vertex 37.1807 10.0284 2.7
      vertex 37.1182 10.0748 2.7
    endloop
  endfacet
  facet normal -0.596087 -0.80292 -0
    outer loop
      vertex 37.1807 10.0284 2.7
      vertex 37.1182 10.0748 2
      vertex 37.1807 10.0284 2
    endloop
  endfacet
  facet normal -0.670164 -0.742213 0
    outer loop
      vertex 37.1807 10.0284 2
      vertex 37.2388 9.97594 2.7
      vertex 37.1807 10.0284 2.7
    endloop
  endfacet
  facet normal -0.670164 -0.742213 -0
    outer loop
      vertex 37.2388 9.97594 2.7
      vertex 37.1807 10.0284 2
      vertex 37.2388 9.97594 2
    endloop
  endfacet
  facet normal -0.736628 -0.676299 0
    outer loop
      vertex 37.2916 9.91843 2
      vertex 37.2388 9.97594 2.7
      vertex 37.2388 9.97594 2
    endloop
  endfacet
  facet normal -0.736628 -0.676299 0
    outer loop
      vertex 37.2388 9.97594 2.7
      vertex 37.2916 9.91843 2
      vertex 37.2916 9.91843 2.7
    endloop
  endfacet
  facet normal -0.79642 -0.604744 0
    outer loop
      vertex 37.3382 9.85706 2
      vertex 37.2916 9.91843 2.7
      vertex 37.2916 9.91843 2
    endloop
  endfacet
  facet normal -0.79642 -0.604744 0
    outer loop
      vertex 37.2916 9.91843 2.7
      vertex 37.3382 9.85706 2
      vertex 37.3382 9.85706 2.7
    endloop
  endfacet
  facet normal -0.850079 -0.526655 0
    outer loop
      vertex 37.3786 9.79185 2
      vertex 37.3382 9.85706 2.7
      vertex 37.3382 9.85706 2
    endloop
  endfacet
  facet normal -0.850079 -0.526655 0
    outer loop
      vertex 37.3382 9.85706 2.7
      vertex 37.3786 9.79185 2
      vertex 37.3786 9.79185 2.7
    endloop
  endfacet
  facet normal -0.896133 -0.443785 0
    outer loop
      vertex 37.4128 9.72279 2
      vertex 37.3786 9.79185 2.7
      vertex 37.3786 9.79185 2
    endloop
  endfacet
  facet normal -0.896133 -0.443785 0
    outer loop
      vertex 37.3786 9.79185 2.7
      vertex 37.4128 9.72279 2
      vertex 37.4128 9.72279 2.7
    endloop
  endfacet
  facet normal -0.933494 -0.358593 0
    outer loop
      vertex 37.4408 9.6499 2
      vertex 37.4128 9.72279 2.7
      vertex 37.4128 9.72279 2
    endloop
  endfacet
  facet normal -0.933494 -0.358593 0
    outer loop
      vertex 37.4128 9.72279 2.7
      vertex 37.4408 9.6499 2
      vertex 37.4408 9.6499 2.7
    endloop
  endfacet
  facet normal -0.96193 -0.273297 0
    outer loop
      vertex 37.4626 9.57317 2
      vertex 37.4408 9.6499 2.7
      vertex 37.4408 9.6499 2
    endloop
  endfacet
  facet normal -0.96193 -0.273297 0
    outer loop
      vertex 37.4408 9.6499 2.7
      vertex 37.4626 9.57317 2
      vertex 37.4626 9.57317 2.7
    endloop
  endfacet
  facet normal -0.982002 -0.18887 0
    outer loop
      vertex 37.4781 9.49258 2
      vertex 37.4626 9.57317 2.7
      vertex 37.4626 9.57317 2
    endloop
  endfacet
  facet normal -0.982002 -0.18887 0
    outer loop
      vertex 37.4626 9.57317 2.7
      vertex 37.4781 9.49258 2
      vertex 37.4781 9.49258 2.7
    endloop
  endfacet
  facet normal -0.993987 -0.109501 0
    outer loop
      vertex 37.4874 9.40816 2
      vertex 37.4781 9.49258 2.7
      vertex 37.4781 9.49258 2
    endloop
  endfacet
  facet normal -0.993987 -0.109501 0
    outer loop
      vertex 37.4781 9.49258 2.7
      vertex 37.4874 9.40816 2
      vertex 37.4874 9.40816 2.7
    endloop
  endfacet
  facet normal -0.999384 -0.0350979 0
    outer loop
      vertex 37.4905 9.31989 2
      vertex 37.4874 9.40816 2.7
      vertex 37.4874 9.40816 2
    endloop
  endfacet
  facet normal -0.999384 -0.0350979 0
    outer loop
      vertex 37.4874 9.40816 2.7
      vertex 37.4905 9.31989 2
      vertex 37.4905 9.31989 2.7
    endloop
  endfacet
  facet normal -0.999562 0.0296049 0
    outer loop
      vertex 37.4875 9.2186 2
      vertex 37.4905 9.31989 2.7
      vertex 37.4905 9.31989 2
    endloop
  endfacet
  facet normal -0.999562 0.0296049 0
    outer loop
      vertex 37.4905 9.31989 2.7
      vertex 37.4875 9.2186 2
      vertex 37.4875 9.2186 2.7
    endloop
  endfacet
  facet normal -0.995375 0.0960667 0
    outer loop
      vertex 37.4782 9.12224 2
      vertex 37.4875 9.2186 2.7
      vertex 37.4875 9.2186 2
    endloop
  endfacet
  facet normal -0.995375 0.0960667 0
    outer loop
      vertex 37.4875 9.2186 2.7
      vertex 37.4782 9.12224 2
      vertex 37.4782 9.12224 2.7
    endloop
  endfacet
  facet normal -0.98593 0.167162 0
    outer loop
      vertex 37.4627 9.03082 2
      vertex 37.4782 9.12224 2.7
      vertex 37.4782 9.12224 2
    endloop
  endfacet
  facet normal -0.98593 0.167162 0
    outer loop
      vertex 37.4782 9.12224 2.7
      vertex 37.4627 9.03082 2
      vertex 37.4627 9.03082 2.7
    endloop
  endfacet
  facet normal -0.970195 0.242324 0
    outer loop
      vertex 37.4411 8.94434 2
      vertex 37.4627 9.03082 2.7
      vertex 37.4627 9.03082 2
    endloop
  endfacet
  facet normal -0.970195 0.242324 0
    outer loop
      vertex 37.4627 9.03082 2.7
      vertex 37.4411 8.94434 2
      vertex 37.4411 8.94434 2.7
    endloop
  endfacet
  facet normal -0.946526 0.322627 0
    outer loop
      vertex 37.4133 8.86278 2
      vertex 37.4411 8.94434 2.7
      vertex 37.4411 8.94434 2
    endloop
  endfacet
  facet normal -0.946526 0.322627 0
    outer loop
      vertex 37.4411 8.94434 2.7
      vertex 37.4133 8.86278 2
      vertex 37.4133 8.86278 2.7
    endloop
  endfacet
  facet normal -0.914048 0.405607 0
    outer loop
      vertex 37.3793 8.78616 2
      vertex 37.4133 8.86278 2.7
      vertex 37.4133 8.86278 2
    endloop
  endfacet
  facet normal -0.914048 0.405607 0
    outer loop
      vertex 37.4133 8.86278 2.7
      vertex 37.3793 8.78616 2
      vertex 37.3793 8.78616 2.7
    endloop
  endfacet
  facet normal -0.872689 0.488277 0
    outer loop
      vertex 37.3392 8.71449 2
      vertex 37.3793 8.78616 2.7
      vertex 37.3793 8.78616 2
    endloop
  endfacet
  facet normal -0.872689 0.488277 0
    outer loop
      vertex 37.3793 8.78616 2.7
      vertex 37.3392 8.71449 2
      vertex 37.3392 8.71449 2.7
    endloop
  endfacet
  facet normal -0.821066 0.570834 0
    outer loop
      vertex 37.2928 8.64775 2
      vertex 37.3392 8.71449 2.7
      vertex 37.3392 8.71449 2
    endloop
  endfacet
  facet normal -0.821066 0.570834 0
    outer loop
      vertex 37.3392 8.71449 2.7
      vertex 37.2928 8.64775 2
      vertex 37.2928 8.64775 2.7
    endloop
  endfacet
  facet normal -0.762174 0.647373 0
    outer loop
      vertex 37.2403 8.58594 2
      vertex 37.2928 8.64775 2.7
      vertex 37.2928 8.64775 2
    endloop
  endfacet
  facet normal -0.762174 0.647373 0
    outer loop
      vertex 37.2928 8.64775 2.7
      vertex 37.2403 8.58594 2
      vertex 37.2403 8.58594 2.7
    endloop
  endfacet
  facet normal -0.694787 0.719216 0
    outer loop
      vertex 37.2403 8.58594 2
      vertex 37.1823 8.52991 2.7
      vertex 37.2403 8.58594 2.7
    endloop
  endfacet
  facet normal -0.694787 0.719216 0
    outer loop
      vertex 37.1823 8.52991 2.7
      vertex 37.2403 8.58594 2
      vertex 37.1823 8.52991 2
    endloop
  endfacet
  facet normal -0.619181 0.785248 0
    outer loop
      vertex 37.1823 8.52991 2
      vertex 37.1196 8.48047 2.7
      vertex 37.1823 8.52991 2.7
    endloop
  endfacet
  facet normal -0.619181 0.785248 0
    outer loop
      vertex 37.1196 8.48047 2.7
      vertex 37.1823 8.52991 2
      vertex 37.1196 8.48047 2
    endloop
  endfacet
  facet normal -0.536034 0.844197 0
    outer loop
      vertex 37.1196 8.48047 2
      vertex 37.0521 8.43761 2.7
      vertex 37.1196 8.48047 2.7
    endloop
  endfacet
  facet normal -0.536034 0.844197 0
    outer loop
      vertex 37.0521 8.43761 2.7
      vertex 37.1196 8.48047 2
      vertex 37.0521 8.43761 2
    endloop
  endfacet
  facet normal -0.448797 0.893634 0
    outer loop
      vertex 37.0521 8.43761 2
      vertex 36.9799 8.40135 2.7
      vertex 37.0521 8.43761 2.7
    endloop
  endfacet
  facet normal -0.448797 0.893634 0
    outer loop
      vertex 36.9799 8.40135 2.7
      vertex 37.0521 8.43761 2
      vertex 36.9799 8.40135 2
    endloop
  endfacet
  facet normal -0.35945 0.933164 0
    outer loop
      vertex 36.9799 8.40135 2
      vertex 36.9029 8.37169 2.7
      vertex 36.9799 8.40135 2.7
    endloop
  endfacet
  facet normal -0.35945 0.933164 0
    outer loop
      vertex 36.9029 8.37169 2.7
      vertex 36.9799 8.40135 2
      vertex 36.9029 8.37169 2
    endloop
  endfacet
  facet normal -0.271748 0.962368 0
    outer loop
      vertex 36.9029 8.37169 2
      vertex 36.8212 8.34862 2.7
      vertex 36.9029 8.37169 2.7
    endloop
  endfacet
  facet normal -0.271748 0.962368 0
    outer loop
      vertex 36.8212 8.34862 2.7
      vertex 36.9029 8.37169 2
      vertex 36.8212 8.34862 2
    endloop
  endfacet
  facet normal -0.187363 0.982291 0
    outer loop
      vertex 36.8212 8.34862 2
      vertex 36.7348 8.33214 2.7
      vertex 36.8212 8.34862 2.7
    endloop
  endfacet
  facet normal -0.187363 0.982291 0
    outer loop
      vertex 36.7348 8.33214 2.7
      vertex 36.8212 8.34862 2
      vertex 36.7348 8.33214 2
    endloop
  endfacet
  facet normal -0.107811 0.994171 0
    outer loop
      vertex 36.7348 8.33214 2
      vertex 36.6436 8.32225 2.7
      vertex 36.7348 8.33214 2.7
    endloop
  endfacet
  facet normal -0.107811 0.994171 0
    outer loop
      vertex 36.6436 8.32225 2.7
      vertex 36.7348 8.33214 2
      vertex 36.6436 8.32225 2
    endloop
  endfacet
  facet normal -0.0343547 0.99941 0
    outer loop
      vertex 36.6436 8.32225 2
      vertex 36.5476 8.31895 2.7
      vertex 36.6436 8.32225 2.7
    endloop
  endfacet
  facet normal -0.0343547 0.99941 0
    outer loop
      vertex 36.5476 8.31895 2.7
      vertex 36.6436 8.32225 2
      vertex 36.5476 8.31895 2
    endloop
  endfacet
  facet normal 0.0513347 0.998682 -0
    outer loop
      vertex 36.5476 8.31895 2
      vertex 36.3943 8.32683 2.7
      vertex 36.5476 8.31895 2.7
    endloop
  endfacet
  facet normal 0.0513347 0.998682 0
    outer loop
      vertex 36.3943 8.32683 2.7
      vertex 36.5476 8.31895 2
      vertex 36.3943 8.32683 2
    endloop
  endfacet
  facet normal 0.166595 0.986025 -0
    outer loop
      vertex 36.3943 8.32683 2
      vertex 36.2545 8.35045 2.7
      vertex 36.3943 8.32683 2.7
    endloop
  endfacet
  facet normal 0.166595 0.986025 0
    outer loop
      vertex 36.2545 8.35045 2.7
      vertex 36.3943 8.32683 2
      vertex 36.2545 8.35045 2
    endloop
  endfacet
  facet normal 0.297595 0.954692 -0
    outer loop
      vertex 36.2545 8.35045 2
      vertex 36.1282 8.38982 2.7
      vertex 36.2545 8.35045 2.7
    endloop
  endfacet
  facet normal 0.297595 0.954692 0
    outer loop
      vertex 36.1282 8.38982 2.7
      vertex 36.2545 8.35045 2
      vertex 36.1282 8.38982 2
    endloop
  endfacet
  facet normal 0.438974 0.8985 -0
    outer loop
      vertex 36.1282 8.38982 2
      vertex 36.0154 8.44493 2.7
      vertex 36.1282 8.38982 2.7
    endloop
  endfacet
  facet normal 0.438974 0.8985 0
    outer loop
      vertex 36.0154 8.44493 2.7
      vertex 36.1282 8.38982 2
      vertex 36.0154 8.44493 2
    endloop
  endfacet
  facet normal 0.580587 0.814198 -0
    outer loop
      vertex 36.0154 8.44493 2
      vertex 35.916 8.51581 2.7
      vertex 36.0154 8.44493 2.7
    endloop
  endfacet
  facet normal 0.580587 0.814198 0
    outer loop
      vertex 35.916 8.51581 2.7
      vertex 36.0154 8.44493 2
      vertex 35.916 8.51581 2
    endloop
  endfacet
  facet normal 0.710421 0.703777 0
    outer loop
      vertex 35.916 8.51581 2.7
      vertex 35.8302 8.60242 2
      vertex 35.8302 8.60242 2.7
    endloop
  endfacet
  facet normal 0.710421 0.703777 0
    outer loop
      vertex 35.8302 8.60242 2
      vertex 35.916 8.51581 2.7
      vertex 35.916 8.51581 2
    endloop
  endfacet
  facet normal 0.816393 0.577497 0
    outer loop
      vertex 35.8302 8.60242 2.7
      vertex 35.7578 8.70477 2
      vertex 35.7578 8.70477 2.7
    endloop
  endfacet
  facet normal 0.816393 0.577497 0
    outer loop
      vertex 35.7578 8.70477 2
      vertex 35.8302 8.60242 2.7
      vertex 35.8302 8.60242 2
    endloop
  endfacet
  facet normal 0.894896 0.446274 0
    outer loop
      vertex 35.7578 8.70477 2.7
      vertex 35.6989 8.82288 2
      vertex 35.6989 8.82288 2.7
    endloop
  endfacet
  facet normal 0.894896 0.446274 0
    outer loop
      vertex 35.6989 8.82288 2
      vertex 35.7578 8.70477 2.7
      vertex 35.7578 8.70477 2
    endloop
  endfacet
  facet normal 0.947015 0.32119 0
    outer loop
      vertex 35.6989 8.82288 2.7
      vertex 35.6535 8.95674 2
      vertex 35.6535 8.95674 2.7
    endloop
  endfacet
  facet normal 0.947015 0.32119 0
    outer loop
      vertex 35.6535 8.95674 2
      vertex 35.6989 8.82288 2.7
      vertex 35.6989 8.82288 2
    endloop
  endfacet
  facet normal -0.114634 0.993408 0
    outer loop
      vertex 35.6535 8.95674 2
      vertex 35.0981 8.89265 2.7
      vertex 35.6535 8.95674 2.7
    endloop
  endfacet
  facet normal -0.114634 0.993408 0
    outer loop
      vertex 35.0981 8.89265 2.7
      vertex 35.6535 8.95674 2
      vertex 35.0981 8.89265 2
    endloop
  endfacet
  facet normal -0.973864 -0.227132 0
    outer loop
      vertex 35.1232 8.78503 2
      vertex 35.0981 8.89265 2.7
      vertex 35.0981 8.89265 2
    endloop
  endfacet
  facet normal -0.973864 -0.227132 0
    outer loop
      vertex 35.0981 8.89265 2.7
      vertex 35.1232 8.78503 2
      vertex 35.1232 8.78503 2.7
    endloop
  endfacet
  facet normal -0.954805 -0.297234 0
    outer loop
      vertex 35.1549 8.6832 2
      vertex 35.1232 8.78503 2.7
      vertex 35.1232 8.78503 2
    endloop
  endfacet
  facet normal -0.954805 -0.297234 0
    outer loop
      vertex 35.1232 8.78503 2.7
      vertex 35.1549 8.6832 2
      vertex 35.1549 8.6832 2.7
    endloop
  endfacet
  facet normal -0.928183 -0.372124 0
    outer loop
      vertex 35.1934 8.58717 2
      vertex 35.1549 8.6832 2.7
      vertex 35.1549 8.6832 2
    endloop
  endfacet
  facet normal -0.928183 -0.372124 0
    outer loop
      vertex 35.1549 8.6832 2.7
      vertex 35.1934 8.58717 2
      vertex 35.1934 8.58717 2.7
    endloop
  endfacet
  facet normal -0.89407 -0.447927 0
    outer loop
      vertex 35.2386 8.49695 2
      vertex 35.1934 8.58717 2.7
      vertex 35.1934 8.58717 2
    endloop
  endfacet
  facet normal -0.89407 -0.447927 0
    outer loop
      vertex 35.1934 8.58717 2.7
      vertex 35.2386 8.49695 2
      vertex 35.2386 8.49695 2.7
    endloop
  endfacet
  facet normal -0.852365 -0.522948 0
    outer loop
      vertex 35.2904 8.41252 2
      vertex 35.2386 8.49695 2.7
      vertex 35.2386 8.49695 2
    endloop
  endfacet
  facet normal -0.852365 -0.522948 0
    outer loop
      vertex 35.2386 8.49695 2.7
      vertex 35.2904 8.41252 2
      vertex 35.2904 8.41252 2.7
    endloop
  endfacet
  facet normal -0.80182 -0.597566 0
    outer loop
      vertex 35.349 8.33389 2
      vertex 35.2904 8.41252 2.7
      vertex 35.2904 8.41252 2
    endloop
  endfacet
  facet normal -0.80182 -0.597566 0
    outer loop
      vertex 35.2904 8.41252 2.7
      vertex 35.349 8.33389 2
      vertex 35.349 8.33389 2.7
    endloop
  endfacet
  facet normal -0.744457 -0.66767 0
    outer loop
      vertex 35.4143 8.26108 2
      vertex 35.349 8.33389 2.7
      vertex 35.349 8.33389 2
    endloop
  endfacet
  facet normal -0.744457 -0.66767 0
    outer loop
      vertex 35.349 8.33389 2.7
      vertex 35.4143 8.26108 2
      vertex 35.4143 8.26108 2.7
    endloop
  endfacet
  facet normal -0.68134 -0.731967 0
    outer loop
      vertex 35.4143 8.26108 2
      vertex 35.4863 8.19406 2.7
      vertex 35.4143 8.26108 2.7
    endloop
  endfacet
  facet normal -0.68134 -0.731967 -0
    outer loop
      vertex 35.4863 8.19406 2.7
      vertex 35.4143 8.26108 2
      vertex 35.4863 8.19406 2
    endloop
  endfacet
  facet normal -0.614059 -0.78926 0
    outer loop
      vertex 35.4863 8.19406 2
      vertex 35.565 8.13283 2.7
      vertex 35.4863 8.19406 2.7
    endloop
  endfacet
  facet normal -0.614059 -0.78926 -0
    outer loop
      vertex 35.565 8.13283 2.7
      vertex 35.4863 8.19406 2
      vertex 35.565 8.13283 2
    endloop
  endfacet
  facet normal -0.544189 -0.838963 0
    outer loop
      vertex 35.565 8.13283 2
      vertex 35.6499 8.07776 2.7
      vertex 35.565 8.13283 2.7
    endloop
  endfacet
  facet normal -0.544189 -0.838963 -0
    outer loop
      vertex 35.6499 8.07776 2.7
      vertex 35.565 8.13283 2
      vertex 35.6499 8.07776 2
    endloop
  endfacet
  facet normal -0.472707 -0.88122 0
    outer loop
      vertex 35.6499 8.07776 2
      vertex 35.7405 8.02916 2.7
      vertex 35.6499 8.07776 2.7
    endloop
  endfacet
  facet normal -0.472707 -0.88122 -0
    outer loop
      vertex 35.7405 8.02916 2.7
      vertex 35.6499 8.07776 2
      vertex 35.7405 8.02916 2
    endloop
  endfacet
  facet normal -0.40046 -0.916314 0
    outer loop
      vertex 35.7405 8.02916 2
      vertex 35.8369 7.98703 2.7
      vertex 35.7405 8.02916 2.7
    endloop
  endfacet
  facet normal -0.40046 -0.916314 -0
    outer loop
      vertex 35.8369 7.98703 2.7
      vertex 35.7405 8.02916 2
      vertex 35.8369 7.98703 2
    endloop
  endfacet
  facet normal -0.329485 -0.944161 0
    outer loop
      vertex 35.8369 7.98703 2
      vertex 35.939 7.9514 2.7
      vertex 35.8369 7.98703 2.7
    endloop
  endfacet
  facet normal -0.329485 -0.944161 -0
    outer loop
      vertex 35.939 7.9514 2.7
      vertex 35.8369 7.98703 2
      vertex 35.939 7.9514 2
    endloop
  endfacet
  facet normal -0.261117 -0.965307 0
    outer loop
      vertex 35.939 7.9514 2
      vertex 36.0468 7.92224 2.7
      vertex 35.939 7.9514 2.7
    endloop
  endfacet
  facet normal -0.261117 -0.965307 -0
    outer loop
      vertex 36.0468 7.92224 2.7
      vertex 35.939 7.9514 2
      vertex 36.0468 7.92224 2
    endloop
  endfacet
  facet normal -0.195867 -0.98063 0
    outer loop
      vertex 36.0468 7.92224 2
      vertex 36.1604 7.89955 2.7
      vertex 36.0468 7.92224 2.7
    endloop
  endfacet
  facet normal -0.195867 -0.98063 -0
    outer loop
      vertex 36.1604 7.89955 2.7
      vertex 36.0468 7.92224 2
      vertex 36.1604 7.89955 2
    endloop
  endfacet
  facet normal -0.134668 -0.990891 0
    outer loop
      vertex 36.1604 7.89955 2
      vertex 36.2796 7.88335 2.7
      vertex 36.1604 7.89955 2.7
    endloop
  endfacet
  facet normal -0.134668 -0.990891 -0
    outer loop
      vertex 36.2796 7.88335 2.7
      vertex 36.1604 7.89955 2
      vertex 36.2796 7.88335 2
    endloop
  endfacet
  facet normal -0.077526 -0.99699 0
    outer loop
      vertex 36.2796 7.88335 2
      vertex 36.4046 7.87363 2.7
      vertex 36.2796 7.88335 2.7
    endloop
  endfacet
  facet normal -0.077526 -0.99699 -0
    outer loop
      vertex 36.4046 7.87363 2.7
      vertex 36.2796 7.88335 2
      vertex 36.4046 7.87363 2
    endloop
  endfacet
  facet normal -0.024763 -0.999693 0
    outer loop
      vertex 36.4046 7.87363 2
      vertex 36.5354 7.87039 2.7
      vertex 36.4046 7.87363 2.7
    endloop
  endfacet
  facet normal -0.024763 -0.999693 -0
    outer loop
      vertex 36.5354 7.87039 2.7
      vertex 36.4046 7.87363 2
      vertex 36.5354 7.87039 2
    endloop
  endfacet
  facet normal 0.0309819 -0.99952 0
    outer loop
      vertex 36.5354 7.87039 2
      vertex 36.6909 7.87521 2.7
      vertex 36.5354 7.87039 2.7
    endloop
  endfacet
  facet normal 0.0309819 -0.99952 0
    outer loop
      vertex 36.6909 7.87521 2.7
      vertex 36.5354 7.87039 2
      vertex 36.6909 7.87521 2
    endloop
  endfacet
  facet normal 0 1 -0
    outer loop
      vertex 34.3178 8.59972 2
      vertex 33.7228 8.59972 2.7
      vertex 34.3178 8.59972 2.7
    endloop
  endfacet
  facet normal 0 1 0
    outer loop
      vertex 33.7228 8.59972 2.7
      vertex 34.3178 8.59972 2
      vertex 33.7228 8.59972 2
    endloop
  endfacet
  facet normal -1 0 0
    outer loop
      vertex 33.7228 7.93141 2
      vertex 33.7228 8.59972 2.7
      vertex 33.7228 8.59972 2
    endloop
  endfacet
  facet normal -1 -0 0
    outer loop
      vertex 33.7228 8.59972 2.7
      vertex 33.7228 7.93141 2
      vertex 33.7228 7.93141 2.7
    endloop
  endfacet
  facet normal 0 -1 0
    outer loop
      vertex 33.7228 7.93141 2
      vertex 34.3178 7.93141 2.7
      vertex 33.7228 7.93141 2.7
    endloop
  endfacet
  facet normal 0 -1 -0
    outer loop
      vertex 34.3178 7.93141 2.7
      vertex 33.7228 7.93141 2
      vertex 34.3178 7.93141 2
    endloop
  endfacet
  facet normal 1 -0 0
    outer loop
      vertex 34.3178 7.93141 2.7
      vertex 34.3178 8.59972 2
      vertex 34.3178 8.59972 2.7
    endloop
  endfacet
  facet normal 1 0 0
    outer loop
      vertex 34.3178 8.59972 2
      vertex 34.3178 7.93141 2.7
      vertex 34.3178 7.93141 2
    endloop
  endfacet
  facet normal 1 -0 0
    outer loop
      vertex 42.5 -6 2
      vertex 42.5 14 0
      vertex 42.5 14 2
    endloop
  endfacet
  facet normal 1 0 0
    outer loop
      vertex 42.5 14 0
      vertex 42.5 -6 2
      vertex 42.5 -6 0
    endloop
  endfacet
  facet normal 0 0 -1
    outer loop
      vertex -42.5 -6 0
      vertex 42.5 14 0
      vertex 42.5 -6 0
    endloop
  endfacet
  facet normal -0 0 -1
    outer loop
      vertex 42.5 14 0
      vertex -42.5 -6 0
      vertex -42.5 14 0
    endloop
  endfacet
  facet normal -1 0 0
    outer loop
      vertex -42.5 -6 0
      vertex -42.5 14 2
      vertex -42.5 14 0
    endloop
  endfacet
  facet normal -1 -0 0
    outer loop
      vertex -42.5 14 2
      vertex -42.5 -6 0
      vertex -42.5 -6 2
    endloop
  endfacet
  facet normal 0 1 -0
    outer loop
      vertex 42.5 14 0
      vertex -42.5 14 2
      vertex 42.5 14 2
    endloop
  endfacet
  facet normal 0 1 0
    outer loop
      vertex -42.5 14 2
      vertex 42.5 14 0
      vertex -42.5 14 0
    endloop
  endfacet
  facet normal 0 -1 0
    outer loop
      vertex -42.5 -6 0
      vertex 42.5 -6 2
      vertex -42.5 -6 2
    endloop
  endfacet
  facet normal 0 -1 -0
    outer loop
      vertex 42.5 -6 2
      vertex -42.5 -6 0
      vertex 42.5 -6 0
    endloop
  endfacet
endsolid OpenSCAD_Model
