solid OpenSCAD_Model
  facet normal -0.190841 -0.981621 0
    outer loop
      vertex -5.75 -19.3877 0
      vertex -5.42955 -19.45 14.5
      vertex -5.75 -19.3877 14.5
    endloop
  endfacet
  facet normal -0.190841 -0.981621 -0
    outer loop
      vertex -5.42955 -19.45 14.5
      vertex -5.75 -19.3877 0
      vertex -5.42955 -19.45 0
    endloop
  endfacet
  facet normal 0.190897 0.98161 -0
    outer loop
      vertex 40.1063 19.3184 0
      vertex 39.4296 19.45 14.5
      vertex 40.1063 19.3184 14.5
    endloop
  endfacet
  facet normal 0.190897 0.98161 0
    outer loop
      vertex 39.4296 19.45 14.5
      vertex 40.1063 19.3184 0
      vertex 39.4296 19.45 0
    endloop
  endfacet
  facet normal 0.258818 0.965926 -0
    outer loop
      vertex 41.4438 18.9849 0
      vertex 40.778 19.1633 14.5
      vertex 41.4438 18.9849 14.5
    endloop
  endfacet
  facet normal 0.258818 0.965926 0
    outer loop
      vertex 40.778 19.1633 14.5
      vertex 41.4438 18.9849 0
      vertex 40.778 19.1633 0
    endloop
  endfacet
  facet normal 0.390766 0.92049 -0
    outer loop
      vertex 44.0331 18.0425 0
      vertex 43.3985 18.3119 14.5
      vertex 44.0331 18.0425 14.5
    endloop
  endfacet
  facet normal 0.390766 0.92049 0
    outer loop
      vertex 43.3985 18.3119 14.5
      vertex 44.0331 18.0425 0
      vertex 43.3985 18.3119 0
    endloop
  endfacet
  facet normal 0.0523685 0.998628 -0
    outer loop
      vertex 37.3777 19.7019 0
      vertex 36.6893 19.738 14.5
      vertex 37.3777 19.7019 14.5
    endloop
  endfacet
  facet normal 0.0523685 0.998628 0
    outer loop
      vertex 36.6893 19.738 14.5
      vertex 37.3777 19.7019 0
      vertex 36.6893 19.738 0
    endloop
  endfacet
  facet normal -0.0871804 0.996193 0
    outer loop
      vertex -3.37769 19.7019 0
      vertex -4.06444 19.6418 14.5
      vertex -3.37769 19.7019 14.5
    endloop
  endfacet
  facet normal -0.0871804 0.996193 0
    outer loop
      vertex -4.06444 19.6418 14.5
      vertex -3.37769 19.7019 0
      vertex -4.06444 19.6418 0
    endloop
  endfacet
  facet normal 0.731407 0.681941 0
    outer loop
      vertex 50.6771 13.2153 14.5
      vertex 50.207 13.7195 0
      vertex 50.207 13.7195 14.5
    endloop
  endfacet
  facet normal 0.731407 0.681941 0
    outer loop
      vertex 50.207 13.7195 0
      vertex 50.6771 13.2153 14.5
      vertex 50.6771 13.2153 0
    endloop
  endfacet
  facet normal 0.224987 0.974362 -0
    outer loop
      vertex 40.778 19.1633 0
      vertex 40.1063 19.3184 14.5
      vertex 40.778 19.1633 14.5
    endloop
  endfacet
  facet normal 0.224987 0.974362 0
    outer loop
      vertex 40.1063 19.3184 14.5
      vertex 40.778 19.1633 0
      vertex 40.1063 19.3184 0
    endloop
  endfacet
  facet normal 0.422615 0.906309 -0
    outer loop
      vertex 44.6578 17.7512 0
      vertex 44.0331 18.0425 14.5
      vertex 44.6578 17.7512 14.5
    endloop
  endfacet
  facet normal 0.422615 0.906309 0
    outer loop
      vertex 44.0331 18.0425 14.5
      vertex 44.6578 17.7512 0
      vertex 44.0331 18.0425 0
    endloop
  endfacet
  facet normal 0.974362 0.224987 0
    outer loop
      vertex 55.3184 4.10626 14.5
      vertex 55.1633 4.77796 0
      vertex 55.1633 4.77796 14.5
    endloop
  endfacet
  facet normal 0.974362 0.224987 0
    outer loop
      vertex 55.1633 4.77796 0
      vertex 55.3184 4.10626 14.5
      vertex 55.3184 4.10626 0
    endloop
  endfacet
  facet normal 0.0174063 -0.999848 0
    outer loop
      vertex 36 -19.75 0
      vertex 36.6893 -19.738 14.5
      vertex 36 -19.75 14.5
    endloop
  endfacet
  facet normal 0.0174063 -0.999848 0
    outer loop
      vertex 36.6893 -19.738 14.5
      vertex 36 -19.75 0
      vertex 36.6893 -19.738 0
    endloop
  endfacet
  facet normal 0.484817 0.874615 -0
    outer loop
      vertex 45.875 17.104 0
      vertex 45.2721 17.4382 14.5
      vertex 45.875 17.104 14.5
    endloop
  endfacet
  facet normal 0.484817 0.874615 0
    outer loop
      vertex 45.2721 17.4382 14.5
      vertex 45.875 17.104 0
      vertex 45.2721 17.4382 0
    endloop
  endfacet
  facet normal 0 -1 0
    outer loop
      vertex -2 -19.75 14.5
      vertex 9 -19.75 3.5
      vertex 9 -19.75 14.5
    endloop
  endfacet
  facet normal 0 -1 -0
    outer loop
      vertex 9 -19.75 3.5
      vertex -2 -19.75 0
      vertex 25 -19.75 3.5
    endloop
  endfacet
  facet normal 0 -1 0
    outer loop
      vertex -2 -19.75 0
      vertex 9 -19.75 3.5
      vertex -2 -19.75 14.5
    endloop
  endfacet
  facet normal 0 -1 0
    outer loop
      vertex 25 -19.75 3.5
      vertex 36 -19.75 14.5
      vertex 25 -19.75 14.5
    endloop
  endfacet
  facet normal 0 -1 0
    outer loop
      vertex 25 -19.75 3.5
      vertex 36 -19.75 0
      vertex 36 -19.75 14.5
    endloop
  endfacet
  facet normal 0 -1 0
    outer loop
      vertex 36 -19.75 0
      vertex 25 -19.75 3.5
      vertex -2 -19.75 0
    endloop
  endfacet
  facet normal 0.656139 0.75464 -0
    outer loop
      vertex 49.2153 14.6771 0
      vertex 48.6951 15.1294 14.5
      vertex 49.2153 14.6771 14.5
    endloop
  endfacet
  facet normal 0.656139 0.75464 0
    outer loop
      vertex 48.6951 15.1294 14.5
      vertex 49.2153 14.6771 0
      vertex 48.6951 15.1294 0
    endloop
  endfacet
  facet normal 0.325655 -0.945489 0
    outer loop
      vertex 42.1031 -18.7834 0
      vertex 42.7549 -18.5589 14.5
      vertex 42.1031 -18.7834 14.5
    endloop
  endfacet
  facet normal 0.325655 -0.945489 0
    outer loop
      vertex 42.7549 -18.5589 14.5
      vertex 42.1031 -18.7834 0
      vertex 42.7549 -18.5589 0
    endloop
  endfacet
  facet normal 0 1 0
    outer loop
      vertex 36 19.75 14.5
      vertex 25 19.75 3.5
      vertex 25 19.75 14.5
    endloop
  endfacet
  facet normal 0 1 0
    outer loop
      vertex 25 19.75 3.5
      vertex 36 19.75 0
      vertex 9 19.75 3.5
    endloop
  endfacet
  facet normal 0 1 -0
    outer loop
      vertex 36 19.75 0
      vertex 25 19.75 3.5
      vertex 36 19.75 14.5
    endloop
  endfacet
  facet normal 0 1 -0
    outer loop
      vertex 9 19.75 3.5
      vertex -2 19.75 14.5
      vertex 9 19.75 14.5
    endloop
  endfacet
  facet normal 0 1 0
    outer loop
      vertex 9 19.75 3.5
      vertex -2 19.75 0
      vertex -2 19.75 14.5
    endloop
  endfacet
  facet normal 0 1 0
    outer loop
      vertex -2 19.75 0
      vertex 9 19.75 3.5
      vertex 36 19.75 0
    endloop
  endfacet
  facet normal 0.453989 0.891007 -0
    outer loop
      vertex 45.2721 17.4382 0
      vertex 44.6578 17.7512 14.5
      vertex 45.2721 17.4382 14.5
    endloop
  endfacet
  facet normal 0.453989 0.891007 0
    outer loop
      vertex 44.6578 17.7512 14.5
      vertex 45.2721 17.4382 0
      vertex 44.6578 17.7512 0
    endloop
  endfacet
  facet normal 0.0174063 0.999848 -0
    outer loop
      vertex 36.6893 19.738 0
      vertex 36 19.75 14.5
      vertex 36.6893 19.738 14.5
    endloop
  endfacet
  facet normal 0.0174063 0.999848 0
    outer loop
      vertex 36 19.75 14.5
      vertex 36.6893 19.738 0
      vertex 36 19.75 0
    endloop
  endfacet
  facet normal 0.573569 -0.819157 0
    outer loop
      vertex 47.0441 -16.3735 0
      vertex 47.6088 -15.9781 14.5
      vertex 47.0441 -16.3735 14.5
    endloop
  endfacet
  facet normal 0.573569 -0.819157 0
    outer loop
      vertex 47.6088 -15.9781 14.5
      vertex 47.0441 -16.3735 0
      vertex 47.6088 -15.9781 0
    endloop
  endfacet
  facet normal 0.358299 -0.933607 0
    outer loop
      vertex 42.7549 -18.5589 0
      vertex 43.3985 -18.3119 14.5
      vertex 42.7549 -18.5589 14.5
    endloop
  endfacet
  facet normal 0.358299 -0.933607 0
    outer loop
      vertex 43.3985 -18.3119 14.5
      vertex 42.7549 -18.5589 0
      vertex 43.3985 -18.3119 0
    endloop
  endfacet
  facet normal 0.75464 0.656139 0
    outer loop
      vertex 51.1294 12.6951 14.5
      vertex 50.6771 13.2153 0
      vertex 50.6771 13.2153 14.5
    endloop
  endfacet
  facet normal 0.75464 0.656139 0
    outer loop
      vertex 50.6771 13.2153 0
      vertex 51.1294 12.6951 14.5
      vertex 51.1294 12.6951 0
    endloop
  endfacet
  facet normal 0.890986 0.45403 0
    outer loop
      vertex 53.7512 8.65783 14.5
      vertex 53.4382 9.27206 0
      vertex 53.4382 9.27206 14.5
    endloop
  endfacet
  facet normal 0.890986 0.45403 0
    outer loop
      vertex 53.4382 9.27206 0
      vertex 53.7512 8.65783 14.5
      vertex 53.7512 8.65783 0
    endloop
  endfacet
  facet normal -0.121851 -0.992548 0
    outer loop
      vertex -4.74867 -19.5578 0
      vertex -4.06444 -19.6418 14.5
      vertex -4.74867 -19.5578 14.5
    endloop
  endfacet
  facet normal -0.121851 -0.992548 -0
    outer loop
      vertex -4.06444 -19.6418 14.5
      vertex -4.74867 -19.5578 0
      vertex -4.06444 -19.6418 0
    endloop
  endfacet
  facet normal 0.956326 -0.292301 0
    outer loop
      vertex 54.7834 -6.10309 14.5
      vertex 54.9849 -5.44384 0
      vertex 54.9849 -5.44384 14.5
    endloop
  endfacet
  facet normal 0.956326 -0.292301 0
    outer loop
      vertex 54.9849 -5.44384 0
      vertex 54.7834 -6.10309 14.5
      vertex 54.7834 -6.10309 0
    endloop
  endfacet
  facet normal -0.156377 -0.987697 0
    outer loop
      vertex -5.42955 -19.45 0
      vertex -4.74867 -19.5578 14.5
      vertex -5.42955 -19.45 14.5
    endloop
  endfacet
  facet normal -0.156377 -0.987697 -0
    outer loop
      vertex -4.74867 -19.5578 14.5
      vertex -5.42955 -19.45 0
      vertex -4.74867 -19.5578 0
    endloop
  endfacet
  facet normal 0.224987 -0.974362 0
    outer loop
      vertex 40.1063 -19.3184 0
      vertex 40.778 -19.1633 14.5
      vertex 40.1063 -19.3184 14.5
    endloop
  endfacet
  facet normal 0.224987 -0.974362 0
    outer loop
      vertex 40.778 -19.1633 14.5
      vertex 40.1063 -19.3184 0
      vertex 40.778 -19.1633 0
    endloop
  endfacet
  facet normal 0.90633 -0.422571 0
    outer loop
      vertex 53.7512 -8.65783 14.5
      vertex 54.0425 -8.03305 0
      vertex 54.0425 -8.03305 14.5
    endloop
  endfacet
  facet normal 0.90633 -0.422571 0
    outer loop
      vertex 54.0425 -8.03305 0
      vertex 53.7512 -8.65783 14.5
      vertex 53.7512 -8.65783 0
    endloop
  endfacet
  facet normal 0.292281 0.956332 -0
    outer loop
      vertex 42.1031 18.7834 0
      vertex 41.4438 18.9849 14.5
      vertex 42.1031 18.7834 14.5
    endloop
  endfacet
  facet normal 0.292281 0.956332 0
    outer loop
      vertex 41.4438 18.9849 14.5
      vertex 42.1031 18.7834 0
      vertex 41.4438 18.9849 0
    endloop
  endfacet
  facet normal 0.601878 0.798588 -0
    outer loop
      vertex 48.1593 15.5632 0
      vertex 47.6088 15.9781 14.5
      vertex 48.1593 15.5632 14.5
    endloop
  endfacet
  facet normal 0.601878 0.798588 0
    outer loop
      vertex 47.6088 15.9781 14.5
      vertex 48.1593 15.5632 0
      vertex 47.6088 15.9781 0
    endloop
  endfacet
  facet normal 0.965934 0.258789 0
    outer loop
      vertex 55.1633 4.77796 14.5
      vertex 54.9849 5.44384 0
      vertex 54.9849 5.44384 14.5
    endloop
  endfacet
  facet normal 0.965934 0.258789 0
    outer loop
      vertex 54.9849 5.44384 0
      vertex 55.1633 4.77796 14.5
      vertex 55.1633 4.77796 0
    endloop
  endfacet
  facet normal 0 0 1
    outer loop
      vertex -8.27466 15.5303 14.5
      vertex -5.75 19.3877 14.5
      vertex -5.75 19.75 14.5
    endloop
  endfacet
  facet normal 0 0 1
    outer loop
      vertex -5.75 19.3877 14.5
      vertex -6.61693 16.1011 14.5
      vertex -6.05219 16.2525 14.5
    endloop
  endfacet
  facet normal 0 0 1
    outer loop
      vertex -5.75 19.3877 14.5
      vertex -7.17603 15.9302 14.5
      vertex -6.61693 16.1011 14.5
    endloop
  endfacet
  facet normal 0 0 1
    outer loop
      vertex -5.75 19.3877 14.5
      vertex -7.72884 15.7399 14.5
      vertex -7.17603 15.9302 14.5
    endloop
  endfacet
  facet normal 0 0 1
    outer loop
      vertex -5.75 19.3877 14.5
      vertex -8.27466 15.5303 14.5
      vertex -7.72884 15.7399 14.5
    endloop
  endfacet
  facet normal 0 0 1
    outer loop
      vertex -5.75 19.75 14.5
      vertex -8.81284 15.3019 14.5
      vertex -8.27466 15.5303 14.5
    endloop
  endfacet
  facet normal 0 0 1
    outer loop
      vertex -5.75 19.75 14.5
      vertex -9.34272 15.0548 14.5
      vertex -8.81284 15.3019 14.5
    endloop
  endfacet
  facet normal 0 0 1
    outer loop
      vertex -5.75 19.75 14.5
      vertex -9.86365 14.7894 14.5
      vertex -9.34272 15.0548 14.5
    endloop
  endfacet
  facet normal 0 0 1
    outer loop
      vertex -5.75 19.75 14.5
      vertex -10.375 14.5059 14.5
      vertex -9.86365 14.7894 14.5
    endloop
  endfacet
  facet normal 0 0 1
    outer loop
      vertex -5.75 19.75 14.5
      vertex -10.8761 14.2048 14.5
      vertex -10.375 14.5059 14.5
    endloop
  endfacet
  facet normal -0 0 1
    outer loop
      vertex -31.75 19.75 14.5
      vertex -10.8761 14.2048 14.5
      vertex -5.75 19.75 14.5
    endloop
  endfacet
  facet normal 0 0 1
    outer loop
      vertex -10.8761 14.2048 14.5
      vertex -31.75 19.75 14.5
      vertex -11.3665 13.8864 14.5
    endloop
  endfacet
  facet normal 0 0 1
    outer loop
      vertex -11.3665 13.8864 14.5
      vertex -31.75 19.75 14.5
      vertex -11.8454 13.551 14.5
    endloop
  endfacet
  facet normal 0 0 1
    outer loop
      vertex -11.8454 13.551 14.5
      vertex -31.75 19.75 14.5
      vertex -12.3123 13.1992 14.5
    endloop
  endfacet
  facet normal 0 0 1
    outer loop
      vertex -12.3123 13.1992 14.5
      vertex -31.75 19.75 14.5
      vertex -12.7667 12.8312 14.5
    endloop
  endfacet
  facet normal 0 0 1
    outer loop
      vertex -12.7667 12.8312 14.5
      vertex -31.75 19.75 14.5
      vertex -13.2079 12.4477 14.5
    endloop
  endfacet
  facet normal 0 0 1
    outer loop
      vertex -17.3019 6.81284 14.5
      vertex -17.5312 9 14.5
      vertex -17.5303 6.27466 14.5
    endloop
  endfacet
  facet normal 0 0 1
    outer loop
      vertex -17.0548 7.34272 14.5
      vertex -17.5312 9 14.5
      vertex -17.3019 6.81284 14.5
    endloop
  endfacet
  facet normal 0 0 1
    outer loop
      vertex -16.7894 7.86365 14.5
      vertex -17.5312 9 14.5
      vertex -17.0548 7.34272 14.5
    endloop
  endfacet
  facet normal 0 0 1
    outer loop
      vertex -16.5059 8.375 14.5
      vertex -17.5312 9 14.5
      vertex -16.7894 7.86365 14.5
    endloop
  endfacet
  facet normal 0 0 1
    outer loop
      vertex -16.2048 8.87615 14.5
      vertex -17.5312 9 14.5
      vertex -16.5059 8.375 14.5
    endloop
  endfacet
  facet normal 0 0 1
    outer loop
      vertex -15.8864 9.36648 14.5
      vertex -17.5312 9 14.5
      vertex -16.2048 8.87615 14.5
    endloop
  endfacet
  facet normal 0 0 1
    outer loop
      vertex -15.551 9.8454 14.5
      vertex -17.5312 9 14.5
      vertex -15.8864 9.36648 14.5
    endloop
  endfacet
  facet normal 0 0 1
    outer loop
      vertex -15.1992 10.3123 14.5
      vertex -17.5312 9 14.5
      vertex -15.551 9.8454 14.5
    endloop
  endfacet
  facet normal 0 0 1
    outer loop
      vertex -14.8312 10.7667 14.5
      vertex -17.5312 9 14.5
      vertex -15.1992 10.3123 14.5
    endloop
  endfacet
  facet normal 0 0 1
    outer loop
      vertex -14.4477 11.2079 14.5
      vertex -17.5312 9 14.5
      vertex -14.8312 10.7667 14.5
    endloop
  endfacet
  facet normal 0 0 1
    outer loop
      vertex -31.75 19.75 14.5
      vertex -14.4477 11.2079 14.5
      vertex -14.0489 11.6355 14.5
    endloop
  endfacet
  facet normal 0 0 1
    outer loop
      vertex -31.75 19.75 14.5
      vertex -14.0489 11.6355 14.5
      vertex -13.6355 12.0489 14.5
    endloop
  endfacet
  facet normal 0 0 1
    outer loop
      vertex -13.2079 12.4477 14.5
      vertex -31.75 19.75 14.5
      vertex -13.6355 12.0489 14.5
    endloop
  endfacet
  facet normal 0 0 1
    outer loop
      vertex -14.4477 11.2079 14.5
      vertex -31.75 19.75 14.5
      vertex -17.5312 9 14.5
    endloop
  endfacet
  facet normal 0 0 1
    outer loop
      vertex -17.5312 9 14.5
      vertex -31.75 19.75 14.5
      vertex -31.75 9 14.5
    endloop
  endfacet
  facet normal -0 0 1
    outer loop
      vertex -2 19.75 14.5
      vertex 9 16.75 14.5
      vertex 9 19.75 14.5
    endloop
  endfacet
  facet normal 0 0 1
    outer loop
      vertex -2 19.75 14.5
      vertex -2 16.75 14.5
      vertex 9 16.75 14.5
    endloop
  endfacet
  facet normal 0 0 1
    outer loop
      vertex -2 19.75 14.5
      vertex -2.58457 16.7398 14.5
      vertex -2 16.75 14.5
    endloop
  endfacet
  facet normal -0 0 1
    outer loop
      vertex -2.68926 19.738 14.5
      vertex -2.58457 16.7398 14.5
      vertex -2 19.75 14.5
    endloop
  endfacet
  facet normal 0 0 1
    outer loop
      vertex -2.68926 19.738 14.5
      vertex -3.16842 16.7092 14.5
      vertex -2.58457 16.7398 14.5
    endloop
  endfacet
  facet normal -0 0 1
    outer loop
      vertex -3.37769 19.7019 14.5
      vertex -3.16842 16.7092 14.5
      vertex -2.68926 19.738 14.5
    endloop
  endfacet
  facet normal 0 0 1
    outer loop
      vertex -3.37769 19.7019 14.5
      vertex -3.75085 16.6582 14.5
      vertex -3.16842 16.7092 14.5
    endloop
  endfacet
  facet normal -0 0 1
    outer loop
      vertex -4.06444 19.6418 14.5
      vertex -3.75085 16.6582 14.5
      vertex -3.37769 19.7019 14.5
    endloop
  endfacet
  facet normal 0 0 1
    outer loop
      vertex -4.06444 19.6418 14.5
      vertex -4.33115 16.587 14.5
      vertex -3.75085 16.6582 14.5
    endloop
  endfacet
  facet normal -0 0 1
    outer loop
      vertex -4.74867 19.5578 14.5
      vertex -4.33115 16.587 14.5
      vertex -4.06444 19.6418 14.5
    endloop
  endfacet
  facet normal 0 0 1
    outer loop
      vertex -4.74867 19.5578 14.5
      vertex -4.90861 16.4955 14.5
      vertex -4.33115 16.587 14.5
    endloop
  endfacet
  facet normal -0 0 1
    outer loop
      vertex -5.42955 19.45 14.5
      vertex -4.90861 16.4955 14.5
      vertex -4.74867 19.5578 14.5
    endloop
  endfacet
  facet normal -0 0 1
    outer loop
      vertex -5.75 19.3877 14.5
      vertex -4.90861 16.4955 14.5
      vertex -5.42955 19.45 14.5
    endloop
  endfacet
  facet normal 0 0 1
    outer loop
      vertex -4.90861 16.4955 14.5
      vertex -5.75 19.3877 14.5
      vertex -5.48252 16.384 14.5
    endloop
  endfacet
  facet normal 0 0 1
    outer loop
      vertex -5.48252 16.384 14.5
      vertex -5.75 19.3877 14.5
      vertex -6.05219 16.2525 14.5
    endloop
  endfacet
  facet normal 0 0 1
    outer loop
      vertex -17.5303 6.27466 14.5
      vertex -17.5312 9 14.5
      vertex -17.5312 6.27226 14.5
    endloop
  endfacet
  facet normal -0 0 1
    outer loop
      vertex -2 -16.75 14.5
      vertex 9 -19.75 14.5
      vertex 9 -16.75 14.5
    endloop
  endfacet
  facet normal 0 0 1
    outer loop
      vertex -2 -16.75 14.5
      vertex -2 -19.75 14.5
      vertex 9 -19.75 14.5
    endloop
  endfacet
  facet normal 0 0 1
    outer loop
      vertex -2.58457 -16.7398 14.5
      vertex -2 -19.75 14.5
      vertex -2 -16.75 14.5
    endloop
  endfacet
  facet normal 0 0 1
    outer loop
      vertex -2.58457 -16.7398 14.5
      vertex -2.68926 -19.738 14.5
      vertex -2 -19.75 14.5
    endloop
  endfacet
  facet normal 0 0 1
    outer loop
      vertex -3.16842 -16.7092 14.5
      vertex -2.68926 -19.738 14.5
      vertex -2.58457 -16.7398 14.5
    endloop
  endfacet
  facet normal 0 0 1
    outer loop
      vertex -3.16842 -16.7092 14.5
      vertex -3.37769 -19.7019 14.5
      vertex -2.68926 -19.738 14.5
    endloop
  endfacet
  facet normal 0 0 1
    outer loop
      vertex -3.75085 -16.6582 14.5
      vertex -3.37769 -19.7019 14.5
      vertex -3.16842 -16.7092 14.5
    endloop
  endfacet
  facet normal 0 0 1
    outer loop
      vertex -3.75085 -16.6582 14.5
      vertex -4.06444 -19.6418 14.5
      vertex -3.37769 -19.7019 14.5
    endloop
  endfacet
  facet normal 0 0 1
    outer loop
      vertex -4.33115 -16.587 14.5
      vertex -4.06444 -19.6418 14.5
      vertex -3.75085 -16.6582 14.5
    endloop
  endfacet
  facet normal 0 0 1
    outer loop
      vertex -4.33115 -16.587 14.5
      vertex -4.74867 -19.5578 14.5
      vertex -4.06444 -19.6418 14.5
    endloop
  endfacet
  facet normal 0 0 1
    outer loop
      vertex -4.90861 -16.4955 14.5
      vertex -4.74867 -19.5578 14.5
      vertex -4.33115 -16.587 14.5
    endloop
  endfacet
  facet normal 0 0 1
    outer loop
      vertex -4.90861 -16.4955 14.5
      vertex -5.42955 -19.45 14.5
      vertex -4.74867 -19.5578 14.5
    endloop
  endfacet
  facet normal 0 0 1
    outer loop
      vertex -5.75 -19.3877 14.5
      vertex -4.90861 -16.4955 14.5
      vertex -5.48252 -16.384 14.5
    endloop
  endfacet
  facet normal 0 0 1
    outer loop
      vertex -4.90861 -16.4955 14.5
      vertex -5.75 -19.3877 14.5
      vertex -5.42955 -19.45 14.5
    endloop
  endfacet
  facet normal 0 0 1
    outer loop
      vertex -6.05219 -16.2525 14.5
      vertex -5.75 -19.3877 14.5
      vertex -5.48252 -16.384 14.5
    endloop
  endfacet
  facet normal 0 0 1
    outer loop
      vertex -6.61693 -16.1011 14.5
      vertex -5.75 -19.3877 14.5
      vertex -6.05219 -16.2525 14.5
    endloop
  endfacet
  facet normal 0 0 1
    outer loop
      vertex -7.17603 -15.9302 14.5
      vertex -5.75 -19.3877 14.5
      vertex -6.61693 -16.1011 14.5
    endloop
  endfacet
  facet normal 0 0 1
    outer loop
      vertex -7.72884 -15.7399 14.5
      vertex -5.75 -19.3877 14.5
      vertex -7.17603 -15.9302 14.5
    endloop
  endfacet
  facet normal 0 0 1
    outer loop
      vertex -8.27466 -15.5303 14.5
      vertex -5.75 -19.3877 14.5
      vertex -7.72884 -15.7399 14.5
    endloop
  endfacet
  facet normal 0 0 1
    outer loop
      vertex -5.75 -19.3877 14.5
      vertex -8.27466 -15.5303 14.5
      vertex -5.75 -19.75 14.5
    endloop
  endfacet
  facet normal 0 0 1
    outer loop
      vertex -8.81284 -15.3019 14.5
      vertex -5.75 -19.75 14.5
      vertex -8.27466 -15.5303 14.5
    endloop
  endfacet
  facet normal 0 0 1
    outer loop
      vertex -9.34272 -15.0548 14.5
      vertex -5.75 -19.75 14.5
      vertex -8.81284 -15.3019 14.5
    endloop
  endfacet
  facet normal 0 0 1
    outer loop
      vertex -9.86365 -14.7894 14.5
      vertex -5.75 -19.75 14.5
      vertex -9.34272 -15.0548 14.5
    endloop
  endfacet
  facet normal 0 0 1
    outer loop
      vertex -10.375 -14.5059 14.5
      vertex -5.75 -19.75 14.5
      vertex -9.86365 -14.7894 14.5
    endloop
  endfacet
  facet normal 0 0 1
    outer loop
      vertex -10.8761 -14.2048 14.5
      vertex -5.75 -19.75 14.5
      vertex -10.375 -14.5059 14.5
    endloop
  endfacet
  facet normal 0 0 1
    outer loop
      vertex -31.75 -19.75 14.5
      vertex -10.8761 -14.2048 14.5
      vertex -11.3665 -13.8864 14.5
    endloop
  endfacet
  facet normal 0 0 1
    outer loop
      vertex -31.75 -19.75 14.5
      vertex -11.3665 -13.8864 14.5
      vertex -11.8454 -13.551 14.5
    endloop
  endfacet
  facet normal 0 0 1
    outer loop
      vertex -31.75 -19.75 14.5
      vertex -11.8454 -13.551 14.5
      vertex -12.3123 -13.1992 14.5
    endloop
  endfacet
  facet normal 0 0 1
    outer loop
      vertex -31.75 -19.75 14.5
      vertex -12.3123 -13.1992 14.5
      vertex -12.7667 -12.8312 14.5
    endloop
  endfacet
  facet normal 0 0 1
    outer loop
      vertex -31.75 -19.75 14.5
      vertex -12.7667 -12.8312 14.5
      vertex -13.2079 -12.4477 14.5
    endloop
  endfacet
  facet normal 0 0 1
    outer loop
      vertex -31.75 -19.75 14.5
      vertex -13.2079 -12.4477 14.5
      vertex -13.6355 -12.0489 14.5
    endloop
  endfacet
  facet normal 0 0 1
    outer loop
      vertex -17.5312 -9 14.5
      vertex -17.5303 -6.27466 14.5
      vertex -17.5312 -6.27226 14.5
    endloop
  endfacet
  facet normal 0 0 1
    outer loop
      vertex -17.5312 -9 14.5
      vertex -17.3019 -6.81284 14.5
      vertex -17.5303 -6.27466 14.5
    endloop
  endfacet
  facet normal 0 0 1
    outer loop
      vertex -17.5312 -9 14.5
      vertex -17.0548 -7.34272 14.5
      vertex -17.3019 -6.81284 14.5
    endloop
  endfacet
  facet normal 0 0 1
    outer loop
      vertex -17.5312 -9 14.5
      vertex -16.7894 -7.86365 14.5
      vertex -17.0548 -7.34272 14.5
    endloop
  endfacet
  facet normal 0 0 1
    outer loop
      vertex -17.5312 -9 14.5
      vertex -16.5059 -8.375 14.5
      vertex -16.7894 -7.86365 14.5
    endloop
  endfacet
  facet normal 0 0 1
    outer loop
      vertex -17.5312 -9 14.5
      vertex -16.2048 -8.87615 14.5
      vertex -16.5059 -8.375 14.5
    endloop
  endfacet
  facet normal -0 0 1
    outer loop
      vertex -17.5312 -9 14.5
      vertex -15.8864 -9.36648 14.5
      vertex -16.2048 -8.87615 14.5
    endloop
  endfacet
  facet normal 0 0 1
    outer loop
      vertex -17.5312 -9 14.5
      vertex -15.551 -9.8454 14.5
      vertex -15.8864 -9.36648 14.5
    endloop
  endfacet
  facet normal 0 0 1
    outer loop
      vertex -17.5312 -9 14.5
      vertex -15.1992 -10.3123 14.5
      vertex -15.551 -9.8454 14.5
    endloop
  endfacet
  facet normal 0 0 1
    outer loop
      vertex -17.5312 -9 14.5
      vertex -14.8312 -10.7667 14.5
      vertex -15.1992 -10.3123 14.5
    endloop
  endfacet
  facet normal 0 0 1
    outer loop
      vertex -17.5312 -9 14.5
      vertex -14.4477 -11.2079 14.5
      vertex -14.8312 -10.7667 14.5
    endloop
  endfacet
  facet normal 0 0 1
    outer loop
      vertex -31.75 -19.75 14.5
      vertex -14.4477 -11.2079 14.5
      vertex -17.5312 -9 14.5
    endloop
  endfacet
  facet normal 0 0 1
    outer loop
      vertex -14.4477 -11.2079 14.5
      vertex -31.75 -19.75 14.5
      vertex -14.0489 -11.6355 14.5
    endloop
  endfacet
  facet normal 0 0 1
    outer loop
      vertex -14.0489 -11.6355 14.5
      vertex -31.75 -19.75 14.5
      vertex -13.6355 -12.0489 14.5
    endloop
  endfacet
  facet normal 0 0 1
    outer loop
      vertex -31.75 -19.75 14.5
      vertex -17.5312 -9 14.5
      vertex -31.75 -9 14.5
    endloop
  endfacet
  facet normal 0 0 1
    outer loop
      vertex -10.8761 -14.2048 14.5
      vertex -31.75 -19.75 14.5
      vertex -5.75 -19.75 14.5
    endloop
  endfacet
  facet normal 0 0 1
    outer loop
      vertex 52.75 0 14.5
      vertex 55.75 0 14.5
      vertex 55.738 0.689264 14.5
    endloop
  endfacet
  facet normal 0 0 1
    outer loop
      vertex 52.7398 0.584566 14.5
      vertex 55.738 0.689264 14.5
      vertex 55.7019 1.37769 14.5
    endloop
  endfacet
  facet normal 0 0 1
    outer loop
      vertex 55.75 0 14.5
      vertex 52.75 0 14.5
      vertex 55.738 -0.689264 14.5
    endloop
  endfacet
  facet normal 0 0 1
    outer loop
      vertex 52.7092 1.16842 14.5
      vertex 55.7019 1.37769 14.5
      vertex 55.6418 2.06444 14.5
    endloop
  endfacet
  facet normal -0 0 1
    outer loop
      vertex 52.7398 -0.584566 14.5
      vertex 55.738 -0.689264 14.5
      vertex 52.75 0 14.5
    endloop
  endfacet
  facet normal 0 0 1
    outer loop
      vertex 52.6582 1.75085 14.5
      vertex 55.6418 2.06444 14.5
      vertex 55.5578 2.74867 14.5
    endloop
  endfacet
  facet normal 0 0 1
    outer loop
      vertex 55.738 -0.689264 14.5
      vertex 52.7398 -0.584566 14.5
      vertex 55.7019 -1.37769 14.5
    endloop
  endfacet
  facet normal 0 0 1
    outer loop
      vertex 52.587 2.33115 14.5
      vertex 55.5578 2.74867 14.5
      vertex 55.45 3.42955 14.5
    endloop
  endfacet
  facet normal -0 0 1
    outer loop
      vertex 52.7092 -1.16842 14.5
      vertex 55.7019 -1.37769 14.5
      vertex 52.7398 -0.584566 14.5
    endloop
  endfacet
  facet normal 0 0 1
    outer loop
      vertex 52.4955 2.90861 14.5
      vertex 55.45 3.42955 14.5
      vertex 55.3184 4.10626 14.5
    endloop
  endfacet
  facet normal 0 0 1
    outer loop
      vertex 55.7019 -1.37769 14.5
      vertex 52.7092 -1.16842 14.5
      vertex 55.6418 -2.06444 14.5
    endloop
  endfacet
  facet normal 0 0 1
    outer loop
      vertex 52.384 3.48252 14.5
      vertex 55.3184 4.10626 14.5
      vertex 55.1633 4.77796 14.5
    endloop
  endfacet
  facet normal -0 0 1
    outer loop
      vertex 52.6582 -1.75085 14.5
      vertex 55.6418 -2.06444 14.5
      vertex 52.7092 -1.16842 14.5
    endloop
  endfacet
  facet normal 0 0 1
    outer loop
      vertex 52.2525 4.05219 14.5
      vertex 55.1633 4.77796 14.5
      vertex 54.9849 5.44384 14.5
    endloop
  endfacet
  facet normal 0 0 1
    outer loop
      vertex 55.6418 -2.06444 14.5
      vertex 52.6582 -1.75085 14.5
      vertex 55.5578 -2.74867 14.5
    endloop
  endfacet
  facet normal 0 0 1
    outer loop
      vertex 52.1011 4.61693 14.5
      vertex 54.9849 5.44384 14.5
      vertex 54.7834 6.10309 14.5
    endloop
  endfacet
  facet normal -0 0 1
    outer loop
      vertex 52.587 -2.33115 14.5
      vertex 55.5578 -2.74867 14.5
      vertex 52.6582 -1.75085 14.5
    endloop
  endfacet
  facet normal 0 0 1
    outer loop
      vertex 51.9302 5.17603 14.5
      vertex 54.7834 6.10309 14.5
      vertex 54.5589 6.7549 14.5
    endloop
  endfacet
  facet normal 0 0 1
    outer loop
      vertex 55.5578 -2.74867 14.5
      vertex 52.587 -2.33115 14.5
      vertex 55.45 -3.42955 14.5
    endloop
  endfacet
  facet normal 0 0 1
    outer loop
      vertex 51.7399 5.72884 14.5
      vertex 54.5589 6.7549 14.5
      vertex 54.3119 7.39848 14.5
    endloop
  endfacet
  facet normal -0 0 1
    outer loop
      vertex 52.4955 -2.90861 14.5
      vertex 55.45 -3.42955 14.5
      vertex 52.587 -2.33115 14.5
    endloop
  endfacet
  facet normal 0 0 1
    outer loop
      vertex 51.5303 6.27466 14.5
      vertex 54.3119 7.39848 14.5
      vertex 54.0425 8.03305 14.5
    endloop
  endfacet
  facet normal 0 0 1
    outer loop
      vertex 55.45 -3.42955 14.5
      vertex 52.4955 -2.90861 14.5
      vertex 55.3184 -4.10626 14.5
    endloop
  endfacet
  facet normal 0 0 1
    outer loop
      vertex 51.3019 6.81284 14.5
      vertex 54.0425 8.03305 14.5
      vertex 53.7512 8.65783 14.5
    endloop
  endfacet
  facet normal -0 0 1
    outer loop
      vertex 52.384 -3.48252 14.5
      vertex 55.3184 -4.10626 14.5
      vertex 52.4955 -2.90861 14.5
    endloop
  endfacet
  facet normal 0 0 1
    outer loop
      vertex 51.0548 7.34272 14.5
      vertex 53.7512 8.65783 14.5
      vertex 53.4382 9.27206 14.5
    endloop
  endfacet
  facet normal 0 0 1
    outer loop
      vertex 55.3184 -4.10626 14.5
      vertex 52.384 -3.48252 14.5
      vertex 55.1633 -4.77796 14.5
    endloop
  endfacet
  facet normal 0 0 1
    outer loop
      vertex 50.7894 7.86365 14.5
      vertex 53.4382 9.27206 14.5
      vertex 53.104 9.875 14.5
    endloop
  endfacet
  facet normal -0 0 1
    outer loop
      vertex 52.2525 -4.05219 14.5
      vertex 55.1633 -4.77796 14.5
      vertex 52.384 -3.48252 14.5
    endloop
  endfacet
  facet normal 0 0 1
    outer loop
      vertex 55.1633 -4.77796 14.5
      vertex 52.2525 -4.05219 14.5
      vertex 54.9849 -5.44384 14.5
    endloop
  endfacet
  facet normal 0 0 1
    outer loop
      vertex 50.5059 8.375 14.5
      vertex 53.104 9.875 14.5
      vertex 52.7489 10.4659 14.5
    endloop
  endfacet
  facet normal 0 0 1
    outer loop
      vertex 55.738 0.689264 14.5
      vertex 52.7398 0.584566 14.5
      vertex 52.75 0 14.5
    endloop
  endfacet
  facet normal 0 0 1
    outer loop
      vertex 55.7019 1.37769 14.5
      vertex 52.7092 1.16842 14.5
      vertex 52.7398 0.584566 14.5
    endloop
  endfacet
  facet normal 0 0 1
    outer loop
      vertex 55.6418 2.06444 14.5
      vertex 52.6582 1.75085 14.5
      vertex 52.7092 1.16842 14.5
    endloop
  endfacet
  facet normal 0 0 1
    outer loop
      vertex 55.5578 2.74867 14.5
      vertex 52.587 2.33115 14.5
      vertex 52.6582 1.75085 14.5
    endloop
  endfacet
  facet normal 0 0 1
    outer loop
      vertex 55.45 3.42955 14.5
      vertex 52.4955 2.90861 14.5
      vertex 52.587 2.33115 14.5
    endloop
  endfacet
  facet normal 0 0 1
    outer loop
      vertex 55.3184 4.10626 14.5
      vertex 52.384 3.48252 14.5
      vertex 52.4955 2.90861 14.5
    endloop
  endfacet
  facet normal 0 0 1
    outer loop
      vertex 50.2048 8.87615 14.5
      vertex 52.7489 10.4659 14.5
      vertex 52.3735 11.0441 14.5
    endloop
  endfacet
  facet normal 0 0 1
    outer loop
      vertex 55.1633 4.77796 14.5
      vertex 52.2525 4.05219 14.5
      vertex 52.384 3.48252 14.5
    endloop
  endfacet
  facet normal 0 0 1
    outer loop
      vertex 54.9849 5.44384 14.5
      vertex 52.1011 4.61693 14.5
      vertex 52.2525 4.05219 14.5
    endloop
  endfacet
  facet normal 0 0 1
    outer loop
      vertex 49.8864 9.36648 14.5
      vertex 52.3735 11.0441 14.5
      vertex 51.9781 11.6088 14.5
    endloop
  endfacet
  facet normal 0 0 1
    outer loop
      vertex 54.7834 6.10309 14.5
      vertex 51.9302 5.17603 14.5
      vertex 52.1011 4.61693 14.5
    endloop
  endfacet
  facet normal 0 0 1
    outer loop
      vertex 54.5589 6.7549 14.5
      vertex 51.7399 5.72884 14.5
      vertex 51.9302 5.17603 14.5
    endloop
  endfacet
  facet normal 0 0 1
    outer loop
      vertex 49.551 9.8454 14.5
      vertex 51.9781 11.6088 14.5
      vertex 51.5632 12.1593 14.5
    endloop
  endfacet
  facet normal 0 0 1
    outer loop
      vertex 54.3119 7.39848 14.5
      vertex 51.5303 6.27466 14.5
      vertex 51.7399 5.72884 14.5
    endloop
  endfacet
  facet normal 0 0 1
    outer loop
      vertex 54.0425 8.03305 14.5
      vertex 51.3019 6.81284 14.5
      vertex 51.5303 6.27466 14.5
    endloop
  endfacet
  facet normal 0 0 1
    outer loop
      vertex 49.1992 10.3123 14.5
      vertex 51.5632 12.1593 14.5
      vertex 51.1294 12.6951 14.5
    endloop
  endfacet
  facet normal 0 0 1
    outer loop
      vertex 53.7512 8.65783 14.5
      vertex 51.0548 7.34272 14.5
      vertex 51.3019 6.81284 14.5
    endloop
  endfacet
  facet normal 0 0 1
    outer loop
      vertex 53.4382 9.27206 14.5
      vertex 50.7894 7.86365 14.5
      vertex 51.0548 7.34272 14.5
    endloop
  endfacet
  facet normal 0 0 1
    outer loop
      vertex 48.8312 10.7667 14.5
      vertex 51.1294 12.6951 14.5
      vertex 50.6771 13.2153 14.5
    endloop
  endfacet
  facet normal 0 0 1
    outer loop
      vertex 53.104 9.875 14.5
      vertex 50.5059 8.375 14.5
      vertex 50.7894 7.86365 14.5
    endloop
  endfacet
  facet normal 0 0 1
    outer loop
      vertex 48.4477 11.2079 14.5
      vertex 50.6771 13.2153 14.5
      vertex 50.207 13.7195 14.5
    endloop
  endfacet
  facet normal 0 0 1
    outer loop
      vertex 52.7489 10.4659 14.5
      vertex 50.2048 8.87615 14.5
      vertex 50.5059 8.375 14.5
    endloop
  endfacet
  facet normal 0 0 1
    outer loop
      vertex 52.3735 11.0441 14.5
      vertex 49.8864 9.36648 14.5
      vertex 50.2048 8.87615 14.5
    endloop
  endfacet
  facet normal 0 0 1
    outer loop
      vertex 48.0489 11.6355 14.5
      vertex 50.207 13.7195 14.5
      vertex 49.7195 14.207 14.5
    endloop
  endfacet
  facet normal 0 0 1
    outer loop
      vertex 51.9781 11.6088 14.5
      vertex 49.551 9.8454 14.5
      vertex 49.8864 9.36648 14.5
    endloop
  endfacet
  facet normal 0 0 1
    outer loop
      vertex 47.6355 12.0489 14.5
      vertex 49.7195 14.207 14.5
      vertex 49.2153 14.6771 14.5
    endloop
  endfacet
  facet normal 0 0 1
    outer loop
      vertex 51.5632 12.1593 14.5
      vertex 49.1992 10.3123 14.5
      vertex 49.551 9.8454 14.5
    endloop
  endfacet
  facet normal 0 0 1
    outer loop
      vertex 51.1294 12.6951 14.5
      vertex 48.8312 10.7667 14.5
      vertex 49.1992 10.3123 14.5
    endloop
  endfacet
  facet normal 0 0 1
    outer loop
      vertex 47.2079 12.4477 14.5
      vertex 49.2153 14.6771 14.5
      vertex 48.6951 15.1294 14.5
    endloop
  endfacet
  facet normal 0 0 1
    outer loop
      vertex 50.6771 13.2153 14.5
      vertex 48.4477 11.2079 14.5
      vertex 48.8312 10.7667 14.5
    endloop
  endfacet
  facet normal 0 0 1
    outer loop
      vertex 46.7667 12.8312 14.5
      vertex 48.6951 15.1294 14.5
      vertex 48.1593 15.5632 14.5
    endloop
  endfacet
  facet normal 0 0 1
    outer loop
      vertex 50.207 13.7195 14.5
      vertex 48.0489 11.6355 14.5
      vertex 48.4477 11.2079 14.5
    endloop
  endfacet
  facet normal 0 0 1
    outer loop
      vertex 49.7195 14.207 14.5
      vertex 47.6355 12.0489 14.5
      vertex 48.0489 11.6355 14.5
    endloop
  endfacet
  facet normal 0 0 1
    outer loop
      vertex 46.3123 13.1992 14.5
      vertex 48.1593 15.5632 14.5
      vertex 47.6088 15.9781 14.5
    endloop
  endfacet
  facet normal 0 0 1
    outer loop
      vertex 49.2153 14.6771 14.5
      vertex 47.2079 12.4477 14.5
      vertex 47.6355 12.0489 14.5
    endloop
  endfacet
  facet normal 0 0 1
    outer loop
      vertex 45.8454 13.551 14.5
      vertex 47.6088 15.9781 14.5
      vertex 47.0441 16.3735 14.5
    endloop
  endfacet
  facet normal 0 0 1
    outer loop
      vertex 48.6951 15.1294 14.5
      vertex 46.7667 12.8312 14.5
      vertex 47.2079 12.4477 14.5
    endloop
  endfacet
  facet normal 0 0 1
    outer loop
      vertex 45.3665 13.8864 14.5
      vertex 47.0441 16.3735 14.5
      vertex 46.4659 16.7489 14.5
    endloop
  endfacet
  facet normal 0 0 1
    outer loop
      vertex 48.1593 15.5632 14.5
      vertex 46.3123 13.1992 14.5
      vertex 46.7667 12.8312 14.5
    endloop
  endfacet
  facet normal 0 0 1
    outer loop
      vertex 44.8761 14.2048 14.5
      vertex 46.4659 16.7489 14.5
      vertex 45.875 17.104 14.5
    endloop
  endfacet
  facet normal 0 0 1
    outer loop
      vertex 47.6088 15.9781 14.5
      vertex 45.8454 13.551 14.5
      vertex 46.3123 13.1992 14.5
    endloop
  endfacet
  facet normal 0 0 1
    outer loop
      vertex 47.0441 16.3735 14.5
      vertex 45.3665 13.8864 14.5
      vertex 45.8454 13.551 14.5
    endloop
  endfacet
  facet normal 0 0 1
    outer loop
      vertex 44.375 14.5059 14.5
      vertex 45.875 17.104 14.5
      vertex 45.2721 17.4382 14.5
    endloop
  endfacet
  facet normal 0 0 1
    outer loop
      vertex 46.4659 16.7489 14.5
      vertex 44.8761 14.2048 14.5
      vertex 45.3665 13.8864 14.5
    endloop
  endfacet
  facet normal 0 0 1
    outer loop
      vertex 43.8636 14.7894 14.5
      vertex 45.2721 17.4382 14.5
      vertex 44.6578 17.7512 14.5
    endloop
  endfacet
  facet normal 0 0 1
    outer loop
      vertex 45.875 17.104 14.5
      vertex 44.375 14.5059 14.5
      vertex 44.8761 14.2048 14.5
    endloop
  endfacet
  facet normal 0 0 1
    outer loop
      vertex 43.3427 15.0548 14.5
      vertex 44.6578 17.7512 14.5
      vertex 44.0331 18.0425 14.5
    endloop
  endfacet
  facet normal 0 0 1
    outer loop
      vertex 45.2721 17.4382 14.5
      vertex 43.8636 14.7894 14.5
      vertex 44.375 14.5059 14.5
    endloop
  endfacet
  facet normal 0 0 1
    outer loop
      vertex 42.8128 15.3019 14.5
      vertex 44.0331 18.0425 14.5
      vertex 43.3985 18.3119 14.5
    endloop
  endfacet
  facet normal 0 0 1
    outer loop
      vertex 44.6578 17.7512 14.5
      vertex 43.3427 15.0548 14.5
      vertex 43.8636 14.7894 14.5
    endloop
  endfacet
  facet normal 0 0 1
    outer loop
      vertex 44.0331 18.0425 14.5
      vertex 42.8128 15.3019 14.5
      vertex 43.3427 15.0548 14.5
    endloop
  endfacet
  facet normal 0 0 1
    outer loop
      vertex 42.2747 15.5303 14.5
      vertex 43.3985 18.3119 14.5
      vertex 42.7549 18.5589 14.5
    endloop
  endfacet
  facet normal 0 0 1
    outer loop
      vertex 43.3985 18.3119 14.5
      vertex 42.2747 15.5303 14.5
      vertex 42.8128 15.3019 14.5
    endloop
  endfacet
  facet normal 0 0 1
    outer loop
      vertex 41.7288 15.7399 14.5
      vertex 42.7549 18.5589 14.5
      vertex 42.1031 18.7834 14.5
    endloop
  endfacet
  facet normal 0 0 1
    outer loop
      vertex 42.7549 18.5589 14.5
      vertex 41.7288 15.7399 14.5
      vertex 42.2747 15.5303 14.5
    endloop
  endfacet
  facet normal 0 0 1
    outer loop
      vertex 41.176 15.9302 14.5
      vertex 42.1031 18.7834 14.5
      vertex 41.4438 18.9849 14.5
    endloop
  endfacet
  facet normal 0 0 1
    outer loop
      vertex 42.1031 18.7834 14.5
      vertex 41.176 15.9302 14.5
      vertex 41.7288 15.7399 14.5
    endloop
  endfacet
  facet normal 0 0 1
    outer loop
      vertex 40.6169 16.1011 14.5
      vertex 41.4438 18.9849 14.5
      vertex 40.778 19.1633 14.5
    endloop
  endfacet
  facet normal 0 0 1
    outer loop
      vertex 41.4438 18.9849 14.5
      vertex 40.6169 16.1011 14.5
      vertex 41.176 15.9302 14.5
    endloop
  endfacet
  facet normal 0 0 1
    outer loop
      vertex 40.0522 16.2525 14.5
      vertex 40.778 19.1633 14.5
      vertex 40.1063 19.3184 14.5
    endloop
  endfacet
  facet normal 0 0 1
    outer loop
      vertex 40.778 19.1633 14.5
      vertex 40.0522 16.2525 14.5
      vertex 40.6169 16.1011 14.5
    endloop
  endfacet
  facet normal 0 0 1
    outer loop
      vertex 40.1063 19.3184 14.5
      vertex 39.4825 16.384 14.5
      vertex 40.0522 16.2525 14.5
    endloop
  endfacet
  facet normal 0 0 1
    outer loop
      vertex 39.4296 19.45 14.5
      vertex 39.4825 16.384 14.5
      vertex 40.1063 19.3184 14.5
    endloop
  endfacet
  facet normal 0 0 1
    outer loop
      vertex 39.4296 19.45 14.5
      vertex 38.9086 16.4955 14.5
      vertex 39.4825 16.384 14.5
    endloop
  endfacet
  facet normal 0 0 1
    outer loop
      vertex 38.7487 19.5578 14.5
      vertex 38.9086 16.4955 14.5
      vertex 39.4296 19.45 14.5
    endloop
  endfacet
  facet normal 0 0 1
    outer loop
      vertex 38.7487 19.5578 14.5
      vertex 38.3312 16.587 14.5
      vertex 38.9086 16.4955 14.5
    endloop
  endfacet
  facet normal 0 0 1
    outer loop
      vertex 38.0644 19.6418 14.5
      vertex 38.3312 16.587 14.5
      vertex 38.7487 19.5578 14.5
    endloop
  endfacet
  facet normal 0 0 1
    outer loop
      vertex 38.0644 19.6418 14.5
      vertex 37.7509 16.6582 14.5
      vertex 38.3312 16.587 14.5
    endloop
  endfacet
  facet normal 0 0 1
    outer loop
      vertex 37.3777 19.7019 14.5
      vertex 37.7509 16.6582 14.5
      vertex 38.0644 19.6418 14.5
    endloop
  endfacet
  facet normal 0 0 1
    outer loop
      vertex 37.3777 19.7019 14.5
      vertex 37.1684 16.7092 14.5
      vertex 37.7509 16.6582 14.5
    endloop
  endfacet
  facet normal 0 0 1
    outer loop
      vertex 36.6893 19.738 14.5
      vertex 37.1684 16.7092 14.5
      vertex 37.3777 19.7019 14.5
    endloop
  endfacet
  facet normal 0 0 1
    outer loop
      vertex 36.6893 19.738 14.5
      vertex 36.5846 16.7398 14.5
      vertex 37.1684 16.7092 14.5
    endloop
  endfacet
  facet normal 0 0 1
    outer loop
      vertex 36 19.75 14.5
      vertex 36.5846 16.7398 14.5
      vertex 36.6893 19.738 14.5
    endloop
  endfacet
  facet normal 0 0 1
    outer loop
      vertex 36 19.75 14.5
      vertex 36 16.75 14.5
      vertex 36.5846 16.7398 14.5
    endloop
  endfacet
  facet normal -0 0 1
    outer loop
      vertex 25 19.75 14.5
      vertex 36 16.75 14.5
      vertex 36 19.75 14.5
    endloop
  endfacet
  facet normal 0 0 1
    outer loop
      vertex 36 16.75 14.5
      vertex 25 19.75 14.5
      vertex 25 16.75 14.5
    endloop
  endfacet
  facet normal -0 0 1
    outer loop
      vertex 52.1011 -4.61693 14.5
      vertex 54.9849 -5.44384 14.5
      vertex 52.2525 -4.05219 14.5
    endloop
  endfacet
  facet normal 0 0 1
    outer loop
      vertex 54.9849 -5.44384 14.5
      vertex 52.1011 -4.61693 14.5
      vertex 54.7834 -6.10309 14.5
    endloop
  endfacet
  facet normal -0 0 1
    outer loop
      vertex 51.9302 -5.17603 14.5
      vertex 54.7834 -6.10309 14.5
      vertex 52.1011 -4.61693 14.5
    endloop
  endfacet
  facet normal 0 0 1
    outer loop
      vertex 54.7834 -6.10309 14.5
      vertex 51.9302 -5.17603 14.5
      vertex 54.5589 -6.7549 14.5
    endloop
  endfacet
  facet normal -0 0 1
    outer loop
      vertex 51.7399 -5.72884 14.5
      vertex 54.5589 -6.7549 14.5
      vertex 51.9302 -5.17603 14.5
    endloop
  endfacet
  facet normal 0 0 1
    outer loop
      vertex 54.5589 -6.7549 14.5
      vertex 51.7399 -5.72884 14.5
      vertex 54.3119 -7.39848 14.5
    endloop
  endfacet
  facet normal -0 0 1
    outer loop
      vertex 51.5303 -6.27466 14.5
      vertex 54.3119 -7.39848 14.5
      vertex 51.7399 -5.72884 14.5
    endloop
  endfacet
  facet normal 0 0 1
    outer loop
      vertex 54.3119 -7.39848 14.5
      vertex 51.5303 -6.27466 14.5
      vertex 54.0425 -8.03305 14.5
    endloop
  endfacet
  facet normal -0 0 1
    outer loop
      vertex 51.3019 -6.81284 14.5
      vertex 54.0425 -8.03305 14.5
      vertex 51.5303 -6.27466 14.5
    endloop
  endfacet
  facet normal 0 0 1
    outer loop
      vertex 54.0425 -8.03305 14.5
      vertex 51.3019 -6.81284 14.5
      vertex 53.7512 -8.65783 14.5
    endloop
  endfacet
  facet normal -0 0 1
    outer loop
      vertex 51.0548 -7.34272 14.5
      vertex 53.7512 -8.65783 14.5
      vertex 51.3019 -6.81284 14.5
    endloop
  endfacet
  facet normal 0 0 1
    outer loop
      vertex 53.7512 -8.65783 14.5
      vertex 51.0548 -7.34272 14.5
      vertex 53.4382 -9.27206 14.5
    endloop
  endfacet
  facet normal -0 0 1
    outer loop
      vertex 50.7894 -7.86365 14.5
      vertex 53.4382 -9.27206 14.5
      vertex 51.0548 -7.34272 14.5
    endloop
  endfacet
  facet normal 0 0 1
    outer loop
      vertex 53.4382 -9.27206 14.5
      vertex 50.7894 -7.86365 14.5
      vertex 53.104 -9.875 14.5
    endloop
  endfacet
  facet normal -0 0 1
    outer loop
      vertex 50.5059 -8.375 14.5
      vertex 53.104 -9.875 14.5
      vertex 50.7894 -7.86365 14.5
    endloop
  endfacet
  facet normal 0 0 1
    outer loop
      vertex 53.104 -9.875 14.5
      vertex 50.5059 -8.375 14.5
      vertex 52.7489 -10.4659 14.5
    endloop
  endfacet
  facet normal -0 0 1
    outer loop
      vertex 50.2048 -8.87615 14.5
      vertex 52.7489 -10.4659 14.5
      vertex 50.5059 -8.375 14.5
    endloop
  endfacet
  facet normal 0 0 1
    outer loop
      vertex 52.7489 -10.4659 14.5
      vertex 50.2048 -8.87615 14.5
      vertex 52.3735 -11.0441 14.5
    endloop
  endfacet
  facet normal -0 0 1
    outer loop
      vertex 49.8864 -9.36648 14.5
      vertex 52.3735 -11.0441 14.5
      vertex 50.2048 -8.87615 14.5
    endloop
  endfacet
  facet normal 0 0 1
    outer loop
      vertex 52.3735 -11.0441 14.5
      vertex 49.8864 -9.36648 14.5
      vertex 51.9781 -11.6088 14.5
    endloop
  endfacet
  facet normal -0 0 1
    outer loop
      vertex 49.551 -9.8454 14.5
      vertex 51.9781 -11.6088 14.5
      vertex 49.8864 -9.36648 14.5
    endloop
  endfacet
  facet normal 0 0 1
    outer loop
      vertex 51.9781 -11.6088 14.5
      vertex 49.551 -9.8454 14.5
      vertex 51.5632 -12.1593 14.5
    endloop
  endfacet
  facet normal -0 0 1
    outer loop
      vertex 49.1992 -10.3123 14.5
      vertex 51.5632 -12.1593 14.5
      vertex 49.551 -9.8454 14.5
    endloop
  endfacet
  facet normal 0 0 1
    outer loop
      vertex 51.5632 -12.1593 14.5
      vertex 49.1992 -10.3123 14.5
      vertex 51.1294 -12.6951 14.5
    endloop
  endfacet
  facet normal -0 0 1
    outer loop
      vertex 48.8312 -10.7667 14.5
      vertex 51.1294 -12.6951 14.5
      vertex 49.1992 -10.3123 14.5
    endloop
  endfacet
  facet normal 0 0 1
    outer loop
      vertex 51.1294 -12.6951 14.5
      vertex 48.8312 -10.7667 14.5
      vertex 50.6771 -13.2153 14.5
    endloop
  endfacet
  facet normal -0 0 1
    outer loop
      vertex 48.4477 -11.2079 14.5
      vertex 50.6771 -13.2153 14.5
      vertex 48.8312 -10.7667 14.5
    endloop
  endfacet
  facet normal 0 0 1
    outer loop
      vertex 50.6771 -13.2153 14.5
      vertex 48.4477 -11.2079 14.5
      vertex 50.207 -13.7195 14.5
    endloop
  endfacet
  facet normal -0 0 1
    outer loop
      vertex 48.0489 -11.6355 14.5
      vertex 50.207 -13.7195 14.5
      vertex 48.4477 -11.2079 14.5
    endloop
  endfacet
  facet normal 0 0 1
    outer loop
      vertex 50.207 -13.7195 14.5
      vertex 48.0489 -11.6355 14.5
      vertex 49.7195 -14.207 14.5
    endloop
  endfacet
  facet normal -0 0 1
    outer loop
      vertex 47.6355 -12.0489 14.5
      vertex 49.7195 -14.207 14.5
      vertex 48.0489 -11.6355 14.5
    endloop
  endfacet
  facet normal 0 0 1
    outer loop
      vertex 49.7195 -14.207 14.5
      vertex 47.6355 -12.0489 14.5
      vertex 49.2153 -14.6771 14.5
    endloop
  endfacet
  facet normal -0 0 1
    outer loop
      vertex 47.2079 -12.4477 14.5
      vertex 49.2153 -14.6771 14.5
      vertex 47.6355 -12.0489 14.5
    endloop
  endfacet
  facet normal 0 0 1
    outer loop
      vertex 49.2153 -14.6771 14.5
      vertex 47.2079 -12.4477 14.5
      vertex 48.6951 -15.1294 14.5
    endloop
  endfacet
  facet normal -0 0 1
    outer loop
      vertex 46.7667 -12.8312 14.5
      vertex 48.6951 -15.1294 14.5
      vertex 47.2079 -12.4477 14.5
    endloop
  endfacet
  facet normal 0 0 1
    outer loop
      vertex 48.6951 -15.1294 14.5
      vertex 46.7667 -12.8312 14.5
      vertex 48.1593 -15.5632 14.5
    endloop
  endfacet
  facet normal -0 0 1
    outer loop
      vertex 46.3123 -13.1992 14.5
      vertex 48.1593 -15.5632 14.5
      vertex 46.7667 -12.8312 14.5
    endloop
  endfacet
  facet normal 0 0 1
    outer loop
      vertex 48.1593 -15.5632 14.5
      vertex 46.3123 -13.1992 14.5
      vertex 47.6088 -15.9781 14.5
    endloop
  endfacet
  facet normal -0 0 1
    outer loop
      vertex 45.8454 -13.551 14.5
      vertex 47.6088 -15.9781 14.5
      vertex 46.3123 -13.1992 14.5
    endloop
  endfacet
  facet normal 0 0 1
    outer loop
      vertex 47.6088 -15.9781 14.5
      vertex 45.8454 -13.551 14.5
      vertex 47.0441 -16.3735 14.5
    endloop
  endfacet
  facet normal -0 0 1
    outer loop
      vertex 45.3665 -13.8864 14.5
      vertex 47.0441 -16.3735 14.5
      vertex 45.8454 -13.551 14.5
    endloop
  endfacet
  facet normal 0 0 1
    outer loop
      vertex 47.0441 -16.3735 14.5
      vertex 45.3665 -13.8864 14.5
      vertex 46.4659 -16.7489 14.5
    endloop
  endfacet
  facet normal -0 0 1
    outer loop
      vertex 44.8761 -14.2048 14.5
      vertex 46.4659 -16.7489 14.5
      vertex 45.3665 -13.8864 14.5
    endloop
  endfacet
  facet normal 0 0 1
    outer loop
      vertex 46.4659 -16.7489 14.5
      vertex 44.8761 -14.2048 14.5
      vertex 45.875 -17.104 14.5
    endloop
  endfacet
  facet normal -0 0 1
    outer loop
      vertex 44.375 -14.5059 14.5
      vertex 45.875 -17.104 14.5
      vertex 44.8761 -14.2048 14.5
    endloop
  endfacet
  facet normal 0 0 1
    outer loop
      vertex 45.875 -17.104 14.5
      vertex 44.375 -14.5059 14.5
      vertex 45.2721 -17.4382 14.5
    endloop
  endfacet
  facet normal -0 0 1
    outer loop
      vertex 43.8636 -14.7894 14.5
      vertex 45.2721 -17.4382 14.5
      vertex 44.375 -14.5059 14.5
    endloop
  endfacet
  facet normal 0 0 1
    outer loop
      vertex 45.2721 -17.4382 14.5
      vertex 43.8636 -14.7894 14.5
      vertex 44.6578 -17.7512 14.5
    endloop
  endfacet
  facet normal -0 0 1
    outer loop
      vertex 43.3427 -15.0548 14.5
      vertex 44.6578 -17.7512 14.5
      vertex 43.8636 -14.7894 14.5
    endloop
  endfacet
  facet normal 0 0 1
    outer loop
      vertex 44.6578 -17.7512 14.5
      vertex 43.3427 -15.0548 14.5
      vertex 44.0331 -18.0425 14.5
    endloop
  endfacet
  facet normal -0 0 1
    outer loop
      vertex 42.8128 -15.3019 14.5
      vertex 44.0331 -18.0425 14.5
      vertex 43.3427 -15.0548 14.5
    endloop
  endfacet
  facet normal 0 0 1
    outer loop
      vertex 44.0331 -18.0425 14.5
      vertex 42.8128 -15.3019 14.5
      vertex 43.3985 -18.3119 14.5
    endloop
  endfacet
  facet normal -0 0 1
    outer loop
      vertex 42.2747 -15.5303 14.5
      vertex 43.3985 -18.3119 14.5
      vertex 42.8128 -15.3019 14.5
    endloop
  endfacet
  facet normal 0 0 1
    outer loop
      vertex 43.3985 -18.3119 14.5
      vertex 42.2747 -15.5303 14.5
      vertex 42.7549 -18.5589 14.5
    endloop
  endfacet
  facet normal -0 0 1
    outer loop
      vertex 41.7288 -15.7399 14.5
      vertex 42.7549 -18.5589 14.5
      vertex 42.2747 -15.5303 14.5
    endloop
  endfacet
  facet normal 0 0 1
    outer loop
      vertex 42.7549 -18.5589 14.5
      vertex 41.7288 -15.7399 14.5
      vertex 42.1031 -18.7834 14.5
    endloop
  endfacet
  facet normal -0 0 1
    outer loop
      vertex 41.176 -15.9302 14.5
      vertex 42.1031 -18.7834 14.5
      vertex 41.7288 -15.7399 14.5
    endloop
  endfacet
  facet normal 0 0 1
    outer loop
      vertex 42.1031 -18.7834 14.5
      vertex 41.176 -15.9302 14.5
      vertex 41.4438 -18.9849 14.5
    endloop
  endfacet
  facet normal -0 0 1
    outer loop
      vertex 40.6169 -16.1011 14.5
      vertex 41.4438 -18.9849 14.5
      vertex 41.176 -15.9302 14.5
    endloop
  endfacet
  facet normal 0 0 1
    outer loop
      vertex 41.4438 -18.9849 14.5
      vertex 40.6169 -16.1011 14.5
      vertex 40.778 -19.1633 14.5
    endloop
  endfacet
  facet normal -0 0 1
    outer loop
      vertex 40.0522 -16.2525 14.5
      vertex 40.778 -19.1633 14.5
      vertex 40.6169 -16.1011 14.5
    endloop
  endfacet
  facet normal 0 0 1
    outer loop
      vertex 40.778 -19.1633 14.5
      vertex 40.0522 -16.2525 14.5
      vertex 40.1063 -19.3184 14.5
    endloop
  endfacet
  facet normal -0 0 1
    outer loop
      vertex 39.4825 -16.384 14.5
      vertex 40.1063 -19.3184 14.5
      vertex 40.0522 -16.2525 14.5
    endloop
  endfacet
  facet normal 0 0 1
    outer loop
      vertex 39.4825 -16.384 14.5
      vertex 39.4296 -19.45 14.5
      vertex 40.1063 -19.3184 14.5
    endloop
  endfacet
  facet normal -0 0 1
    outer loop
      vertex 38.9086 -16.4955 14.5
      vertex 39.4296 -19.45 14.5
      vertex 39.4825 -16.384 14.5
    endloop
  endfacet
  facet normal 0 0 1
    outer loop
      vertex 38.9086 -16.4955 14.5
      vertex 38.7487 -19.5578 14.5
      vertex 39.4296 -19.45 14.5
    endloop
  endfacet
  facet normal -0 0 1
    outer loop
      vertex 38.3312 -16.587 14.5
      vertex 38.7487 -19.5578 14.5
      vertex 38.9086 -16.4955 14.5
    endloop
  endfacet
  facet normal 0 0 1
    outer loop
      vertex 38.3312 -16.587 14.5
      vertex 38.0644 -19.6418 14.5
      vertex 38.7487 -19.5578 14.5
    endloop
  endfacet
  facet normal -0 0 1
    outer loop
      vertex 37.7509 -16.6582 14.5
      vertex 38.0644 -19.6418 14.5
      vertex 38.3312 -16.587 14.5
    endloop
  endfacet
  facet normal 0 0 1
    outer loop
      vertex 37.7509 -16.6582 14.5
      vertex 37.3777 -19.7019 14.5
      vertex 38.0644 -19.6418 14.5
    endloop
  endfacet
  facet normal -0 0 1
    outer loop
      vertex 37.1684 -16.7092 14.5
      vertex 37.3777 -19.7019 14.5
      vertex 37.7509 -16.6582 14.5
    endloop
  endfacet
  facet normal 0 0 1
    outer loop
      vertex 37.1684 -16.7092 14.5
      vertex 36.6893 -19.738 14.5
      vertex 37.3777 -19.7019 14.5
    endloop
  endfacet
  facet normal -0 0 1
    outer loop
      vertex 36.5846 -16.7398 14.5
      vertex 36.6893 -19.738 14.5
      vertex 37.1684 -16.7092 14.5
    endloop
  endfacet
  facet normal -0 0 1
    outer loop
      vertex 36 -16.75 14.5
      vertex 36.6893 -19.738 14.5
      vertex 36.5846 -16.7398 14.5
    endloop
  endfacet
  facet normal 0 0 1
    outer loop
      vertex 36 -16.75 14.5
      vertex 36 -19.75 14.5
      vertex 36.6893 -19.738 14.5
    endloop
  endfacet
  facet normal -0 0 1
    outer loop
      vertex 25 -16.75 14.5
      vertex 36 -19.75 14.5
      vertex 36 -16.75 14.5
    endloop
  endfacet
  facet normal 0 0 1
    outer loop
      vertex 36 -19.75 14.5
      vertex 25 -16.75 14.5
      vertex 25 -19.75 14.5
    endloop
  endfacet
  facet normal 0.998628 0.0523665 0
    outer loop
      vertex 55.738 0.689264 14.5
      vertex 55.7019 1.37769 0
      vertex 55.7019 1.37769 14.5
    endloop
  endfacet
  facet normal 0.998628 0.0523665 0
    outer loop
      vertex 55.7019 1.37769 0
      vertex 55.738 0.689264 14.5
      vertex 55.738 0.689264 0
    endloop
  endfacet
  facet normal -0.0174073 -0.999848 0
    outer loop
      vertex -2.68926 -19.738 0
      vertex -2 -19.75 14.5
      vertex -2.68926 -19.738 14.5
    endloop
  endfacet
  facet normal -0.0174073 -0.999848 -0
    outer loop
      vertex -2 -19.75 14.5
      vertex -2.68926 -19.738 0
      vertex -2 -19.75 0
    endloop
  endfacet
  facet normal 0.920483 0.390782 0
    outer loop
      vertex 54.3119 7.39848 14.5
      vertex 54.0425 8.03305 0
      vertex 54.0425 8.03305 14.5
    endloop
  endfacet
  facet normal 0.920483 0.390782 0
    outer loop
      vertex 54.0425 8.03305 0
      vertex 54.3119 7.39848 14.5
      vertex 54.3119 7.39848 0
    endloop
  endfacet
  facet normal 0.992548 0.121851 0
    outer loop
      vertex 55.6418 2.06444 14.5
      vertex 55.5578 2.74867 0
      vertex 55.5578 2.74867 14.5
    endloop
  endfacet
  facet normal 0.992548 0.121851 0
    outer loop
      vertex 55.5578 2.74867 0
      vertex 55.6418 2.06444 14.5
      vertex 55.6418 2.06444 0
    endloop
  endfacet
  facet normal 0.515093 0.857134 -0
    outer loop
      vertex 46.4659 16.7489 0
      vertex 45.875 17.104 14.5
      vertex 46.4659 16.7489 14.5
    endloop
  endfacet
  facet normal 0.515093 0.857134 0
    outer loop
      vertex 45.875 17.104 14.5
      vertex 46.4659 16.7489 0
      vertex 45.875 17.104 0
    endloop
  endfacet
  facet normal 0.0871867 0.996192 -0
    outer loop
      vertex 38.0644 19.6418 0
      vertex 37.3777 19.7019 14.5
      vertex 38.0644 19.6418 14.5
    endloop
  endfacet
  facet normal 0.0871867 0.996192 0
    outer loop
      vertex 37.3777 19.7019 14.5
      vertex 38.0644 19.6418 0
      vertex 37.3777 19.7019 0
    endloop
  endfacet
  facet normal 0.0523685 -0.998628 0
    outer loop
      vertex 36.6893 -19.738 0
      vertex 37.3777 -19.7019 14.5
      vertex 36.6893 -19.738 14.5
    endloop
  endfacet
  facet normal 0.0523685 -0.998628 0
    outer loop
      vertex 37.3777 -19.7019 14.5
      vertex 36.6893 -19.738 0
      vertex 37.3777 -19.7019 0
    endloop
  endfacet
  facet normal 0.453989 -0.891007 0
    outer loop
      vertex 44.6578 -17.7512 0
      vertex 45.2721 -17.4382 14.5
      vertex 44.6578 -17.7512 14.5
    endloop
  endfacet
  facet normal 0.453989 -0.891007 0
    outer loop
      vertex 45.2721 -17.4382 14.5
      vertex 44.6578 -17.7512 0
      vertex 45.2721 -17.4382 0
    endloop
  endfacet
  facet normal 0.258818 -0.965926 0
    outer loop
      vertex 40.778 -19.1633 0
      vertex 41.4438 -18.9849 14.5
      vertex 40.778 -19.1633 14.5
    endloop
  endfacet
  facet normal 0.258818 -0.965926 0
    outer loop
      vertex 41.4438 -18.9849 14.5
      vertex 40.778 -19.1633 0
      vertex 41.4438 -18.9849 0
    endloop
  endfacet
  facet normal 0.75464 -0.656139 0
    outer loop
      vertex 50.6771 -13.2153 14.5
      vertex 51.1294 -12.6951 0
      vertex 51.1294 -12.6951 14.5
    endloop
  endfacet
  facet normal 0.75464 -0.656139 0
    outer loop
      vertex 51.1294 -12.6951 0
      vertex 50.6771 -13.2153 14.5
      vertex 50.6771 -13.2153 0
    endloop
  endfacet
  facet normal 0.707107 0.707107 -0
    outer loop
      vertex 50.207 13.7195 0
      vertex 49.7195 14.207 14.5
      vertex 50.207 13.7195 14.5
    endloop
  endfacet
  facet normal 0.707107 0.707107 0
    outer loop
      vertex 49.7195 14.207 14.5
      vertex 50.207 13.7195 0
      vertex 49.7195 14.207 0
    endloop
  endfacet
  facet normal 0.998628 -0.0523665 0
    outer loop
      vertex 55.7019 -1.37769 14.5
      vertex 55.738 -0.689264 0
      vertex 55.738 -0.689264 14.5
    endloop
  endfacet
  facet normal 0.998628 -0.0523665 0
    outer loop
      vertex 55.738 -0.689264 0
      vertex 55.7019 -1.37769 14.5
      vertex 55.7019 -1.37769 0
    endloop
  endfacet
  facet normal 0.731407 -0.681941 0
    outer loop
      vertex 50.207 -13.7195 14.5
      vertex 50.6771 -13.2153 0
      vertex 50.6771 -13.2153 14.5
    endloop
  endfacet
  facet normal 0.731407 -0.681941 0
    outer loop
      vertex 50.6771 -13.2153 0
      vertex 50.207 -13.7195 14.5
      vertex 50.207 -13.7195 0
    endloop
  endfacet
  facet normal -0.190841 0.981621 0
    outer loop
      vertex -5.42955 19.45 0
      vertex -5.75 19.3877 14.5
      vertex -5.42955 19.45 14.5
    endloop
  endfacet
  facet normal -0.190841 0.981621 0
    outer loop
      vertex -5.75 19.3877 14.5
      vertex -5.42955 19.45 0
      vertex -5.75 19.3877 0
    endloop
  endfacet
  facet normal -0.121851 0.992548 0
    outer loop
      vertex -4.06444 19.6418 0
      vertex -4.74867 19.5578 14.5
      vertex -4.06444 19.6418 14.5
    endloop
  endfacet
  facet normal -0.121851 0.992548 0
    outer loop
      vertex -4.74867 19.5578 14.5
      vertex -4.06444 19.6418 0
      vertex -4.74867 19.5578 0
    endloop
  endfacet
  facet normal 0.54455 0.838729 -0
    outer loop
      vertex 47.0441 16.3735 0
      vertex 46.4659 16.7489 14.5
      vertex 47.0441 16.3735 14.5
    endloop
  endfacet
  facet normal 0.54455 0.838729 0
    outer loop
      vertex 46.4659 16.7489 14.5
      vertex 47.0441 16.3735 0
      vertex 46.4659 16.7489 0
    endloop
  endfacet
  facet normal -0.0523662 0.998628 0
    outer loop
      vertex -2.68926 19.738 0
      vertex -3.37769 19.7019 14.5
      vertex -2.68926 19.738 14.5
    endloop
  endfacet
  facet normal -0.0523662 0.998628 0
    outer loop
      vertex -3.37769 19.7019 14.5
      vertex -2.68926 19.738 0
      vertex -3.37769 19.7019 0
    endloop
  endfacet
  facet normal 0.819157 -0.573569 0
    outer loop
      vertex 51.9781 -11.6088 14.5
      vertex 52.3735 -11.0441 0
      vertex 52.3735 -11.0441 14.5
    endloop
  endfacet
  facet normal 0.819157 -0.573569 0
    outer loop
      vertex 52.3735 -11.0441 0
      vertex 51.9781 -11.6088 14.5
      vertex 51.9781 -11.6088 0
    endloop
  endfacet
  facet normal 0.681941 0.731407 -0
    outer loop
      vertex 49.7195 14.207 0
      vertex 49.2153 14.6771 14.5
      vertex 49.7195 14.207 14.5
    endloop
  endfacet
  facet normal 0.681941 0.731407 0
    outer loop
      vertex 49.2153 14.6771 14.5
      vertex 49.7195 14.207 0
      vertex 49.2153 14.6771 0
    endloop
  endfacet
  facet normal 0.777204 -0.629248 0
    outer loop
      vertex 51.1294 -12.6951 14.5
      vertex 51.5632 -12.1593 0
      vertex 51.5632 -12.1593 14.5
    endloop
  endfacet
  facet normal 0.777204 -0.629248 0
    outer loop
      vertex 51.5632 -12.1593 0
      vertex 51.1294 -12.6951 14.5
      vertex 51.1294 -12.6951 0
    endloop
  endfacet
  facet normal 0 0 -1
    outer loop
      vertex -9.968 -11.8136 0
      vertex -5.75 -19.3877 0
      vertex -5.75 -19.75 0
    endloop
  endfacet
  facet normal 0 0 -1
    outer loop
      vertex -5.75 -19.3877 0
      vertex -6.40369 -13.5521 0
      vertex -5.92758 -13.6976 0
    endloop
  endfacet
  facet normal 0 0 -1
    outer loop
      vertex -5.75 -19.3877 0
      vertex -6.87355 -13.3903 0
      vertex -6.40369 -13.5521 0
    endloop
  endfacet
  facet normal 0 0 -1
    outer loop
      vertex -5.75 -19.3877 0
      vertex -7.33781 -13.2121 0
      vertex -6.87355 -13.3903 0
    endloop
  endfacet
  facet normal 0 0 -1
    outer loop
      vertex -5.75 -19.3877 0
      vertex -7.7961 -13.0175 0
      vertex -7.33781 -13.2121 0
    endloop
  endfacet
  facet normal 0 0 -1
    outer loop
      vertex -5.75 -19.3877 0
      vertex -8.24646 -12.8075 0
      vertex -7.7961 -13.0175 0
    endloop
  endfacet
  facet normal 0 0 -1
    outer loop
      vertex -5.75 -19.3877 0
      vertex -8.68976 -12.5817 0
      vertex -8.24646 -12.8075 0
    endloop
  endfacet
  facet normal 0 0 -1
    outer loop
      vertex -5.75 -19.3877 0
      vertex -9.12494 -12.3405 0
      vertex -8.68976 -12.5817 0
    endloop
  endfacet
  facet normal 0 0 -1
    outer loop
      vertex -5.75 -19.3877 0
      vertex -9.55115 -12.0844 0
      vertex -9.12494 -12.3405 0
    endloop
  endfacet
  facet normal 0 0 -1
    outer loop
      vertex -5.75 -19.3877 0
      vertex -9.968 -11.8136 0
      vertex -9.55115 -12.0844 0
    endloop
  endfacet
  facet normal 0 0 -1
    outer loop
      vertex -5.75 -19.75 0
      vertex -10.3759 -11.528 0
      vertex -9.968 -11.8136 0
    endloop
  endfacet
  facet normal 0 0 -1
    outer loop
      vertex -5.75 -19.75 0
      vertex -10.7731 -11.2287 0
      vertex -10.3759 -11.528 0
    endloop
  endfacet
  facet normal 0 0 -1
    outer loop
      vertex -31.75 -19.75 0
      vertex -10.7731 -11.2287 0
      vertex -5.75 -19.75 0
    endloop
  endfacet
  facet normal -0 0 -1
    outer loop
      vertex -10.7731 -11.2287 0
      vertex -31.75 -19.75 0
      vertex -11.1592 -10.9161 0
    endloop
  endfacet
  facet normal -0 0 -1
    outer loop
      vertex -11.1592 -10.9161 0
      vertex -31.75 -19.75 0
      vertex -11.5349 -10.5894 0
    endloop
  endfacet
  facet normal -0 0 -1
    outer loop
      vertex -11.5349 -10.5894 0
      vertex -31.75 -19.75 0
      vertex -11.8988 -10.2501 0
    endloop
  endfacet
  facet normal -0 0 -1
    outer loop
      vertex -11.8988 -10.2501 0
      vertex -31.75 -19.75 0
      vertex -12.2501 -9.89885 0
    endloop
  endfacet
  facet normal -0 0 -1
    outer loop
      vertex -12.2501 -9.89885 0
      vertex -31.75 -19.75 0
      vertex -12.5894 -9.53491 0
    endloop
  endfacet
  facet normal -0 0 -1
    outer loop
      vertex -12.5894 -9.53491 0
      vertex -31.75 -19.75 0
      vertex -12.9161 -9.15918 0
    endloop
  endfacet
  facet normal -0 0 -1
    outer loop
      vertex -12.9161 -9.15918 0
      vertex -31.75 -19.75 0
      vertex -13.2287 -8.77306 0
    endloop
  endfacet
  facet normal -0 0 -1
    outer loop
      vertex -13.2287 -8.77306 0
      vertex -31.75 -19.75 0
      vertex -13.528 -8.37587 0
    endloop
  endfacet
  facet normal -0 0 -1
    outer loop
      vertex -16.2409 -0.497391 0
      vertex -31.75 -19.75 0
      vertex -16.2496 0 0
    endloop
  endfacet
  facet normal -0 0 -1
    outer loop
      vertex -16.2149 -0.993713 0
      vertex -31.75 -19.75 0
      vertex -16.2409 -0.497391 0
    endloop
  endfacet
  facet normal -0 0 -1
    outer loop
      vertex -16.1716 -1.48941 0
      vertex -31.75 -19.75 0
      vertex -16.2149 -0.993713 0
    endloop
  endfacet
  facet normal -0 0 -1
    outer loop
      vertex -16.1109 -1.98361 0
      vertex -31.75 -19.75 0
      vertex -16.1716 -1.48941 0
    endloop
  endfacet
  facet normal -0 0 -1
    outer loop
      vertex -16.0332 -2.47415 0
      vertex -31.75 -19.75 0
      vertex -16.1109 -1.98361 0
    endloop
  endfacet
  facet normal -0 0 -1
    outer loop
      vertex -15.9382 -2.96274 0
      vertex -31.75 -19.75 0
      vertex -16.0332 -2.47415 0
    endloop
  endfacet
  facet normal -0 0 -1
    outer loop
      vertex -15.8264 -3.44722 0
      vertex -31.75 -19.75 0
      vertex -15.9382 -2.96274 0
    endloop
  endfacet
  facet normal -0 0 -1
    outer loop
      vertex -15.6976 -3.92758 0
      vertex -31.75 -19.75 0
      vertex -15.8264 -3.44722 0
    endloop
  endfacet
  facet normal -0 0 -1
    outer loop
      vertex -15.5521 -4.40369 0
      vertex -31.75 -19.75 0
      vertex -15.6976 -3.92758 0
    endloop
  endfacet
  facet normal -0 0 -1
    outer loop
      vertex -15.3903 -4.87355 0
      vertex -31.75 -19.75 0
      vertex -15.5521 -4.40369 0
    endloop
  endfacet
  facet normal -0 0 -1
    outer loop
      vertex -15.2121 -5.33781 0
      vertex -31.75 -19.75 0
      vertex -15.3903 -4.87355 0
    endloop
  endfacet
  facet normal -0 0 -1
    outer loop
      vertex -15.0175 -5.7961 0
      vertex -31.75 -19.75 0
      vertex -15.2121 -5.33781 0
    endloop
  endfacet
  facet normal -0 0 -1
    outer loop
      vertex -14.8075 -6.24646 0
      vertex -31.75 -19.75 0
      vertex -15.0175 -5.7961 0
    endloop
  endfacet
  facet normal -0 0 -1
    outer loop
      vertex -14.5817 -6.68976 0
      vertex -31.75 -19.75 0
      vertex -14.8075 -6.24646 0
    endloop
  endfacet
  facet normal -0 0 -1
    outer loop
      vertex -14.3405 -7.12494 0
      vertex -31.75 -19.75 0
      vertex -14.5817 -6.68976 0
    endloop
  endfacet
  facet normal -0 0 -1
    outer loop
      vertex -14.0844 -7.55115 0
      vertex -31.75 -19.75 0
      vertex -14.3405 -7.12494 0
    endloop
  endfacet
  facet normal -0 0 -1
    outer loop
      vertex -13.8136 -7.968 0
      vertex -31.75 -19.75 0
      vertex -14.0844 -7.55115 0
    endloop
  endfacet
  facet normal -0 0 -1
    outer loop
      vertex -13.528 -8.37587 0
      vertex -31.75 -19.75 0
      vertex -13.8136 -7.968 0
    endloop
  endfacet
  facet normal 0 0 -1
    outer loop
      vertex 50.2496 0 0
      vertex 55.75 0 0
      vertex 55.738 -0.689264 0
    endloop
  endfacet
  facet normal 0 0 -1
    outer loop
      vertex 50.2409 -0.497391 0
      vertex 55.738 -0.689264 0
      vertex 55.7019 -1.37769 0
    endloop
  endfacet
  facet normal 0 0 -1
    outer loop
      vertex 55.75 0 0
      vertex 50.2496 0 0
      vertex 55.738 0.689264 0
    endloop
  endfacet
  facet normal 0 0 -1
    outer loop
      vertex 50.2149 -0.993713 0
      vertex 55.7019 -1.37769 0
      vertex 55.6418 -2.06444 0
    endloop
  endfacet
  facet normal 0 0 -1
    outer loop
      vertex 50.2409 0.497391 0
      vertex 55.738 0.689264 0
      vertex 50.2496 0 0
    endloop
  endfacet
  facet normal 0 0 -1
    outer loop
      vertex 50.1716 -1.48941 0
      vertex 55.6418 -2.06444 0
      vertex 55.5578 -2.74867 0
    endloop
  endfacet
  facet normal -0 0 -1
    outer loop
      vertex 55.738 0.689264 0
      vertex 50.2409 0.497391 0
      vertex 55.7019 1.37769 0
    endloop
  endfacet
  facet normal 0 0 -1
    outer loop
      vertex 50.1109 -1.98361 0
      vertex 55.5578 -2.74867 0
      vertex 55.45 -3.42955 0
    endloop
  endfacet
  facet normal 0 0 -1
    outer loop
      vertex 50.2149 0.993713 0
      vertex 55.7019 1.37769 0
      vertex 50.2409 0.497391 0
    endloop
  endfacet
  facet normal 0 0 -1
    outer loop
      vertex 50.0332 -2.47415 0
      vertex 55.45 -3.42955 0
      vertex 55.3184 -4.10626 0
    endloop
  endfacet
  facet normal -0 0 -1
    outer loop
      vertex 55.7019 1.37769 0
      vertex 50.2149 0.993713 0
      vertex 55.6418 2.06444 0
    endloop
  endfacet
  facet normal 0 0 -1
    outer loop
      vertex 49.9382 -2.96274 0
      vertex 55.3184 -4.10626 0
      vertex 55.1633 -4.77796 0
    endloop
  endfacet
  facet normal 0 0 -1
    outer loop
      vertex 50.1716 1.48941 0
      vertex 55.6418 2.06444 0
      vertex 50.2149 0.993713 0
    endloop
  endfacet
  facet normal 0 0 -1
    outer loop
      vertex 49.8264 -3.44722 0
      vertex 55.1633 -4.77796 0
      vertex 54.9849 -5.44384 0
    endloop
  endfacet
  facet normal -0 0 -1
    outer loop
      vertex 55.6418 2.06444 0
      vertex 50.1716 1.48941 0
      vertex 55.5578 2.74867 0
    endloop
  endfacet
  facet normal 0 0 -1
    outer loop
      vertex 49.6976 -3.92758 0
      vertex 54.9849 -5.44384 0
      vertex 54.7834 -6.10309 0
    endloop
  endfacet
  facet normal 0 0 -1
    outer loop
      vertex 50.1109 1.98361 0
      vertex 55.5578 2.74867 0
      vertex 50.1716 1.48941 0
    endloop
  endfacet
  facet normal 0 0 -1
    outer loop
      vertex 49.5521 -4.40369 0
      vertex 54.7834 -6.10309 0
      vertex 54.5589 -6.7549 0
    endloop
  endfacet
  facet normal -0 0 -1
    outer loop
      vertex 55.5578 2.74867 0
      vertex 50.1109 1.98361 0
      vertex 55.45 3.42955 0
    endloop
  endfacet
  facet normal 0 0 -1
    outer loop
      vertex 49.3903 -4.87355 0
      vertex 54.5589 -6.7549 0
      vertex 54.3119 -7.39848 0
    endloop
  endfacet
  facet normal 0 0 -1
    outer loop
      vertex 50.0332 2.47415 0
      vertex 55.45 3.42955 0
      vertex 50.1109 1.98361 0
    endloop
  endfacet
  facet normal 0 0 -1
    outer loop
      vertex 49.2121 -5.33781 0
      vertex 54.3119 -7.39848 0
      vertex 54.0425 -8.03305 0
    endloop
  endfacet
  facet normal -0 0 -1
    outer loop
      vertex 55.45 3.42955 0
      vertex 50.0332 2.47415 0
      vertex 55.3184 4.10626 0
    endloop
  endfacet
  facet normal 0 0 -1
    outer loop
      vertex 49.0175 -5.7961 0
      vertex 54.0425 -8.03305 0
      vertex 53.7512 -8.65783 0
    endloop
  endfacet
  facet normal 0 0 -1
    outer loop
      vertex 49.9382 2.96274 0
      vertex 55.3184 4.10626 0
      vertex 50.0332 2.47415 0
    endloop
  endfacet
  facet normal 0 0 -1
    outer loop
      vertex 48.8075 -6.24646 0
      vertex 53.7512 -8.65783 0
      vertex 53.4382 -9.27206 0
    endloop
  endfacet
  facet normal -0 0 -1
    outer loop
      vertex 55.3184 4.10626 0
      vertex 49.9382 2.96274 0
      vertex 55.1633 4.77796 0
    endloop
  endfacet
  facet normal 0 0 -1
    outer loop
      vertex 48.5817 -6.68976 0
      vertex 53.4382 -9.27206 0
      vertex 53.104 -9.875 0
    endloop
  endfacet
  facet normal 0 0 -1
    outer loop
      vertex 49.8264 3.44722 0
      vertex 55.1633 4.77796 0
      vertex 49.9382 2.96274 0
    endloop
  endfacet
  facet normal 0 0 -1
    outer loop
      vertex 48.3405 -7.12494 0
      vertex 53.104 -9.875 0
      vertex 52.7489 -10.4659 0
    endloop
  endfacet
  facet normal -0 0 -1
    outer loop
      vertex 55.1633 4.77796 0
      vertex 49.8264 3.44722 0
      vertex 54.9849 5.44384 0
    endloop
  endfacet
  facet normal 0 0 -1
    outer loop
      vertex 48.0844 -7.55115 0
      vertex 52.7489 -10.4659 0
      vertex 52.3735 -11.0441 0
    endloop
  endfacet
  facet normal 0 0 -1
    outer loop
      vertex 49.6976 3.92758 0
      vertex 54.9849 5.44384 0
      vertex 49.8264 3.44722 0
    endloop
  endfacet
  facet normal 0 0 -1
    outer loop
      vertex 47.8136 -7.968 0
      vertex 52.3735 -11.0441 0
      vertex 51.9781 -11.6088 0
    endloop
  endfacet
  facet normal -0 0 -1
    outer loop
      vertex 54.9849 5.44384 0
      vertex 49.6976 3.92758 0
      vertex 54.7834 6.10309 0
    endloop
  endfacet
  facet normal 0 0 -1
    outer loop
      vertex 47.528 -8.37587 0
      vertex 51.9781 -11.6088 0
      vertex 51.5632 -12.1593 0
    endloop
  endfacet
  facet normal 0 0 -1
    outer loop
      vertex 49.5521 4.40369 0
      vertex 54.7834 6.10309 0
      vertex 49.6976 3.92758 0
    endloop
  endfacet
  facet normal 0 0 -1
    outer loop
      vertex 47.2287 -8.77306 0
      vertex 51.5632 -12.1593 0
      vertex 51.1294 -12.6951 0
    endloop
  endfacet
  facet normal -0 0 -1
    outer loop
      vertex 54.7834 6.10309 0
      vertex 49.5521 4.40369 0
      vertex 54.5589 6.7549 0
    endloop
  endfacet
  facet normal 0 0 -1
    outer loop
      vertex 46.9161 -9.15918 0
      vertex 51.1294 -12.6951 0
      vertex 50.6771 -13.2153 0
    endloop
  endfacet
  facet normal 0 0 -1
    outer loop
      vertex 49.3903 4.87355 0
      vertex 54.5589 6.7549 0
      vertex 49.5521 4.40369 0
    endloop
  endfacet
  facet normal -0 0 -1
    outer loop
      vertex 54.5589 6.7549 0
      vertex 49.3903 4.87355 0
      vertex 54.3119 7.39848 0
    endloop
  endfacet
  facet normal 0 0 -1
    outer loop
      vertex 55.738 -0.689264 0
      vertex 50.2409 -0.497391 0
      vertex 50.2496 0 0
    endloop
  endfacet
  facet normal 0 0 -1
    outer loop
      vertex 55.7019 -1.37769 0
      vertex 50.2149 -0.993713 0
      vertex 50.2409 -0.497391 0
    endloop
  endfacet
  facet normal 0 0 -1
    outer loop
      vertex 46.5894 -9.53491 0
      vertex 50.6771 -13.2153 0
      vertex 50.207 -13.7195 0
    endloop
  endfacet
  facet normal 0 0 -1
    outer loop
      vertex 55.6418 -2.06444 0
      vertex 50.1716 -1.48941 0
      vertex 50.2149 -0.993713 0
    endloop
  endfacet
  facet normal 0 0 -1
    outer loop
      vertex 55.5578 -2.74867 0
      vertex 50.1109 -1.98361 0
      vertex 50.1716 -1.48941 0
    endloop
  endfacet
  facet normal 0 0 -1
    outer loop
      vertex 55.45 -3.42955 0
      vertex 50.0332 -2.47415 0
      vertex 50.1109 -1.98361 0
    endloop
  endfacet
  facet normal 0 0 -1
    outer loop
      vertex 55.3184 -4.10626 0
      vertex 49.9382 -2.96274 0
      vertex 50.0332 -2.47415 0
    endloop
  endfacet
  facet normal 0 0 -1
    outer loop
      vertex 55.1633 -4.77796 0
      vertex 49.8264 -3.44722 0
      vertex 49.9382 -2.96274 0
    endloop
  endfacet
  facet normal 0 0 -1
    outer loop
      vertex 46.2501 -9.89885 0
      vertex 50.207 -13.7195 0
      vertex 49.7195 -14.207 0
    endloop
  endfacet
  facet normal 0 0 -1
    outer loop
      vertex 54.9849 -5.44384 0
      vertex 49.6976 -3.92758 0
      vertex 49.8264 -3.44722 0
    endloop
  endfacet
  facet normal 0 0 -1
    outer loop
      vertex 54.7834 -6.10309 0
      vertex 49.5521 -4.40369 0
      vertex 49.6976 -3.92758 0
    endloop
  endfacet
  facet normal 0 0 -1
    outer loop
      vertex 54.5589 -6.7549 0
      vertex 49.3903 -4.87355 0
      vertex 49.5521 -4.40369 0
    endloop
  endfacet
  facet normal 0 0 -1
    outer loop
      vertex 45.8988 -10.2501 0
      vertex 49.7195 -14.207 0
      vertex 49.2153 -14.6771 0
    endloop
  endfacet
  facet normal 0 0 -1
    outer loop
      vertex 54.3119 -7.39848 0
      vertex 49.2121 -5.33781 0
      vertex 49.3903 -4.87355 0
    endloop
  endfacet
  facet normal 0 0 -1
    outer loop
      vertex 54.0425 -8.03305 0
      vertex 49.0175 -5.7961 0
      vertex 49.2121 -5.33781 0
    endloop
  endfacet
  facet normal 0 0 -1
    outer loop
      vertex 53.7512 -8.65783 0
      vertex 48.8075 -6.24646 0
      vertex 49.0175 -5.7961 0
    endloop
  endfacet
  facet normal 0 0 -1
    outer loop
      vertex 45.5349 -10.5894 0
      vertex 49.2153 -14.6771 0
      vertex 48.6951 -15.1294 0
    endloop
  endfacet
  facet normal 0 0 -1
    outer loop
      vertex 53.4382 -9.27206 0
      vertex 48.5817 -6.68976 0
      vertex 48.8075 -6.24646 0
    endloop
  endfacet
  facet normal 0 0 -1
    outer loop
      vertex 53.104 -9.875 0
      vertex 48.3405 -7.12494 0
      vertex 48.5817 -6.68976 0
    endloop
  endfacet
  facet normal 0 0 -1
    outer loop
      vertex 45.1592 -10.9161 0
      vertex 48.6951 -15.1294 0
      vertex 48.1593 -15.5632 0
    endloop
  endfacet
  facet normal 0 0 -1
    outer loop
      vertex 52.7489 -10.4659 0
      vertex 48.0844 -7.55115 0
      vertex 48.3405 -7.12494 0
    endloop
  endfacet
  facet normal 0 0 -1
    outer loop
      vertex 52.3735 -11.0441 0
      vertex 47.8136 -7.968 0
      vertex 48.0844 -7.55115 0
    endloop
  endfacet
  facet normal 0 0 -1
    outer loop
      vertex 44.7731 -11.2287 0
      vertex 48.1593 -15.5632 0
      vertex 47.6088 -15.9781 0
    endloop
  endfacet
  facet normal 0 0 -1
    outer loop
      vertex 51.9781 -11.6088 0
      vertex 47.528 -8.37587 0
      vertex 47.8136 -7.968 0
    endloop
  endfacet
  facet normal 0 0 -1
    outer loop
      vertex 51.5632 -12.1593 0
      vertex 47.2287 -8.77306 0
      vertex 47.528 -8.37587 0
    endloop
  endfacet
  facet normal 0 0 -1
    outer loop
      vertex 44.3759 -11.528 0
      vertex 47.6088 -15.9781 0
      vertex 47.0441 -16.3735 0
    endloop
  endfacet
  facet normal 0 0 -1
    outer loop
      vertex 51.1294 -12.6951 0
      vertex 46.9161 -9.15918 0
      vertex 47.2287 -8.77306 0
    endloop
  endfacet
  facet normal 0 0 -1
    outer loop
      vertex 50.6771 -13.2153 0
      vertex 46.5894 -9.53491 0
      vertex 46.9161 -9.15918 0
    endloop
  endfacet
  facet normal 0 0 -1
    outer loop
      vertex 43.968 -11.8136 0
      vertex 47.0441 -16.3735 0
      vertex 46.4659 -16.7489 0
    endloop
  endfacet
  facet normal 0 0 -1
    outer loop
      vertex 50.207 -13.7195 0
      vertex 46.2501 -9.89885 0
      vertex 46.5894 -9.53491 0
    endloop
  endfacet
  facet normal 0 0 -1
    outer loop
      vertex 49.7195 -14.207 0
      vertex 45.8988 -10.2501 0
      vertex 46.2501 -9.89885 0
    endloop
  endfacet
  facet normal 0 0 -1
    outer loop
      vertex 43.5511 -12.0844 0
      vertex 46.4659 -16.7489 0
      vertex 45.875 -17.104 0
    endloop
  endfacet
  facet normal 0 0 -1
    outer loop
      vertex 49.2153 -14.6771 0
      vertex 45.5349 -10.5894 0
      vertex 45.8988 -10.2501 0
    endloop
  endfacet
  facet normal 0 0 -1
    outer loop
      vertex 43.1249 -12.3405 0
      vertex 45.875 -17.104 0
      vertex 45.2721 -17.4382 0
    endloop
  endfacet
  facet normal 0 0 -1
    outer loop
      vertex 48.6951 -15.1294 0
      vertex 45.1592 -10.9161 0
      vertex 45.5349 -10.5894 0
    endloop
  endfacet
  facet normal 0 0 -1
    outer loop
      vertex 48.1593 -15.5632 0
      vertex 44.7731 -11.2287 0
      vertex 45.1592 -10.9161 0
    endloop
  endfacet
  facet normal 0 0 -1
    outer loop
      vertex 42.6898 -12.5817 0
      vertex 45.2721 -17.4382 0
      vertex 44.6578 -17.7512 0
    endloop
  endfacet
  facet normal 0 0 -1
    outer loop
      vertex 47.6088 -15.9781 0
      vertex 44.3759 -11.528 0
      vertex 44.7731 -11.2287 0
    endloop
  endfacet
  facet normal 0 0 -1
    outer loop
      vertex 42.2465 -12.8075 0
      vertex 44.6578 -17.7512 0
      vertex 44.0331 -18.0425 0
    endloop
  endfacet
  facet normal 0 0 -1
    outer loop
      vertex 47.0441 -16.3735 0
      vertex 43.968 -11.8136 0
      vertex 44.3759 -11.528 0
    endloop
  endfacet
  facet normal 0 0 -1
    outer loop
      vertex 46.4659 -16.7489 0
      vertex 43.5511 -12.0844 0
      vertex 43.968 -11.8136 0
    endloop
  endfacet
  facet normal 0 0 -1
    outer loop
      vertex 41.7961 -13.0175 0
      vertex 44.0331 -18.0425 0
      vertex 43.3985 -18.3119 0
    endloop
  endfacet
  facet normal 0 0 -1
    outer loop
      vertex 45.875 -17.104 0
      vertex 43.1249 -12.3405 0
      vertex 43.5511 -12.0844 0
    endloop
  endfacet
  facet normal 0 0 -1
    outer loop
      vertex 41.3378 -13.2121 0
      vertex 43.3985 -18.3119 0
      vertex 42.7549 -18.5589 0
    endloop
  endfacet
  facet normal 0 0 -1
    outer loop
      vertex 45.2721 -17.4382 0
      vertex 42.6898 -12.5817 0
      vertex 43.1249 -12.3405 0
    endloop
  endfacet
  facet normal 0 0 -1
    outer loop
      vertex 44.6578 -17.7512 0
      vertex 42.2465 -12.8075 0
      vertex 42.6898 -12.5817 0
    endloop
  endfacet
  facet normal 0 0 -1
    outer loop
      vertex 40.8736 -13.3903 0
      vertex 42.7549 -18.5589 0
      vertex 42.1031 -18.7834 0
    endloop
  endfacet
  facet normal 0 0 -1
    outer loop
      vertex 44.0331 -18.0425 0
      vertex 41.7961 -13.0175 0
      vertex 42.2465 -12.8075 0
    endloop
  endfacet
  facet normal 0 0 -1
    outer loop
      vertex 40.4037 -13.5521 0
      vertex 42.1031 -18.7834 0
      vertex 41.4438 -18.9849 0
    endloop
  endfacet
  facet normal 0 0 -1
    outer loop
      vertex 43.3985 -18.3119 0
      vertex 41.3378 -13.2121 0
      vertex 41.7961 -13.0175 0
    endloop
  endfacet
  facet normal 0 0 -1
    outer loop
      vertex 42.7549 -18.5589 0
      vertex 40.8736 -13.3903 0
      vertex 41.3378 -13.2121 0
    endloop
  endfacet
  facet normal 0 0 -1
    outer loop
      vertex 39.9276 -13.6976 0
      vertex 41.4438 -18.9849 0
      vertex 40.778 -19.1633 0
    endloop
  endfacet
  facet normal 0 0 -1
    outer loop
      vertex 42.1031 -18.7834 0
      vertex 40.4037 -13.5521 0
      vertex 40.8736 -13.3903 0
    endloop
  endfacet
  facet normal 0 0 -1
    outer loop
      vertex 39.4472 -13.8264 0
      vertex 40.778 -19.1633 0
      vertex 40.1063 -19.3184 0
    endloop
  endfacet
  facet normal 0 0 -1
    outer loop
      vertex 41.4438 -18.9849 0
      vertex 39.9276 -13.6976 0
      vertex 40.4037 -13.5521 0
    endloop
  endfacet
  facet normal 0 0 -1
    outer loop
      vertex 40.778 -19.1633 0
      vertex 39.4472 -13.8264 0
      vertex 39.9276 -13.6976 0
    endloop
  endfacet
  facet normal 0 0 -1
    outer loop
      vertex 38.9627 -13.9382 0
      vertex 40.1063 -19.3184 0
      vertex 39.4296 -19.45 0
    endloop
  endfacet
  facet normal 0 0 -1
    outer loop
      vertex 40.1063 -19.3184 0
      vertex 38.9627 -13.9382 0
      vertex 39.4472 -13.8264 0
    endloop
  endfacet
  facet normal 0 0 -1
    outer loop
      vertex 38.4742 -14.0332 0
      vertex 39.4296 -19.45 0
      vertex 38.7487 -19.5578 0
    endloop
  endfacet
  facet normal 0 0 -1
    outer loop
      vertex 39.4296 -19.45 0
      vertex 38.4742 -14.0332 0
      vertex 38.9627 -13.9382 0
    endloop
  endfacet
  facet normal 0 0 -1
    outer loop
      vertex 37.9836 -14.1109 0
      vertex 38.7487 -19.5578 0
      vertex 38.0644 -19.6418 0
    endloop
  endfacet
  facet normal 0 0 -1
    outer loop
      vertex 38.7487 -19.5578 0
      vertex 37.9836 -14.1109 0
      vertex 38.4742 -14.0332 0
    endloop
  endfacet
  facet normal 0 0 -1
    outer loop
      vertex 38.0644 -19.6418 0
      vertex 37.4894 -14.1716 0
      vertex 37.9836 -14.1109 0
    endloop
  endfacet
  facet normal 0 0 -1
    outer loop
      vertex 37.3777 -19.7019 0
      vertex 37.4894 -14.1716 0
      vertex 38.0644 -19.6418 0
    endloop
  endfacet
  facet normal 0 0 -1
    outer loop
      vertex 37.3777 -19.7019 0
      vertex 36.9937 -14.2149 0
      vertex 37.4894 -14.1716 0
    endloop
  endfacet
  facet normal 0 0 -1
    outer loop
      vertex 36.6893 -19.738 0
      vertex 36.9937 -14.2149 0
      vertex 37.3777 -19.7019 0
    endloop
  endfacet
  facet normal 0 0 -1
    outer loop
      vertex 36.6893 -19.738 0
      vertex 36.4974 -14.2409 0
      vertex 36.9937 -14.2149 0
    endloop
  endfacet
  facet normal 0 0 -1
    outer loop
      vertex 36 -19.75 0
      vertex 36.4974 -14.2409 0
      vertex 36.6893 -19.738 0
    endloop
  endfacet
  facet normal 0 0 -1
    outer loop
      vertex 36 -19.75 0
      vertex 35.9782 -14.25 0
      vertex 36.4974 -14.2409 0
    endloop
  endfacet
  facet normal 0 0 -1
    outer loop
      vertex 36 -19.75 0
      vertex -1.9782 -14.25 0
      vertex 35.9782 -14.25 0
    endloop
  endfacet
  facet normal 0 0 -1
    outer loop
      vertex -2 -19.75 0
      vertex -1.9782 -14.25 0
      vertex 36 -19.75 0
    endloop
  endfacet
  facet normal 0 0 -1
    outer loop
      vertex -2 -19.75 0
      vertex -2.49739 -14.2409 0
      vertex -1.9782 -14.25 0
    endloop
  endfacet
  facet normal 0 0 -1
    outer loop
      vertex -2.68926 -19.738 0
      vertex -2.49739 -14.2409 0
      vertex -2 -19.75 0
    endloop
  endfacet
  facet normal 0 0 -1
    outer loop
      vertex -2.68926 -19.738 0
      vertex -2.99371 -14.2149 0
      vertex -2.49739 -14.2409 0
    endloop
  endfacet
  facet normal 0 0 -1
    outer loop
      vertex -3.37769 -19.7019 0
      vertex -2.99371 -14.2149 0
      vertex -2.68926 -19.738 0
    endloop
  endfacet
  facet normal 0 0 -1
    outer loop
      vertex -3.37769 -19.7019 0
      vertex -3.48941 -14.1716 0
      vertex -2.99371 -14.2149 0
    endloop
  endfacet
  facet normal 0 0 -1
    outer loop
      vertex -4.06444 -19.6418 0
      vertex -3.48941 -14.1716 0
      vertex -3.37769 -19.7019 0
    endloop
  endfacet
  facet normal -0 0 -1
    outer loop
      vertex -3.48941 -14.1716 0
      vertex -4.06444 -19.6418 0
      vertex -3.98361 -14.1109 0
    endloop
  endfacet
  facet normal 0 0 -1
    outer loop
      vertex -4.74867 -19.5578 0
      vertex -3.98361 -14.1109 0
      vertex -4.06444 -19.6418 0
    endloop
  endfacet
  facet normal -0 0 -1
    outer loop
      vertex -3.98361 -14.1109 0
      vertex -4.74867 -19.5578 0
      vertex -4.47415 -14.0332 0
    endloop
  endfacet
  facet normal 0 0 -1
    outer loop
      vertex -5.42955 -19.45 0
      vertex -4.47415 -14.0332 0
      vertex -4.74867 -19.5578 0
    endloop
  endfacet
  facet normal 0 0 -1
    outer loop
      vertex -5.75 -19.3877 0
      vertex -4.47415 -14.0332 0
      vertex -5.42955 -19.45 0
    endloop
  endfacet
  facet normal -0 0 -1
    outer loop
      vertex -4.47415 -14.0332 0
      vertex -5.75 -19.3877 0
      vertex -4.96274 -13.9382 0
    endloop
  endfacet
  facet normal -0 0 -1
    outer loop
      vertex -4.96274 -13.9382 0
      vertex -5.75 -19.3877 0
      vertex -5.44722 -13.8264 0
    endloop
  endfacet
  facet normal -0 0 -1
    outer loop
      vertex -5.44722 -13.8264 0
      vertex -5.75 -19.3877 0
      vertex -5.92758 -13.6976 0
    endloop
  endfacet
  facet normal 0 0 -1
    outer loop
      vertex 49.2121 5.33781 0
      vertex 54.3119 7.39848 0
      vertex 49.3903 4.87355 0
    endloop
  endfacet
  facet normal -0 0 -1
    outer loop
      vertex 54.3119 7.39848 0
      vertex 49.2121 5.33781 0
      vertex 54.0425 8.03305 0
    endloop
  endfacet
  facet normal 0 0 -1
    outer loop
      vertex 49.0175 5.7961 0
      vertex 54.0425 8.03305 0
      vertex 49.2121 5.33781 0
    endloop
  endfacet
  facet normal -0 0 -1
    outer loop
      vertex 54.0425 8.03305 0
      vertex 49.0175 5.7961 0
      vertex 53.7512 8.65783 0
    endloop
  endfacet
  facet normal 0 0 -1
    outer loop
      vertex 48.8075 6.24646 0
      vertex 53.7512 8.65783 0
      vertex 49.0175 5.7961 0
    endloop
  endfacet
  facet normal -0 0 -1
    outer loop
      vertex 53.7512 8.65783 0
      vertex 48.8075 6.24646 0
      vertex 53.4382 9.27206 0
    endloop
  endfacet
  facet normal 0 0 -1
    outer loop
      vertex 48.5817 6.68976 0
      vertex 53.4382 9.27206 0
      vertex 48.8075 6.24646 0
    endloop
  endfacet
  facet normal -0 0 -1
    outer loop
      vertex 53.4382 9.27206 0
      vertex 48.5817 6.68976 0
      vertex 53.104 9.875 0
    endloop
  endfacet
  facet normal 0 0 -1
    outer loop
      vertex 48.3405 7.12494 0
      vertex 53.104 9.875 0
      vertex 48.5817 6.68976 0
    endloop
  endfacet
  facet normal -0 0 -1
    outer loop
      vertex 53.104 9.875 0
      vertex 48.3405 7.12494 0
      vertex 52.7489 10.4659 0
    endloop
  endfacet
  facet normal 0 0 -1
    outer loop
      vertex 48.0844 7.55115 0
      vertex 52.7489 10.4659 0
      vertex 48.3405 7.12494 0
    endloop
  endfacet
  facet normal -0 0 -1
    outer loop
      vertex 52.7489 10.4659 0
      vertex 48.0844 7.55115 0
      vertex 52.3735 11.0441 0
    endloop
  endfacet
  facet normal 0 0 -1
    outer loop
      vertex 47.8136 7.968 0
      vertex 52.3735 11.0441 0
      vertex 48.0844 7.55115 0
    endloop
  endfacet
  facet normal -0 0 -1
    outer loop
      vertex 52.3735 11.0441 0
      vertex 47.8136 7.968 0
      vertex 51.9781 11.6088 0
    endloop
  endfacet
  facet normal 0 0 -1
    outer loop
      vertex 47.528 8.37587 0
      vertex 51.9781 11.6088 0
      vertex 47.8136 7.968 0
    endloop
  endfacet
  facet normal -0 0 -1
    outer loop
      vertex 51.9781 11.6088 0
      vertex 47.528 8.37587 0
      vertex 51.5632 12.1593 0
    endloop
  endfacet
  facet normal 0 0 -1
    outer loop
      vertex 47.2287 8.77306 0
      vertex 51.5632 12.1593 0
      vertex 47.528 8.37587 0
    endloop
  endfacet
  facet normal -0 0 -1
    outer loop
      vertex 51.5632 12.1593 0
      vertex 47.2287 8.77306 0
      vertex 51.1294 12.6951 0
    endloop
  endfacet
  facet normal 0 0 -1
    outer loop
      vertex 46.9161 9.15918 0
      vertex 51.1294 12.6951 0
      vertex 47.2287 8.77306 0
    endloop
  endfacet
  facet normal -0 0 -1
    outer loop
      vertex 51.1294 12.6951 0
      vertex 46.9161 9.15918 0
      vertex 50.6771 13.2153 0
    endloop
  endfacet
  facet normal 0 0 -1
    outer loop
      vertex 46.5894 9.53491 0
      vertex 50.6771 13.2153 0
      vertex 46.9161 9.15918 0
    endloop
  endfacet
  facet normal -0 0 -1
    outer loop
      vertex 50.6771 13.2153 0
      vertex 46.5894 9.53491 0
      vertex 50.207 13.7195 0
    endloop
  endfacet
  facet normal 0 0 -1
    outer loop
      vertex 46.2501 9.89885 0
      vertex 50.207 13.7195 0
      vertex 46.5894 9.53491 0
    endloop
  endfacet
  facet normal -0 0 -1
    outer loop
      vertex 50.207 13.7195 0
      vertex 46.2501 9.89885 0
      vertex 49.7195 14.207 0
    endloop
  endfacet
  facet normal 0 0 -1
    outer loop
      vertex 45.8988 10.2501 0
      vertex 49.7195 14.207 0
      vertex 46.2501 9.89885 0
    endloop
  endfacet
  facet normal -0 0 -1
    outer loop
      vertex 49.7195 14.207 0
      vertex 45.8988 10.2501 0
      vertex 49.2153 14.6771 0
    endloop
  endfacet
  facet normal 0 0 -1
    outer loop
      vertex 45.5349 10.5894 0
      vertex 49.2153 14.6771 0
      vertex 45.8988 10.2501 0
    endloop
  endfacet
  facet normal -0 0 -1
    outer loop
      vertex 49.2153 14.6771 0
      vertex 45.5349 10.5894 0
      vertex 48.6951 15.1294 0
    endloop
  endfacet
  facet normal 0 0 -1
    outer loop
      vertex 45.1592 10.9161 0
      vertex 48.6951 15.1294 0
      vertex 45.5349 10.5894 0
    endloop
  endfacet
  facet normal -0 0 -1
    outer loop
      vertex 48.6951 15.1294 0
      vertex 45.1592 10.9161 0
      vertex 48.1593 15.5632 0
    endloop
  endfacet
  facet normal 0 0 -1
    outer loop
      vertex 44.7731 11.2287 0
      vertex 48.1593 15.5632 0
      vertex 45.1592 10.9161 0
    endloop
  endfacet
  facet normal -0 0 -1
    outer loop
      vertex 48.1593 15.5632 0
      vertex 44.7731 11.2287 0
      vertex 47.6088 15.9781 0
    endloop
  endfacet
  facet normal 0 0 -1
    outer loop
      vertex 44.3759 11.528 0
      vertex 47.6088 15.9781 0
      vertex 44.7731 11.2287 0
    endloop
  endfacet
  facet normal -0 0 -1
    outer loop
      vertex 47.6088 15.9781 0
      vertex 44.3759 11.528 0
      vertex 47.0441 16.3735 0
    endloop
  endfacet
  facet normal 0 0 -1
    outer loop
      vertex 43.968 11.8136 0
      vertex 47.0441 16.3735 0
      vertex 44.3759 11.528 0
    endloop
  endfacet
  facet normal -0 0 -1
    outer loop
      vertex 47.0441 16.3735 0
      vertex 43.968 11.8136 0
      vertex 46.4659 16.7489 0
    endloop
  endfacet
  facet normal 0 0 -1
    outer loop
      vertex 43.5511 12.0844 0
      vertex 46.4659 16.7489 0
      vertex 43.968 11.8136 0
    endloop
  endfacet
  facet normal -0 0 -1
    outer loop
      vertex 46.4659 16.7489 0
      vertex 43.5511 12.0844 0
      vertex 45.875 17.104 0
    endloop
  endfacet
  facet normal 0 0 -1
    outer loop
      vertex 43.1249 12.3405 0
      vertex 45.875 17.104 0
      vertex 43.5511 12.0844 0
    endloop
  endfacet
  facet normal -0 0 -1
    outer loop
      vertex 45.875 17.104 0
      vertex 43.1249 12.3405 0
      vertex 45.2721 17.4382 0
    endloop
  endfacet
  facet normal 0 0 -1
    outer loop
      vertex 42.6898 12.5817 0
      vertex 45.2721 17.4382 0
      vertex 43.1249 12.3405 0
    endloop
  endfacet
  facet normal -0 0 -1
    outer loop
      vertex 45.2721 17.4382 0
      vertex 42.6898 12.5817 0
      vertex 44.6578 17.7512 0
    endloop
  endfacet
  facet normal 0 0 -1
    outer loop
      vertex 42.2465 12.8075 0
      vertex 44.6578 17.7512 0
      vertex 42.6898 12.5817 0
    endloop
  endfacet
  facet normal -0 0 -1
    outer loop
      vertex 44.6578 17.7512 0
      vertex 42.2465 12.8075 0
      vertex 44.0331 18.0425 0
    endloop
  endfacet
  facet normal 0 0 -1
    outer loop
      vertex 41.7961 13.0175 0
      vertex 44.0331 18.0425 0
      vertex 42.2465 12.8075 0
    endloop
  endfacet
  facet normal -0 0 -1
    outer loop
      vertex 44.0331 18.0425 0
      vertex 41.7961 13.0175 0
      vertex 43.3985 18.3119 0
    endloop
  endfacet
  facet normal 0 0 -1
    outer loop
      vertex 41.3378 13.2121 0
      vertex 43.3985 18.3119 0
      vertex 41.7961 13.0175 0
    endloop
  endfacet
  facet normal -0 0 -1
    outer loop
      vertex 43.3985 18.3119 0
      vertex 41.3378 13.2121 0
      vertex 42.7549 18.5589 0
    endloop
  endfacet
  facet normal 0 0 -1
    outer loop
      vertex 40.8736 13.3903 0
      vertex 42.7549 18.5589 0
      vertex 41.3378 13.2121 0
    endloop
  endfacet
  facet normal -0 0 -1
    outer loop
      vertex 42.7549 18.5589 0
      vertex 40.8736 13.3903 0
      vertex 42.1031 18.7834 0
    endloop
  endfacet
  facet normal 0 0 -1
    outer loop
      vertex 40.4037 13.5521 0
      vertex 42.1031 18.7834 0
      vertex 40.8736 13.3903 0
    endloop
  endfacet
  facet normal -0 0 -1
    outer loop
      vertex 42.1031 18.7834 0
      vertex 40.4037 13.5521 0
      vertex 41.4438 18.9849 0
    endloop
  endfacet
  facet normal 0 0 -1
    outer loop
      vertex 39.9276 13.6976 0
      vertex 41.4438 18.9849 0
      vertex 40.4037 13.5521 0
    endloop
  endfacet
  facet normal -0 0 -1
    outer loop
      vertex 41.4438 18.9849 0
      vertex 39.9276 13.6976 0
      vertex 40.778 19.1633 0
    endloop
  endfacet
  facet normal 0 0 -1
    outer loop
      vertex 39.4472 13.8264 0
      vertex 40.778 19.1633 0
      vertex 39.9276 13.6976 0
    endloop
  endfacet
  facet normal -0 0 -1
    outer loop
      vertex 40.778 19.1633 0
      vertex 39.4472 13.8264 0
      vertex 40.1063 19.3184 0
    endloop
  endfacet
  facet normal 0 0 -1
    outer loop
      vertex 38.9627 13.9382 0
      vertex 40.1063 19.3184 0
      vertex 39.4472 13.8264 0
    endloop
  endfacet
  facet normal -0 0 -1
    outer loop
      vertex 40.1063 19.3184 0
      vertex 38.9627 13.9382 0
      vertex 39.4296 19.45 0
    endloop
  endfacet
  facet normal 0 0 -1
    outer loop
      vertex 38.4742 14.0332 0
      vertex 39.4296 19.45 0
      vertex 38.9627 13.9382 0
    endloop
  endfacet
  facet normal -0 0 -1
    outer loop
      vertex 39.4296 19.45 0
      vertex 38.4742 14.0332 0
      vertex 38.7487 19.5578 0
    endloop
  endfacet
  facet normal 0 0 -1
    outer loop
      vertex 37.9836 14.1109 0
      vertex 38.7487 19.5578 0
      vertex 38.4742 14.0332 0
    endloop
  endfacet
  facet normal -0 0 -1
    outer loop
      vertex 38.7487 19.5578 0
      vertex 37.9836 14.1109 0
      vertex 38.0644 19.6418 0
    endloop
  endfacet
  facet normal 0 0 -1
    outer loop
      vertex 37.4894 14.1716 0
      vertex 38.0644 19.6418 0
      vertex 37.9836 14.1109 0
    endloop
  endfacet
  facet normal 0 0 -1
    outer loop
      vertex 37.4894 14.1716 0
      vertex 37.3777 19.7019 0
      vertex 38.0644 19.6418 0
    endloop
  endfacet
  facet normal 0 0 -1
    outer loop
      vertex 36.9937 14.2149 0
      vertex 37.3777 19.7019 0
      vertex 37.4894 14.1716 0
    endloop
  endfacet
  facet normal 0 0 -1
    outer loop
      vertex 36.9937 14.2149 0
      vertex 36.6893 19.738 0
      vertex 37.3777 19.7019 0
    endloop
  endfacet
  facet normal 0 0 -1
    outer loop
      vertex 36.4974 14.2409 0
      vertex 36.6893 19.738 0
      vertex 36.9937 14.2149 0
    endloop
  endfacet
  facet normal 0 0 -1
    outer loop
      vertex 36.4974 14.2409 0
      vertex 36 19.75 0
      vertex 36.6893 19.738 0
    endloop
  endfacet
  facet normal 0 0 -1
    outer loop
      vertex 35.9782 14.25 0
      vertex 36 19.75 0
      vertex 36.4974 14.2409 0
    endloop
  endfacet
  facet normal 0 0 -1
    outer loop
      vertex -1.9782 14.25 0
      vertex 36 19.75 0
      vertex 35.9782 14.25 0
    endloop
  endfacet
  facet normal 0 0 -1
    outer loop
      vertex -1.9782 14.25 0
      vertex -2 19.75 0
      vertex 36 19.75 0
    endloop
  endfacet
  facet normal 0 0 -1
    outer loop
      vertex -2.49739 14.2409 0
      vertex -2 19.75 0
      vertex -1.9782 14.25 0
    endloop
  endfacet
  facet normal 0 0 -1
    outer loop
      vertex -2.49739 14.2409 0
      vertex -2.68926 19.738 0
      vertex -2 19.75 0
    endloop
  endfacet
  facet normal 0 0 -1
    outer loop
      vertex -2.99371 14.2149 0
      vertex -2.68926 19.738 0
      vertex -2.49739 14.2409 0
    endloop
  endfacet
  facet normal 0 0 -1
    outer loop
      vertex -2.99371 14.2149 0
      vertex -3.37769 19.7019 0
      vertex -2.68926 19.738 0
    endloop
  endfacet
  facet normal 0 0 -1
    outer loop
      vertex -3.48941 14.1716 0
      vertex -3.37769 19.7019 0
      vertex -2.99371 14.2149 0
    endloop
  endfacet
  facet normal 0 0 -1
    outer loop
      vertex -4.06444 19.6418 0
      vertex -3.48941 14.1716 0
      vertex -3.98361 14.1109 0
    endloop
  endfacet
  facet normal 0 0 -1
    outer loop
      vertex -3.48941 14.1716 0
      vertex -4.06444 19.6418 0
      vertex -3.37769 19.7019 0
    endloop
  endfacet
  facet normal 0 0 -1
    outer loop
      vertex -4.74867 19.5578 0
      vertex -3.98361 14.1109 0
      vertex -4.47415 14.0332 0
    endloop
  endfacet
  facet normal 0 0 -1
    outer loop
      vertex -3.98361 14.1109 0
      vertex -4.74867 19.5578 0
      vertex -4.06444 19.6418 0
    endloop
  endfacet
  facet normal 0 0 -1
    outer loop
      vertex -5.75 19.3877 0
      vertex -4.47415 14.0332 0
      vertex -4.96274 13.9382 0
    endloop
  endfacet
  facet normal 0 0 -1
    outer loop
      vertex -4.47415 14.0332 0
      vertex -5.42955 19.45 0
      vertex -4.74867 19.5578 0
    endloop
  endfacet
  facet normal 0 0 -1
    outer loop
      vertex -5.75 19.3877 0
      vertex -4.96274 13.9382 0
      vertex -5.44722 13.8264 0
    endloop
  endfacet
  facet normal 0 0 -1
    outer loop
      vertex -4.47415 14.0332 0
      vertex -5.75 19.3877 0
      vertex -5.42955 19.45 0
    endloop
  endfacet
  facet normal 0 0 -1
    outer loop
      vertex -5.92758 13.6976 0
      vertex -5.75 19.3877 0
      vertex -5.44722 13.8264 0
    endloop
  endfacet
  facet normal 0 0 -1
    outer loop
      vertex -6.40369 13.5521 0
      vertex -5.75 19.3877 0
      vertex -5.92758 13.6976 0
    endloop
  endfacet
  facet normal 0 0 -1
    outer loop
      vertex -6.87355 13.3903 0
      vertex -5.75 19.3877 0
      vertex -6.40369 13.5521 0
    endloop
  endfacet
  facet normal 0 0 -1
    outer loop
      vertex -7.33781 13.2121 0
      vertex -5.75 19.3877 0
      vertex -6.87355 13.3903 0
    endloop
  endfacet
  facet normal 0 0 -1
    outer loop
      vertex -7.7961 13.0175 0
      vertex -5.75 19.3877 0
      vertex -7.33781 13.2121 0
    endloop
  endfacet
  facet normal 0 0 -1
    outer loop
      vertex -8.24646 12.8075 0
      vertex -5.75 19.3877 0
      vertex -7.7961 13.0175 0
    endloop
  endfacet
  facet normal 0 0 -1
    outer loop
      vertex -8.68976 12.5817 0
      vertex -5.75 19.3877 0
      vertex -8.24646 12.8075 0
    endloop
  endfacet
  facet normal 0 0 -1
    outer loop
      vertex -9.12494 12.3405 0
      vertex -5.75 19.3877 0
      vertex -8.68976 12.5817 0
    endloop
  endfacet
  facet normal 0 0 -1
    outer loop
      vertex -9.55115 12.0844 0
      vertex -5.75 19.3877 0
      vertex -9.12494 12.3405 0
    endloop
  endfacet
  facet normal 0 0 -1
    outer loop
      vertex -9.968 11.8136 0
      vertex -5.75 19.3877 0
      vertex -9.55115 12.0844 0
    endloop
  endfacet
  facet normal -0 0 -1
    outer loop
      vertex -5.75 19.3877 0
      vertex -9.968 11.8136 0
      vertex -5.75 19.75 0
    endloop
  endfacet
  facet normal 0 0 -1
    outer loop
      vertex -10.3759 11.528 0
      vertex -5.75 19.75 0
      vertex -9.968 11.8136 0
    endloop
  endfacet
  facet normal 0 0 -1
    outer loop
      vertex -10.7731 11.2287 0
      vertex -5.75 19.75 0
      vertex -10.3759 11.528 0
    endloop
  endfacet
  facet normal 0 0 -1
    outer loop
      vertex -31.75 19.75 0
      vertex -10.7731 11.2287 0
      vertex -11.1592 10.9161 0
    endloop
  endfacet
  facet normal 0 0 -1
    outer loop
      vertex -31.75 19.75 0
      vertex -11.1592 10.9161 0
      vertex -11.5349 10.5894 0
    endloop
  endfacet
  facet normal 0 0 -1
    outer loop
      vertex -31.75 19.75 0
      vertex -11.5349 10.5894 0
      vertex -11.8988 10.2501 0
    endloop
  endfacet
  facet normal 0 0 -1
    outer loop
      vertex -31.75 19.75 0
      vertex -11.8988 10.2501 0
      vertex -12.2501 9.89885 0
    endloop
  endfacet
  facet normal 0 0 -1
    outer loop
      vertex -31.75 19.75 0
      vertex -12.2501 9.89885 0
      vertex -12.5894 9.53491 0
    endloop
  endfacet
  facet normal 0 0 -1
    outer loop
      vertex -31.75 19.75 0
      vertex -12.5894 9.53491 0
      vertex -12.9161 9.15918 0
    endloop
  endfacet
  facet normal 0 0 -1
    outer loop
      vertex -31.75 19.75 0
      vertex -12.9161 9.15918 0
      vertex -13.2287 8.77306 0
    endloop
  endfacet
  facet normal 0 0 -1
    outer loop
      vertex -31.75 19.75 0
      vertex -13.2287 8.77306 0
      vertex -13.528 8.37587 0
    endloop
  endfacet
  facet normal 0 0 -1
    outer loop
      vertex -31.75 19.75 0
      vertex -13.528 8.37587 0
      vertex -13.8136 7.968 0
    endloop
  endfacet
  facet normal 0 0 -1
    outer loop
      vertex -31.75 19.75 0
      vertex -16.2496 0 0
      vertex -31.75 -19.75 0
    endloop
  endfacet
  facet normal 0 0 -1
    outer loop
      vertex -16.2496 0 0
      vertex -31.75 19.75 0
      vertex -16.2409 0.497391 0
    endloop
  endfacet
  facet normal 0 0 -1
    outer loop
      vertex -16.2409 0.497391 0
      vertex -31.75 19.75 0
      vertex -16.2149 0.993713 0
    endloop
  endfacet
  facet normal 0 0 -1
    outer loop
      vertex -16.2149 0.993713 0
      vertex -31.75 19.75 0
      vertex -16.1716 1.48941 0
    endloop
  endfacet
  facet normal 0 0 -1
    outer loop
      vertex -16.1716 1.48941 0
      vertex -31.75 19.75 0
      vertex -16.1109 1.98361 0
    endloop
  endfacet
  facet normal 0 0 -1
    outer loop
      vertex -16.1109 1.98361 0
      vertex -31.75 19.75 0
      vertex -16.0332 2.47415 0
    endloop
  endfacet
  facet normal 0 0 -1
    outer loop
      vertex -16.0332 2.47415 0
      vertex -31.75 19.75 0
      vertex -15.9382 2.96274 0
    endloop
  endfacet
  facet normal 0 0 -1
    outer loop
      vertex -15.9382 2.96274 0
      vertex -31.75 19.75 0
      vertex -15.8264 3.44722 0
    endloop
  endfacet
  facet normal 0 0 -1
    outer loop
      vertex -15.8264 3.44722 0
      vertex -31.75 19.75 0
      vertex -15.6976 3.92758 0
    endloop
  endfacet
  facet normal 0 0 -1
    outer loop
      vertex -15.6976 3.92758 0
      vertex -31.75 19.75 0
      vertex -15.5521 4.40369 0
    endloop
  endfacet
  facet normal 0 0 -1
    outer loop
      vertex -15.5521 4.40369 0
      vertex -31.75 19.75 0
      vertex -15.3903 4.87355 0
    endloop
  endfacet
  facet normal 0 0 -1
    outer loop
      vertex -15.3903 4.87355 0
      vertex -31.75 19.75 0
      vertex -15.2121 5.33781 0
    endloop
  endfacet
  facet normal 0 0 -1
    outer loop
      vertex -15.2121 5.33781 0
      vertex -31.75 19.75 0
      vertex -15.0175 5.7961 0
    endloop
  endfacet
  facet normal 0 0 -1
    outer loop
      vertex -15.0175 5.7961 0
      vertex -31.75 19.75 0
      vertex -14.8075 6.24646 0
    endloop
  endfacet
  facet normal 0 0 -1
    outer loop
      vertex -14.8075 6.24646 0
      vertex -31.75 19.75 0
      vertex -14.5817 6.68976 0
    endloop
  endfacet
  facet normal 0 0 -1
    outer loop
      vertex -14.5817 6.68976 0
      vertex -31.75 19.75 0
      vertex -14.3405 7.12494 0
    endloop
  endfacet
  facet normal 0 0 -1
    outer loop
      vertex -10.7731 11.2287 0
      vertex -31.75 19.75 0
      vertex -5.75 19.75 0
    endloop
  endfacet
  facet normal 0 0 -1
    outer loop
      vertex -14.0844 7.55115 0
      vertex -31.75 19.75 0
      vertex -13.8136 7.968 0
    endloop
  endfacet
  facet normal 0 0 -1
    outer loop
      vertex -14.3405 7.12494 0
      vertex -31.75 19.75 0
      vertex -14.0844 7.55115 0
    endloop
  endfacet
  facet normal 0.874629 -0.484793 0
    outer loop
      vertex 53.104 -9.875 14.5
      vertex 53.4382 -9.27206 0
      vertex 53.4382 -9.27206 14.5
    endloop
  endfacet
  facet normal 0.874629 -0.484793 0
    outer loop
      vertex 53.4382 -9.27206 0
      vertex 53.104 -9.875 14.5
      vertex 53.104 -9.875 0
    endloop
  endfacet
  facet normal 0.798588 0.601878 0
    outer loop
      vertex 51.9781 11.6088 14.5
      vertex 51.5632 12.1593 0
      vertex 51.5632 12.1593 14.5
    endloop
  endfacet
  facet normal 0.798588 0.601878 0
    outer loop
      vertex 51.5632 12.1593 0
      vertex 51.9781 11.6088 14.5
      vertex 51.9781 11.6088 0
    endloop
  endfacet
  facet normal 0.996193 0.0871804 0
    outer loop
      vertex 55.7019 1.37769 14.5
      vertex 55.6418 2.06444 0
      vertex 55.6418 2.06444 14.5
    endloop
  endfacet
  facet normal 0.996193 0.0871804 0
    outer loop
      vertex 55.6418 2.06444 0
      vertex 55.7019 1.37769 14.5
      vertex 55.7019 1.37769 0
    endloop
  endfacet
  facet normal 0.325655 0.945489 -0
    outer loop
      vertex 42.7549 18.5589 0
      vertex 42.1031 18.7834 14.5
      vertex 42.7549 18.5589 14.5
    endloop
  endfacet
  facet normal 0.325655 0.945489 0
    outer loop
      vertex 42.1031 18.7834 14.5
      vertex 42.7549 18.5589 0
      vertex 42.1031 18.7834 0
    endloop
  endfacet
  facet normal 0.777204 0.629248 0
    outer loop
      vertex 51.5632 12.1593 14.5
      vertex 51.1294 12.6951 0
      vertex 51.1294 12.6951 14.5
    endloop
  endfacet
  facet normal 0.777204 0.629248 0
    outer loop
      vertex 51.1294 12.6951 0
      vertex 51.5632 12.1593 14.5
      vertex 51.5632 12.1593 0
    endloop
  endfacet
  facet normal 0.999848 -0.0174072 0
    outer loop
      vertex 55.738 -0.689264 14.5
      vertex 55.75 0 0
      vertex 55.75 0 14.5
    endloop
  endfacet
  facet normal 0.999848 -0.0174072 0
    outer loop
      vertex 55.75 0 0
      vertex 55.738 -0.689264 14.5
      vertex 55.738 -0.689264 0
    endloop
  endfacet
  facet normal 0.707107 -0.707107 0
    outer loop
      vertex 49.7195 -14.207 0
      vertex 50.207 -13.7195 14.5
      vertex 49.7195 -14.207 14.5
    endloop
  endfacet
  facet normal 0.707107 -0.707107 0
    outer loop
      vertex 50.207 -13.7195 14.5
      vertex 49.7195 -14.207 0
      vertex 50.207 -13.7195 0
    endloop
  endfacet
  facet normal -0.0174073 0.999848 0
    outer loop
      vertex -2 19.75 0
      vertex -2.68926 19.738 14.5
      vertex -2 19.75 14.5
    endloop
  endfacet
  facet normal -0.0174073 0.999848 0
    outer loop
      vertex -2.68926 19.738 14.5
      vertex -2 19.75 0
      vertex -2.68926 19.738 0
    endloop
  endfacet
  facet normal 0.629248 0.777204 -0
    outer loop
      vertex 48.6951 15.1294 0
      vertex 48.1593 15.5632 14.5
      vertex 48.6951 15.1294 14.5
    endloop
  endfacet
  facet normal 0.629248 0.777204 0
    outer loop
      vertex 48.1593 15.5632 14.5
      vertex 48.6951 15.1294 0
      vertex 48.1593 15.5632 0
    endloop
  endfacet
  facet normal 0.121839 0.99255 -0
    outer loop
      vertex 38.7487 19.5578 0
      vertex 38.0644 19.6418 14.5
      vertex 38.7487 19.5578 14.5
    endloop
  endfacet
  facet normal 0.121839 0.99255 0
    outer loop
      vertex 38.0644 19.6418 14.5
      vertex 38.7487 19.5578 0
      vertex 38.0644 19.6418 0
    endloop
  endfacet
  facet normal 0.94549 -0.325651 0
    outer loop
      vertex 54.5589 -6.7549 14.5
      vertex 54.7834 -6.10309 0
      vertex 54.7834 -6.10309 14.5
    endloop
  endfacet
  facet normal 0.94549 -0.325651 0
    outer loop
      vertex 54.7834 -6.10309 0
      vertex 54.5589 -6.7549 14.5
      vertex 54.5589 -6.7549 0
    endloop
  endfacet
  facet normal 0.121839 -0.99255 0
    outer loop
      vertex 38.0644 -19.6418 0
      vertex 38.7487 -19.5578 14.5
      vertex 38.0644 -19.6418 14.5
    endloop
  endfacet
  facet normal 0.121839 -0.99255 0
    outer loop
      vertex 38.7487 -19.5578 14.5
      vertex 38.0644 -19.6418 0
      vertex 38.7487 -19.5578 0
    endloop
  endfacet
  facet normal 0.0871867 -0.996192 0
    outer loop
      vertex 37.3777 -19.7019 0
      vertex 38.0644 -19.6418 14.5
      vertex 37.3777 -19.7019 14.5
    endloop
  endfacet
  facet normal 0.0871867 -0.996192 0
    outer loop
      vertex 38.0644 -19.6418 14.5
      vertex 37.3777 -19.7019 0
      vertex 38.0644 -19.6418 0
    endloop
  endfacet
  facet normal 0.987697 0.156377 0
    outer loop
      vertex 55.5578 2.74867 14.5
      vertex 55.45 3.42955 0
      vertex 55.45 3.42955 14.5
    endloop
  endfacet
  facet normal 0.987697 0.156377 0
    outer loop
      vertex 55.45 3.42955 0
      vertex 55.5578 2.74867 14.5
      vertex 55.5578 2.74867 0
    endloop
  endfacet
  facet normal 0.681941 -0.731407 0
    outer loop
      vertex 49.2153 -14.6771 0
      vertex 49.7195 -14.207 14.5
      vertex 49.2153 -14.6771 14.5
    endloop
  endfacet
  facet normal 0.681941 -0.731407 0
    outer loop
      vertex 49.7195 -14.207 14.5
      vertex 49.2153 -14.6771 0
      vertex 49.7195 -14.207 0
    endloop
  endfacet
  facet normal 0.981611 0.190894 0
    outer loop
      vertex 55.45 3.42955 14.5
      vertex 55.3184 4.10626 0
      vertex 55.3184 4.10626 14.5
    endloop
  endfacet
  facet normal 0.981611 0.190894 0
    outer loop
      vertex 55.3184 4.10626 0
      vertex 55.45 3.42955 14.5
      vertex 55.45 3.42955 0
    endloop
  endfacet
  facet normal 0.987697 -0.156377 0
    outer loop
      vertex 55.45 -3.42955 14.5
      vertex 55.5578 -2.74867 0
      vertex 55.5578 -2.74867 14.5
    endloop
  endfacet
  facet normal 0.987697 -0.156377 0
    outer loop
      vertex 55.5578 -2.74867 0
      vertex 55.45 -3.42955 14.5
      vertex 55.45 -3.42955 0
    endloop
  endfacet
  facet normal 0.94549 0.325651 0
    outer loop
      vertex 54.7834 6.10309 14.5
      vertex 54.5589 6.7549 0
      vertex 54.5589 6.7549 14.5
    endloop
  endfacet
  facet normal 0.94549 0.325651 0
    outer loop
      vertex 54.5589 6.7549 0
      vertex 54.7834 6.10309 14.5
      vertex 54.7834 6.10309 0
    endloop
  endfacet
  facet normal 0.999848 0.0174072 0
    outer loop
      vertex 55.75 0 14.5
      vertex 55.738 0.689264 0
      vertex 55.738 0.689264 14.5
    endloop
  endfacet
  facet normal 0.999848 0.0174072 0
    outer loop
      vertex 55.738 0.689264 0
      vertex 55.75 0 14.5
      vertex 55.75 0 0
    endloop
  endfacet
  facet normal 0.933603 -0.358308 0
    outer loop
      vertex 54.3119 -7.39848 14.5
      vertex 54.5589 -6.7549 0
      vertex 54.5589 -6.7549 14.5
    endloop
  endfacet
  facet normal 0.933603 -0.358308 0
    outer loop
      vertex 54.5589 -6.7549 0
      vertex 54.3119 -7.39848 14.5
      vertex 54.3119 -7.39848 0
    endloop
  endfacet
  facet normal -0.0871804 -0.996193 0
    outer loop
      vertex -4.06444 -19.6418 0
      vertex -3.37769 -19.7019 14.5
      vertex -4.06444 -19.6418 14.5
    endloop
  endfacet
  facet normal -0.0871804 -0.996193 -0
    outer loop
      vertex -3.37769 -19.7019 14.5
      vertex -4.06444 -19.6418 0
      vertex -3.37769 -19.7019 0
    endloop
  endfacet
  facet normal 0.156372 0.987698 -0
    outer loop
      vertex 39.4296 19.45 0
      vertex 38.7487 19.5578 14.5
      vertex 39.4296 19.45 14.5
    endloop
  endfacet
  facet normal 0.156372 0.987698 0
    outer loop
      vertex 38.7487 19.5578 14.5
      vertex 39.4296 19.45 0
      vertex 38.7487 19.5578 0
    endloop
  endfacet
  facet normal -0.156377 0.987697 0
    outer loop
      vertex -4.74867 19.5578 0
      vertex -5.42955 19.45 14.5
      vertex -4.74867 19.5578 14.5
    endloop
  endfacet
  facet normal -0.156377 0.987697 0
    outer loop
      vertex -5.42955 19.45 14.5
      vertex -4.74867 19.5578 0
      vertex -5.42955 19.45 0
    endloop
  endfacet
  facet normal 0.890986 -0.45403 0
    outer loop
      vertex 53.4382 -9.27206 14.5
      vertex 53.7512 -8.65783 0
      vertex 53.7512 -8.65783 14.5
    endloop
  endfacet
  facet normal 0.890986 -0.45403 0
    outer loop
      vertex 53.7512 -8.65783 0
      vertex 53.4382 -9.27206 14.5
      vertex 53.4382 -9.27206 0
    endloop
  endfacet
  facet normal 0.798588 -0.601878 0
    outer loop
      vertex 51.5632 -12.1593 14.5
      vertex 51.9781 -11.6088 0
      vertex 51.9781 -11.6088 14.5
    endloop
  endfacet
  facet normal 0.798588 -0.601878 0
    outer loop
      vertex 51.9781 -11.6088 0
      vertex 51.5632 -12.1593 14.5
      vertex 51.5632 -12.1593 0
    endloop
  endfacet
  facet normal 0.992548 -0.121851 0
    outer loop
      vertex 55.5578 -2.74867 14.5
      vertex 55.6418 -2.06444 0
      vertex 55.6418 -2.06444 14.5
    endloop
  endfacet
  facet normal 0.992548 -0.121851 0
    outer loop
      vertex 55.6418 -2.06444 0
      vertex 55.5578 -2.74867 14.5
      vertex 55.5578 -2.74867 0
    endloop
  endfacet
  facet normal 0.656139 -0.75464 0
    outer loop
      vertex 48.6951 -15.1294 0
      vertex 49.2153 -14.6771 14.5
      vertex 48.6951 -15.1294 14.5
    endloop
  endfacet
  facet normal 0.656139 -0.75464 0
    outer loop
      vertex 49.2153 -14.6771 14.5
      vertex 48.6951 -15.1294 0
      vertex 49.2153 -14.6771 0
    endloop
  endfacet
  facet normal 0.573569 0.819157 -0
    outer loop
      vertex 47.6088 15.9781 0
      vertex 47.0441 16.3735 14.5
      vertex 47.6088 15.9781 14.5
    endloop
  endfacet
  facet normal 0.573569 0.819157 0
    outer loop
      vertex 47.0441 16.3735 14.5
      vertex 47.6088 15.9781 0
      vertex 47.0441 16.3735 0
    endloop
  endfacet
  facet normal 0.933603 0.358308 0
    outer loop
      vertex 54.5589 6.7549 14.5
      vertex 54.3119 7.39848 0
      vertex 54.3119 7.39848 14.5
    endloop
  endfacet
  facet normal 0.933603 0.358308 0
    outer loop
      vertex 54.3119 7.39848 0
      vertex 54.5589 6.7549 14.5
      vertex 54.5589 6.7549 0
    endloop
  endfacet
  facet normal 0.515093 -0.857134 0
    outer loop
      vertex 45.875 -17.104 0
      vertex 46.4659 -16.7489 14.5
      vertex 45.875 -17.104 14.5
    endloop
  endfacet
  facet normal 0.515093 -0.857134 0
    outer loop
      vertex 46.4659 -16.7489 14.5
      vertex 45.875 -17.104 0
      vertex 46.4659 -16.7489 0
    endloop
  endfacet
  facet normal 0.857134 -0.515093 0
    outer loop
      vertex 52.7489 -10.4659 14.5
      vertex 53.104 -9.875 0
      vertex 53.104 -9.875 14.5
    endloop
  endfacet
  facet normal 0.857134 -0.515093 0
    outer loop
      vertex 53.104 -9.875 0
      vertex 52.7489 -10.4659 14.5
      vertex 52.7489 -10.4659 0
    endloop
  endfacet
  facet normal 0.838729 -0.54455 0
    outer loop
      vertex 52.3735 -11.0441 14.5
      vertex 52.7489 -10.4659 0
      vertex 52.7489 -10.4659 14.5
    endloop
  endfacet
  facet normal 0.838729 -0.54455 0
    outer loop
      vertex 52.7489 -10.4659 0
      vertex 52.3735 -11.0441 14.5
      vertex 52.3735 -11.0441 0
    endloop
  endfacet
  facet normal 0.874629 0.484793 0
    outer loop
      vertex 53.4382 9.27206 14.5
      vertex 53.104 9.875 0
      vertex 53.104 9.875 14.5
    endloop
  endfacet
  facet normal 0.874629 0.484793 0
    outer loop
      vertex 53.104 9.875 0
      vertex 53.4382 9.27206 14.5
      vertex 53.4382 9.27206 0
    endloop
  endfacet
  facet normal 0.190897 -0.98161 0
    outer loop
      vertex 39.4296 -19.45 0
      vertex 40.1063 -19.3184 14.5
      vertex 39.4296 -19.45 14.5
    endloop
  endfacet
  facet normal 0.190897 -0.98161 0
    outer loop
      vertex 40.1063 -19.3184 14.5
      vertex 39.4296 -19.45 0
      vertex 40.1063 -19.3184 0
    endloop
  endfacet
  facet normal 0.629248 -0.777204 0
    outer loop
      vertex 48.1593 -15.5632 0
      vertex 48.6951 -15.1294 14.5
      vertex 48.1593 -15.5632 14.5
    endloop
  endfacet
  facet normal 0.629248 -0.777204 0
    outer loop
      vertex 48.6951 -15.1294 14.5
      vertex 48.1593 -15.5632 0
      vertex 48.6951 -15.1294 0
    endloop
  endfacet
  facet normal 0.390766 -0.92049 0
    outer loop
      vertex 43.3985 -18.3119 0
      vertex 44.0331 -18.0425 14.5
      vertex 43.3985 -18.3119 14.5
    endloop
  endfacet
  facet normal 0.390766 -0.92049 0
    outer loop
      vertex 44.0331 -18.0425 14.5
      vertex 43.3985 -18.3119 0
      vertex 44.0331 -18.0425 0
    endloop
  endfacet
  facet normal 0.484817 -0.874615 0
    outer loop
      vertex 45.2721 -17.4382 0
      vertex 45.875 -17.104 14.5
      vertex 45.2721 -17.4382 14.5
    endloop
  endfacet
  facet normal 0.484817 -0.874615 0
    outer loop
      vertex 45.875 -17.104 14.5
      vertex 45.2721 -17.4382 0
      vertex 45.875 -17.104 0
    endloop
  endfacet
  facet normal 0.156372 -0.987698 0
    outer loop
      vertex 38.7487 -19.5578 0
      vertex 39.4296 -19.45 14.5
      vertex 38.7487 -19.5578 14.5
    endloop
  endfacet
  facet normal 0.156372 -0.987698 0
    outer loop
      vertex 39.4296 -19.45 14.5
      vertex 38.7487 -19.5578 0
      vertex 39.4296 -19.45 0
    endloop
  endfacet
  facet normal 0.956326 0.292301 0
    outer loop
      vertex 54.9849 5.44384 14.5
      vertex 54.7834 6.10309 0
      vertex 54.7834 6.10309 14.5
    endloop
  endfacet
  facet normal 0.956326 0.292301 0
    outer loop
      vertex 54.7834 6.10309 0
      vertex 54.9849 5.44384 14.5
      vertex 54.9849 5.44384 0
    endloop
  endfacet
  facet normal 0.601878 -0.798588 0
    outer loop
      vertex 47.6088 -15.9781 0
      vertex 48.1593 -15.5632 14.5
      vertex 47.6088 -15.9781 14.5
    endloop
  endfacet
  facet normal 0.601878 -0.798588 0
    outer loop
      vertex 48.1593 -15.5632 14.5
      vertex 47.6088 -15.9781 0
      vertex 48.1593 -15.5632 0
    endloop
  endfacet
  facet normal 0.358299 0.933607 -0
    outer loop
      vertex 43.3985 18.3119 0
      vertex 42.7549 18.5589 14.5
      vertex 43.3985 18.3119 14.5
    endloop
  endfacet
  facet normal 0.358299 0.933607 0
    outer loop
      vertex 42.7549 18.5589 14.5
      vertex 43.3985 18.3119 0
      vertex 42.7549 18.5589 0
    endloop
  endfacet
  facet normal 0.90633 0.422571 0
    outer loop
      vertex 54.0425 8.03305 14.5
      vertex 53.7512 8.65783 0
      vertex 53.7512 8.65783 14.5
    endloop
  endfacet
  facet normal 0.90633 0.422571 0
    outer loop
      vertex 53.7512 8.65783 0
      vertex 54.0425 8.03305 14.5
      vertex 54.0425 8.03305 0
    endloop
  endfacet
  facet normal 0.965934 -0.258789 0
    outer loop
      vertex 54.9849 -5.44384 14.5
      vertex 55.1633 -4.77796 0
      vertex 55.1633 -4.77796 14.5
    endloop
  endfacet
  facet normal 0.965934 -0.258789 0
    outer loop
      vertex 55.1633 -4.77796 0
      vertex 54.9849 -5.44384 14.5
      vertex 54.9849 -5.44384 0
    endloop
  endfacet
  facet normal 0.838729 0.54455 0
    outer loop
      vertex 52.7489 10.4659 14.5
      vertex 52.3735 11.0441 0
      vertex 52.3735 11.0441 14.5
    endloop
  endfacet
  facet normal 0.838729 0.54455 0
    outer loop
      vertex 52.3735 11.0441 0
      vertex 52.7489 10.4659 14.5
      vertex 52.7489 10.4659 0
    endloop
  endfacet
  facet normal 0.819157 0.573569 0
    outer loop
      vertex 52.3735 11.0441 14.5
      vertex 51.9781 11.6088 0
      vertex 51.9781 11.6088 14.5
    endloop
  endfacet
  facet normal 0.819157 0.573569 0
    outer loop
      vertex 51.9781 11.6088 0
      vertex 52.3735 11.0441 14.5
      vertex 52.3735 11.0441 0
    endloop
  endfacet
  facet normal 0.996193 -0.0871804 0
    outer loop
      vertex 55.6418 -2.06444 14.5
      vertex 55.7019 -1.37769 0
      vertex 55.7019 -1.37769 14.5
    endloop
  endfacet
  facet normal 0.996193 -0.0871804 0
    outer loop
      vertex 55.7019 -1.37769 0
      vertex 55.6418 -2.06444 14.5
      vertex 55.6418 -2.06444 0
    endloop
  endfacet
  facet normal 0.857134 0.515093 0
    outer loop
      vertex 53.104 9.875 14.5
      vertex 52.7489 10.4659 0
      vertex 52.7489 10.4659 14.5
    endloop
  endfacet
  facet normal 0.857134 0.515093 0
    outer loop
      vertex 52.7489 10.4659 0
      vertex 53.104 9.875 14.5
      vertex 53.104 9.875 0
    endloop
  endfacet
  facet normal -0.0523662 -0.998628 0
    outer loop
      vertex -3.37769 -19.7019 0
      vertex -2.68926 -19.738 14.5
      vertex -3.37769 -19.7019 14.5
    endloop
  endfacet
  facet normal -0.0523662 -0.998628 -0
    outer loop
      vertex -2.68926 -19.738 14.5
      vertex -3.37769 -19.7019 0
      vertex -2.68926 -19.738 0
    endloop
  endfacet
  facet normal 0.981611 -0.190894 0
    outer loop
      vertex 55.3184 -4.10626 14.5
      vertex 55.45 -3.42955 0
      vertex 55.45 -3.42955 14.5
    endloop
  endfacet
  facet normal 0.981611 -0.190894 0
    outer loop
      vertex 55.45 -3.42955 0
      vertex 55.3184 -4.10626 14.5
      vertex 55.3184 -4.10626 0
    endloop
  endfacet
  facet normal 0.920483 -0.390782 0
    outer loop
      vertex 54.0425 -8.03305 14.5
      vertex 54.3119 -7.39848 0
      vertex 54.3119 -7.39848 14.5
    endloop
  endfacet
  facet normal 0.920483 -0.390782 0
    outer loop
      vertex 54.3119 -7.39848 0
      vertex 54.0425 -8.03305 14.5
      vertex 54.0425 -8.03305 0
    endloop
  endfacet
  facet normal 0.54455 -0.838729 0
    outer loop
      vertex 46.4659 -16.7489 0
      vertex 47.0441 -16.3735 14.5
      vertex 46.4659 -16.7489 14.5
    endloop
  endfacet
  facet normal 0.54455 -0.838729 0
    outer loop
      vertex 47.0441 -16.3735 14.5
      vertex 46.4659 -16.7489 0
      vertex 47.0441 -16.3735 0
    endloop
  endfacet
  facet normal 0.974362 -0.224987 0
    outer loop
      vertex 55.1633 -4.77796 14.5
      vertex 55.3184 -4.10626 0
      vertex 55.3184 -4.10626 14.5
    endloop
  endfacet
  facet normal 0.974362 -0.224987 0
    outer loop
      vertex 55.3184 -4.10626 0
      vertex 55.1633 -4.77796 14.5
      vertex 55.1633 -4.77796 0
    endloop
  endfacet
  facet normal 0.292281 -0.956332 0
    outer loop
      vertex 41.4438 -18.9849 0
      vertex 42.1031 -18.7834 14.5
      vertex 41.4438 -18.9849 14.5
    endloop
  endfacet
  facet normal 0.292281 -0.956332 0
    outer loop
      vertex 42.1031 -18.7834 14.5
      vertex 41.4438 -18.9849 0
      vertex 42.1031 -18.7834 0
    endloop
  endfacet
  facet normal 0.422615 -0.906309 0
    outer loop
      vertex 44.0331 -18.0425 0
      vertex 44.6578 -17.7512 14.5
      vertex 44.0331 -18.0425 14.5
    endloop
  endfacet
  facet normal 0.422615 -0.906309 0
    outer loop
      vertex 44.6578 -17.7512 14.5
      vertex 44.0331 -18.0425 0
      vertex 44.6578 -17.7512 0
    endloop
  endfacet
  facet normal 1 -0 0
    outer loop
      vertex -5.75 19.3877 14.5
      vertex -5.75 19.75 0
      vertex -5.75 19.75 14.5
    endloop
  endfacet
  facet normal 1 0 0
    outer loop
      vertex -5.75 19.75 0
      vertex -5.75 19.3877 14.5
      vertex -5.75 19.3877 0
    endloop
  endfacet
  facet normal 1 -0 0
    outer loop
      vertex -5.75 -19.75 14.5
      vertex -5.75 -19.3877 0
      vertex -5.75 -19.3877 14.5
    endloop
  endfacet
  facet normal 1 0 0
    outer loop
      vertex -5.75 -19.3877 0
      vertex -5.75 -19.75 14.5
      vertex -5.75 -19.75 0
    endloop
  endfacet
  facet normal -1 0 0
    outer loop
      vertex -31.75 2.21582 59.6093
      vertex -31.75 9 74
      vertex -31.75 2.21582 38.3907
    endloop
  endfacet
  facet normal -1 0 0
    outer loop
      vertex -31.75 9 74
      vertex -31.75 2.21582 59.6093
      vertex -31.75 2.25 60
    endloop
  endfacet
  facet normal -1 0 0
    outer loop
      vertex -31.75 2.11431 38.7695
      vertex -31.75 2.21582 59.6093
      vertex -31.75 2.21582 38.3907
    endloop
  endfacet
  facet normal -1 0 0
    outer loop
      vertex -31.75 2.11431 38.7695
      vertex -31.75 2.11431 59.2305
      vertex -31.75 2.21582 59.6093
    endloop
  endfacet
  facet normal -1 0 0
    outer loop
      vertex -31.75 1.94856 39.125
      vertex -31.75 2.11431 59.2305
      vertex -31.75 2.11431 38.7695
    endloop
  endfacet
  facet normal -1 0 0
    outer loop
      vertex -31.75 1.94856 39.125
      vertex -31.75 1.94856 58.875
      vertex -31.75 2.11431 59.2305
    endloop
  endfacet
  facet normal -1 0 0
    outer loop
      vertex -31.75 1.7236 39.4463
      vertex -31.75 1.94856 58.875
      vertex -31.75 1.94856 39.125
    endloop
  endfacet
  facet normal -1 0 0
    outer loop
      vertex -31.75 1.7236 39.4463
      vertex -31.75 1.7236 58.5537
      vertex -31.75 1.94856 58.875
    endloop
  endfacet
  facet normal -1 0 0
    outer loop
      vertex -31.75 1.44627 39.7236
      vertex -31.75 1.7236 58.5537
      vertex -31.75 1.7236 39.4463
    endloop
  endfacet
  facet normal -1 0 0
    outer loop
      vertex -31.75 1.44627 39.7236
      vertex -31.75 1.44627 58.2764
      vertex -31.75 1.7236 58.5537
    endloop
  endfacet
  facet normal -1 0 0
    outer loop
      vertex -31.75 1.125 39.9486
      vertex -31.75 1.44627 58.2764
      vertex -31.75 1.44627 39.7236
    endloop
  endfacet
  facet normal -1 0 0
    outer loop
      vertex -31.75 1.125 39.9486
      vertex -31.75 1.125 58.0514
      vertex -31.75 1.44627 58.2764
    endloop
  endfacet
  facet normal -1 0 0
    outer loop
      vertex -31.75 0.769545 40.1143
      vertex -31.75 1.125 58.0514
      vertex -31.75 1.125 39.9486
    endloop
  endfacet
  facet normal -1 0 0
    outer loop
      vertex -31.75 0.769545 40.1143
      vertex -31.75 0.769545 57.8857
      vertex -31.75 1.125 58.0514
    endloop
  endfacet
  facet normal -1 0 0
    outer loop
      vertex -31.75 0.390708 40.2158
      vertex -31.75 0.769545 57.8857
      vertex -31.75 0.769545 40.1143
    endloop
  endfacet
  facet normal -1 0 0
    outer loop
      vertex -31.75 0.390708 40.2158
      vertex -31.75 0.390708 57.7842
      vertex -31.75 0.769545 57.8857
    endloop
  endfacet
  facet normal -1 0 0
    outer loop
      vertex -31.75 0 40.25
      vertex -31.75 0.390708 57.7842
      vertex -31.75 0.390708 40.2158
    endloop
  endfacet
  facet normal -1 0 0
    outer loop
      vertex -31.75 0 40.25
      vertex -31.75 0 57.75
      vertex -31.75 0.390708 57.7842
    endloop
  endfacet
  facet normal -1 0 0
    outer loop
      vertex -31.75 -0.390708 40.2158
      vertex -31.75 0 57.75
      vertex -31.75 0 40.25
    endloop
  endfacet
  facet normal -1 0 0
    outer loop
      vertex -31.75 -0.390708 40.2158
      vertex -31.75 -0.390708 57.7842
      vertex -31.75 0 57.75
    endloop
  endfacet
  facet normal -1 0 0
    outer loop
      vertex -31.75 -0.769545 40.1143
      vertex -31.75 -0.390708 57.7842
      vertex -31.75 -0.390708 40.2158
    endloop
  endfacet
  facet normal -1 0 0
    outer loop
      vertex -31.75 -0.769545 40.1143
      vertex -31.75 -0.769545 57.8857
      vertex -31.75 -0.390708 57.7842
    endloop
  endfacet
  facet normal -1 0 0
    outer loop
      vertex -31.75 -1.125 39.9486
      vertex -31.75 -0.769545 57.8857
      vertex -31.75 -0.769545 40.1143
    endloop
  endfacet
  facet normal -1 0 0
    outer loop
      vertex -31.75 -1.125 39.9486
      vertex -31.75 -1.125 58.0514
      vertex -31.75 -0.769545 57.8857
    endloop
  endfacet
  facet normal -1 0 0
    outer loop
      vertex -31.75 -1.44627 39.7236
      vertex -31.75 -1.125 58.0514
      vertex -31.75 -1.125 39.9486
    endloop
  endfacet
  facet normal -1 0 0
    outer loop
      vertex -31.75 -1.44627 39.7236
      vertex -31.75 -1.44627 58.2764
      vertex -31.75 -1.125 58.0514
    endloop
  endfacet
  facet normal -1 0 0
    outer loop
      vertex -31.75 -1.7236 39.4463
      vertex -31.75 -1.44627 58.2764
      vertex -31.75 -1.44627 39.7236
    endloop
  endfacet
  facet normal -1 0 0
    outer loop
      vertex -31.75 -1.7236 39.4463
      vertex -31.75 -1.7236 58.5537
      vertex -31.75 -1.44627 58.2764
    endloop
  endfacet
  facet normal -1 0 0
    outer loop
      vertex -31.75 -1.94856 39.125
      vertex -31.75 -1.7236 58.5537
      vertex -31.75 -1.7236 39.4463
    endloop
  endfacet
  facet normal -1 0 0
    outer loop
      vertex -31.75 -1.94856 39.125
      vertex -31.75 -1.94856 58.875
      vertex -31.75 -1.7236 58.5537
    endloop
  endfacet
  facet normal -1 0 0
    outer loop
      vertex -31.75 -2.11431 38.7695
      vertex -31.75 -1.94856 58.875
      vertex -31.75 -1.94856 39.125
    endloop
  endfacet
  facet normal -1 0 0
    outer loop
      vertex -31.75 -2.11431 38.7695
      vertex -31.75 -2.11431 59.2305
      vertex -31.75 -1.94856 58.875
    endloop
  endfacet
  facet normal -1 0 0
    outer loop
      vertex -31.75 -2.21582 38.3907
      vertex -31.75 -2.11431 59.2305
      vertex -31.75 -2.11431 38.7695
    endloop
  endfacet
  facet normal -1 0 0
    outer loop
      vertex -31.75 -2.21582 38.3907
      vertex -31.75 -2.21582 59.6093
      vertex -31.75 -2.11431 59.2305
    endloop
  endfacet
  facet normal -1 0 0
    outer loop
      vertex -31.75 -9 74
      vertex -31.75 -2.21582 38.3907
      vertex -31.75 -2.25 38
    endloop
  endfacet
  facet normal -1 0 0
    outer loop
      vertex -31.75 -2.21582 38.3907
      vertex -31.75 -9 74
      vertex -31.75 -2.21582 59.6093
    endloop
  endfacet
  facet normal -1 0 0
    outer loop
      vertex -31.75 19.75 0
      vertex -31.75 9 14.5
      vertex -31.75 19.75 14.5
    endloop
  endfacet
  facet normal -1 0 0
    outer loop
      vertex -31.75 9 14.5
      vertex -31.75 2.25 38
      vertex -31.75 9 74
    endloop
  endfacet
  facet normal -1 0 0
    outer loop
      vertex -31.75 9 14.5
      vertex -31.75 2.21582 37.6093
      vertex -31.75 2.25 38
    endloop
  endfacet
  facet normal -1 0 0
    outer loop
      vertex -31.75 9 14.5
      vertex -31.75 2.11431 37.2305
      vertex -31.75 2.21582 37.6093
    endloop
  endfacet
  facet normal -1 0 0
    outer loop
      vertex -31.75 9 14.5
      vertex -31.75 1.94856 36.875
      vertex -31.75 2.11431 37.2305
    endloop
  endfacet
  facet normal -1 0 0
    outer loop
      vertex -31.75 9 14.5
      vertex -31.75 1.7236 36.5537
      vertex -31.75 1.94856 36.875
    endloop
  endfacet
  facet normal -1 0 0
    outer loop
      vertex -31.75 9 14.5
      vertex -31.75 1.44627 36.2764
      vertex -31.75 1.7236 36.5537
    endloop
  endfacet
  facet normal -1 0 0
    outer loop
      vertex -31.75 9 14.5
      vertex -31.75 1.125 36.0514
      vertex -31.75 1.44627 36.2764
    endloop
  endfacet
  facet normal -1 0 0
    outer loop
      vertex -31.75 9 14.5
      vertex -31.75 0.769545 35.8857
      vertex -31.75 1.125 36.0514
    endloop
  endfacet
  facet normal -1 0 0
    outer loop
      vertex -31.75 9 14.5
      vertex -31.75 0.390708 35.7842
      vertex -31.75 0.769545 35.8857
    endloop
  endfacet
  facet normal -1 0 0
    outer loop
      vertex -31.75 9 14.5
      vertex -31.75 0 35.75
      vertex -31.75 0.390708 35.7842
    endloop
  endfacet
  facet normal -1 0 0
    outer loop
      vertex -31.75 -9 14.5
      vertex -31.75 0 35.75
      vertex -31.75 9 14.5
    endloop
  endfacet
  facet normal -1 -0 0
    outer loop
      vertex -31.75 0 35.75
      vertex -31.75 -9 14.5
      vertex -31.75 -0.390708 35.7842
    endloop
  endfacet
  facet normal -1 -0 0
    outer loop
      vertex -31.75 -0.390708 35.7842
      vertex -31.75 -9 14.5
      vertex -31.75 -0.769545 35.8857
    endloop
  endfacet
  facet normal -1 -0 0
    outer loop
      vertex -31.75 -0.769545 35.8857
      vertex -31.75 -9 14.5
      vertex -31.75 -1.125 36.0514
    endloop
  endfacet
  facet normal -1 -0 0
    outer loop
      vertex -31.75 -1.125 36.0514
      vertex -31.75 -9 14.5
      vertex -31.75 -1.44627 36.2764
    endloop
  endfacet
  facet normal -1 -0 0
    outer loop
      vertex -31.75 -1.44627 36.2764
      vertex -31.75 -9 14.5
      vertex -31.75 -1.7236 36.5537
    endloop
  endfacet
  facet normal -1 0 0
    outer loop
      vertex -31.75 -9 74
      vertex -31.75 -2.25 38
      vertex -31.75 -9 14.5
    endloop
  endfacet
  facet normal -1 -0 0
    outer loop
      vertex -31.75 -2.21582 37.6093
      vertex -31.75 -9 14.5
      vertex -31.75 -2.25 38
    endloop
  endfacet
  facet normal -1 -0 0
    outer loop
      vertex -31.75 -2.11431 37.2305
      vertex -31.75 -9 14.5
      vertex -31.75 -2.21582 37.6093
    endloop
  endfacet
  facet normal -1 -0 0
    outer loop
      vertex -31.75 -1.94856 36.875
      vertex -31.75 -9 14.5
      vertex -31.75 -2.11431 37.2305
    endloop
  endfacet
  facet normal -1 -0 0
    outer loop
      vertex -31.75 -1.7236 36.5537
      vertex -31.75 -9 14.5
      vertex -31.75 -1.94856 36.875
    endloop
  endfacet
  facet normal -1 0 0
    outer loop
      vertex -31.75 19.75 0
      vertex -31.75 -9 14.5
      vertex -31.75 9 14.5
    endloop
  endfacet
  facet normal -1 0 0
    outer loop
      vertex -31.75 -19.75 0
      vertex -31.75 -9 14.5
      vertex -31.75 19.75 0
    endloop
  endfacet
  facet normal -1 -0 0
    outer loop
      vertex -31.75 -9 14.5
      vertex -31.75 -19.75 0
      vertex -31.75 -19.75 14.5
    endloop
  endfacet
  facet normal -1 0 0
    outer loop
      vertex -31.75 2.21582 38.3907
      vertex -31.75 9 74
      vertex -31.75 2.25 38
    endloop
  endfacet
  facet normal -1 0 0
    outer loop
      vertex -31.75 2.21582 60.3907
      vertex -31.75 9 74
      vertex -31.75 2.25 60
    endloop
  endfacet
  facet normal -1 0 0
    outer loop
      vertex -31.75 2.11431 60.7695
      vertex -31.75 9 74
      vertex -31.75 2.21582 60.3907
    endloop
  endfacet
  facet normal -1 0 0
    outer loop
      vertex -31.75 1.94856 61.125
      vertex -31.75 9 74
      vertex -31.75 2.11431 60.7695
    endloop
  endfacet
  facet normal -1 0 0
    outer loop
      vertex -31.75 1.7236 61.4463
      vertex -31.75 9 74
      vertex -31.75 1.94856 61.125
    endloop
  endfacet
  facet normal -1 0 0
    outer loop
      vertex -31.75 1.44627 61.7236
      vertex -31.75 9 74
      vertex -31.75 1.7236 61.4463
    endloop
  endfacet
  facet normal -1 0 0
    outer loop
      vertex -31.75 1.125 61.9486
      vertex -31.75 9 74
      vertex -31.75 1.44627 61.7236
    endloop
  endfacet
  facet normal -1 0 0
    outer loop
      vertex -31.75 0.769545 62.1143
      vertex -31.75 9 74
      vertex -31.75 1.125 61.9486
    endloop
  endfacet
  facet normal -1 0 0
    outer loop
      vertex -31.75 0.390708 62.2158
      vertex -31.75 9 74
      vertex -31.75 0.769545 62.1143
    endloop
  endfacet
  facet normal -1 0 0
    outer loop
      vertex -31.75 0 62.25
      vertex -31.75 9 74
      vertex -31.75 0.390708 62.2158
    endloop
  endfacet
  facet normal -1 0 0
    outer loop
      vertex -31.75 -9 74
      vertex -31.75 0 62.25
      vertex -31.75 -0.390708 62.2158
    endloop
  endfacet
  facet normal -1 0 0
    outer loop
      vertex -31.75 -9 74
      vertex -31.75 -0.390708 62.2158
      vertex -31.75 -0.769545 62.1143
    endloop
  endfacet
  facet normal -1 0 0
    outer loop
      vertex -31.75 -9 74
      vertex -31.75 -0.769545 62.1143
      vertex -31.75 -1.125 61.9486
    endloop
  endfacet
  facet normal -1 0 0
    outer loop
      vertex -31.75 -9 74
      vertex -31.75 -1.125 61.9486
      vertex -31.75 -1.44627 61.7236
    endloop
  endfacet
  facet normal -1 0 0
    outer loop
      vertex -31.75 -9 74
      vertex -31.75 -1.44627 61.7236
      vertex -31.75 -1.7236 61.4463
    endloop
  endfacet
  facet normal -1 0 0
    outer loop
      vertex -31.75 -2.21582 59.6093
      vertex -31.75 -9 74
      vertex -31.75 -2.25 60
    endloop
  endfacet
  facet normal -1 0 0
    outer loop
      vertex -31.75 0 62.25
      vertex -31.75 -9 74
      vertex -31.75 9 74
    endloop
  endfacet
  facet normal -1 0 0
    outer loop
      vertex -31.75 -1.94856 61.125
      vertex -31.75 -9 74
      vertex -31.75 -1.7236 61.4463
    endloop
  endfacet
  facet normal -1 0 0
    outer loop
      vertex -31.75 -2.11431 60.7695
      vertex -31.75 -9 74
      vertex -31.75 -1.94856 61.125
    endloop
  endfacet
  facet normal -1 0 0
    outer loop
      vertex -31.75 -2.21582 60.3907
      vertex -31.75 -9 74
      vertex -31.75 -2.11431 60.7695
    endloop
  endfacet
  facet normal -1 0 0
    outer loop
      vertex -31.75 -2.25 60
      vertex -31.75 -9 74
      vertex -31.75 -2.21582 60.3907
    endloop
  endfacet
  facet normal 0 1 -0
    outer loop
      vertex -5.75 19.75 0
      vertex -31.75 19.75 14.5
      vertex -5.75 19.75 14.5
    endloop
  endfacet
  facet normal 0 1 0
    outer loop
      vertex -31.75 19.75 14.5
      vertex -5.75 19.75 0
      vertex -31.75 19.75 0
    endloop
  endfacet
  facet normal 0 -1 0
    outer loop
      vertex -31.75 -19.75 0
      vertex -5.75 -19.75 14.5
      vertex -31.75 -19.75 14.5
    endloop
  endfacet
  facet normal 0 -1 -0
    outer loop
      vertex -5.75 -19.75 14.5
      vertex -31.75 -19.75 0
      vertex -5.75 -19.75 0
    endloop
  endfacet
  facet normal 1 0 0
    outer loop
      vertex -21.75 2.21582 38.3907
      vertex -21.75 9 74
      vertex -21.75 2.21582 59.6093
    endloop
  endfacet
  facet normal 1 0 0
    outer loop
      vertex -21.75 9 74
      vertex -21.75 2.21582 38.3907
      vertex -21.75 2.25 38
    endloop
  endfacet
  facet normal 1 -0 0
    outer loop
      vertex -21.75 2.11431 59.2305
      vertex -21.75 2.21582 38.3907
      vertex -21.75 2.21582 59.6093
    endloop
  endfacet
  facet normal 1 0 0
    outer loop
      vertex -21.75 2.11431 59.2305
      vertex -21.75 2.11431 38.7695
      vertex -21.75 2.21582 38.3907
    endloop
  endfacet
  facet normal 1 -0 0
    outer loop
      vertex -21.75 1.94856 58.875
      vertex -21.75 2.11431 38.7695
      vertex -21.75 2.11431 59.2305
    endloop
  endfacet
  facet normal 1 0 0
    outer loop
      vertex -21.75 1.94856 58.875
      vertex -21.75 1.94856 39.125
      vertex -21.75 2.11431 38.7695
    endloop
  endfacet
  facet normal 1 -0 0
    outer loop
      vertex -21.75 1.7236 58.5537
      vertex -21.75 1.94856 39.125
      vertex -21.75 1.94856 58.875
    endloop
  endfacet
  facet normal 1 0 0
    outer loop
      vertex -21.75 1.7236 58.5537
      vertex -21.75 1.7236 39.4463
      vertex -21.75 1.94856 39.125
    endloop
  endfacet
  facet normal 1 -0 0
    outer loop
      vertex -21.75 1.44627 58.2764
      vertex -21.75 1.7236 39.4463
      vertex -21.75 1.7236 58.5537
    endloop
  endfacet
  facet normal 1 0 0
    outer loop
      vertex -21.75 1.44627 58.2764
      vertex -21.75 1.44627 39.7236
      vertex -21.75 1.7236 39.4463
    endloop
  endfacet
  facet normal 1 -0 0
    outer loop
      vertex -21.75 1.125 58.0514
      vertex -21.75 1.44627 39.7236
      vertex -21.75 1.44627 58.2764
    endloop
  endfacet
  facet normal 1 0 0
    outer loop
      vertex -21.75 1.125 58.0514
      vertex -21.75 1.125 39.9486
      vertex -21.75 1.44627 39.7236
    endloop
  endfacet
  facet normal 1 -0 0
    outer loop
      vertex -21.75 0.769545 57.8857
      vertex -21.75 1.125 39.9486
      vertex -21.75 1.125 58.0514
    endloop
  endfacet
  facet normal 1 0 0
    outer loop
      vertex -21.75 0.769545 57.8857
      vertex -21.75 0.769545 40.1143
      vertex -21.75 1.125 39.9486
    endloop
  endfacet
  facet normal 1 -0 0
    outer loop
      vertex -21.75 0.390708 57.7842
      vertex -21.75 0.769545 40.1143
      vertex -21.75 0.769545 57.8857
    endloop
  endfacet
  facet normal 1 0 0
    outer loop
      vertex -21.75 0.390708 57.7842
      vertex -21.75 0.390708 40.2158
      vertex -21.75 0.769545 40.1143
    endloop
  endfacet
  facet normal 1 -0 0
    outer loop
      vertex -21.75 0 57.75
      vertex -21.75 0.390708 40.2158
      vertex -21.75 0.390708 57.7842
    endloop
  endfacet
  facet normal 1 0 0
    outer loop
      vertex -21.75 0 57.75
      vertex -21.75 0 40.25
      vertex -21.75 0.390708 40.2158
    endloop
  endfacet
  facet normal 1 0 0
    outer loop
      vertex -21.75 -0.390708 57.7842
      vertex -21.75 0 40.25
      vertex -21.75 0 57.75
    endloop
  endfacet
  facet normal 1 0 0
    outer loop
      vertex -21.75 -0.390708 57.7842
      vertex -21.75 -0.390708 40.2158
      vertex -21.75 0 40.25
    endloop
  endfacet
  facet normal 1 0 0
    outer loop
      vertex -21.75 -0.769545 57.8857
      vertex -21.75 -0.390708 40.2158
      vertex -21.75 -0.390708 57.7842
    endloop
  endfacet
  facet normal 1 0 0
    outer loop
      vertex -21.75 -0.769545 57.8857
      vertex -21.75 -0.769545 40.1143
      vertex -21.75 -0.390708 40.2158
    endloop
  endfacet
  facet normal 1 0 0
    outer loop
      vertex -21.75 -1.125 58.0514
      vertex -21.75 -0.769545 40.1143
      vertex -21.75 -0.769545 57.8857
    endloop
  endfacet
  facet normal 1 0 0
    outer loop
      vertex -21.75 -1.125 58.0514
      vertex -21.75 -1.125 39.9486
      vertex -21.75 -0.769545 40.1143
    endloop
  endfacet
  facet normal 1 0 0
    outer loop
      vertex -21.75 -1.44627 58.2764
      vertex -21.75 -1.125 39.9486
      vertex -21.75 -1.125 58.0514
    endloop
  endfacet
  facet normal 1 0 0
    outer loop
      vertex -21.75 -1.44627 58.2764
      vertex -21.75 -1.44627 39.7236
      vertex -21.75 -1.125 39.9486
    endloop
  endfacet
  facet normal 1 0 0
    outer loop
      vertex -21.75 -1.7236 58.5537
      vertex -21.75 -1.44627 39.7236
      vertex -21.75 -1.44627 58.2764
    endloop
  endfacet
  facet normal 1 0 0
    outer loop
      vertex -21.75 -1.7236 58.5537
      vertex -21.75 -1.7236 39.4463
      vertex -21.75 -1.44627 39.7236
    endloop
  endfacet
  facet normal 1 0 0
    outer loop
      vertex -21.75 -1.94856 58.875
      vertex -21.75 -1.7236 39.4463
      vertex -21.75 -1.7236 58.5537
    endloop
  endfacet
  facet normal 1 0 0
    outer loop
      vertex -21.75 -1.94856 58.875
      vertex -21.75 -1.94856 39.125
      vertex -21.75 -1.7236 39.4463
    endloop
  endfacet
  facet normal 1 0 0
    outer loop
      vertex -21.75 -2.11431 59.2305
      vertex -21.75 -1.94856 39.125
      vertex -21.75 -1.94856 58.875
    endloop
  endfacet
  facet normal 1 0 0
    outer loop
      vertex -21.75 -2.11431 59.2305
      vertex -21.75 -2.11431 38.7695
      vertex -21.75 -1.94856 39.125
    endloop
  endfacet
  facet normal 1 0 0
    outer loop
      vertex -21.75 -2.21582 59.6093
      vertex -21.75 -2.11431 38.7695
      vertex -21.75 -2.11431 59.2305
    endloop
  endfacet
  facet normal 1 0 0
    outer loop
      vertex -21.75 -2.21582 59.6093
      vertex -21.75 -2.21582 38.3907
      vertex -21.75 -2.11431 38.7695
    endloop
  endfacet
  facet normal 1 0 0
    outer loop
      vertex -21.75 -9 74
      vertex -21.75 -2.21582 59.6093
      vertex -21.75 -2.25 60
    endloop
  endfacet
  facet normal 1 0 0
    outer loop
      vertex -21.75 -2.21582 59.6093
      vertex -21.75 -9 74
      vertex -21.75 -2.21582 38.3907
    endloop
  endfacet
  facet normal 1 0 0
    outer loop
      vertex -21.75 2.21582 59.6093
      vertex -21.75 9 74
      vertex -21.75 2.25 60
    endloop
  endfacet
  facet normal 1 0 0
    outer loop
      vertex -21.75 9 74
      vertex -21.75 2.21582 60.3907
      vertex -21.75 2.25 60
    endloop
  endfacet
  facet normal 1 0 0
    outer loop
      vertex -21.75 9 74
      vertex -21.75 2.11431 60.7695
      vertex -21.75 2.21582 60.3907
    endloop
  endfacet
  facet normal 1 0 0
    outer loop
      vertex -21.75 9 74
      vertex -21.75 1.94856 61.125
      vertex -21.75 2.11431 60.7695
    endloop
  endfacet
  facet normal 1 0 0
    outer loop
      vertex -21.75 9 74
      vertex -21.75 1.7236 61.4463
      vertex -21.75 1.94856 61.125
    endloop
  endfacet
  facet normal 1 0 0
    outer loop
      vertex -21.75 9 74
      vertex -21.75 1.44627 61.7236
      vertex -21.75 1.7236 61.4463
    endloop
  endfacet
  facet normal 1 0 0
    outer loop
      vertex -21.75 9 74
      vertex -21.75 1.125 61.9486
      vertex -21.75 1.44627 61.7236
    endloop
  endfacet
  facet normal 1 0 0
    outer loop
      vertex -21.75 9 74
      vertex -21.75 0.769545 62.1143
      vertex -21.75 1.125 61.9486
    endloop
  endfacet
  facet normal 1 0 0
    outer loop
      vertex -21.75 9 74
      vertex -21.75 0.390708 62.2158
      vertex -21.75 0.769545 62.1143
    endloop
  endfacet
  facet normal 1 0 0
    outer loop
      vertex -21.75 9 74
      vertex -21.75 0 62.25
      vertex -21.75 0.390708 62.2158
    endloop
  endfacet
  facet normal 1 -0 0
    outer loop
      vertex -21.75 -9 74
      vertex -21.75 0 62.25
      vertex -21.75 9 74
    endloop
  endfacet
  facet normal 1 0 0
    outer loop
      vertex -21.75 0 62.25
      vertex -21.75 -9 74
      vertex -21.75 -0.390708 62.2158
    endloop
  endfacet
  facet normal 1 0 0
    outer loop
      vertex -21.75 -0.390708 62.2158
      vertex -21.75 -9 74
      vertex -21.75 -0.769545 62.1143
    endloop
  endfacet
  facet normal 1 0 0
    outer loop
      vertex -21.75 -0.769545 62.1143
      vertex -21.75 -9 74
      vertex -21.75 -1.125 61.9486
    endloop
  endfacet
  facet normal 1 0 0
    outer loop
      vertex -21.75 -1.125 61.9486
      vertex -21.75 -9 74
      vertex -21.75 -1.44627 61.7236
    endloop
  endfacet
  facet normal 1 0 0
    outer loop
      vertex -21.75 -9 19.6923
      vertex -21.75 -2.21582 38.3907
      vertex -21.75 -9 74
    endloop
  endfacet
  facet normal 1 0 0
    outer loop
      vertex -21.75 -2.21582 60.3907
      vertex -21.75 -9 74
      vertex -21.75 -2.25 60
    endloop
  endfacet
  facet normal 1 0 0
    outer loop
      vertex -21.75 -2.11431 60.7695
      vertex -21.75 -9 74
      vertex -21.75 -2.21582 60.3907
    endloop
  endfacet
  facet normal 1 0 0
    outer loop
      vertex -21.75 -1.94856 61.125
      vertex -21.75 -9 74
      vertex -21.75 -2.11431 60.7695
    endloop
  endfacet
  facet normal 1 0 0
    outer loop
      vertex -21.75 -1.7236 61.4463
      vertex -21.75 -9 74
      vertex -21.75 -1.94856 61.125
    endloop
  endfacet
  facet normal 1 0 0
    outer loop
      vertex -21.75 -1.44627 61.7236
      vertex -21.75 -9 74
      vertex -21.75 -1.7236 61.4463
    endloop
  endfacet
  facet normal 1 0 0
    outer loop
      vertex -21.75 9 74
      vertex -21.75 2.25 38
      vertex -21.75 9 19.6923
    endloop
  endfacet
  facet normal 1 -0 0
    outer loop
      vertex -21.75 2.21582 37.6093
      vertex -21.75 9 19.6923
      vertex -21.75 2.25 38
    endloop
  endfacet
  facet normal 1 -0 0
    outer loop
      vertex -21.75 2.11431 37.2305
      vertex -21.75 9 19.6923
      vertex -21.75 2.21582 37.6093
    endloop
  endfacet
  facet normal 1 -0 0
    outer loop
      vertex -21.75 1.94856 36.875
      vertex -21.75 9 19.6923
      vertex -21.75 2.11431 37.2305
    endloop
  endfacet
  facet normal 1 -0 0
    outer loop
      vertex -21.75 1.7236 36.5537
      vertex -21.75 9 19.6923
      vertex -21.75 1.94856 36.875
    endloop
  endfacet
  facet normal 1 -0 0
    outer loop
      vertex -21.75 1.44627 36.2764
      vertex -21.75 9 19.6923
      vertex -21.75 1.7236 36.5537
    endloop
  endfacet
  facet normal 1 -0 0
    outer loop
      vertex -21.75 1.125 36.0514
      vertex -21.75 9 19.6923
      vertex -21.75 1.44627 36.2764
    endloop
  endfacet
  facet normal 1 -0 0
    outer loop
      vertex -21.75 0.769545 35.8857
      vertex -21.75 9 19.6923
      vertex -21.75 1.125 36.0514
    endloop
  endfacet
  facet normal 1 -0 0
    outer loop
      vertex -21.75 0.390708 35.7842
      vertex -21.75 9 19.6923
      vertex -21.75 0.769545 35.8857
    endloop
  endfacet
  facet normal 1 -0 0
    outer loop
      vertex -21.75 0 35.75
      vertex -21.75 9 19.6923
      vertex -21.75 0.390708 35.7842
    endloop
  endfacet
  facet normal 1 0 0
    outer loop
      vertex -21.75 -9 19.6923
      vertex -21.75 0 35.75
      vertex -21.75 -0.390708 35.7842
    endloop
  endfacet
  facet normal 1 0 0
    outer loop
      vertex -21.75 -9 19.6923
      vertex -21.75 -0.390708 35.7842
      vertex -21.75 -0.769545 35.8857
    endloop
  endfacet
  facet normal 1 0 0
    outer loop
      vertex -21.75 -9 19.6923
      vertex -21.75 -0.769545 35.8857
      vertex -21.75 -1.125 36.0514
    endloop
  endfacet
  facet normal 1 0 0
    outer loop
      vertex -21.75 -9 19.6923
      vertex -21.75 -1.125 36.0514
      vertex -21.75 -1.44627 36.2764
    endloop
  endfacet
  facet normal 1 0 0
    outer loop
      vertex -21.75 -9 19.6923
      vertex -21.75 -1.44627 36.2764
      vertex -21.75 -1.7236 36.5537
    endloop
  endfacet
  facet normal 1 0 0
    outer loop
      vertex -21.75 -9 19.6923
      vertex -21.75 -1.7236 36.5537
      vertex -21.75 -1.94856 36.875
    endloop
  endfacet
  facet normal 1 0 0
    outer loop
      vertex -21.75 -2.21582 38.3907
      vertex -21.75 -9 19.6923
      vertex -21.75 -2.25 38
    endloop
  endfacet
  facet normal 1 0 0
    outer loop
      vertex -21.75 0 35.75
      vertex -21.75 -9 19.6923
      vertex -21.75 9 19.6923
    endloop
  endfacet
  facet normal 1 0 0
    outer loop
      vertex -21.75 -2.11431 37.2305
      vertex -21.75 -9 19.6923
      vertex -21.75 -1.94856 36.875
    endloop
  endfacet
  facet normal 1 0 0
    outer loop
      vertex -21.75 -2.21582 37.6093
      vertex -21.75 -9 19.6923
      vertex -21.75 -2.11431 37.2305
    endloop
  endfacet
  facet normal 1 0 0
    outer loop
      vertex -21.75 -2.25 38
      vertex -21.75 -9 19.6923
      vertex -21.75 -2.21582 37.6093
    endloop
  endfacet
  facet normal -0 0 1
    outer loop
      vertex -31.75 9 74
      vertex -21.75 -9 74
      vertex -21.75 9 74
    endloop
  endfacet
  facet normal 0 0 1
    outer loop
      vertex -21.75 -9 74
      vertex -31.75 9 74
      vertex -31.75 -9 74
    endloop
  endfacet
  facet normal 0 1 -0
    outer loop
      vertex -21.75 9 19.6923
      vertex -31.75 9 74
      vertex -21.75 9 74
    endloop
  endfacet
  facet normal 0 1 0
    outer loop
      vertex -21.75 9 19.6923
      vertex -31.75 9 14.5
      vertex -31.75 9 74
    endloop
  endfacet
  facet normal 0 1 0
    outer loop
      vertex -31.75 9 14.5
      vertex -21.75 9 19.6923
      vertex -17.5312 9 14.5
    endloop
  endfacet
  facet normal 0 -1 0
    outer loop
      vertex -31.75 -9 74
      vertex -21.75 -9 19.6923
      vertex -21.75 -9 74
    endloop
  endfacet
  facet normal 0 -1 0
    outer loop
      vertex -31.75 -9 14.5
      vertex -21.75 -9 19.6923
      vertex -31.75 -9 74
    endloop
  endfacet
  facet normal 0 -1 -0
    outer loop
      vertex -21.75 -9 19.6923
      vertex -31.75 -9 14.5
      vertex -17.5312 -9 14.5
    endloop
  endfacet
  facet normal 0.77611 0 0.630598
    outer loop
      vertex -21.75 9 19.6923
      vertex -17.5312 6.27226 14.5
      vertex -17.5312 9 14.5
    endloop
  endfacet
  facet normal 0.776072 -0.000146992 0.630644
    outer loop
      vertex -21.75 9 19.6923
      vertex -17.7399 5.72884 14.7567
      vertex -17.5312 6.27226 14.5
    endloop
  endfacet
  facet normal 0.776143 7.14542e-05 0.630557
    outer loop
      vertex -21.75 9 19.6923
      vertex -17.9302 5.17603 14.991
      vertex -17.7399 5.72884 14.7567
    endloop
  endfacet
  facet normal 0.776136 5.28455e-05 0.630566
    outer loop
      vertex -21.75 9 19.6923
      vertex -18.1011 4.61693 15.2014
      vertex -17.9302 5.17603 14.991
    endloop
  endfacet
  facet normal 0.776055 -0.000115073 0.630665
    outer loop
      vertex -21.75 9 19.6923
      vertex -18.2525 4.05219 15.3876
      vertex -18.1011 4.61693 15.2014
    endloop
  endfacet
  facet normal 0.776144 4.22747e-05 0.630556
    outer loop
      vertex -21.75 9 19.6923
      vertex -18.384 3.48252 15.5495
      vertex -18.2525 4.05219 15.3876
    endloop
  endfacet
  facet normal 0.776153 5.6841e-05 0.630544
    outer loop
      vertex -21.75 9 19.6923
      vertex -18.4955 2.90861 15.6868
      vertex -18.384 3.48252 15.5495
    endloop
  endfacet
  facet normal 0.776102 -1.20469e-05 0.630607
    outer loop
      vertex -21.75 9 19.6923
      vertex -18.587 2.33115 15.7994
      vertex -18.4955 2.90861 15.6868
    endloop
  endfacet
  facet normal 0.776163 6.02119e-05 0.630533
    outer loop
      vertex -21.75 9 19.6923
      vertex -18.6582 1.75085 15.8871
      vertex -18.587 2.33115 15.7994
    endloop
  endfacet
  facet normal 0.77605 -6.08279e-05 0.630672
    outer loop
      vertex -21.75 9 19.6923
      vertex -18.7092 1.16842 15.9498
      vertex -18.6582 1.75085 15.8871
    endloop
  endfacet
  facet normal 0.776052 -5.83462e-05 0.630669
    outer loop
      vertex -21.75 9 19.6923
      vertex -18.7398 0.584566 15.9874
      vertex -18.7092 1.16842 15.9498
    endloop
  endfacet
  facet normal 0.77617 4.73329e-05 0.630524
    outer loop
      vertex -21.75 9 19.6923
      vertex -18.75 0 16
      vertex -18.7398 0.584566 15.9874
    endloop
  endfacet
  facet normal 0.776113 -0 0.630593
    outer loop
      vertex -21.75 -9 19.6923
      vertex -18.75 0 16
      vertex -21.75 9 19.6923
    endloop
  endfacet
  facet normal 0.77617 -4.73329e-05 0.630524
    outer loop
      vertex -18.75 0 16
      vertex -21.75 -9 19.6923
      vertex -18.7398 -0.584566 15.9874
    endloop
  endfacet
  facet normal 0.776052 5.83462e-05 0.630669
    outer loop
      vertex -18.7398 -0.584566 15.9874
      vertex -21.75 -9 19.6923
      vertex -18.7092 -1.16842 15.9498
    endloop
  endfacet
  facet normal 0.77605 6.08279e-05 0.630672
    outer loop
      vertex -18.7092 -1.16842 15.9498
      vertex -21.75 -9 19.6923
      vertex -18.6582 -1.75085 15.8871
    endloop
  endfacet
  facet normal 0.776163 -6.02119e-05 0.630533
    outer loop
      vertex -18.6582 -1.75085 15.8871
      vertex -21.75 -9 19.6923
      vertex -18.587 -2.33115 15.7994
    endloop
  endfacet
  facet normal 0.776102 1.20469e-05 0.630607
    outer loop
      vertex -18.587 -2.33115 15.7994
      vertex -21.75 -9 19.6923
      vertex -18.4955 -2.90861 15.6868
    endloop
  endfacet
  facet normal 0.776153 -5.6841e-05 0.630544
    outer loop
      vertex -18.4955 -2.90861 15.6868
      vertex -21.75 -9 19.6923
      vertex -18.384 -3.48252 15.5495
    endloop
  endfacet
  facet normal 0.776144 -4.22747e-05 0.630556
    outer loop
      vertex -18.384 -3.48252 15.5495
      vertex -21.75 -9 19.6923
      vertex -18.2525 -4.05219 15.3876
    endloop
  endfacet
  facet normal 0.776055 0.000115073 0.630665
    outer loop
      vertex -18.2525 -4.05219 15.3876
      vertex -21.75 -9 19.6923
      vertex -18.1011 -4.61693 15.2014
    endloop
  endfacet
  facet normal 0.776136 -5.28455e-05 0.630566
    outer loop
      vertex -21.75 -9 19.6923
      vertex -17.9302 -5.17603 14.991
      vertex -18.1011 -4.61693 15.2014
    endloop
  endfacet
  facet normal 0.776143 -7.14542e-05 0.630557
    outer loop
      vertex -21.75 -9 19.6923
      vertex -17.7399 -5.72884 14.7567
      vertex -17.9302 -5.17603 14.991
    endloop
  endfacet
  facet normal 0.776072 0.000146992 0.630644
    outer loop
      vertex -21.75 -9 19.6923
      vertex -17.5312 -6.27226 14.5
      vertex -17.7399 -5.72884 14.7567
    endloop
  endfacet
  facet normal 0.77611 0 0.630598
    outer loop
      vertex -17.5312 -6.27226 14.5
      vertex -21.75 -9 19.6923
      vertex -17.5312 -9 14.5
    endloop
  endfacet
  facet normal -1 0 0
    outer loop
      vertex 25 -19.75 3.5
      vertex 25 -16.75 14.5
      vertex 25 -16.75 3.5
    endloop
  endfacet
  facet normal -1 -0 0
    outer loop
      vertex 25 -16.75 14.5
      vertex 25 -19.75 3.5
      vertex 25 -19.75 14.5
    endloop
  endfacet
  facet normal -0 0 1
    outer loop
      vertex 9 -16.75 3.5
      vertex 25 -19.75 3.5
      vertex 25 -16.75 3.5
    endloop
  endfacet
  facet normal 0 0 1
    outer loop
      vertex 25 -19.75 3.5
      vertex 9 -16.75 3.5
      vertex 9 -19.75 3.5
    endloop
  endfacet
  facet normal 1 -0 0
    outer loop
      vertex 9 -19.75 14.5
      vertex 9 -16.75 3.5
      vertex 9 -16.75 14.5
    endloop
  endfacet
  facet normal 1 0 0
    outer loop
      vertex 9 -16.75 3.5
      vertex 9 -19.75 14.5
      vertex 9 -19.75 3.5
    endloop
  endfacet
  facet normal -1 0 0
    outer loop
      vertex 25 16.75 3.5
      vertex 25 19.75 14.5
      vertex 25 19.75 3.5
    endloop
  endfacet
  facet normal -1 -0 0
    outer loop
      vertex 25 19.75 14.5
      vertex 25 16.75 3.5
      vertex 25 16.75 14.5
    endloop
  endfacet
  facet normal -0 0 1
    outer loop
      vertex 9 19.75 3.5
      vertex 25 16.75 3.5
      vertex 25 19.75 3.5
    endloop
  endfacet
  facet normal 0 0 1
    outer loop
      vertex 25 16.75 3.5
      vertex 9 19.75 3.5
      vertex 9 16.75 3.5
    endloop
  endfacet
  facet normal 1 -0 0
    outer loop
      vertex 9 16.75 14.5
      vertex 9 19.75 3.5
      vertex 9 19.75 14.5
    endloop
  endfacet
  facet normal 1 0 0
    outer loop
      vertex 9 19.75 3.5
      vertex 9 16.75 14.5
      vertex 9 16.75 3.5
    endloop
  endfacet
  facet normal 0 0.707069 0.707145
    outer loop
      vertex -21.75 -1.44627 58.2764
      vertex -31.75 -1.7236 58.5537
      vertex -21.75 -1.7236 58.5537
    endloop
  endfacet
  facet normal 0 0.707069 0.707145
    outer loop
      vertex -31.75 -1.7236 58.5537
      vertex -21.75 -1.44627 58.2764
      vertex -31.75 -1.44627 58.2764
    endloop
  endfacet
  facet normal 0 0.965919 0.258845
    outer loop
      vertex -21.75 -2.11431 59.2305
      vertex -31.75 -2.21582 59.6093
      vertex -21.75 -2.21582 59.6093
    endloop
  endfacet
  facet normal 0 0.965919 0.258845
    outer loop
      vertex -31.75 -2.21582 59.6093
      vertex -21.75 -2.11431 59.2305
      vertex -31.75 -2.11431 59.2305
    endloop
  endfacet
  facet normal 0 -0.258797 0.965932
    outer loop
      vertex -31.75 0.769545 57.8857
      vertex -21.75 0.390708 57.7842
      vertex -21.75 0.769545 57.8857
    endloop
  endfacet
  facet normal 0 -0.258797 0.965932
    outer loop
      vertex -21.75 0.390708 57.7842
      vertex -31.75 0.769545 57.8857
      vertex -31.75 0.390708 57.7842
    endloop
  endfacet
  facet normal 0 -0.422511 -0.906358
    outer loop
      vertex -31.75 0.769545 62.1143
      vertex -21.75 1.125 61.9486
      vertex -21.75 0.769545 62.1143
    endloop
  endfacet
  facet normal -0 -0.422511 -0.906358
    outer loop
      vertex -21.75 1.125 61.9486
      vertex -31.75 0.769545 62.1143
      vertex -31.75 1.125 61.9486
    endloop
  endfacet
  facet normal 0 -0.707069 0.707145
    outer loop
      vertex -31.75 1.44627 58.2764
      vertex -21.75 1.7236 58.5537
      vertex -31.75 1.7236 58.5537
    endloop
  endfacet
  facet normal 0 -0.707069 0.707145
    outer loop
      vertex -21.75 1.7236 58.5537
      vertex -31.75 1.44627 58.2764
      vertex -21.75 1.44627 58.2764
    endloop
  endfacet
  facet normal -0 0.573652 0.819099
    outer loop
      vertex -31.75 -1.125 58.0514
      vertex -21.75 -1.44627 58.2764
      vertex -21.75 -1.125 58.0514
    endloop
  endfacet
  facet normal 0 0.573652 0.819099
    outer loop
      vertex -21.75 -1.44627 58.2764
      vertex -31.75 -1.125 58.0514
      vertex -31.75 -1.44627 58.2764
    endloop
  endfacet
  facet normal 0 -0.819172 -0.573548
    outer loop
      vertex -31.75 1.94856 61.125
      vertex -21.75 1.7236 61.4463
      vertex -31.75 1.7236 61.4463
    endloop
  endfacet
  facet normal 0 -0.819172 -0.573548
    outer loop
      vertex -21.75 1.7236 61.4463
      vertex -31.75 1.94856 61.125
      vertex -21.75 1.94856 61.125
    endloop
  endfacet
  facet normal 0 -0.573652 -0.819099
    outer loop
      vertex -31.75 1.125 61.9486
      vertex -21.75 1.44627 61.7236
      vertex -21.75 1.125 61.9486
    endloop
  endfacet
  facet normal -0 -0.573652 -0.819099
    outer loop
      vertex -21.75 1.44627 61.7236
      vertex -31.75 1.125 61.9486
      vertex -31.75 1.44627 61.7236
    endloop
  endfacet
  facet normal 0 0.996195 0.0871511
    outer loop
      vertex -21.75 -2.21582 59.6093
      vertex -31.75 -2.25 60
      vertex -21.75 -2.25 60
    endloop
  endfacet
  facet normal 0 0.996195 0.0871511
    outer loop
      vertex -31.75 -2.25 60
      vertex -21.75 -2.21582 59.6093
      vertex -31.75 -2.21582 59.6093
    endloop
  endfacet
  facet normal 0 0.996195 -0.0871511
    outer loop
      vertex -21.75 -2.25 60
      vertex -31.75 -2.21582 60.3907
      vertex -21.75 -2.21582 60.3907
    endloop
  endfacet
  facet normal 0 0.996195 -0.0871511
    outer loop
      vertex -31.75 -2.21582 60.3907
      vertex -21.75 -2.25 60
      vertex -31.75 -2.25 60
    endloop
  endfacet
  facet normal 0 0.0872 -0.996191
    outer loop
      vertex -31.75 -0.390708 62.2158
      vertex -21.75 0 62.25
      vertex -21.75 -0.390708 62.2158
    endloop
  endfacet
  facet normal 0 0.0872 -0.996191
    outer loop
      vertex -21.75 0 62.25
      vertex -31.75 -0.390708 62.2158
      vertex -31.75 0 62.25
    endloop
  endfacet
  facet normal 0 0.573652 -0.819099
    outer loop
      vertex -31.75 -1.44627 61.7236
      vertex -21.75 -1.125 61.9486
      vertex -21.75 -1.44627 61.7236
    endloop
  endfacet
  facet normal 0 0.573652 -0.819099
    outer loop
      vertex -21.75 -1.125 61.9486
      vertex -31.75 -1.44627 61.7236
      vertex -31.75 -1.125 61.9486
    endloop
  endfacet
  facet normal 0 -0.258797 -0.965932
    outer loop
      vertex -31.75 0.390708 62.2158
      vertex -21.75 0.769545 62.1143
      vertex -21.75 0.390708 62.2158
    endloop
  endfacet
  facet normal -0 -0.258797 -0.965932
    outer loop
      vertex -21.75 0.769545 62.1143
      vertex -31.75 0.390708 62.2158
      vertex -31.75 0.769545 62.1143
    endloop
  endfacet
  facet normal 0 -0.996195 -0.0871511
    outer loop
      vertex -31.75 2.25 60
      vertex -21.75 2.21582 60.3907
      vertex -31.75 2.21582 60.3907
    endloop
  endfacet
  facet normal 0 -0.996195 -0.0871511
    outer loop
      vertex -21.75 2.21582 60.3907
      vertex -31.75 2.25 60
      vertex -21.75 2.25 60
    endloop
  endfacet
  facet normal 0 -0.422511 0.906358
    outer loop
      vertex -31.75 1.125 58.0514
      vertex -21.75 0.769545 57.8857
      vertex -21.75 1.125 58.0514
    endloop
  endfacet
  facet normal 0 -0.422511 0.906358
    outer loop
      vertex -21.75 0.769545 57.8857
      vertex -31.75 1.125 58.0514
      vertex -31.75 0.769545 57.8857
    endloop
  endfacet
  facet normal 0 -0.0872 0.996191
    outer loop
      vertex -31.75 0.390708 57.7842
      vertex -21.75 0 57.75
      vertex -21.75 0.390708 57.7842
    endloop
  endfacet
  facet normal 0 -0.0872 0.996191
    outer loop
      vertex -21.75 0 57.75
      vertex -31.75 0.390708 57.7842
      vertex -31.75 0 57.75
    endloop
  endfacet
  facet normal 0 0.258797 -0.965932
    outer loop
      vertex -31.75 -0.769545 62.1143
      vertex -21.75 -0.390708 62.2158
      vertex -21.75 -0.769545 62.1143
    endloop
  endfacet
  facet normal 0 0.258797 -0.965932
    outer loop
      vertex -21.75 -0.390708 62.2158
      vertex -31.75 -0.769545 62.1143
      vertex -31.75 -0.390708 62.2158
    endloop
  endfacet
  facet normal 0 0.707069 -0.707145
    outer loop
      vertex -31.75 -1.7236 61.4463
      vertex -21.75 -1.44627 61.7236
      vertex -21.75 -1.7236 61.4463
    endloop
  endfacet
  facet normal 0 0.707069 -0.707145
    outer loop
      vertex -21.75 -1.44627 61.7236
      vertex -31.75 -1.7236 61.4463
      vertex -31.75 -1.44627 61.7236
    endloop
  endfacet
  facet normal 0 0.90633 -0.422571
    outer loop
      vertex -21.75 -2.11431 60.7695
      vertex -31.75 -1.94856 61.125
      vertex -21.75 -1.94856 61.125
    endloop
  endfacet
  facet normal 0 0.90633 -0.422571
    outer loop
      vertex -31.75 -1.94856 61.125
      vertex -21.75 -2.11431 60.7695
      vertex -31.75 -2.11431 60.7695
    endloop
  endfacet
  facet normal 0 0.819172 0.573548
    outer loop
      vertex -21.75 -1.7236 58.5537
      vertex -31.75 -1.94856 58.875
      vertex -21.75 -1.94856 58.875
    endloop
  endfacet
  facet normal 0 0.819172 0.573548
    outer loop
      vertex -31.75 -1.94856 58.875
      vertex -21.75 -1.7236 58.5537
      vertex -31.75 -1.7236 58.5537
    endloop
  endfacet
  facet normal 0 -0.573652 0.819099
    outer loop
      vertex -31.75 1.44627 58.2764
      vertex -21.75 1.125 58.0514
      vertex -21.75 1.44627 58.2764
    endloop
  endfacet
  facet normal 0 -0.573652 0.819099
    outer loop
      vertex -21.75 1.125 58.0514
      vertex -31.75 1.44627 58.2764
      vertex -31.75 1.125 58.0514
    endloop
  endfacet
  facet normal 0 -0.819172 0.573548
    outer loop
      vertex -31.75 1.7236 58.5537
      vertex -21.75 1.94856 58.875
      vertex -31.75 1.94856 58.875
    endloop
  endfacet
  facet normal 0 -0.819172 0.573548
    outer loop
      vertex -21.75 1.94856 58.875
      vertex -31.75 1.7236 58.5537
      vertex -21.75 1.7236 58.5537
    endloop
  endfacet
  facet normal 0 -0.90633 0.422571
    outer loop
      vertex -31.75 1.94856 58.875
      vertex -21.75 2.11431 59.2305
      vertex -31.75 2.11431 59.2305
    endloop
  endfacet
  facet normal 0 -0.90633 0.422571
    outer loop
      vertex -21.75 2.11431 59.2305
      vertex -31.75 1.94856 58.875
      vertex -21.75 1.94856 58.875
    endloop
  endfacet
  facet normal -0 0.422511 0.906358
    outer loop
      vertex -31.75 -0.769545 57.8857
      vertex -21.75 -1.125 58.0514
      vertex -21.75 -0.769545 57.8857
    endloop
  endfacet
  facet normal 0 0.422511 0.906358
    outer loop
      vertex -21.75 -1.125 58.0514
      vertex -31.75 -0.769545 57.8857
      vertex -31.75 -1.125 58.0514
    endloop
  endfacet
  facet normal 0 -0.707069 -0.707145
    outer loop
      vertex -31.75 1.44627 61.7236
      vertex -21.75 1.7236 61.4463
      vertex -21.75 1.44627 61.7236
    endloop
  endfacet
  facet normal -0 -0.707069 -0.707145
    outer loop
      vertex -21.75 1.7236 61.4463
      vertex -31.75 1.44627 61.7236
      vertex -31.75 1.7236 61.4463
    endloop
  endfacet
  facet normal 0 -0.90633 -0.422571
    outer loop
      vertex -31.75 2.11431 60.7695
      vertex -21.75 1.94856 61.125
      vertex -31.75 1.94856 61.125
    endloop
  endfacet
  facet normal 0 -0.90633 -0.422571
    outer loop
      vertex -21.75 1.94856 61.125
      vertex -31.75 2.11431 60.7695
      vertex -21.75 2.11431 60.7695
    endloop
  endfacet
  facet normal 0 0.90633 0.422571
    outer loop
      vertex -21.75 -1.94856 58.875
      vertex -31.75 -2.11431 59.2305
      vertex -21.75 -2.11431 59.2305
    endloop
  endfacet
  facet normal 0 0.90633 0.422571
    outer loop
      vertex -31.75 -2.11431 59.2305
      vertex -21.75 -1.94856 58.875
      vertex -31.75 -1.94856 58.875
    endloop
  endfacet
  facet normal 0 -0.965919 -0.258845
    outer loop
      vertex -31.75 2.21582 60.3907
      vertex -21.75 2.11431 60.7695
      vertex -31.75 2.11431 60.7695
    endloop
  endfacet
  facet normal 0 -0.965919 -0.258845
    outer loop
      vertex -21.75 2.11431 60.7695
      vertex -31.75 2.21582 60.3907
      vertex -21.75 2.21582 60.3907
    endloop
  endfacet
  facet normal 0 0.422511 -0.906358
    outer loop
      vertex -31.75 -1.125 61.9486
      vertex -21.75 -0.769545 62.1143
      vertex -21.75 -1.125 61.9486
    endloop
  endfacet
  facet normal 0 0.422511 -0.906358
    outer loop
      vertex -21.75 -0.769545 62.1143
      vertex -31.75 -1.125 61.9486
      vertex -31.75 -0.769545 62.1143
    endloop
  endfacet
  facet normal -0 0.0872 0.996191
    outer loop
      vertex -31.75 0 57.75
      vertex -21.75 -0.390708 57.7842
      vertex -21.75 0 57.75
    endloop
  endfacet
  facet normal 0 0.0872 0.996191
    outer loop
      vertex -21.75 -0.390708 57.7842
      vertex -31.75 0 57.75
      vertex -31.75 -0.390708 57.7842
    endloop
  endfacet
  facet normal 0 -0.0872 -0.996191
    outer loop
      vertex -31.75 0 62.25
      vertex -21.75 0.390708 62.2158
      vertex -21.75 0 62.25
    endloop
  endfacet
  facet normal -0 -0.0872 -0.996191
    outer loop
      vertex -21.75 0.390708 62.2158
      vertex -31.75 0 62.25
      vertex -31.75 0.390708 62.2158
    endloop
  endfacet
  facet normal 0 -0.965919 0.258845
    outer loop
      vertex -31.75 2.11431 59.2305
      vertex -21.75 2.21582 59.6093
      vertex -31.75 2.21582 59.6093
    endloop
  endfacet
  facet normal 0 -0.965919 0.258845
    outer loop
      vertex -21.75 2.21582 59.6093
      vertex -31.75 2.11431 59.2305
      vertex -21.75 2.11431 59.2305
    endloop
  endfacet
  facet normal -0 0.258797 0.965932
    outer loop
      vertex -31.75 -0.390708 57.7842
      vertex -21.75 -0.769545 57.8857
      vertex -21.75 -0.390708 57.7842
    endloop
  endfacet
  facet normal 0 0.258797 0.965932
    outer loop
      vertex -21.75 -0.769545 57.8857
      vertex -31.75 -0.390708 57.7842
      vertex -31.75 -0.769545 57.8857
    endloop
  endfacet
  facet normal 0 -0.996195 0.0871511
    outer loop
      vertex -31.75 2.21582 59.6093
      vertex -21.75 2.25 60
      vertex -31.75 2.25 60
    endloop
  endfacet
  facet normal 0 -0.996195 0.0871511
    outer loop
      vertex -21.75 2.25 60
      vertex -31.75 2.21582 59.6093
      vertex -21.75 2.21582 59.6093
    endloop
  endfacet
  facet normal 0 0.819172 -0.573548
    outer loop
      vertex -21.75 -1.94856 61.125
      vertex -31.75 -1.7236 61.4463
      vertex -21.75 -1.7236 61.4463
    endloop
  endfacet
  facet normal 0 0.819172 -0.573548
    outer loop
      vertex -31.75 -1.7236 61.4463
      vertex -21.75 -1.94856 61.125
      vertex -31.75 -1.94856 61.125
    endloop
  endfacet
  facet normal 0 0.965919 -0.258845
    outer loop
      vertex -21.75 -2.21582 60.3907
      vertex -31.75 -2.11431 60.7695
      vertex -21.75 -2.11431 60.7695
    endloop
  endfacet
  facet normal 0 0.965919 -0.258845
    outer loop
      vertex -31.75 -2.11431 60.7695
      vertex -21.75 -2.21582 60.3907
      vertex -31.75 -2.21582 60.3907
    endloop
  endfacet
  facet normal 0 0.707069 0.707145
    outer loop
      vertex -21.75 -1.44627 36.2764
      vertex -31.75 -1.7236 36.5537
      vertex -21.75 -1.7236 36.5537
    endloop
  endfacet
  facet normal 0 0.707069 0.707145
    outer loop
      vertex -31.75 -1.7236 36.5537
      vertex -21.75 -1.44627 36.2764
      vertex -31.75 -1.44627 36.2764
    endloop
  endfacet
  facet normal 0 0.965919 0.258845
    outer loop
      vertex -21.75 -2.11431 37.2305
      vertex -31.75 -2.21582 37.6093
      vertex -21.75 -2.21582 37.6093
    endloop
  endfacet
  facet normal 0 0.965919 0.258845
    outer loop
      vertex -31.75 -2.21582 37.6093
      vertex -21.75 -2.11431 37.2305
      vertex -31.75 -2.11431 37.2305
    endloop
  endfacet
  facet normal 0 -0.258797 0.965932
    outer loop
      vertex -31.75 0.769545 35.8857
      vertex -21.75 0.390708 35.7842
      vertex -21.75 0.769545 35.8857
    endloop
  endfacet
  facet normal 0 -0.258797 0.965932
    outer loop
      vertex -21.75 0.390708 35.7842
      vertex -31.75 0.769545 35.8857
      vertex -31.75 0.390708 35.7842
    endloop
  endfacet
  facet normal 0 -0.422511 -0.906358
    outer loop
      vertex -31.75 0.769545 40.1143
      vertex -21.75 1.125 39.9486
      vertex -21.75 0.769545 40.1143
    endloop
  endfacet
  facet normal -0 -0.422511 -0.906358
    outer loop
      vertex -21.75 1.125 39.9486
      vertex -31.75 0.769545 40.1143
      vertex -31.75 1.125 39.9486
    endloop
  endfacet
  facet normal 0 -0.707069 0.707145
    outer loop
      vertex -31.75 1.44627 36.2764
      vertex -21.75 1.7236 36.5537
      vertex -31.75 1.7236 36.5537
    endloop
  endfacet
  facet normal 0 -0.707069 0.707145
    outer loop
      vertex -21.75 1.7236 36.5537
      vertex -31.75 1.44627 36.2764
      vertex -21.75 1.44627 36.2764
    endloop
  endfacet
  facet normal -0 0.573652 0.819099
    outer loop
      vertex -31.75 -1.125 36.0514
      vertex -21.75 -1.44627 36.2764
      vertex -21.75 -1.125 36.0514
    endloop
  endfacet
  facet normal 0 0.573652 0.819099
    outer loop
      vertex -21.75 -1.44627 36.2764
      vertex -31.75 -1.125 36.0514
      vertex -31.75 -1.44627 36.2764
    endloop
  endfacet
  facet normal 0 -0.819172 -0.573548
    outer loop
      vertex -31.75 1.94856 39.125
      vertex -21.75 1.7236 39.4463
      vertex -31.75 1.7236 39.4463
    endloop
  endfacet
  facet normal 0 -0.819172 -0.573548
    outer loop
      vertex -21.75 1.7236 39.4463
      vertex -31.75 1.94856 39.125
      vertex -21.75 1.94856 39.125
    endloop
  endfacet
  facet normal 0 -0.573652 -0.819099
    outer loop
      vertex -31.75 1.125 39.9486
      vertex -21.75 1.44627 39.7236
      vertex -21.75 1.125 39.9486
    endloop
  endfacet
  facet normal -0 -0.573652 -0.819099
    outer loop
      vertex -21.75 1.44627 39.7236
      vertex -31.75 1.125 39.9486
      vertex -31.75 1.44627 39.7236
    endloop
  endfacet
  facet normal 0 0.996195 0.0871511
    outer loop
      vertex -21.75 -2.21582 37.6093
      vertex -31.75 -2.25 38
      vertex -21.75 -2.25 38
    endloop
  endfacet
  facet normal 0 0.996195 0.0871511
    outer loop
      vertex -31.75 -2.25 38
      vertex -21.75 -2.21582 37.6093
      vertex -31.75 -2.21582 37.6093
    endloop
  endfacet
  facet normal 0 0.996195 -0.0871511
    outer loop
      vertex -21.75 -2.25 38
      vertex -31.75 -2.21582 38.3907
      vertex -21.75 -2.21582 38.3907
    endloop
  endfacet
  facet normal 0 0.996195 -0.0871511
    outer loop
      vertex -31.75 -2.21582 38.3907
      vertex -21.75 -2.25 38
      vertex -31.75 -2.25 38
    endloop
  endfacet
  facet normal 0 0.0872 -0.996191
    outer loop
      vertex -31.75 -0.390708 40.2158
      vertex -21.75 0 40.25
      vertex -21.75 -0.390708 40.2158
    endloop
  endfacet
  facet normal 0 0.0872 -0.996191
    outer loop
      vertex -21.75 0 40.25
      vertex -31.75 -0.390708 40.2158
      vertex -31.75 0 40.25
    endloop
  endfacet
  facet normal 0 0.573652 -0.819099
    outer loop
      vertex -31.75 -1.44627 39.7236
      vertex -21.75 -1.125 39.9486
      vertex -21.75 -1.44627 39.7236
    endloop
  endfacet
  facet normal 0 0.573652 -0.819099
    outer loop
      vertex -21.75 -1.125 39.9486
      vertex -31.75 -1.44627 39.7236
      vertex -31.75 -1.125 39.9486
    endloop
  endfacet
  facet normal 0 -0.258797 -0.965932
    outer loop
      vertex -31.75 0.390708 40.2158
      vertex -21.75 0.769545 40.1143
      vertex -21.75 0.390708 40.2158
    endloop
  endfacet
  facet normal -0 -0.258797 -0.965932
    outer loop
      vertex -21.75 0.769545 40.1143
      vertex -31.75 0.390708 40.2158
      vertex -31.75 0.769545 40.1143
    endloop
  endfacet
  facet normal 0 -0.996195 -0.0871511
    outer loop
      vertex -31.75 2.25 38
      vertex -21.75 2.21582 38.3907
      vertex -31.75 2.21582 38.3907
    endloop
  endfacet
  facet normal 0 -0.996195 -0.0871511
    outer loop
      vertex -21.75 2.21582 38.3907
      vertex -31.75 2.25 38
      vertex -21.75 2.25 38
    endloop
  endfacet
  facet normal 0 -0.422511 0.906358
    outer loop
      vertex -31.75 1.125 36.0514
      vertex -21.75 0.769545 35.8857
      vertex -21.75 1.125 36.0514
    endloop
  endfacet
  facet normal 0 -0.422511 0.906358
    outer loop
      vertex -21.75 0.769545 35.8857
      vertex -31.75 1.125 36.0514
      vertex -31.75 0.769545 35.8857
    endloop
  endfacet
  facet normal 0 -0.0872 0.996191
    outer loop
      vertex -31.75 0.390708 35.7842
      vertex -21.75 0 35.75
      vertex -21.75 0.390708 35.7842
    endloop
  endfacet
  facet normal 0 -0.0872 0.996191
    outer loop
      vertex -21.75 0 35.75
      vertex -31.75 0.390708 35.7842
      vertex -31.75 0 35.75
    endloop
  endfacet
  facet normal 0 0.258797 -0.965932
    outer loop
      vertex -31.75 -0.769545 40.1143
      vertex -21.75 -0.390708 40.2158
      vertex -21.75 -0.769545 40.1143
    endloop
  endfacet
  facet normal 0 0.258797 -0.965932
    outer loop
      vertex -21.75 -0.390708 40.2158
      vertex -31.75 -0.769545 40.1143
      vertex -31.75 -0.390708 40.2158
    endloop
  endfacet
  facet normal 0 0.707069 -0.707145
    outer loop
      vertex -31.75 -1.7236 39.4463
      vertex -21.75 -1.44627 39.7236
      vertex -21.75 -1.7236 39.4463
    endloop
  endfacet
  facet normal 0 0.707069 -0.707145
    outer loop
      vertex -21.75 -1.44627 39.7236
      vertex -31.75 -1.7236 39.4463
      vertex -31.75 -1.44627 39.7236
    endloop
  endfacet
  facet normal 0 0.90633 -0.422571
    outer loop
      vertex -21.75 -2.11431 38.7695
      vertex -31.75 -1.94856 39.125
      vertex -21.75 -1.94856 39.125
    endloop
  endfacet
  facet normal 0 0.90633 -0.422571
    outer loop
      vertex -31.75 -1.94856 39.125
      vertex -21.75 -2.11431 38.7695
      vertex -31.75 -2.11431 38.7695
    endloop
  endfacet
  facet normal 0 0.819172 0.573548
    outer loop
      vertex -21.75 -1.7236 36.5537
      vertex -31.75 -1.94856 36.875
      vertex -21.75 -1.94856 36.875
    endloop
  endfacet
  facet normal 0 0.819172 0.573548
    outer loop
      vertex -31.75 -1.94856 36.875
      vertex -21.75 -1.7236 36.5537
      vertex -31.75 -1.7236 36.5537
    endloop
  endfacet
  facet normal 0 -0.573652 0.819099
    outer loop
      vertex -31.75 1.44627 36.2764
      vertex -21.75 1.125 36.0514
      vertex -21.75 1.44627 36.2764
    endloop
  endfacet
  facet normal 0 -0.573652 0.819099
    outer loop
      vertex -21.75 1.125 36.0514
      vertex -31.75 1.44627 36.2764
      vertex -31.75 1.125 36.0514
    endloop
  endfacet
  facet normal 0 -0.819172 0.573548
    outer loop
      vertex -31.75 1.7236 36.5537
      vertex -21.75 1.94856 36.875
      vertex -31.75 1.94856 36.875
    endloop
  endfacet
  facet normal 0 -0.819172 0.573548
    outer loop
      vertex -21.75 1.94856 36.875
      vertex -31.75 1.7236 36.5537
      vertex -21.75 1.7236 36.5537
    endloop
  endfacet
  facet normal 0 -0.90633 0.422571
    outer loop
      vertex -31.75 1.94856 36.875
      vertex -21.75 2.11431 37.2305
      vertex -31.75 2.11431 37.2305
    endloop
  endfacet
  facet normal 0 -0.90633 0.422571
    outer loop
      vertex -21.75 2.11431 37.2305
      vertex -31.75 1.94856 36.875
      vertex -21.75 1.94856 36.875
    endloop
  endfacet
  facet normal -0 0.422511 0.906358
    outer loop
      vertex -31.75 -0.769545 35.8857
      vertex -21.75 -1.125 36.0514
      vertex -21.75 -0.769545 35.8857
    endloop
  endfacet
  facet normal 0 0.422511 0.906358
    outer loop
      vertex -21.75 -1.125 36.0514
      vertex -31.75 -0.769545 35.8857
      vertex -31.75 -1.125 36.0514
    endloop
  endfacet
  facet normal 0 -0.0872 -0.996191
    outer loop
      vertex -31.75 0 40.25
      vertex -21.75 0.390708 40.2158
      vertex -21.75 0 40.25
    endloop
  endfacet
  facet normal -0 -0.0872 -0.996191
    outer loop
      vertex -21.75 0.390708 40.2158
      vertex -31.75 0 40.25
      vertex -31.75 0.390708 40.2158
    endloop
  endfacet
  facet normal 0 -0.707069 -0.707145
    outer loop
      vertex -31.75 1.44627 39.7236
      vertex -21.75 1.7236 39.4463
      vertex -21.75 1.44627 39.7236
    endloop
  endfacet
  facet normal -0 -0.707069 -0.707145
    outer loop
      vertex -21.75 1.7236 39.4463
      vertex -31.75 1.44627 39.7236
      vertex -31.75 1.7236 39.4463
    endloop
  endfacet
  facet normal 0 -0.90633 -0.422571
    outer loop
      vertex -31.75 2.11431 38.7695
      vertex -21.75 1.94856 39.125
      vertex -31.75 1.94856 39.125
    endloop
  endfacet
  facet normal 0 -0.90633 -0.422571
    outer loop
      vertex -21.75 1.94856 39.125
      vertex -31.75 2.11431 38.7695
      vertex -21.75 2.11431 38.7695
    endloop
  endfacet
  facet normal 0 0.90633 0.422571
    outer loop
      vertex -21.75 -1.94856 36.875
      vertex -31.75 -2.11431 37.2305
      vertex -21.75 -2.11431 37.2305
    endloop
  endfacet
  facet normal 0 0.90633 0.422571
    outer loop
      vertex -31.75 -2.11431 37.2305
      vertex -21.75 -1.94856 36.875
      vertex -31.75 -1.94856 36.875
    endloop
  endfacet
  facet normal 0 -0.965919 -0.258845
    outer loop
      vertex -31.75 2.21582 38.3907
      vertex -21.75 2.11431 38.7695
      vertex -31.75 2.11431 38.7695
    endloop
  endfacet
  facet normal 0 -0.965919 -0.258845
    outer loop
      vertex -21.75 2.11431 38.7695
      vertex -31.75 2.21582 38.3907
      vertex -21.75 2.21582 38.3907
    endloop
  endfacet
  facet normal 0 0.422511 -0.906358
    outer loop
      vertex -31.75 -1.125 39.9486
      vertex -21.75 -0.769545 40.1143
      vertex -21.75 -1.125 39.9486
    endloop
  endfacet
  facet normal 0 0.422511 -0.906358
    outer loop
      vertex -21.75 -0.769545 40.1143
      vertex -31.75 -1.125 39.9486
      vertex -31.75 -0.769545 40.1143
    endloop
  endfacet
  facet normal -0 0.0872 0.996191
    outer loop
      vertex -31.75 0 35.75
      vertex -21.75 -0.390708 35.7842
      vertex -21.75 0 35.75
    endloop
  endfacet
  facet normal 0 0.0872 0.996191
    outer loop
      vertex -21.75 -0.390708 35.7842
      vertex -31.75 0 35.75
      vertex -31.75 -0.390708 35.7842
    endloop
  endfacet
  facet normal 0 -0.965919 0.258845
    outer loop
      vertex -31.75 2.11431 37.2305
      vertex -21.75 2.21582 37.6093
      vertex -31.75 2.21582 37.6093
    endloop
  endfacet
  facet normal 0 -0.965919 0.258845
    outer loop
      vertex -21.75 2.21582 37.6093
      vertex -31.75 2.11431 37.2305
      vertex -21.75 2.11431 37.2305
    endloop
  endfacet
  facet normal -0 0.258797 0.965932
    outer loop
      vertex -31.75 -0.390708 35.7842
      vertex -21.75 -0.769545 35.8857
      vertex -21.75 -0.390708 35.7842
    endloop
  endfacet
  facet normal 0 0.258797 0.965932
    outer loop
      vertex -21.75 -0.769545 35.8857
      vertex -31.75 -0.390708 35.7842
      vertex -31.75 -0.769545 35.8857
    endloop
  endfacet
  facet normal 0 -0.996195 0.0871511
    outer loop
      vertex -31.75 2.21582 37.6093
      vertex -21.75 2.25 38
      vertex -31.75 2.25 38
    endloop
  endfacet
  facet normal 0 -0.996195 0.0871511
    outer loop
      vertex -21.75 2.25 38
      vertex -31.75 2.21582 37.6093
      vertex -21.75 2.21582 37.6093
    endloop
  endfacet
  facet normal 0 0.819172 -0.573548
    outer loop
      vertex -21.75 -1.94856 39.125
      vertex -31.75 -1.7236 39.4463
      vertex -21.75 -1.7236 39.4463
    endloop
  endfacet
  facet normal 0 0.819172 -0.573548
    outer loop
      vertex -31.75 -1.7236 39.4463
      vertex -21.75 -1.94856 39.125
      vertex -31.75 -1.94856 39.125
    endloop
  endfacet
  facet normal 0 0.965919 -0.258845
    outer loop
      vertex -21.75 -2.21582 38.3907
      vertex -31.75 -2.11431 38.7695
      vertex -21.75 -2.11431 38.7695
    endloop
  endfacet
  facet normal 0 0.965919 -0.258845
    outer loop
      vertex -31.75 -2.11431 38.7695
      vertex -21.75 -2.21582 38.3907
      vertex -31.75 -2.21582 38.3907
    endloop
  endfacet
  facet normal -0.515049 0.857161 0
    outer loop
      vertex 44.8761 -14.2048 2.5
      vertex 44.375 -14.5059 14.5
      vertex 44.8761 -14.2048 14.5
    endloop
  endfacet
  facet normal -0.515049 0.857161 0
    outer loop
      vertex 44.375 -14.5059 14.5
      vertex 44.8761 -14.2048 2.5
      vertex 44.375 -14.5059 2.5
    endloop
  endfacet
  facet normal 0.996188 0.0872304 0
    outer loop
      vertex -18.6582 -1.75085 15.8871
      vertex -18.7092 -1.16842 2.5
      vertex -18.7092 -1.16842 15.9498
    endloop
  endfacet
  facet normal 0.996188 0.0872304 0
    outer loop
      vertex -18.7092 -1.16842 2.5
      vertex -18.6582 -1.75085 15.8871
      vertex -18.6582 -1.75085 2.5
    endloop
  endfacet
  facet normal -0.974377 -0.224921 0
    outer loop
      vertex 52.384 3.48252 2.5
      vertex 52.2525 4.05219 14.5
      vertex 52.2525 4.05219 2.5
    endloop
  endfacet
  facet normal -0.974377 -0.224921 0
    outer loop
      vertex 52.2525 4.05219 14.5
      vertex 52.384 3.48252 2.5
      vertex 52.384 3.48252 14.5
    endloop
  endfacet
  facet normal 0.998629 0.0523385 0
    outer loop
      vertex -18.7092 -1.16842 15.9498
      vertex -18.7398 -0.584566 2.5
      vertex -18.7398 -0.584566 15.9874
    endloop
  endfacet
  facet normal 0.998629 0.0523385 0
    outer loop
      vertex -18.7398 -0.584566 2.5
      vertex -18.7092 -1.16842 15.9498
      vertex -18.7092 -1.16842 2.5
    endloop
  endfacet
  facet normal 0.891025 0.453954 0
    outer loop
      vertex -16.7894 -7.86365 14.5
      vertex -17.0548 -7.34272 2.5
      vertex -17.0548 -7.34272 14.5
    endloop
  endfacet
  facet normal 0.891025 0.453954 0
    outer loop
      vertex -17.0548 -7.34272 2.5
      vertex -16.7894 -7.86365 14.5
      vertex -16.7894 -7.86365 2.5
    endloop
  endfacet
  facet normal -0.258961 0.965888 0
    outer loop
      vertex 40.6169 -16.1011 2.5
      vertex 40.0522 -16.2525 14.5
      vertex 40.6169 -16.1011 14.5
    endloop
  endfacet
  facet normal -0.258961 0.965888 0
    outer loop
      vertex 40.0522 -16.2525 14.5
      vertex 40.6169 -16.1011 2.5
      vertex 40.0522 -16.2525 2.5
    endloop
  endfacet
  facet normal 0.999848 0.0174462 0
    outer loop
      vertex -18.7398 -0.584566 15.9874
      vertex -18.75 0 2.5
      vertex -18.75 0 16
    endloop
  endfacet
  facet normal 0.999848 0.0174462 0
    outer loop
      vertex -18.75 0 2.5
      vertex -18.7398 -0.584566 15.9874
      vertex -18.7398 -0.584566 2.5
    endloop
  endfacet
  facet normal 0.965892 -0.258944 0
    outer loop
      vertex -18.2525 4.05219 2.5
      vertex -18.1011 4.61693 15.2014
      vertex -18.2525 4.05219 15.3876
    endloop
  endfacet
  facet normal 0.965892 -0.258944 0
    outer loop
      vertex -18.1011 4.61693 15.2014
      vertex -18.2525 4.05219 2.5
      vertex -18.1011 4.61693 2.5
    endloop
  endfacet
  facet normal 0.65603 -0.754734 0
    outer loop
      vertex -13.2079 12.4477 2.5
      vertex -12.7667 12.8312 14.5
      vertex -13.2079 12.4477 14.5
    endloop
  endfacet
  facet normal 0.65603 -0.754734 0
    outer loop
      vertex -12.7667 12.8312 14.5
      vertex -13.2079 12.4477 2.5
      vertex -12.7667 12.8312 2.5
    endloop
  endfacet
  facet normal 0.573657 -0.819095 0
    outer loop
      vertex -11.8454 13.551 2.5
      vertex -11.3665 13.8864 14.5
      vertex -11.8454 13.551 14.5
    endloop
  endfacet
  facet normal 0.573657 -0.819095 0
    outer loop
      vertex -11.3665 13.8864 14.5
      vertex -11.8454 13.551 2.5
      vertex -11.3665 13.8864 2.5
    endloop
  endfacet
  facet normal 0.0523389 -0.998629 0
    outer loop
      vertex -3.16842 16.7092 2.5
      vertex -2.58457 16.7398 14.5
      vertex -3.16842 16.7092 14.5
    endloop
  endfacet
  facet normal 0.0523389 -0.998629 0
    outer loop
      vertex -2.58457 16.7398 14.5
      vertex -3.16842 16.7092 2.5
      vertex -2.58457 16.7398 2.5
    endloop
  endfacet
  facet normal 0.936329 -0.351123 0
    outer loop
      vertex -17.5312 6.27226 14.5
      vertex -17.5303 6.27466 2.5
      vertex -17.5303 6.27466 14.5
    endloop
  endfacet
  facet normal 0.933523 -0.358519 0
    outer loop
      vertex -17.7399 5.72884 2.5
      vertex -17.5312 6.27226 14.5
      vertex -17.7399 5.72884 14.7567
    endloop
  endfacet
  facet normal 0.933535 -0.358486 -1.68211e-06
    outer loop
      vertex -17.5312 6.27226 14.5
      vertex -17.7399 5.72884 2.5
      vertex -17.5303 6.27466 2.5
    endloop
  endfacet
  facet normal -0.891025 -0.453954 0
    outer loop
      vertex 51.0548 7.34272 2.5
      vertex 50.7894 7.86365 14.5
      vertex 50.7894 7.86365 2.5
    endloop
  endfacet
  facet normal -0.891025 -0.453954 0
    outer loop
      vertex 50.7894 7.86365 14.5
      vertex 51.0548 7.34272 2.5
      vertex 51.0548 7.34272 14.5
    endloop
  endfacet
  facet normal -0.819107 -0.573641 0
    outer loop
      vertex 49.8864 9.36648 2.5
      vertex 49.551 9.8454 14.5
      vertex 49.551 9.8454 2.5
    endloop
  endfacet
  facet normal -0.819107 -0.573641 0
    outer loop
      vertex 49.551 9.8454 14.5
      vertex 49.8864 9.36648 2.5
      vertex 49.8864 9.36648 14.5
    endloop
  endfacet
  facet normal 0.515049 0.857161 -0
    outer loop
      vertex -10.375 -14.5059 2.5
      vertex -10.8761 -14.2048 14.5
      vertex -10.375 -14.5059 14.5
    endloop
  endfacet
  facet normal 0.515049 0.857161 0
    outer loop
      vertex -10.8761 -14.2048 14.5
      vertex -10.375 -14.5059 2.5
      vertex -10.8761 -14.2048 2.5
    endloop
  endfacet
  facet normal 0.981645 -0.190715 0
    outer loop
      vertex -18.4955 2.90861 2.5
      vertex -18.384 3.48252 15.5495
      vertex -18.4955 2.90861 15.6868
    endloop
  endfacet
  facet normal 0.981645 -0.190715 0
    outer loop
      vertex -18.384 3.48252 15.5495
      vertex -18.4955 2.90861 2.5
      vertex -18.384 3.48252 2.5
    endloop
  endfacet
  facet normal 0.358486 -0.933535 0
    outer loop
      vertex -8.27466 15.5303 2.5
      vertex -7.72884 15.7399 14.5
      vertex -8.27466 15.5303 14.5
    endloop
  endfacet
  facet normal 0.358486 -0.933535 0
    outer loop
      vertex -7.72884 15.7399 14.5
      vertex -8.27466 15.5303 2.5
      vertex -7.72884 15.7399 2.5
    endloop
  endfacet
  facet normal -0.453974 -0.891015 0
    outer loop
      vertex 43.3427 15.0548 2.5
      vertex 43.8636 14.7894 14.5
      vertex 43.3427 15.0548 14.5
    endloop
  endfacet
  facet normal -0.453974 -0.891015 -0
    outer loop
      vertex 43.8636 14.7894 14.5
      vertex 43.3427 15.0548 2.5
      vertex 43.8636 14.7894 2.5
    endloop
  endfacet
  facet normal 0.258944 -0.965892 0
    outer loop
      vertex -6.61693 16.1011 2.5
      vertex -6.05219 16.2525 14.5
      vertex -6.61693 16.1011 14.5
    endloop
  endfacet
  facet normal 0.258944 -0.965892 0
    outer loop
      vertex -6.05219 16.2525 14.5
      vertex -6.61693 16.1011 2.5
      vertex -6.05219 16.2525 2.5
    endloop
  endfacet
  facet normal -0.838689 -0.54461 0
    outer loop
      vertex 50.2048 8.87615 2.5
      vertex 49.8864 9.36648 14.5
      vertex 49.8864 9.36648 2.5
    endloop
  endfacet
  facet normal -0.838689 -0.54461 0
    outer loop
      vertex 49.8864 9.36648 14.5
      vertex 50.2048 8.87615 2.5
      vertex 50.2048 8.87615 14.5
    endloop
  endfacet
  facet normal 0.515049 -0.857161 0
    outer loop
      vertex -10.8761 14.2048 2.5
      vertex -10.375 14.5059 14.5
      vertex -10.8761 14.2048 14.5
    endloop
  endfacet
  facet normal 0.515049 -0.857161 0
    outer loop
      vertex -10.375 14.5059 14.5
      vertex -10.8761 14.2048 2.5
      vertex -10.375 14.5059 2.5
    endloop
  endfacet
  facet normal -0.0523434 -0.998629 0
    outer loop
      vertex 36.5846 16.7398 2.5
      vertex 37.1684 16.7092 14.5
      vertex 36.5846 16.7398 14.5
    endloop
  endfacet
  facet normal -0.0523434 -0.998629 -0
    outer loop
      vertex 37.1684 16.7092 14.5
      vertex 36.5846 16.7398 2.5
      vertex 37.1684 16.7092 2.5
    endloop
  endfacet
  facet normal 0.891025 -0.453954 0
    outer loop
      vertex -17.0548 7.34272 14.5
      vertex -16.7894 7.86365 2.5
      vertex -16.7894 7.86365 14.5
    endloop
  endfacet
  facet normal 0.891025 -0.453954 0
    outer loop
      vertex -16.7894 7.86365 2.5
      vertex -17.0548 7.34272 14.5
      vertex -17.0548 7.34272 2.5
    endloop
  endfacet
  facet normal -0.601778 0.798664 0
    outer loop
      vertex 46.3123 -13.1992 2.5
      vertex 45.8454 -13.551 14.5
      vertex 46.3123 -13.1992 14.5
    endloop
  endfacet
  facet normal -0.601778 0.798664 0
    outer loop
      vertex 45.8454 -13.551 14.5
      vertex 46.3123 -13.1992 2.5
      vertex 45.8454 -13.551 2.5
    endloop
  endfacet
  facet normal -0.3255 0.945542 0
    outer loop
      vertex 41.7288 -15.7399 2.5
      vertex 41.176 -15.9302 14.5
      vertex 41.7288 -15.7399 14.5
    endloop
  endfacet
  facet normal -0.3255 0.945542 0
    outer loop
      vertex 41.176 -15.9302 14.5
      vertex 41.7288 -15.7399 2.5
      vertex 41.176 -15.9302 2.5
    endloop
  endfacet
  facet normal 0.974377 -0.224921 0
    outer loop
      vertex -18.384 3.48252 2.5
      vertex -18.2525 4.05219 15.3876
      vertex -18.384 3.48252 15.5495
    endloop
  endfacet
  facet normal 0.974377 -0.224921 0
    outer loop
      vertex -18.2525 4.05219 15.3876
      vertex -18.384 3.48252 2.5
      vertex -18.2525 4.05219 2.5
    endloop
  endfacet
  facet normal -0.920532 -0.390668 0
    outer loop
      vertex 51.5303 6.27466 2.5
      vertex 51.3019 6.81284 14.5
      vertex 51.3019 6.81284 2.5
    endloop
  endfacet
  facet normal -0.920532 -0.390668 0
    outer loop
      vertex 51.3019 6.81284 14.5
      vertex 51.5303 6.27466 2.5
      vertex 51.5303 6.27466 14.5
    endloop
  endfacet
  facet normal 0.601778 -0.798664 0
    outer loop
      vertex -12.3123 13.1992 2.5
      vertex -11.8454 13.551 14.5
      vertex -12.3123 13.1992 14.5
    endloop
  endfacet
  facet normal 0.601778 -0.798664 0
    outer loop
      vertex -11.8454 13.551 14.5
      vertex -12.3123 13.1992 2.5
      vertex -11.8454 13.551 2.5
    endloop
  endfacet
  facet normal 0.956321 0.292318 0
    outer loop
      vertex -17.9302 -5.17603 14.991
      vertex -18.1011 -4.61693 2.5
      vertex -18.1011 -4.61693 15.2014
    endloop
  endfacet
  facet normal 0.956321 0.292318 0
    outer loop
      vertex -18.1011 -4.61693 2.5
      vertex -17.9302 -5.17603 14.991
      vertex -17.9302 -5.17603 2.5
    endloop
  endfacet
  facet normal 0.933523 0.358519 0
    outer loop
      vertex -17.5312 -6.27226 14.5
      vertex -17.7399 -5.72884 2.5
      vertex -17.7399 -5.72884 14.7567
    endloop
  endfacet
  facet normal 0.936329 0.351123 -0
    outer loop
      vertex -17.5303 -6.27466 2.5
      vertex -17.5312 -6.27226 14.5
      vertex -17.5303 -6.27466 14.5
    endloop
  endfacet
  facet normal 0.933535 0.358486 -1.68211e-06
    outer loop
      vertex -17.5312 -6.27226 14.5
      vertex -17.5303 -6.27466 2.5
      vertex -17.7399 -5.72884 2.5
    endloop
  endfacet
  facet normal -0.0174452 0.999848 0
    outer loop
      vertex 36.5846 -16.7398 2.5
      vertex 36 -16.75 14.5
      vertex 36.5846 -16.7398 14.5
    endloop
  endfacet
  facet normal -0.0174452 0.999848 0
    outer loop
      vertex 36 -16.75 14.5
      vertex 36.5846 -16.7398 2.5
      vertex 36 -16.75 2.5
    endloop
  endfacet
  facet normal 0 -1 0
    outer loop
      vertex -2 16.75 14.5
      vertex 9 16.75 3.5
      vertex 9 16.75 14.5
    endloop
  endfacet
  facet normal 0 -1 -0
    outer loop
      vertex 9 16.75 3.5
      vertex -2 16.75 2.5
      vertex 25 16.75 3.5
    endloop
  endfacet
  facet normal 0 -1 0
    outer loop
      vertex -2 16.75 2.5
      vertex 9 16.75 3.5
      vertex -2 16.75 14.5
    endloop
  endfacet
  facet normal 0 -1 0
    outer loop
      vertex 25 16.75 3.5
      vertex 36 16.75 14.5
      vertex 25 16.75 14.5
    endloop
  endfacet
  facet normal 0 -1 0
    outer loop
      vertex 25 16.75 3.5
      vertex 36 16.75 2.5
      vertex 36 16.75 14.5
    endloop
  endfacet
  facet normal 0 -1 0
    outer loop
      vertex 36 16.75 2.5
      vertex 25 16.75 3.5
      vertex -2 16.75 2.5
    endloop
  endfacet
  facet normal -0.707107 0.707107 0
    outer loop
      vertex 47.6355 -12.0489 2.5
      vertex 48.0489 -11.6355 14.5
      vertex 48.0489 -11.6355 2.5
    endloop
  endfacet
  facet normal -0.707107 0.707107 0
    outer loop
      vertex 48.0489 -11.6355 14.5
      vertex 47.6355 -12.0489 2.5
      vertex 47.6355 -12.0489 14.5
    endloop
  endfacet
  facet normal -0.121782 -0.992557 0
    outer loop
      vertex 37.7509 16.6582 2.5
      vertex 38.3312 16.587 14.5
      vertex 37.7509 16.6582 14.5
    endloop
  endfacet
  facet normal -0.121782 -0.992557 -0
    outer loop
      vertex 38.3312 16.587 14.5
      vertex 37.7509 16.6582 2.5
      vertex 38.3312 16.587 2.5
    endloop
  endfacet
  facet normal 0.453954 -0.891025 0
    outer loop
      vertex -9.86365 14.7894 2.5
      vertex -9.34272 15.0548 14.5
      vertex -9.86365 14.7894 14.5
    endloop
  endfacet
  facet normal 0.453954 -0.891025 0
    outer loop
      vertex -9.34272 15.0548 14.5
      vertex -9.86365 14.7894 2.5
      vertex -9.34272 15.0548 2.5
    endloop
  endfacet
  facet normal 0.121782 0.992557 -0
    outer loop
      vertex -3.75085 -16.6582 2.5
      vertex -4.33115 -16.587 14.5
      vertex -3.75085 -16.6582 14.5
    endloop
  endfacet
  facet normal 0.121782 0.992557 0
    outer loop
      vertex -4.33115 -16.587 14.5
      vertex -3.75085 -16.6582 2.5
      vertex -4.33115 -16.587 2.5
    endloop
  endfacet
  facet normal 0.945544 -0.325495 0
    outer loop
      vertex -17.9302 5.17603 2.5
      vertex -17.7399 5.72884 14.7567
      vertex -17.9302 5.17603 14.991
    endloop
  endfacet
  facet normal 0.945544 -0.325495 0
    outer loop
      vertex -17.7399 5.72884 14.7567
      vertex -17.9302 5.17603 2.5
      vertex -17.7399 5.72884 2.5
    endloop
  endfacet
  facet normal 0.857183 -0.515011 0
    outer loop
      vertex -16.5059 8.375 14.5
      vertex -16.2048 8.87615 2.5
      vertex -16.2048 8.87615 14.5
    endloop
  endfacet
  facet normal 0.857183 -0.515011 0
    outer loop
      vertex -16.2048 8.87615 2.5
      vertex -16.5059 8.375 14.5
      vertex -16.5059 8.375 2.5
    endloop
  endfacet
  facet normal -0.906299 0.422636 0
    outer loop
      vertex 51.0548 -7.34272 2.5
      vertex 51.3019 -6.81284 14.5
      vertex 51.3019 -6.81284 2.5
    endloop
  endfacet
  facet normal -0.906299 0.422636 0
    outer loop
      vertex 51.3019 -6.81284 14.5
      vertex 51.0548 -7.34272 2.5
      vertex 51.0548 -7.34272 14.5
    endloop
  endfacet
  facet normal 0.292318 0.956321 -0
    outer loop
      vertex -6.61693 -16.1011 2.5
      vertex -7.17603 -15.9302 14.5
      vertex -6.61693 -16.1011 14.5
    endloop
  endfacet
  facet normal 0.292318 0.956321 0
    outer loop
      vertex -7.17603 -15.9302 14.5
      vertex -6.61693 -16.1011 2.5
      vertex -7.17603 -15.9302 2.5
    endloop
  endfacet
  facet normal 0 1 0
    outer loop
      vertex 36 -16.75 14.5
      vertex 25 -16.75 3.5
      vertex 25 -16.75 14.5
    endloop
  endfacet
  facet normal 0 1 0
    outer loop
      vertex 25 -16.75 3.5
      vertex 36 -16.75 2.5
      vertex 9 -16.75 3.5
    endloop
  endfacet
  facet normal 0 1 -0
    outer loop
      vertex 36 -16.75 2.5
      vertex 25 -16.75 3.5
      vertex 36 -16.75 14.5
    endloop
  endfacet
  facet normal 0 1 -0
    outer loop
      vertex 9 -16.75 3.5
      vertex -2 -16.75 14.5
      vertex 9 -16.75 14.5
    endloop
  endfacet
  facet normal 0 1 0
    outer loop
      vertex 9 -16.75 3.5
      vertex -2 -16.75 2.5
      vertex -2 -16.75 14.5
    endloop
  endfacet
  facet normal 0 1 0
    outer loop
      vertex -2 -16.75 2.5
      vertex 9 -16.75 3.5
      vertex 36 -16.75 2.5
    endloop
  endfacet
  facet normal -0.731305 -0.68205 0
    outer loop
      vertex 48.4477 11.2079 2.5
      vertex 48.0489 11.6355 14.5
      vertex 48.0489 11.6355 2.5
    endloop
  endfacet
  facet normal -0.731305 -0.68205 0
    outer loop
      vertex 48.0489 11.6355 14.5
      vertex 48.4477 11.2079 2.5
      vertex 48.4477 11.2079 14.5
    endloop
  endfacet
  facet normal 0.754734 -0.65603 0
    outer loop
      vertex -14.8312 10.7667 14.5
      vertex -14.4477 11.2079 2.5
      vertex -14.4477 11.2079 14.5
    endloop
  endfacet
  facet normal 0.754734 -0.65603 0
    outer loop
      vertex -14.4477 11.2079 2.5
      vertex -14.8312 10.7667 14.5
      vertex -14.8312 10.7667 2.5
    endloop
  endfacet
  facet normal -0.224909 -0.97438 0
    outer loop
      vertex 39.4825 16.384 2.5
      vertex 40.0522 16.2525 14.5
      vertex 39.4825 16.384 14.5
    endloop
  endfacet
  facet normal -0.224909 -0.97438 -0
    outer loop
      vertex 40.0522 16.2525 14.5
      vertex 39.4825 16.384 2.5
      vertex 40.0522 16.2525 2.5
    endloop
  endfacet
  facet normal -0.292318 0.956321 0
    outer loop
      vertex 41.176 -15.9302 2.5
      vertex 40.6169 -16.1011 14.5
      vertex 41.176 -15.9302 14.5
    endloop
  endfacet
  facet normal -0.292318 0.956321 0
    outer loop
      vertex 40.6169 -16.1011 14.5
      vertex 41.176 -15.9302 2.5
      vertex 40.6169 -16.1011 2.5
    endloop
  endfacet
  facet normal -0.754734 0.65603 0
    outer loop
      vertex 48.4477 -11.2079 2.5
      vertex 48.8312 -10.7667 14.5
      vertex 48.8312 -10.7667 2.5
    endloop
  endfacet
  facet normal -0.754734 0.65603 0
    outer loop
      vertex 48.8312 -10.7667 14.5
      vertex 48.4477 -11.2079 2.5
      vertex 48.4477 -11.2079 14.5
    endloop
  endfacet
  facet normal -0.87458 0.48488 0
    outer loop
      vertex 50.5059 -8.375 2.5
      vertex 50.7894 -7.86365 14.5
      vertex 50.7894 -7.86365 2.5
    endloop
  endfacet
  facet normal -0.87458 0.48488 0
    outer loop
      vertex 50.7894 -7.86365 14.5
      vertex 50.5059 -8.375 2.5
      vertex 50.5059 -8.375 14.5
    endloop
  endfacet
  facet normal -0.819107 0.573641 0
    outer loop
      vertex 49.551 -9.8454 2.5
      vertex 49.8864 -9.36648 14.5
      vertex 49.8864 -9.36648 2.5
    endloop
  endfacet
  facet normal -0.819107 0.573641 0
    outer loop
      vertex 49.8864 -9.36648 14.5
      vertex 49.551 -9.8454 2.5
      vertex 49.551 -9.8454 14.5
    endloop
  endfacet
  facet normal 0.974377 0.224921 0
    outer loop
      vertex -18.2525 -4.05219 15.3876
      vertex -18.384 -3.48252 2.5
      vertex -18.384 -3.48252 15.5495
    endloop
  endfacet
  facet normal 0.974377 0.224921 0
    outer loop
      vertex -18.384 -3.48252 2.5
      vertex -18.2525 -4.05219 15.3876
      vertex -18.2525 -4.05219 2.5
    endloop
  endfacet
  facet normal 0.0174461 -0.999848 0
    outer loop
      vertex -2.58457 16.7398 2.5
      vertex -2 16.75 14.5
      vertex -2.58457 16.7398 14.5
    endloop
  endfacet
  facet normal 0.0174461 -0.999848 0
    outer loop
      vertex -2 16.75 14.5
      vertex -2.58457 16.7398 2.5
      vertex -2 16.75 2.5
    endloop
  endfacet
  facet normal 0.190715 0.981645 -0
    outer loop
      vertex -4.90861 -16.4955 2.5
      vertex -5.48252 -16.384 14.5
      vertex -4.90861 -16.4955 14.5
    endloop
  endfacet
  facet normal 0.190715 0.981645 0
    outer loop
      vertex -5.48252 -16.384 14.5
      vertex -4.90861 -16.4955 2.5
      vertex -5.48252 -16.384 2.5
    endloop
  endfacet
  facet normal 0.999848 -0.0174462 0
    outer loop
      vertex -18.75 0 2.5
      vertex -18.7398 0.584566 15.9874
      vertex -18.75 0 16
    endloop
  endfacet
  facet normal 0.999848 -0.0174462 0
    outer loop
      vertex -18.7398 0.584566 15.9874
      vertex -18.75 0 2.5
      vertex -18.7398 0.584566 2.5
    endloop
  endfacet
  facet normal -0.156516 -0.987675 0
    outer loop
      vertex 38.3312 16.587 2.5
      vertex 38.9086 16.4955 14.5
      vertex 38.3312 16.587 14.5
    endloop
  endfacet
  facet normal -0.156516 -0.987675 -0
    outer loop
      vertex 38.9086 16.4955 14.5
      vertex 38.3312 16.587 2.5
      vertex 38.9086 16.4955 2.5
    endloop
  endfacet
  facet normal 0.754734 0.65603 0
    outer loop
      vertex -14.4477 -11.2079 14.5
      vertex -14.8312 -10.7667 2.5
      vertex -14.8312 -10.7667 14.5
    endloop
  endfacet
  facet normal 0.754734 0.65603 0
    outer loop
      vertex -14.8312 -10.7667 2.5
      vertex -14.4477 -11.2079 14.5
      vertex -14.4477 -11.2079 2.5
    endloop
  endfacet
  facet normal 0.838689 -0.54461 0
    outer loop
      vertex -16.2048 8.87615 14.5
      vertex -15.8864 9.36648 2.5
      vertex -15.8864 9.36648 14.5
    endloop
  endfacet
  facet normal 0.838689 -0.54461 0
    outer loop
      vertex -15.8864 9.36648 2.5
      vertex -16.2048 8.87615 14.5
      vertex -16.2048 8.87615 2.5
    endloop
  endfacet
  facet normal -0.121782 0.992557 0
    outer loop
      vertex 38.3312 -16.587 2.5
      vertex 37.7509 -16.6582 14.5
      vertex 38.3312 -16.587 14.5
    endloop
  endfacet
  facet normal -0.121782 0.992557 0
    outer loop
      vertex 37.7509 -16.6582 14.5
      vertex 38.3312 -16.587 2.5
      vertex 37.7509 -16.6582 2.5
    endloop
  endfacet
  facet normal 0.390668 0.920532 -0
    outer loop
      vertex -8.27466 -15.5303 2.5
      vertex -8.81284 -15.3019 14.5
      vertex -8.27466 -15.5303 14.5
    endloop
  endfacet
  facet normal 0.390668 0.920532 0
    outer loop
      vertex -8.81284 -15.3019 14.5
      vertex -8.27466 -15.5303 2.5
      vertex -8.81284 -15.3019 2.5
    endloop
  endfacet
  facet normal 0.777117 -0.629356 0
    outer loop
      vertex -15.1992 10.3123 14.5
      vertex -14.8312 10.7667 2.5
      vertex -14.8312 10.7667 14.5
    endloop
  endfacet
  facet normal 0.777117 -0.629356 0
    outer loop
      vertex -14.8312 10.7667 2.5
      vertex -15.1992 10.3123 14.5
      vertex -15.1992 10.3123 2.5
    endloop
  endfacet
  facet normal 0.998629 -0.0523385 0
    outer loop
      vertex -18.7398 0.584566 2.5
      vertex -18.7092 1.16842 15.9498
      vertex -18.7398 0.584566 15.9874
    endloop
  endfacet
  facet normal 0.998629 -0.0523385 0
    outer loop
      vertex -18.7092 1.16842 15.9498
      vertex -18.7398 0.584566 2.5
      vertex -18.7092 1.16842 2.5
    endloop
  endfacet
  facet normal 0.992557 -0.121782 0
    outer loop
      vertex -18.6582 1.75085 2.5
      vertex -18.587 2.33115 15.7994
      vertex -18.6582 1.75085 15.8871
    endloop
  endfacet
  facet normal 0.992557 -0.121782 0
    outer loop
      vertex -18.587 2.33115 15.7994
      vertex -18.6582 1.75085 2.5
      vertex -18.587 2.33115 2.5
    endloop
  endfacet
  facet normal 0.0872304 -0.996188 0
    outer loop
      vertex -3.75085 16.6582 2.5
      vertex -3.16842 16.7092 14.5
      vertex -3.75085 16.6582 14.5
    endloop
  endfacet
  facet normal 0.0872304 -0.996188 0
    outer loop
      vertex -3.16842 16.7092 14.5
      vertex -3.75085 16.6582 2.5
      vertex -3.16842 16.7092 2.5
    endloop
  endfacet
  facet normal -0.974377 0.224921 0
    outer loop
      vertex 52.2525 -4.05219 2.5
      vertex 52.384 -3.48252 14.5
      vertex 52.384 -3.48252 2.5
    endloop
  endfacet
  facet normal -0.974377 0.224921 0
    outer loop
      vertex 52.384 -3.48252 14.5
      vertex 52.2525 -4.05219 2.5
      vertex 52.2525 -4.05219 14.5
    endloop
  endfacet
  facet normal -0.965892 0.258944 0
    outer loop
      vertex 52.1011 -4.61693 2.5
      vertex 52.2525 -4.05219 14.5
      vertex 52.2525 -4.05219 2.5
    endloop
  endfacet
  facet normal -0.965892 0.258944 0
    outer loop
      vertex 52.2525 -4.05219 14.5
      vertex 52.1011 -4.61693 2.5
      vertex 52.1011 -4.61693 14.5
    endloop
  endfacet
  facet normal -0.992557 -0.121782 0
    outer loop
      vertex 52.6582 1.75085 2.5
      vertex 52.587 2.33115 14.5
      vertex 52.587 2.33115 2.5
    endloop
  endfacet
  facet normal -0.992557 -0.121782 0
    outer loop
      vertex 52.587 2.33115 14.5
      vertex 52.6582 1.75085 2.5
      vertex 52.6582 1.75085 14.5
    endloop
  endfacet
  facet normal -0.754734 -0.65603 0
    outer loop
      vertex 48.8312 10.7667 2.5
      vertex 48.4477 11.2079 14.5
      vertex 48.4477 11.2079 2.5
    endloop
  endfacet
  facet normal -0.754734 -0.65603 0
    outer loop
      vertex 48.4477 11.2079 14.5
      vertex 48.8312 10.7667 2.5
      vertex 48.8312 10.7667 14.5
    endloop
  endfacet
  facet normal -0.798664 0.601778 0
    outer loop
      vertex 49.1992 -10.3123 2.5
      vertex 49.551 -9.8454 14.5
      vertex 49.551 -9.8454 2.5
    endloop
  endfacet
  facet normal -0.798664 0.601778 0
    outer loop
      vertex 49.551 -9.8454 14.5
      vertex 49.1992 -10.3123 2.5
      vertex 49.1992 -10.3123 14.5
    endloop
  endfacet
  facet normal -0.920532 0.390668 0
    outer loop
      vertex 51.3019 -6.81284 2.5
      vertex 51.5303 -6.27466 14.5
      vertex 51.5303 -6.27466 2.5
    endloop
  endfacet
  facet normal -0.920532 0.390668 0
    outer loop
      vertex 51.5303 -6.27466 14.5
      vertex 51.3019 -6.81284 2.5
      vertex 51.3019 -6.81284 14.5
    endloop
  endfacet
  facet normal -0.945544 0.325495 0
    outer loop
      vertex 51.7399 -5.72884 2.5
      vertex 51.9302 -5.17603 14.5
      vertex 51.9302 -5.17603 2.5
    endloop
  endfacet
  facet normal -0.945544 0.325495 0
    outer loop
      vertex 51.9302 -5.17603 14.5
      vertex 51.7399 -5.72884 2.5
      vertex 51.7399 -5.72884 14.5
    endloop
  endfacet
  facet normal -0.999848 -0.0174462 0
    outer loop
      vertex 52.75 0 2.5
      vertex 52.7398 0.584566 14.5
      vertex 52.7398 0.584566 2.5
    endloop
  endfacet
  facet normal -0.999848 -0.0174462 0
    outer loop
      vertex 52.7398 0.584566 14.5
      vertex 52.75 0 2.5
      vertex 52.75 0 14.5
    endloop
  endfacet
  facet normal 0.544555 -0.838725 0
    outer loop
      vertex -11.3665 13.8864 2.5
      vertex -10.8761 14.2048 14.5
      vertex -11.3665 13.8864 14.5
    endloop
  endfacet
  facet normal 0.544555 -0.838725 0
    outer loop
      vertex -10.8761 14.2048 14.5
      vertex -11.3665 13.8864 2.5
      vertex -10.8761 14.2048 2.5
    endloop
  endfacet
  facet normal 0.121782 -0.992557 0
    outer loop
      vertex -4.33115 16.587 2.5
      vertex -3.75085 16.6582 14.5
      vertex -4.33115 16.587 14.5
    endloop
  endfacet
  facet normal 0.121782 -0.992557 0
    outer loop
      vertex -3.75085 16.6582 14.5
      vertex -4.33115 16.587 2.5
      vertex -3.75085 16.6582 2.5
    endloop
  endfacet
  facet normal 0.707107 -0.707107 0
    outer loop
      vertex -14.0489 11.6355 14.5
      vertex -13.6355 12.0489 2.5
      vertex -13.6355 12.0489 14.5
    endloop
  endfacet
  facet normal 0.707107 -0.707107 0
    outer loop
      vertex -13.6355 12.0489 2.5
      vertex -14.0489 11.6355 14.5
      vertex -14.0489 11.6355 2.5
    endloop
  endfacet
  facet normal -0.422623 -0.906305 0
    outer loop
      vertex 42.8128 15.3019 2.5
      vertex 43.3427 15.0548 14.5
      vertex 42.8128 15.3019 14.5
    endloop
  endfacet
  facet normal -0.422623 -0.906305 -0
    outer loop
      vertex 43.3427 15.0548 14.5
      vertex 42.8128 15.3019 2.5
      vertex 43.3427 15.0548 2.5
    endloop
  endfacet
  facet normal -0.798664 -0.601778 0
    outer loop
      vertex 49.551 9.8454 2.5
      vertex 49.1992 10.3123 14.5
      vertex 49.1992 10.3123 2.5
    endloop
  endfacet
  facet normal -0.798664 -0.601778 0
    outer loop
      vertex 49.1992 10.3123 14.5
      vertex 49.551 9.8454 2.5
      vertex 49.551 9.8454 14.5
    endloop
  endfacet
  facet normal -0.992557 0.121782 0
    outer loop
      vertex 52.587 -2.33115 2.5
      vertex 52.6582 -1.75085 14.5
      vertex 52.6582 -1.75085 2.5
    endloop
  endfacet
  facet normal -0.992557 0.121782 0
    outer loop
      vertex 52.6582 -1.75085 14.5
      vertex 52.587 -2.33115 2.5
      vertex 52.587 -2.33115 14.5
    endloop
  endfacet
  facet normal -0.906299 -0.422636 0
    outer loop
      vertex 51.3019 6.81284 2.5
      vertex 51.0548 7.34272 14.5
      vertex 51.0548 7.34272 2.5
    endloop
  endfacet
  facet normal -0.906299 -0.422636 0
    outer loop
      vertex 51.0548 7.34272 14.5
      vertex 51.3019 6.81284 2.5
      vertex 51.3019 6.81284 14.5
    endloop
  endfacet
  facet normal -0.08722 0.996189 0
    outer loop
      vertex 37.7509 -16.6582 2.5
      vertex 37.1684 -16.7092 14.5
      vertex 37.7509 -16.6582 14.5
    endloop
  endfacet
  facet normal -0.08722 0.996189 0
    outer loop
      vertex 37.1684 -16.7092 14.5
      vertex 37.7509 -16.6582 2.5
      vertex 37.1684 -16.7092 2.5
    endloop
  endfacet
  facet normal 0.48488 0.87458 -0
    outer loop
      vertex -9.86365 -14.7894 2.5
      vertex -10.375 -14.5059 14.5
      vertex -9.86365 -14.7894 14.5
    endloop
  endfacet
  facet normal 0.48488 0.87458 0
    outer loop
      vertex -10.375 -14.5059 14.5
      vertex -9.86365 -14.7894 2.5
      vertex -10.375 -14.5059 2.5
    endloop
  endfacet
  facet normal -0.998629 -0.0523385 0
    outer loop
      vertex 52.7398 0.584566 2.5
      vertex 52.7092 1.16842 14.5
      vertex 52.7092 1.16842 2.5
    endloop
  endfacet
  facet normal -0.998629 -0.0523385 0
    outer loop
      vertex 52.7092 1.16842 14.5
      vertex 52.7398 0.584566 2.5
      vertex 52.7398 0.584566 14.5
    endloop
  endfacet
  facet normal 0.390668 -0.920532 0
    outer loop
      vertex -8.81284 15.3019 2.5
      vertex -8.27466 15.5303 14.5
      vertex -8.81284 15.3019 14.5
    endloop
  endfacet
  facet normal 0.390668 -0.920532 0
    outer loop
      vertex -8.27466 15.5303 14.5
      vertex -8.81284 15.3019 2.5
      vertex -8.27466 15.5303 2.5
    endloop
  endfacet
  facet normal 0.987678 -0.1565 0
    outer loop
      vertex -18.587 2.33115 2.5
      vertex -18.4955 2.90861 15.6868
      vertex -18.587 2.33115 15.7994
    endloop
  endfacet
  facet normal 0.987678 -0.1565 0
    outer loop
      vertex -18.4955 2.90861 15.6868
      vertex -18.587 2.33115 2.5
      vertex -18.4955 2.90861 2.5
    endloop
  endfacet
  facet normal -0.956321 -0.292318 0
    outer loop
      vertex 52.1011 4.61693 2.5
      vertex 51.9302 5.17603 14.5
      vertex 51.9302 5.17603 2.5
    endloop
  endfacet
  facet normal -0.956321 -0.292318 0
    outer loop
      vertex 51.9302 5.17603 14.5
      vertex 52.1011 4.61693 2.5
      vertex 52.1011 4.61693 14.5
    endloop
  endfacet
  facet normal 0.996188 -0.0872304 0
    outer loop
      vertex -18.7092 1.16842 2.5
      vertex -18.6582 1.75085 15.8871
      vertex -18.7092 1.16842 15.9498
    endloop
  endfacet
  facet normal 0.996188 -0.0872304 0
    outer loop
      vertex -18.6582 1.75085 15.8871
      vertex -18.7092 1.16842 2.5
      vertex -18.6582 1.75085 2.5
    endloop
  endfacet
  facet normal 0.87458 -0.48488 0
    outer loop
      vertex -16.7894 7.86365 14.5
      vertex -16.5059 8.375 2.5
      vertex -16.5059 8.375 14.5
    endloop
  endfacet
  facet normal 0.87458 -0.48488 0
    outer loop
      vertex -16.5059 8.375 2.5
      vertex -16.7894 7.86365 14.5
      vertex -16.7894 7.86365 2.5
    endloop
  endfacet
  facet normal 0.190715 -0.981645 0
    outer loop
      vertex -5.48252 16.384 2.5
      vertex -4.90861 16.4955 14.5
      vertex -5.48252 16.384 14.5
    endloop
  endfacet
  facet normal 0.190715 -0.981645 0
    outer loop
      vertex -4.90861 16.4955 14.5
      vertex -5.48252 16.384 2.5
      vertex -4.90861 16.4955 2.5
    endloop
  endfacet
  facet normal -0.08722 -0.996189 0
    outer loop
      vertex 37.1684 16.7092 2.5
      vertex 37.7509 16.6582 14.5
      vertex 37.1684 16.7092 14.5
    endloop
  endfacet
  facet normal -0.08722 -0.996189 -0
    outer loop
      vertex 37.7509 16.6582 14.5
      vertex 37.1684 16.7092 2.5
      vertex 37.7509 16.6582 2.5
    endloop
  endfacet
  facet normal -0.981645 -0.190715 0
    outer loop
      vertex 52.4955 2.90861 2.5
      vertex 52.384 3.48252 14.5
      vertex 52.384 3.48252 2.5
    endloop
  endfacet
  facet normal -0.981645 -0.190715 0
    outer loop
      vertex 52.384 3.48252 14.5
      vertex 52.4955 2.90861 2.5
      vertex 52.4955 2.90861 14.5
    endloop
  endfacet
  facet normal -0.601778 -0.798664 0
    outer loop
      vertex 45.8454 13.551 2.5
      vertex 46.3123 13.1992 14.5
      vertex 45.8454 13.551 14.5
    endloop
  endfacet
  facet normal -0.601778 -0.798664 -0
    outer loop
      vertex 46.3123 13.1992 14.5
      vertex 45.8454 13.551 2.5
      vertex 46.3123 13.1992 2.5
    endloop
  endfacet
  facet normal 0.292318 -0.956321 0
    outer loop
      vertex -7.17603 15.9302 2.5
      vertex -6.61693 16.1011 14.5
      vertex -7.17603 15.9302 14.5
    endloop
  endfacet
  facet normal 0.292318 -0.956321 0
    outer loop
      vertex -6.61693 16.1011 14.5
      vertex -7.17603 15.9302 2.5
      vertex -6.61693 16.1011 2.5
    endloop
  endfacet
  facet normal -0.190719 -0.981645 0
    outer loop
      vertex 38.9086 16.4955 2.5
      vertex 39.4825 16.384 14.5
      vertex 38.9086 16.4955 14.5
    endloop
  endfacet
  facet normal -0.190719 -0.981645 -0
    outer loop
      vertex 39.4825 16.384 14.5
      vertex 38.9086 16.4955 2.5
      vertex 39.4825 16.384 2.5
    endloop
  endfacet
  facet normal -0.965892 -0.258944 0
    outer loop
      vertex 52.2525 4.05219 2.5
      vertex 52.1011 4.61693 14.5
      vertex 52.1011 4.61693 2.5
    endloop
  endfacet
  facet normal -0.965892 -0.258944 0
    outer loop
      vertex 52.1011 4.61693 14.5
      vertex 52.2525 4.05219 2.5
      vertex 52.2525 4.05219 14.5
    endloop
  endfacet
  facet normal -0.68205 -0.731305 0
    outer loop
      vertex 47.2079 12.4477 2.5
      vertex 47.6355 12.0489 14.5
      vertex 47.2079 12.4477 14.5
    endloop
  endfacet
  facet normal -0.68205 -0.731305 -0
    outer loop
      vertex 47.6355 12.0489 14.5
      vertex 47.2079 12.4477 2.5
      vertex 47.6355 12.0489 2.5
    endloop
  endfacet
  facet normal -0.258961 -0.965888 0
    outer loop
      vertex 40.0522 16.2525 2.5
      vertex 40.6169 16.1011 14.5
      vertex 40.0522 16.2525 14.5
    endloop
  endfacet
  facet normal -0.258961 -0.965888 -0
    outer loop
      vertex 40.6169 16.1011 14.5
      vertex 40.0522 16.2525 2.5
      vertex 40.6169 16.1011 2.5
    endloop
  endfacet
  facet normal 0.0174461 0.999848 -0
    outer loop
      vertex -2 -16.75 2.5
      vertex -2.58457 -16.7398 14.5
      vertex -2 -16.75 14.5
    endloop
  endfacet
  facet normal 0.0174461 0.999848 0
    outer loop
      vertex -2.58457 -16.7398 14.5
      vertex -2 -16.75 2.5
      vertex -2.58457 -16.7398 2.5
    endloop
  endfacet
  facet normal -0.956321 0.292318 0
    outer loop
      vertex 51.9302 -5.17603 2.5
      vertex 52.1011 -4.61693 14.5
      vertex 52.1011 -4.61693 2.5
    endloop
  endfacet
  facet normal -0.956321 0.292318 0
    outer loop
      vertex 52.1011 -4.61693 14.5
      vertex 51.9302 -5.17603 2.5
      vertex 51.9302 -5.17603 14.5
    endloop
  endfacet
  facet normal -0.996188 -0.0872304 0
    outer loop
      vertex 52.7092 1.16842 2.5
      vertex 52.6582 1.75085 14.5
      vertex 52.6582 1.75085 2.5
    endloop
  endfacet
  facet normal -0.996188 -0.0872304 0
    outer loop
      vertex 52.6582 1.75085 14.5
      vertex 52.7092 1.16842 2.5
      vertex 52.7092 1.16842 14.5
    endloop
  endfacet
  facet normal 0.629356 -0.777117 0
    outer loop
      vertex -12.7667 12.8312 2.5
      vertex -12.3123 13.1992 14.5
      vertex -12.7667 12.8312 14.5
    endloop
  endfacet
  facet normal 0.629356 -0.777117 0
    outer loop
      vertex -12.3123 13.1992 14.5
      vertex -12.7667 12.8312 2.5
      vertex -12.3123 13.1992 2.5
    endloop
  endfacet
  facet normal -0.3255 -0.945542 0
    outer loop
      vertex 41.176 15.9302 2.5
      vertex 41.7288 15.7399 14.5
      vertex 41.176 15.9302 14.5
    endloop
  endfacet
  facet normal -0.3255 -0.945542 -0
    outer loop
      vertex 41.7288 15.7399 14.5
      vertex 41.176 15.9302 2.5
      vertex 41.7288 15.7399 2.5
    endloop
  endfacet
  facet normal 0.224921 -0.974377 0
    outer loop
      vertex -6.05219 16.2525 2.5
      vertex -5.48252 16.384 14.5
      vertex -6.05219 16.2525 14.5
    endloop
  endfacet
  facet normal 0.224921 -0.974377 0
    outer loop
      vertex -5.48252 16.384 14.5
      vertex -6.05219 16.2525 2.5
      vertex -5.48252 16.384 2.5
    endloop
  endfacet
  facet normal -0.629356 0.777117 0
    outer loop
      vertex 46.7667 -12.8312 2.5
      vertex 46.3123 -13.1992 14.5
      vertex 46.7667 -12.8312 14.5
    endloop
  endfacet
  facet normal -0.629356 0.777117 0
    outer loop
      vertex 46.3123 -13.1992 14.5
      vertex 46.7667 -12.8312 2.5
      vertex 46.3123 -13.1992 2.5
    endloop
  endfacet
  facet normal 0.48488 -0.87458 0
    outer loop
      vertex -10.375 14.5059 2.5
      vertex -9.86365 14.7894 14.5
      vertex -10.375 14.5059 14.5
    endloop
  endfacet
  facet normal 0.48488 -0.87458 0
    outer loop
      vertex -9.86365 14.7894 14.5
      vertex -10.375 14.5059 2.5
      vertex -9.86365 14.7894 2.5
    endloop
  endfacet
  facet normal -0.65603 0.754734 0
    outer loop
      vertex 47.2079 -12.4477 2.5
      vertex 46.7667 -12.8312 14.5
      vertex 47.2079 -12.4477 14.5
    endloop
  endfacet
  facet normal -0.65603 0.754734 0
    outer loop
      vertex 46.7667 -12.8312 14.5
      vertex 47.2079 -12.4477 2.5
      vertex 46.7667 -12.8312 2.5
    endloop
  endfacet
  facet normal 0.906299 -0.422636 0
    outer loop
      vertex -17.3019 6.81284 14.5
      vertex -17.0548 7.34272 2.5
      vertex -17.0548 7.34272 14.5
    endloop
  endfacet
  facet normal 0.906299 -0.422636 0
    outer loop
      vertex -17.0548 7.34272 2.5
      vertex -17.3019 6.81284 14.5
      vertex -17.3019 6.81284 2.5
    endloop
  endfacet
  facet normal -0.0174452 -0.999848 0
    outer loop
      vertex 36 16.75 2.5
      vertex 36.5846 16.7398 14.5
      vertex 36 16.75 14.5
    endloop
  endfacet
  facet normal -0.0174452 -0.999848 -0
    outer loop
      vertex 36.5846 16.7398 14.5
      vertex 36 16.75 2.5
      vertex 36.5846 16.7398 2.5
    endloop
  endfacet
  facet normal 0.0523389 0.998629 -0
    outer loop
      vertex -2.58457 -16.7398 2.5
      vertex -3.16842 -16.7092 14.5
      vertex -2.58457 -16.7398 14.5
    endloop
  endfacet
  facet normal 0.0523389 0.998629 0
    outer loop
      vertex -3.16842 -16.7092 14.5
      vertex -2.58457 -16.7398 2.5
      vertex -3.16842 -16.7092 2.5
    endloop
  endfacet
  facet normal -0.65603 -0.754734 0
    outer loop
      vertex 46.7667 12.8312 2.5
      vertex 47.2079 12.4477 14.5
      vertex 46.7667 12.8312 14.5
    endloop
  endfacet
  facet normal -0.65603 -0.754734 -0
    outer loop
      vertex 47.2079 12.4477 14.5
      vertex 46.7667 12.8312 2.5
      vertex 47.2079 12.4477 2.5
    endloop
  endfacet
  facet normal 0.65603 0.754734 -0
    outer loop
      vertex -12.7667 -12.8312 2.5
      vertex -13.2079 -12.4477 14.5
      vertex -12.7667 -12.8312 14.5
    endloop
  endfacet
  facet normal 0.65603 0.754734 0
    outer loop
      vertex -13.2079 -12.4477 14.5
      vertex -12.7667 -12.8312 2.5
      vertex -13.2079 -12.4477 2.5
    endloop
  endfacet
  facet normal -0.0523434 0.998629 0
    outer loop
      vertex 37.1684 -16.7092 2.5
      vertex 36.5846 -16.7398 14.5
      vertex 37.1684 -16.7092 14.5
    endloop
  endfacet
  facet normal -0.0523434 0.998629 0
    outer loop
      vertex 36.5846 -16.7398 14.5
      vertex 37.1684 -16.7092 2.5
      vertex 36.5846 -16.7398 2.5
    endloop
  endfacet
  facet normal -0.573657 -0.819095 0
    outer loop
      vertex 45.3665 13.8864 2.5
      vertex 45.8454 13.551 14.5
      vertex 45.3665 13.8864 14.5
    endloop
  endfacet
  facet normal -0.573657 -0.819095 -0
    outer loop
      vertex 45.8454 13.551 14.5
      vertex 45.3665 13.8864 2.5
      vertex 45.8454 13.551 2.5
    endloop
  endfacet
  facet normal -0.390717 -0.920511 0
    outer loop
      vertex 42.2747 15.5303 2.5
      vertex 42.8128 15.3019 14.5
      vertex 42.2747 15.5303 14.5
    endloop
  endfacet
  facet normal -0.390717 -0.920511 -0
    outer loop
      vertex 42.8128 15.3019 14.5
      vertex 42.2747 15.5303 2.5
      vertex 42.8128 15.3019 2.5
    endloop
  endfacet
  facet normal -0.190719 0.981645 0
    outer loop
      vertex 39.4825 -16.384 2.5
      vertex 38.9086 -16.4955 14.5
      vertex 39.4825 -16.384 14.5
    endloop
  endfacet
  facet normal -0.190719 0.981645 0
    outer loop
      vertex 38.9086 -16.4955 14.5
      vertex 39.4825 -16.384 2.5
      vertex 38.9086 -16.4955 2.5
    endloop
  endfacet
  facet normal -0.857183 -0.515011 0
    outer loop
      vertex 50.5059 8.375 2.5
      vertex 50.2048 8.87615 14.5
      vertex 50.2048 8.87615 2.5
    endloop
  endfacet
  facet normal -0.857183 -0.515011 0
    outer loop
      vertex 50.2048 8.87615 14.5
      vertex 50.5059 8.375 2.5
      vertex 50.5059 8.375 14.5
    endloop
  endfacet
  facet normal -0.87458 -0.48488 0
    outer loop
      vertex 50.7894 7.86365 2.5
      vertex 50.5059 8.375 14.5
      vertex 50.5059 8.375 2.5
    endloop
  endfacet
  facet normal -0.87458 -0.48488 0
    outer loop
      vertex 50.5059 8.375 14.5
      vertex 50.7894 7.86365 2.5
      vertex 50.7894 7.86365 14.5
    endloop
  endfacet
  facet normal -0.731305 0.68205 0
    outer loop
      vertex 48.0489 -11.6355 2.5
      vertex 48.4477 -11.2079 14.5
      vertex 48.4477 -11.2079 2.5
    endloop
  endfacet
  facet normal -0.731305 0.68205 0
    outer loop
      vertex 48.4477 -11.2079 14.5
      vertex 48.0489 -11.6355 2.5
      vertex 48.0489 -11.6355 14.5
    endloop
  endfacet
  facet normal 0.1565 0.987678 -0
    outer loop
      vertex -4.33115 -16.587 2.5
      vertex -4.90861 -16.4955 14.5
      vertex -4.33115 -16.587 14.5
    endloop
  endfacet
  facet normal 0.1565 0.987678 0
    outer loop
      vertex -4.90861 -16.4955 14.5
      vertex -4.33115 -16.587 2.5
      vertex -4.90861 -16.4955 2.5
    endloop
  endfacet
  facet normal 0.920532 -0.390668 0
    outer loop
      vertex -17.5303 6.27466 14.5
      vertex -17.3019 6.81284 2.5
      vertex -17.3019 6.81284 14.5
    endloop
  endfacet
  facet normal 0.920532 -0.390668 0
    outer loop
      vertex -17.3019 6.81284 2.5
      vertex -17.5303 6.27466 14.5
      vertex -17.5303 6.27466 2.5
    endloop
  endfacet
  facet normal -0.422623 0.906305 0
    outer loop
      vertex 43.3427 -15.0548 2.5
      vertex 42.8128 -15.3019 14.5
      vertex 43.3427 -15.0548 14.5
    endloop
  endfacet
  facet normal -0.422623 0.906305 0
    outer loop
      vertex 42.8128 -15.3019 14.5
      vertex 43.3427 -15.0548 2.5
      vertex 42.8128 -15.3019 2.5
    endloop
  endfacet
  facet normal -0.35844 -0.933553 0
    outer loop
      vertex 41.7288 15.7399 2.5
      vertex 42.2747 15.5303 14.5
      vertex 41.7288 15.7399 14.5
    endloop
  endfacet
  facet normal -0.35844 -0.933553 -0
    outer loop
      vertex 42.2747 15.5303 14.5
      vertex 41.7288 15.7399 2.5
      vertex 42.2747 15.5303 2.5
    endloop
  endfacet
  facet normal -0.999848 0.0174462 0
    outer loop
      vertex 52.7398 -0.584566 2.5
      vertex 52.75 0 14.5
      vertex 52.75 0 2.5
    endloop
  endfacet
  facet normal -0.999848 0.0174462 0
    outer loop
      vertex 52.75 0 14.5
      vertex 52.7398 -0.584566 2.5
      vertex 52.7398 -0.584566 14.5
    endloop
  endfacet
  facet normal 0.956321 -0.292318 0
    outer loop
      vertex -18.1011 4.61693 2.5
      vertex -17.9302 5.17603 14.991
      vertex -18.1011 4.61693 15.2014
    endloop
  endfacet
  facet normal 0.956321 -0.292318 0
    outer loop
      vertex -17.9302 5.17603 14.991
      vertex -18.1011 4.61693 2.5
      vertex -17.9302 5.17603 2.5
    endloop
  endfacet
  facet normal 0.422636 -0.906299 0
    outer loop
      vertex -9.34272 15.0548 2.5
      vertex -8.81284 15.3019 14.5
      vertex -9.34272 15.0548 14.5
    endloop
  endfacet
  facet normal 0.422636 -0.906299 0
    outer loop
      vertex -8.81284 15.3019 14.5
      vertex -9.34272 15.0548 2.5
      vertex -8.81284 15.3019 2.5
    endloop
  endfacet
  facet normal 0.798664 0.601778 0
    outer loop
      vertex -15.1992 -10.3123 14.5
      vertex -15.551 -9.8454 2.5
      vertex -15.551 -9.8454 14.5
    endloop
  endfacet
  facet normal 0.798664 0.601778 0
    outer loop
      vertex -15.551 -9.8454 2.5
      vertex -15.1992 -10.3123 14.5
      vertex -15.1992 -10.3123 2.5
    endloop
  endfacet
  facet normal -0.945544 -0.325495 0
    outer loop
      vertex 51.9302 5.17603 2.5
      vertex 51.7399 5.72884 14.5
      vertex 51.7399 5.72884 2.5
    endloop
  endfacet
  facet normal -0.945544 -0.325495 0
    outer loop
      vertex 51.7399 5.72884 14.5
      vertex 51.9302 5.17603 2.5
      vertex 51.9302 5.17603 14.5
    endloop
  endfacet
  facet normal -0.707107 -0.707107 0
    outer loop
      vertex 48.0489 11.6355 2.5
      vertex 47.6355 12.0489 14.5
      vertex 47.6355 12.0489 2.5
    endloop
  endfacet
  facet normal -0.707107 -0.707107 0
    outer loop
      vertex 47.6355 12.0489 14.5
      vertex 48.0489 11.6355 2.5
      vertex 48.0489 11.6355 14.5
    endloop
  endfacet
  facet normal -0.292318 -0.956321 0
    outer loop
      vertex 40.6169 16.1011 2.5
      vertex 41.176 15.9302 14.5
      vertex 40.6169 16.1011 14.5
    endloop
  endfacet
  facet normal -0.292318 -0.956321 -0
    outer loop
      vertex 41.176 15.9302 14.5
      vertex 40.6169 16.1011 2.5
      vertex 41.176 15.9302 2.5
    endloop
  endfacet
  facet normal -0.224909 0.97438 0
    outer loop
      vertex 40.0522 -16.2525 2.5
      vertex 39.4825 -16.384 14.5
      vertex 40.0522 -16.2525 14.5
    endloop
  endfacet
  facet normal -0.224909 0.97438 0
    outer loop
      vertex 39.4825 -16.384 14.5
      vertex 40.0522 -16.2525 2.5
      vertex 39.4825 -16.384 2.5
    endloop
  endfacet
  facet normal 0.731305 -0.68205 0
    outer loop
      vertex -14.4477 11.2079 14.5
      vertex -14.0489 11.6355 2.5
      vertex -14.0489 11.6355 14.5
    endloop
  endfacet
  facet normal 0.731305 -0.68205 0
    outer loop
      vertex -14.0489 11.6355 2.5
      vertex -14.4477 11.2079 14.5
      vertex -14.4477 11.2079 2.5
    endloop
  endfacet
  facet normal 0.920532 0.390668 0
    outer loop
      vertex -17.3019 -6.81284 14.5
      vertex -17.5303 -6.27466 2.5
      vertex -17.5303 -6.27466 14.5
    endloop
  endfacet
  facet normal 0.920532 0.390668 0
    outer loop
      vertex -17.5303 -6.27466 2.5
      vertex -17.3019 -6.81284 14.5
      vertex -17.3019 -6.81284 2.5
    endloop
  endfacet
  facet normal 0.258944 0.965892 -0
    outer loop
      vertex -6.05219 -16.2525 2.5
      vertex -6.61693 -16.1011 14.5
      vertex -6.05219 -16.2525 14.5
    endloop
  endfacet
  facet normal 0.258944 0.965892 0
    outer loop
      vertex -6.61693 -16.1011 14.5
      vertex -6.05219 -16.2525 2.5
      vertex -6.61693 -16.1011 2.5
    endloop
  endfacet
  facet normal 0.224921 0.974377 -0
    outer loop
      vertex -5.48252 -16.384 2.5
      vertex -6.05219 -16.2525 14.5
      vertex -5.48252 -16.384 14.5
    endloop
  endfacet
  facet normal 0.224921 0.974377 0
    outer loop
      vertex -6.05219 -16.2525 14.5
      vertex -5.48252 -16.384 2.5
      vertex -6.05219 -16.2525 2.5
    endloop
  endfacet
  facet normal -0.777117 0.629356 0
    outer loop
      vertex 48.8312 -10.7667 2.5
      vertex 49.1992 -10.3123 14.5
      vertex 49.1992 -10.3123 2.5
    endloop
  endfacet
  facet normal -0.777117 0.629356 0
    outer loop
      vertex 49.1992 -10.3123 14.5
      vertex 48.8312 -10.7667 2.5
      vertex 48.8312 -10.7667 14.5
    endloop
  endfacet
  facet normal -0.987678 0.1565 0
    outer loop
      vertex 52.4955 -2.90861 2.5
      vertex 52.587 -2.33115 14.5
      vertex 52.587 -2.33115 2.5
    endloop
  endfacet
  facet normal -0.987678 0.1565 0
    outer loop
      vertex 52.587 -2.33115 14.5
      vertex 52.4955 -2.90861 2.5
      vertex 52.4955 -2.90861 14.5
    endloop
  endfacet
  facet normal -0.987678 -0.1565 0
    outer loop
      vertex 52.587 2.33115 2.5
      vertex 52.4955 2.90861 14.5
      vertex 52.4955 2.90861 2.5
    endloop
  endfacet
  facet normal -0.987678 -0.1565 0
    outer loop
      vertex 52.4955 2.90861 14.5
      vertex 52.587 2.33115 2.5
      vertex 52.587 2.33115 14.5
    endloop
  endfacet
  facet normal 0.68205 -0.731305 0
    outer loop
      vertex -13.6355 12.0489 2.5
      vertex -13.2079 12.4477 14.5
      vertex -13.6355 12.0489 14.5
    endloop
  endfacet
  facet normal 0.68205 -0.731305 0
    outer loop
      vertex -13.2079 12.4477 14.5
      vertex -13.6355 12.0489 2.5
      vertex -13.2079 12.4477 2.5
    endloop
  endfacet
  facet normal 0.601778 0.798664 -0
    outer loop
      vertex -11.8454 -13.551 2.5
      vertex -12.3123 -13.1992 14.5
      vertex -11.8454 -13.551 14.5
    endloop
  endfacet
  facet normal 0.601778 0.798664 0
    outer loop
      vertex -12.3123 -13.1992 14.5
      vertex -11.8454 -13.551 2.5
      vertex -12.3123 -13.1992 2.5
    endloop
  endfacet
  facet normal -0.891025 0.453954 0
    outer loop
      vertex 50.7894 -7.86365 2.5
      vertex 51.0548 -7.34272 14.5
      vertex 51.0548 -7.34272 2.5
    endloop
  endfacet
  facet normal -0.891025 0.453954 0
    outer loop
      vertex 51.0548 -7.34272 14.5
      vertex 50.7894 -7.86365 2.5
      vertex 50.7894 -7.86365 14.5
    endloop
  endfacet
  facet normal -0.777117 -0.629356 0
    outer loop
      vertex 49.1992 10.3123 2.5
      vertex 48.8312 10.7667 14.5
      vertex 48.8312 10.7667 2.5
    endloop
  endfacet
  facet normal -0.777117 -0.629356 0
    outer loop
      vertex 48.8312 10.7667 14.5
      vertex 49.1992 10.3123 2.5
      vertex 49.1992 10.3123 14.5
    endloop
  endfacet
  facet normal 0.987678 0.1565 0
    outer loop
      vertex -18.4955 -2.90861 15.6868
      vertex -18.587 -2.33115 2.5
      vertex -18.587 -2.33115 15.7994
    endloop
  endfacet
  facet normal 0.987678 0.1565 0
    outer loop
      vertex -18.587 -2.33115 2.5
      vertex -18.4955 -2.90861 15.6868
      vertex -18.4955 -2.90861 2.5
    endloop
  endfacet
  facet normal 0 0 1
    outer loop
      vertex 50.2496 0 2.5
      vertex 52.75 0 2.5
      vertex 52.7398 0.584566 2.5
    endloop
  endfacet
  facet normal 0 0 1
    outer loop
      vertex 50.2409 0.497391 2.5
      vertex 52.7398 0.584566 2.5
      vertex 52.7092 1.16842 2.5
    endloop
  endfacet
  facet normal 0 0 1
    outer loop
      vertex 52.75 0 2.5
      vertex 50.2496 0 2.5
      vertex 52.7398 -0.584566 2.5
    endloop
  endfacet
  facet normal 0 0 1
    outer loop
      vertex 50.2149 0.993713 2.5
      vertex 52.7092 1.16842 2.5
      vertex 52.6582 1.75085 2.5
    endloop
  endfacet
  facet normal -0 0 1
    outer loop
      vertex 50.2409 -0.497391 2.5
      vertex 52.7398 -0.584566 2.5
      vertex 50.2496 0 2.5
    endloop
  endfacet
  facet normal 0 0 1
    outer loop
      vertex 50.1716 1.48941 2.5
      vertex 52.6582 1.75085 2.5
      vertex 52.587 2.33115 2.5
    endloop
  endfacet
  facet normal 0 0 1
    outer loop
      vertex 52.7398 -0.584566 2.5
      vertex 50.2409 -0.497391 2.5
      vertex 52.7092 -1.16842 2.5
    endloop
  endfacet
  facet normal 0 0 1
    outer loop
      vertex 50.1109 1.98361 2.5
      vertex 52.587 2.33115 2.5
      vertex 52.4955 2.90861 2.5
    endloop
  endfacet
  facet normal -0 0 1
    outer loop
      vertex 50.2149 -0.993713 2.5
      vertex 52.7092 -1.16842 2.5
      vertex 50.2409 -0.497391 2.5
    endloop
  endfacet
  facet normal 0 0 1
    outer loop
      vertex 50.0332 2.47415 2.5
      vertex 52.4955 2.90861 2.5
      vertex 52.384 3.48252 2.5
    endloop
  endfacet
  facet normal 0 0 1
    outer loop
      vertex 52.7092 -1.16842 2.5
      vertex 50.2149 -0.993713 2.5
      vertex 52.6582 -1.75085 2.5
    endloop
  endfacet
  facet normal 0 0 1
    outer loop
      vertex 49.9382 2.96274 2.5
      vertex 52.384 3.48252 2.5
      vertex 52.2525 4.05219 2.5
    endloop
  endfacet
  facet normal -0 0 1
    outer loop
      vertex 50.1716 -1.48941 2.5
      vertex 52.6582 -1.75085 2.5
      vertex 50.2149 -0.993713 2.5
    endloop
  endfacet
  facet normal 0 0 1
    outer loop
      vertex 49.8264 3.44722 2.5
      vertex 52.2525 4.05219 2.5
      vertex 52.1011 4.61693 2.5
    endloop
  endfacet
  facet normal 0 0 1
    outer loop
      vertex 52.6582 -1.75085 2.5
      vertex 50.1716 -1.48941 2.5
      vertex 52.587 -2.33115 2.5
    endloop
  endfacet
  facet normal 0 0 1
    outer loop
      vertex 49.6976 3.92758 2.5
      vertex 52.1011 4.61693 2.5
      vertex 51.9302 5.17603 2.5
    endloop
  endfacet
  facet normal -0 0 1
    outer loop
      vertex 50.1109 -1.98361 2.5
      vertex 52.587 -2.33115 2.5
      vertex 50.1716 -1.48941 2.5
    endloop
  endfacet
  facet normal 0 0 1
    outer loop
      vertex 49.5521 4.40369 2.5
      vertex 51.9302 5.17603 2.5
      vertex 51.7399 5.72884 2.5
    endloop
  endfacet
  facet normal 0 0 1
    outer loop
      vertex 52.587 -2.33115 2.5
      vertex 50.1109 -1.98361 2.5
      vertex 52.4955 -2.90861 2.5
    endloop
  endfacet
  facet normal 0 0 1
    outer loop
      vertex 49.3903 4.87355 2.5
      vertex 51.7399 5.72884 2.5
      vertex 51.5303 6.27466 2.5
    endloop
  endfacet
  facet normal -0 0 1
    outer loop
      vertex 50.0332 -2.47415 2.5
      vertex 52.4955 -2.90861 2.5
      vertex 50.1109 -1.98361 2.5
    endloop
  endfacet
  facet normal 0 0 1
    outer loop
      vertex 49.2121 5.33781 2.5
      vertex 51.5303 6.27466 2.5
      vertex 51.3019 6.81284 2.5
    endloop
  endfacet
  facet normal 0 0 1
    outer loop
      vertex 52.4955 -2.90861 2.5
      vertex 50.0332 -2.47415 2.5
      vertex 52.384 -3.48252 2.5
    endloop
  endfacet
  facet normal 0 0 1
    outer loop
      vertex 49.0175 5.7961 2.5
      vertex 51.3019 6.81284 2.5
      vertex 51.0548 7.34272 2.5
    endloop
  endfacet
  facet normal -0 0 1
    outer loop
      vertex 49.9382 -2.96274 2.5
      vertex 52.384 -3.48252 2.5
      vertex 50.0332 -2.47415 2.5
    endloop
  endfacet
  facet normal 0 0 1
    outer loop
      vertex 48.8075 6.24646 2.5
      vertex 51.0548 7.34272 2.5
      vertex 50.7894 7.86365 2.5
    endloop
  endfacet
  facet normal 0 0 1
    outer loop
      vertex 52.384 -3.48252 2.5
      vertex 49.9382 -2.96274 2.5
      vertex 52.2525 -4.05219 2.5
    endloop
  endfacet
  facet normal 0 0 1
    outer loop
      vertex 48.5817 6.68976 2.5
      vertex 50.7894 7.86365 2.5
      vertex 50.5059 8.375 2.5
    endloop
  endfacet
  facet normal -0 0 1
    outer loop
      vertex 49.8264 -3.44722 2.5
      vertex 52.2525 -4.05219 2.5
      vertex 49.9382 -2.96274 2.5
    endloop
  endfacet
  facet normal 0 0 1
    outer loop
      vertex 52.2525 -4.05219 2.5
      vertex 49.8264 -3.44722 2.5
      vertex 52.1011 -4.61693 2.5
    endloop
  endfacet
  facet normal 0 0 1
    outer loop
      vertex 52.7398 0.584566 2.5
      vertex 50.2409 0.497391 2.5
      vertex 50.2496 0 2.5
    endloop
  endfacet
  facet normal 0 0 1
    outer loop
      vertex 52.7092 1.16842 2.5
      vertex 50.2149 0.993713 2.5
      vertex 50.2409 0.497391 2.5
    endloop
  endfacet
  facet normal 0 0 1
    outer loop
      vertex 48.3405 7.12494 2.5
      vertex 50.5059 8.375 2.5
      vertex 50.2048 8.87615 2.5
    endloop
  endfacet
  facet normal 0 0 1
    outer loop
      vertex 52.6582 1.75085 2.5
      vertex 50.1716 1.48941 2.5
      vertex 50.2149 0.993713 2.5
    endloop
  endfacet
  facet normal 0 0 1
    outer loop
      vertex 52.587 2.33115 2.5
      vertex 50.1109 1.98361 2.5
      vertex 50.1716 1.48941 2.5
    endloop
  endfacet
  facet normal 0 0 1
    outer loop
      vertex 52.4955 2.90861 2.5
      vertex 50.0332 2.47415 2.5
      vertex 50.1109 1.98361 2.5
    endloop
  endfacet
  facet normal 0 0 1
    outer loop
      vertex 52.384 3.48252 2.5
      vertex 49.9382 2.96274 2.5
      vertex 50.0332 2.47415 2.5
    endloop
  endfacet
  facet normal 0 0 1
    outer loop
      vertex 48.0844 7.55115 2.5
      vertex 50.2048 8.87615 2.5
      vertex 49.8864 9.36648 2.5
    endloop
  endfacet
  facet normal 0 0 1
    outer loop
      vertex 52.2525 4.05219 2.5
      vertex 49.8264 3.44722 2.5
      vertex 49.9382 2.96274 2.5
    endloop
  endfacet
  facet normal 0 0 1
    outer loop
      vertex 52.1011 4.61693 2.5
      vertex 49.6976 3.92758 2.5
      vertex 49.8264 3.44722 2.5
    endloop
  endfacet
  facet normal 0 0 1
    outer loop
      vertex 51.9302 5.17603 2.5
      vertex 49.5521 4.40369 2.5
      vertex 49.6976 3.92758 2.5
    endloop
  endfacet
  facet normal 0 0 1
    outer loop
      vertex 47.8136 7.968 2.5
      vertex 49.8864 9.36648 2.5
      vertex 49.551 9.8454 2.5
    endloop
  endfacet
  facet normal 0 0 1
    outer loop
      vertex 51.7399 5.72884 2.5
      vertex 49.3903 4.87355 2.5
      vertex 49.5521 4.40369 2.5
    endloop
  endfacet
  facet normal 0 0 1
    outer loop
      vertex 51.5303 6.27466 2.5
      vertex 49.2121 5.33781 2.5
      vertex 49.3903 4.87355 2.5
    endloop
  endfacet
  facet normal 0 0 1
    outer loop
      vertex 47.528 8.37587 2.5
      vertex 49.551 9.8454 2.5
      vertex 49.1992 10.3123 2.5
    endloop
  endfacet
  facet normal 0 0 1
    outer loop
      vertex 51.3019 6.81284 2.5
      vertex 49.0175 5.7961 2.5
      vertex 49.2121 5.33781 2.5
    endloop
  endfacet
  facet normal 0 0 1
    outer loop
      vertex 47.2287 8.77306 2.5
      vertex 49.1992 10.3123 2.5
      vertex 48.8312 10.7667 2.5
    endloop
  endfacet
  facet normal 0 0 1
    outer loop
      vertex 51.0548 7.34272 2.5
      vertex 48.8075 6.24646 2.5
      vertex 49.0175 5.7961 2.5
    endloop
  endfacet
  facet normal 0 0 1
    outer loop
      vertex 50.7894 7.86365 2.5
      vertex 48.5817 6.68976 2.5
      vertex 48.8075 6.24646 2.5
    endloop
  endfacet
  facet normal 0 0 1
    outer loop
      vertex 46.9161 9.15918 2.5
      vertex 48.8312 10.7667 2.5
      vertex 48.4477 11.2079 2.5
    endloop
  endfacet
  facet normal 0 0 1
    outer loop
      vertex 50.5059 8.375 2.5
      vertex 48.3405 7.12494 2.5
      vertex 48.5817 6.68976 2.5
    endloop
  endfacet
  facet normal 0 0 1
    outer loop
      vertex 50.2048 8.87615 2.5
      vertex 48.0844 7.55115 2.5
      vertex 48.3405 7.12494 2.5
    endloop
  endfacet
  facet normal 0 0 1
    outer loop
      vertex 46.5894 9.53491 2.5
      vertex 48.4477 11.2079 2.5
      vertex 48.0489 11.6355 2.5
    endloop
  endfacet
  facet normal 0 0 1
    outer loop
      vertex 49.8864 9.36648 2.5
      vertex 47.8136 7.968 2.5
      vertex 48.0844 7.55115 2.5
    endloop
  endfacet
  facet normal 0 0 1
    outer loop
      vertex 46.2501 9.89885 2.5
      vertex 48.0489 11.6355 2.5
      vertex 47.6355 12.0489 2.5
    endloop
  endfacet
  facet normal 0 0 1
    outer loop
      vertex 49.551 9.8454 2.5
      vertex 47.528 8.37587 2.5
      vertex 47.8136 7.968 2.5
    endloop
  endfacet
  facet normal 0 0 1
    outer loop
      vertex 49.1992 10.3123 2.5
      vertex 47.2287 8.77306 2.5
      vertex 47.528 8.37587 2.5
    endloop
  endfacet
  facet normal 0 0 1
    outer loop
      vertex 45.8988 10.2501 2.5
      vertex 47.6355 12.0489 2.5
      vertex 47.2079 12.4477 2.5
    endloop
  endfacet
  facet normal 0 0 1
    outer loop
      vertex 48.8312 10.7667 2.5
      vertex 46.9161 9.15918 2.5
      vertex 47.2287 8.77306 2.5
    endloop
  endfacet
  facet normal 0 0 1
    outer loop
      vertex 45.5349 10.5894 2.5
      vertex 47.2079 12.4477 2.5
      vertex 46.7667 12.8312 2.5
    endloop
  endfacet
  facet normal 0 0 1
    outer loop
      vertex 48.4477 11.2079 2.5
      vertex 46.5894 9.53491 2.5
      vertex 46.9161 9.15918 2.5
    endloop
  endfacet
  facet normal 0 0 1
    outer loop
      vertex 45.1592 10.9161 2.5
      vertex 46.7667 12.8312 2.5
      vertex 46.3123 13.1992 2.5
    endloop
  endfacet
  facet normal 0 0 1
    outer loop
      vertex 48.0489 11.6355 2.5
      vertex 46.2501 9.89885 2.5
      vertex 46.5894 9.53491 2.5
    endloop
  endfacet
  facet normal 0 0 1
    outer loop
      vertex 47.6355 12.0489 2.5
      vertex 45.8988 10.2501 2.5
      vertex 46.2501 9.89885 2.5
    endloop
  endfacet
  facet normal 0 0 1
    outer loop
      vertex 44.7731 11.2287 2.5
      vertex 46.3123 13.1992 2.5
      vertex 45.8454 13.551 2.5
    endloop
  endfacet
  facet normal 0 0 1
    outer loop
      vertex 47.2079 12.4477 2.5
      vertex 45.5349 10.5894 2.5
      vertex 45.8988 10.2501 2.5
    endloop
  endfacet
  facet normal 0 0 1
    outer loop
      vertex 44.3759 11.528 2.5
      vertex 45.8454 13.551 2.5
      vertex 45.3665 13.8864 2.5
    endloop
  endfacet
  facet normal 0 0 1
    outer loop
      vertex 46.7667 12.8312 2.5
      vertex 45.1592 10.9161 2.5
      vertex 45.5349 10.5894 2.5
    endloop
  endfacet
  facet normal 0 0 1
    outer loop
      vertex 43.968 11.8136 2.5
      vertex 45.3665 13.8864 2.5
      vertex 44.8761 14.2048 2.5
    endloop
  endfacet
  facet normal 0 0 1
    outer loop
      vertex 46.3123 13.1992 2.5
      vertex 44.7731 11.2287 2.5
      vertex 45.1592 10.9161 2.5
    endloop
  endfacet
  facet normal 0 0 1
    outer loop
      vertex 45.8454 13.551 2.5
      vertex 44.3759 11.528 2.5
      vertex 44.7731 11.2287 2.5
    endloop
  endfacet
  facet normal 0 0 1
    outer loop
      vertex 43.5511 12.0844 2.5
      vertex 44.8761 14.2048 2.5
      vertex 44.375 14.5059 2.5
    endloop
  endfacet
  facet normal 0 0 1
    outer loop
      vertex 45.3665 13.8864 2.5
      vertex 43.968 11.8136 2.5
      vertex 44.3759 11.528 2.5
    endloop
  endfacet
  facet normal 0 0 1
    outer loop
      vertex 43.1249 12.3405 2.5
      vertex 44.375 14.5059 2.5
      vertex 43.8636 14.7894 2.5
    endloop
  endfacet
  facet normal 0 0 1
    outer loop
      vertex 44.8761 14.2048 2.5
      vertex 43.5511 12.0844 2.5
      vertex 43.968 11.8136 2.5
    endloop
  endfacet
  facet normal 0 0 1
    outer loop
      vertex 42.6898 12.5817 2.5
      vertex 43.8636 14.7894 2.5
      vertex 43.3427 15.0548 2.5
    endloop
  endfacet
  facet normal 0 0 1
    outer loop
      vertex 44.375 14.5059 2.5
      vertex 43.1249 12.3405 2.5
      vertex 43.5511 12.0844 2.5
    endloop
  endfacet
  facet normal 0 0 1
    outer loop
      vertex 42.2465 12.8075 2.5
      vertex 43.3427 15.0548 2.5
      vertex 42.8128 15.3019 2.5
    endloop
  endfacet
  facet normal 0 0 1
    outer loop
      vertex 43.8636 14.7894 2.5
      vertex 42.6898 12.5817 2.5
      vertex 43.1249 12.3405 2.5
    endloop
  endfacet
  facet normal 0 0 1
    outer loop
      vertex 41.7961 13.0175 2.5
      vertex 42.8128 15.3019 2.5
      vertex 42.2747 15.5303 2.5
    endloop
  endfacet
  facet normal 0 0 1
    outer loop
      vertex 43.3427 15.0548 2.5
      vertex 42.2465 12.8075 2.5
      vertex 42.6898 12.5817 2.5
    endloop
  endfacet
  facet normal 0 0 1
    outer loop
      vertex 42.8128 15.3019 2.5
      vertex 41.7961 13.0175 2.5
      vertex 42.2465 12.8075 2.5
    endloop
  endfacet
  facet normal 0 0 1
    outer loop
      vertex 41.3378 13.2121 2.5
      vertex 42.2747 15.5303 2.5
      vertex 41.7288 15.7399 2.5
    endloop
  endfacet
  facet normal 0 0 1
    outer loop
      vertex 42.2747 15.5303 2.5
      vertex 41.3378 13.2121 2.5
      vertex 41.7961 13.0175 2.5
    endloop
  endfacet
  facet normal 0 0 1
    outer loop
      vertex 40.8736 13.3903 2.5
      vertex 41.7288 15.7399 2.5
      vertex 41.176 15.9302 2.5
    endloop
  endfacet
  facet normal 0 0 1
    outer loop
      vertex 41.7288 15.7399 2.5
      vertex 40.8736 13.3903 2.5
      vertex 41.3378 13.2121 2.5
    endloop
  endfacet
  facet normal 0 0 1
    outer loop
      vertex 40.4037 13.5521 2.5
      vertex 41.176 15.9302 2.5
      vertex 40.6169 16.1011 2.5
    endloop
  endfacet
  facet normal 0 0 1
    outer loop
      vertex 41.176 15.9302 2.5
      vertex 40.4037 13.5521 2.5
      vertex 40.8736 13.3903 2.5
    endloop
  endfacet
  facet normal 0 0 1
    outer loop
      vertex 39.9276 13.6976 2.5
      vertex 40.6169 16.1011 2.5
      vertex 40.0522 16.2525 2.5
    endloop
  endfacet
  facet normal 0 0 1
    outer loop
      vertex 40.6169 16.1011 2.5
      vertex 39.9276 13.6976 2.5
      vertex 40.4037 13.5521 2.5
    endloop
  endfacet
  facet normal 0 0 1
    outer loop
      vertex 39.4472 13.8264 2.5
      vertex 40.0522 16.2525 2.5
      vertex 39.4825 16.384 2.5
    endloop
  endfacet
  facet normal 0 0 1
    outer loop
      vertex 40.0522 16.2525 2.5
      vertex 39.4472 13.8264 2.5
      vertex 39.9276 13.6976 2.5
    endloop
  endfacet
  facet normal 0 0 1
    outer loop
      vertex 39.4825 16.384 2.5
      vertex 38.9627 13.9382 2.5
      vertex 39.4472 13.8264 2.5
    endloop
  endfacet
  facet normal 0 0 1
    outer loop
      vertex 38.9086 16.4955 2.5
      vertex 38.9627 13.9382 2.5
      vertex 39.4825 16.384 2.5
    endloop
  endfacet
  facet normal 0 0 1
    outer loop
      vertex 38.9086 16.4955 2.5
      vertex 38.4742 14.0332 2.5
      vertex 38.9627 13.9382 2.5
    endloop
  endfacet
  facet normal 0 0 1
    outer loop
      vertex 38.3312 16.587 2.5
      vertex 38.4742 14.0332 2.5
      vertex 38.9086 16.4955 2.5
    endloop
  endfacet
  facet normal 0 0 1
    outer loop
      vertex 38.3312 16.587 2.5
      vertex 37.9836 14.1109 2.5
      vertex 38.4742 14.0332 2.5
    endloop
  endfacet
  facet normal 0 0 1
    outer loop
      vertex 37.7509 16.6582 2.5
      vertex 37.9836 14.1109 2.5
      vertex 38.3312 16.587 2.5
    endloop
  endfacet
  facet normal 0 0 1
    outer loop
      vertex 37.7509 16.6582 2.5
      vertex 37.4894 14.1716 2.5
      vertex 37.9836 14.1109 2.5
    endloop
  endfacet
  facet normal 0 0 1
    outer loop
      vertex 37.1684 16.7092 2.5
      vertex 37.4894 14.1716 2.5
      vertex 37.7509 16.6582 2.5
    endloop
  endfacet
  facet normal 0 0 1
    outer loop
      vertex 37.1684 16.7092 2.5
      vertex 36.9937 14.2149 2.5
      vertex 37.4894 14.1716 2.5
    endloop
  endfacet
  facet normal 0 0 1
    outer loop
      vertex 36.5846 16.7398 2.5
      vertex 36.9937 14.2149 2.5
      vertex 37.1684 16.7092 2.5
    endloop
  endfacet
  facet normal 0 0 1
    outer loop
      vertex 36.5846 16.7398 2.5
      vertex 36.4974 14.2409 2.5
      vertex 36.9937 14.2149 2.5
    endloop
  endfacet
  facet normal 0 0 1
    outer loop
      vertex 36 16.75 2.5
      vertex 36.4974 14.2409 2.5
      vertex 36.5846 16.7398 2.5
    endloop
  endfacet
  facet normal 0 0 1
    outer loop
      vertex 36 16.75 2.5
      vertex 35.9782 14.25 2.5
      vertex 36.4974 14.2409 2.5
    endloop
  endfacet
  facet normal 0 0 1
    outer loop
      vertex 36 16.75 2.5
      vertex -1.9782 14.25 2.5
      vertex 35.9782 14.25 2.5
    endloop
  endfacet
  facet normal -0 0 1
    outer loop
      vertex -2 16.75 2.5
      vertex -1.9782 14.25 2.5
      vertex 36 16.75 2.5
    endloop
  endfacet
  facet normal 0 0 1
    outer loop
      vertex -2 16.75 2.5
      vertex -2.49739 14.2409 2.5
      vertex -1.9782 14.25 2.5
    endloop
  endfacet
  facet normal -0 0 1
    outer loop
      vertex -2.58457 16.7398 2.5
      vertex -2.49739 14.2409 2.5
      vertex -2 16.75 2.5
    endloop
  endfacet
  facet normal 0 0 1
    outer loop
      vertex -2.58457 16.7398 2.5
      vertex -2.99371 14.2149 2.5
      vertex -2.49739 14.2409 2.5
    endloop
  endfacet
  facet normal -0 0 1
    outer loop
      vertex -3.16842 16.7092 2.5
      vertex -2.99371 14.2149 2.5
      vertex -2.58457 16.7398 2.5
    endloop
  endfacet
  facet normal 0 0 1
    outer loop
      vertex -3.16842 16.7092 2.5
      vertex -3.48941 14.1716 2.5
      vertex -2.99371 14.2149 2.5
    endloop
  endfacet
  facet normal -0 0 1
    outer loop
      vertex -3.75085 16.6582 2.5
      vertex -3.48941 14.1716 2.5
      vertex -3.16842 16.7092 2.5
    endloop
  endfacet
  facet normal 0 0 1
    outer loop
      vertex -3.75085 16.6582 2.5
      vertex -3.98361 14.1109 2.5
      vertex -3.48941 14.1716 2.5
    endloop
  endfacet
  facet normal -0 0 1
    outer loop
      vertex -4.33115 16.587 2.5
      vertex -3.98361 14.1109 2.5
      vertex -3.75085 16.6582 2.5
    endloop
  endfacet
  facet normal 0 0 1
    outer loop
      vertex -4.33115 16.587 2.5
      vertex -4.47415 14.0332 2.5
      vertex -3.98361 14.1109 2.5
    endloop
  endfacet
  facet normal -0 0 1
    outer loop
      vertex -4.90861 16.4955 2.5
      vertex -4.47415 14.0332 2.5
      vertex -4.33115 16.587 2.5
    endloop
  endfacet
  facet normal 0 0 1
    outer loop
      vertex -4.90861 16.4955 2.5
      vertex -4.96274 13.9382 2.5
      vertex -4.47415 14.0332 2.5
    endloop
  endfacet
  facet normal -0 0 1
    outer loop
      vertex -5.48252 16.384 2.5
      vertex -4.96274 13.9382 2.5
      vertex -4.90861 16.4955 2.5
    endloop
  endfacet
  facet normal 0 0 1
    outer loop
      vertex -4.96274 13.9382 2.5
      vertex -5.48252 16.384 2.5
      vertex -5.44722 13.8264 2.5
    endloop
  endfacet
  facet normal -0 0 1
    outer loop
      vertex -6.05219 16.2525 2.5
      vertex -5.44722 13.8264 2.5
      vertex -5.48252 16.384 2.5
    endloop
  endfacet
  facet normal 0 0 1
    outer loop
      vertex -5.44722 13.8264 2.5
      vertex -6.05219 16.2525 2.5
      vertex -5.92758 13.6976 2.5
    endloop
  endfacet
  facet normal -0 0 1
    outer loop
      vertex -6.61693 16.1011 2.5
      vertex -5.92758 13.6976 2.5
      vertex -6.05219 16.2525 2.5
    endloop
  endfacet
  facet normal 0 0 1
    outer loop
      vertex -5.92758 13.6976 2.5
      vertex -6.61693 16.1011 2.5
      vertex -6.40369 13.5521 2.5
    endloop
  endfacet
  facet normal -0 0 1
    outer loop
      vertex -7.17603 15.9302 2.5
      vertex -6.40369 13.5521 2.5
      vertex -6.61693 16.1011 2.5
    endloop
  endfacet
  facet normal 0 0 1
    outer loop
      vertex -6.40369 13.5521 2.5
      vertex -7.17603 15.9302 2.5
      vertex -6.87355 13.3903 2.5
    endloop
  endfacet
  facet normal -0 0 1
    outer loop
      vertex -7.72884 15.7399 2.5
      vertex -6.87355 13.3903 2.5
      vertex -7.17603 15.9302 2.5
    endloop
  endfacet
  facet normal 0 0 1
    outer loop
      vertex -6.87355 13.3903 2.5
      vertex -7.72884 15.7399 2.5
      vertex -7.33781 13.2121 2.5
    endloop
  endfacet
  facet normal -0 0 1
    outer loop
      vertex -8.27466 15.5303 2.5
      vertex -7.33781 13.2121 2.5
      vertex -7.72884 15.7399 2.5
    endloop
  endfacet
  facet normal 0 0 1
    outer loop
      vertex -7.33781 13.2121 2.5
      vertex -8.27466 15.5303 2.5
      vertex -7.7961 13.0175 2.5
    endloop
  endfacet
  facet normal -0 0 1
    outer loop
      vertex -8.81284 15.3019 2.5
      vertex -7.7961 13.0175 2.5
      vertex -8.27466 15.5303 2.5
    endloop
  endfacet
  facet normal 0 0 1
    outer loop
      vertex -7.7961 13.0175 2.5
      vertex -8.81284 15.3019 2.5
      vertex -8.24646 12.8075 2.5
    endloop
  endfacet
  facet normal -0 0 1
    outer loop
      vertex -9.34272 15.0548 2.5
      vertex -8.24646 12.8075 2.5
      vertex -8.81284 15.3019 2.5
    endloop
  endfacet
  facet normal 0 0 1
    outer loop
      vertex -8.24646 12.8075 2.5
      vertex -9.34272 15.0548 2.5
      vertex -8.68976 12.5817 2.5
    endloop
  endfacet
  facet normal -0 0 1
    outer loop
      vertex -9.86365 14.7894 2.5
      vertex -8.68976 12.5817 2.5
      vertex -9.34272 15.0548 2.5
    endloop
  endfacet
  facet normal 0 0 1
    outer loop
      vertex -8.68976 12.5817 2.5
      vertex -9.86365 14.7894 2.5
      vertex -9.12494 12.3405 2.5
    endloop
  endfacet
  facet normal -0 0 1
    outer loop
      vertex -10.375 14.5059 2.5
      vertex -9.12494 12.3405 2.5
      vertex -9.86365 14.7894 2.5
    endloop
  endfacet
  facet normal 0 0 1
    outer loop
      vertex -9.12494 12.3405 2.5
      vertex -10.375 14.5059 2.5
      vertex -9.55115 12.0844 2.5
    endloop
  endfacet
  facet normal -0 0 1
    outer loop
      vertex -10.8761 14.2048 2.5
      vertex -9.55115 12.0844 2.5
      vertex -10.375 14.5059 2.5
    endloop
  endfacet
  facet normal 0 0 1
    outer loop
      vertex -9.55115 12.0844 2.5
      vertex -10.8761 14.2048 2.5
      vertex -9.968 11.8136 2.5
    endloop
  endfacet
  facet normal -0 0 1
    outer loop
      vertex -11.3665 13.8864 2.5
      vertex -9.968 11.8136 2.5
      vertex -10.8761 14.2048 2.5
    endloop
  endfacet
  facet normal 0 0 1
    outer loop
      vertex -9.968 11.8136 2.5
      vertex -11.3665 13.8864 2.5
      vertex -10.3759 11.528 2.5
    endloop
  endfacet
  facet normal -0 0 1
    outer loop
      vertex -11.8454 13.551 2.5
      vertex -10.3759 11.528 2.5
      vertex -11.3665 13.8864 2.5
    endloop
  endfacet
  facet normal 0 0 1
    outer loop
      vertex -10.3759 11.528 2.5
      vertex -11.8454 13.551 2.5
      vertex -10.7731 11.2287 2.5
    endloop
  endfacet
  facet normal -0 0 1
    outer loop
      vertex -12.3123 13.1992 2.5
      vertex -10.7731 11.2287 2.5
      vertex -11.8454 13.551 2.5
    endloop
  endfacet
  facet normal 0 0 1
    outer loop
      vertex -10.7731 11.2287 2.5
      vertex -12.3123 13.1992 2.5
      vertex -11.1592 10.9161 2.5
    endloop
  endfacet
  facet normal -0 0 1
    outer loop
      vertex -12.7667 12.8312 2.5
      vertex -11.1592 10.9161 2.5
      vertex -12.3123 13.1992 2.5
    endloop
  endfacet
  facet normal 0 0 1
    outer loop
      vertex -11.1592 10.9161 2.5
      vertex -12.7667 12.8312 2.5
      vertex -11.5349 10.5894 2.5
    endloop
  endfacet
  facet normal -0 0 1
    outer loop
      vertex -13.2079 12.4477 2.5
      vertex -11.5349 10.5894 2.5
      vertex -12.7667 12.8312 2.5
    endloop
  endfacet
  facet normal 0 0 1
    outer loop
      vertex -11.5349 10.5894 2.5
      vertex -13.2079 12.4477 2.5
      vertex -11.8988 10.2501 2.5
    endloop
  endfacet
  facet normal -0 0 1
    outer loop
      vertex -13.6355 12.0489 2.5
      vertex -11.8988 10.2501 2.5
      vertex -13.2079 12.4477 2.5
    endloop
  endfacet
  facet normal 0 0 1
    outer loop
      vertex -11.8988 10.2501 2.5
      vertex -13.6355 12.0489 2.5
      vertex -12.2501 9.89885 2.5
    endloop
  endfacet
  facet normal -0 0 1
    outer loop
      vertex -14.0489 11.6355 2.5
      vertex -12.2501 9.89885 2.5
      vertex -13.6355 12.0489 2.5
    endloop
  endfacet
  facet normal 0 0 1
    outer loop
      vertex -12.2501 9.89885 2.5
      vertex -14.0489 11.6355 2.5
      vertex -12.5894 9.53491 2.5
    endloop
  endfacet
  facet normal -0 0 1
    outer loop
      vertex -14.4477 11.2079 2.5
      vertex -12.5894 9.53491 2.5
      vertex -14.0489 11.6355 2.5
    endloop
  endfacet
  facet normal 0 0 1
    outer loop
      vertex -12.5894 9.53491 2.5
      vertex -14.4477 11.2079 2.5
      vertex -12.9161 9.15918 2.5
    endloop
  endfacet
  facet normal -0 0 1
    outer loop
      vertex -14.8312 10.7667 2.5
      vertex -12.9161 9.15918 2.5
      vertex -14.4477 11.2079 2.5
    endloop
  endfacet
  facet normal 0 0 1
    outer loop
      vertex -12.9161 9.15918 2.5
      vertex -14.8312 10.7667 2.5
      vertex -13.2287 8.77306 2.5
    endloop
  endfacet
  facet normal -0 0 1
    outer loop
      vertex -15.1992 10.3123 2.5
      vertex -13.2287 8.77306 2.5
      vertex -14.8312 10.7667 2.5
    endloop
  endfacet
  facet normal 0 0 1
    outer loop
      vertex -13.2287 8.77306 2.5
      vertex -15.1992 10.3123 2.5
      vertex -13.528 8.37587 2.5
    endloop
  endfacet
  facet normal -0 0 1
    outer loop
      vertex -15.551 9.8454 2.5
      vertex -13.528 8.37587 2.5
      vertex -15.1992 10.3123 2.5
    endloop
  endfacet
  facet normal 0 0 1
    outer loop
      vertex -13.528 8.37587 2.5
      vertex -15.551 9.8454 2.5
      vertex -13.8136 7.968 2.5
    endloop
  endfacet
  facet normal -0 0 1
    outer loop
      vertex -15.8864 9.36648 2.5
      vertex -13.8136 7.968 2.5
      vertex -15.551 9.8454 2.5
    endloop
  endfacet
  facet normal 0 0 1
    outer loop
      vertex -13.8136 7.968 2.5
      vertex -15.8864 9.36648 2.5
      vertex -14.0844 7.55115 2.5
    endloop
  endfacet
  facet normal -0 0 1
    outer loop
      vertex -16.2048 8.87615 2.5
      vertex -14.0844 7.55115 2.5
      vertex -15.8864 9.36648 2.5
    endloop
  endfacet
  facet normal 0 0 1
    outer loop
      vertex -14.0844 7.55115 2.5
      vertex -16.2048 8.87615 2.5
      vertex -14.3405 7.12494 2.5
    endloop
  endfacet
  facet normal -0 0 1
    outer loop
      vertex -16.5059 8.375 2.5
      vertex -14.3405 7.12494 2.5
      vertex -16.2048 8.87615 2.5
    endloop
  endfacet
  facet normal 0 0 1
    outer loop
      vertex -14.3405 7.12494 2.5
      vertex -16.5059 8.375 2.5
      vertex -14.5817 6.68976 2.5
    endloop
  endfacet
  facet normal -0 0 1
    outer loop
      vertex -16.7894 7.86365 2.5
      vertex -14.5817 6.68976 2.5
      vertex -16.5059 8.375 2.5
    endloop
  endfacet
  facet normal 0 0 1
    outer loop
      vertex -14.5817 6.68976 2.5
      vertex -16.7894 7.86365 2.5
      vertex -14.8075 6.24646 2.5
    endloop
  endfacet
  facet normal -0 0 1
    outer loop
      vertex -17.0548 7.34272 2.5
      vertex -14.8075 6.24646 2.5
      vertex -16.7894 7.86365 2.5
    endloop
  endfacet
  facet normal 0 0 1
    outer loop
      vertex -14.8075 6.24646 2.5
      vertex -17.0548 7.34272 2.5
      vertex -15.0175 5.7961 2.5
    endloop
  endfacet
  facet normal -0 0 1
    outer loop
      vertex -17.3019 6.81284 2.5
      vertex -15.0175 5.7961 2.5
      vertex -17.0548 7.34272 2.5
    endloop
  endfacet
  facet normal 0 0 1
    outer loop
      vertex -15.0175 5.7961 2.5
      vertex -17.3019 6.81284 2.5
      vertex -15.2121 5.33781 2.5
    endloop
  endfacet
  facet normal -0 0 1
    outer loop
      vertex -17.5303 6.27466 2.5
      vertex -15.2121 5.33781 2.5
      vertex -17.3019 6.81284 2.5
    endloop
  endfacet
  facet normal 0 0 1
    outer loop
      vertex -15.2121 5.33781 2.5
      vertex -17.5303 6.27466 2.5
      vertex -15.3903 4.87355 2.5
    endloop
  endfacet
  facet normal -0 0 1
    outer loop
      vertex -17.7399 5.72884 2.5
      vertex -15.3903 4.87355 2.5
      vertex -17.5303 6.27466 2.5
    endloop
  endfacet
  facet normal 0 0 1
    outer loop
      vertex -15.3903 4.87355 2.5
      vertex -17.7399 5.72884 2.5
      vertex -15.5521 4.40369 2.5
    endloop
  endfacet
  facet normal -0 0 1
    outer loop
      vertex -17.9302 5.17603 2.5
      vertex -15.5521 4.40369 2.5
      vertex -17.7399 5.72884 2.5
    endloop
  endfacet
  facet normal 0 0 1
    outer loop
      vertex -15.5521 4.40369 2.5
      vertex -17.9302 5.17603 2.5
      vertex -15.6976 3.92758 2.5
    endloop
  endfacet
  facet normal -0 0 1
    outer loop
      vertex -18.1011 4.61693 2.5
      vertex -15.6976 3.92758 2.5
      vertex -17.9302 5.17603 2.5
    endloop
  endfacet
  facet normal 0 0 1
    outer loop
      vertex -15.6976 3.92758 2.5
      vertex -18.1011 4.61693 2.5
      vertex -15.8264 3.44722 2.5
    endloop
  endfacet
  facet normal -0 0 1
    outer loop
      vertex 49.6976 -3.92758 2.5
      vertex 52.1011 -4.61693 2.5
      vertex 49.8264 -3.44722 2.5
    endloop
  endfacet
  facet normal 0 0 1
    outer loop
      vertex 52.1011 -4.61693 2.5
      vertex 49.6976 -3.92758 2.5
      vertex 51.9302 -5.17603 2.5
    endloop
  endfacet
  facet normal -0 0 1
    outer loop
      vertex 49.5521 -4.40369 2.5
      vertex 51.9302 -5.17603 2.5
      vertex 49.6976 -3.92758 2.5
    endloop
  endfacet
  facet normal 0 0 1
    outer loop
      vertex 51.9302 -5.17603 2.5
      vertex 49.5521 -4.40369 2.5
      vertex 51.7399 -5.72884 2.5
    endloop
  endfacet
  facet normal -0 0 1
    outer loop
      vertex 49.3903 -4.87355 2.5
      vertex 51.7399 -5.72884 2.5
      vertex 49.5521 -4.40369 2.5
    endloop
  endfacet
  facet normal 0 0 1
    outer loop
      vertex 51.7399 -5.72884 2.5
      vertex 49.3903 -4.87355 2.5
      vertex 51.5303 -6.27466 2.5
    endloop
  endfacet
  facet normal -0 0 1
    outer loop
      vertex 49.2121 -5.33781 2.5
      vertex 51.5303 -6.27466 2.5
      vertex 49.3903 -4.87355 2.5
    endloop
  endfacet
  facet normal 0 0 1
    outer loop
      vertex 51.5303 -6.27466 2.5
      vertex 49.2121 -5.33781 2.5
      vertex 51.3019 -6.81284 2.5
    endloop
  endfacet
  facet normal -0 0 1
    outer loop
      vertex 49.0175 -5.7961 2.5
      vertex 51.3019 -6.81284 2.5
      vertex 49.2121 -5.33781 2.5
    endloop
  endfacet
  facet normal 0 0 1
    outer loop
      vertex 51.3019 -6.81284 2.5
      vertex 49.0175 -5.7961 2.5
      vertex 51.0548 -7.34272 2.5
    endloop
  endfacet
  facet normal -0 0 1
    outer loop
      vertex 48.8075 -6.24646 2.5
      vertex 51.0548 -7.34272 2.5
      vertex 49.0175 -5.7961 2.5
    endloop
  endfacet
  facet normal 0 0 1
    outer loop
      vertex 51.0548 -7.34272 2.5
      vertex 48.8075 -6.24646 2.5
      vertex 50.7894 -7.86365 2.5
    endloop
  endfacet
  facet normal -0 0 1
    outer loop
      vertex 48.5817 -6.68976 2.5
      vertex 50.7894 -7.86365 2.5
      vertex 48.8075 -6.24646 2.5
    endloop
  endfacet
  facet normal 0 0 1
    outer loop
      vertex 50.7894 -7.86365 2.5
      vertex 48.5817 -6.68976 2.5
      vertex 50.5059 -8.375 2.5
    endloop
  endfacet
  facet normal -0 0 1
    outer loop
      vertex 48.3405 -7.12494 2.5
      vertex 50.5059 -8.375 2.5
      vertex 48.5817 -6.68976 2.5
    endloop
  endfacet
  facet normal 0 0 1
    outer loop
      vertex 50.5059 -8.375 2.5
      vertex 48.3405 -7.12494 2.5
      vertex 50.2048 -8.87615 2.5
    endloop
  endfacet
  facet normal -0 0 1
    outer loop
      vertex 48.0844 -7.55115 2.5
      vertex 50.2048 -8.87615 2.5
      vertex 48.3405 -7.12494 2.5
    endloop
  endfacet
  facet normal 0 0 1
    outer loop
      vertex 50.2048 -8.87615 2.5
      vertex 48.0844 -7.55115 2.5
      vertex 49.8864 -9.36648 2.5
    endloop
  endfacet
  facet normal -0 0 1
    outer loop
      vertex 47.8136 -7.968 2.5
      vertex 49.8864 -9.36648 2.5
      vertex 48.0844 -7.55115 2.5
    endloop
  endfacet
  facet normal 0 0 1
    outer loop
      vertex 49.8864 -9.36648 2.5
      vertex 47.8136 -7.968 2.5
      vertex 49.551 -9.8454 2.5
    endloop
  endfacet
  facet normal -0 0 1
    outer loop
      vertex 47.528 -8.37587 2.5
      vertex 49.551 -9.8454 2.5
      vertex 47.8136 -7.968 2.5
    endloop
  endfacet
  facet normal 0 0 1
    outer loop
      vertex 49.551 -9.8454 2.5
      vertex 47.528 -8.37587 2.5
      vertex 49.1992 -10.3123 2.5
    endloop
  endfacet
  facet normal -0 0 1
    outer loop
      vertex 47.2287 -8.77306 2.5
      vertex 49.1992 -10.3123 2.5
      vertex 47.528 -8.37587 2.5
    endloop
  endfacet
  facet normal 0 0 1
    outer loop
      vertex 49.1992 -10.3123 2.5
      vertex 47.2287 -8.77306 2.5
      vertex 48.8312 -10.7667 2.5
    endloop
  endfacet
  facet normal -0 0 1
    outer loop
      vertex 46.9161 -9.15918 2.5
      vertex 48.8312 -10.7667 2.5
      vertex 47.2287 -8.77306 2.5
    endloop
  endfacet
  facet normal 0 0 1
    outer loop
      vertex 48.8312 -10.7667 2.5
      vertex 46.9161 -9.15918 2.5
      vertex 48.4477 -11.2079 2.5
    endloop
  endfacet
  facet normal -0 0 1
    outer loop
      vertex 46.5894 -9.53491 2.5
      vertex 48.4477 -11.2079 2.5
      vertex 46.9161 -9.15918 2.5
    endloop
  endfacet
  facet normal 0 0 1
    outer loop
      vertex 48.4477 -11.2079 2.5
      vertex 46.5894 -9.53491 2.5
      vertex 48.0489 -11.6355 2.5
    endloop
  endfacet
  facet normal -0 0 1
    outer loop
      vertex 46.2501 -9.89885 2.5
      vertex 48.0489 -11.6355 2.5
      vertex 46.5894 -9.53491 2.5
    endloop
  endfacet
  facet normal 0 0 1
    outer loop
      vertex 48.0489 -11.6355 2.5
      vertex 46.2501 -9.89885 2.5
      vertex 47.6355 -12.0489 2.5
    endloop
  endfacet
  facet normal -0 0 1
    outer loop
      vertex 45.8988 -10.2501 2.5
      vertex 47.6355 -12.0489 2.5
      vertex 46.2501 -9.89885 2.5
    endloop
  endfacet
  facet normal 0 0 1
    outer loop
      vertex 47.6355 -12.0489 2.5
      vertex 45.8988 -10.2501 2.5
      vertex 47.2079 -12.4477 2.5
    endloop
  endfacet
  facet normal -0 0 1
    outer loop
      vertex 45.5349 -10.5894 2.5
      vertex 47.2079 -12.4477 2.5
      vertex 45.8988 -10.2501 2.5
    endloop
  endfacet
  facet normal 0 0 1
    outer loop
      vertex 47.2079 -12.4477 2.5
      vertex 45.5349 -10.5894 2.5
      vertex 46.7667 -12.8312 2.5
    endloop
  endfacet
  facet normal -0 0 1
    outer loop
      vertex 45.1592 -10.9161 2.5
      vertex 46.7667 -12.8312 2.5
      vertex 45.5349 -10.5894 2.5
    endloop
  endfacet
  facet normal 0 0 1
    outer loop
      vertex 46.7667 -12.8312 2.5
      vertex 45.1592 -10.9161 2.5
      vertex 46.3123 -13.1992 2.5
    endloop
  endfacet
  facet normal -0 0 1
    outer loop
      vertex 44.7731 -11.2287 2.5
      vertex 46.3123 -13.1992 2.5
      vertex 45.1592 -10.9161 2.5
    endloop
  endfacet
  facet normal 0 0 1
    outer loop
      vertex 46.3123 -13.1992 2.5
      vertex 44.7731 -11.2287 2.5
      vertex 45.8454 -13.551 2.5
    endloop
  endfacet
  facet normal -0 0 1
    outer loop
      vertex 44.3759 -11.528 2.5
      vertex 45.8454 -13.551 2.5
      vertex 44.7731 -11.2287 2.5
    endloop
  endfacet
  facet normal 0 0 1
    outer loop
      vertex 45.8454 -13.551 2.5
      vertex 44.3759 -11.528 2.5
      vertex 45.3665 -13.8864 2.5
    endloop
  endfacet
  facet normal -0 0 1
    outer loop
      vertex 43.968 -11.8136 2.5
      vertex 45.3665 -13.8864 2.5
      vertex 44.3759 -11.528 2.5
    endloop
  endfacet
  facet normal 0 0 1
    outer loop
      vertex 45.3665 -13.8864 2.5
      vertex 43.968 -11.8136 2.5
      vertex 44.8761 -14.2048 2.5
    endloop
  endfacet
  facet normal -0 0 1
    outer loop
      vertex 43.5511 -12.0844 2.5
      vertex 44.8761 -14.2048 2.5
      vertex 43.968 -11.8136 2.5
    endloop
  endfacet
  facet normal 0 0 1
    outer loop
      vertex 44.8761 -14.2048 2.5
      vertex 43.5511 -12.0844 2.5
      vertex 44.375 -14.5059 2.5
    endloop
  endfacet
  facet normal -0 0 1
    outer loop
      vertex 43.1249 -12.3405 2.5
      vertex 44.375 -14.5059 2.5
      vertex 43.5511 -12.0844 2.5
    endloop
  endfacet
  facet normal 0 0 1
    outer loop
      vertex 44.375 -14.5059 2.5
      vertex 43.1249 -12.3405 2.5
      vertex 43.8636 -14.7894 2.5
    endloop
  endfacet
  facet normal -0 0 1
    outer loop
      vertex 42.6898 -12.5817 2.5
      vertex 43.8636 -14.7894 2.5
      vertex 43.1249 -12.3405 2.5
    endloop
  endfacet
  facet normal 0 0 1
    outer loop
      vertex 43.8636 -14.7894 2.5
      vertex 42.6898 -12.5817 2.5
      vertex 43.3427 -15.0548 2.5
    endloop
  endfacet
  facet normal -0 0 1
    outer loop
      vertex 42.2465 -12.8075 2.5
      vertex 43.3427 -15.0548 2.5
      vertex 42.6898 -12.5817 2.5
    endloop
  endfacet
  facet normal 0 0 1
    outer loop
      vertex 43.3427 -15.0548 2.5
      vertex 42.2465 -12.8075 2.5
      vertex 42.8128 -15.3019 2.5
    endloop
  endfacet
  facet normal -0 0 1
    outer loop
      vertex 41.7961 -13.0175 2.5
      vertex 42.8128 -15.3019 2.5
      vertex 42.2465 -12.8075 2.5
    endloop
  endfacet
  facet normal 0 0 1
    outer loop
      vertex 42.8128 -15.3019 2.5
      vertex 41.7961 -13.0175 2.5
      vertex 42.2747 -15.5303 2.5
    endloop
  endfacet
  facet normal -0 0 1
    outer loop
      vertex 41.3378 -13.2121 2.5
      vertex 42.2747 -15.5303 2.5
      vertex 41.7961 -13.0175 2.5
    endloop
  endfacet
  facet normal 0 0 1
    outer loop
      vertex 42.2747 -15.5303 2.5
      vertex 41.3378 -13.2121 2.5
      vertex 41.7288 -15.7399 2.5
    endloop
  endfacet
  facet normal -0 0 1
    outer loop
      vertex 40.8736 -13.3903 2.5
      vertex 41.7288 -15.7399 2.5
      vertex 41.3378 -13.2121 2.5
    endloop
  endfacet
  facet normal 0 0 1
    outer loop
      vertex 41.7288 -15.7399 2.5
      vertex 40.8736 -13.3903 2.5
      vertex 41.176 -15.9302 2.5
    endloop
  endfacet
  facet normal -0 0 1
    outer loop
      vertex 40.4037 -13.5521 2.5
      vertex 41.176 -15.9302 2.5
      vertex 40.8736 -13.3903 2.5
    endloop
  endfacet
  facet normal 0 0 1
    outer loop
      vertex 41.176 -15.9302 2.5
      vertex 40.4037 -13.5521 2.5
      vertex 40.6169 -16.1011 2.5
    endloop
  endfacet
  facet normal -0 0 1
    outer loop
      vertex 39.9276 -13.6976 2.5
      vertex 40.6169 -16.1011 2.5
      vertex 40.4037 -13.5521 2.5
    endloop
  endfacet
  facet normal 0 0 1
    outer loop
      vertex 40.6169 -16.1011 2.5
      vertex 39.9276 -13.6976 2.5
      vertex 40.0522 -16.2525 2.5
    endloop
  endfacet
  facet normal -0 0 1
    outer loop
      vertex 39.4472 -13.8264 2.5
      vertex 40.0522 -16.2525 2.5
      vertex 39.9276 -13.6976 2.5
    endloop
  endfacet
  facet normal 0 0 1
    outer loop
      vertex 40.0522 -16.2525 2.5
      vertex 39.4472 -13.8264 2.5
      vertex 39.4825 -16.384 2.5
    endloop
  endfacet
  facet normal -0 0 1
    outer loop
      vertex 38.9627 -13.9382 2.5
      vertex 39.4825 -16.384 2.5
      vertex 39.4472 -13.8264 2.5
    endloop
  endfacet
  facet normal 0 0 1
    outer loop
      vertex 38.9627 -13.9382 2.5
      vertex 38.9086 -16.4955 2.5
      vertex 39.4825 -16.384 2.5
    endloop
  endfacet
  facet normal -0 0 1
    outer loop
      vertex 38.4742 -14.0332 2.5
      vertex 38.9086 -16.4955 2.5
      vertex 38.9627 -13.9382 2.5
    endloop
  endfacet
  facet normal 0 0 1
    outer loop
      vertex 38.4742 -14.0332 2.5
      vertex 38.3312 -16.587 2.5
      vertex 38.9086 -16.4955 2.5
    endloop
  endfacet
  facet normal -0 0 1
    outer loop
      vertex 37.9836 -14.1109 2.5
      vertex 38.3312 -16.587 2.5
      vertex 38.4742 -14.0332 2.5
    endloop
  endfacet
  facet normal 0 0 1
    outer loop
      vertex 37.9836 -14.1109 2.5
      vertex 37.7509 -16.6582 2.5
      vertex 38.3312 -16.587 2.5
    endloop
  endfacet
  facet normal -0 0 1
    outer loop
      vertex 37.4894 -14.1716 2.5
      vertex 37.7509 -16.6582 2.5
      vertex 37.9836 -14.1109 2.5
    endloop
  endfacet
  facet normal 0 0 1
    outer loop
      vertex 37.4894 -14.1716 2.5
      vertex 37.1684 -16.7092 2.5
      vertex 37.7509 -16.6582 2.5
    endloop
  endfacet
  facet normal -0 0 1
    outer loop
      vertex 36.9937 -14.2149 2.5
      vertex 37.1684 -16.7092 2.5
      vertex 37.4894 -14.1716 2.5
    endloop
  endfacet
  facet normal 0 0 1
    outer loop
      vertex 36.9937 -14.2149 2.5
      vertex 36.5846 -16.7398 2.5
      vertex 37.1684 -16.7092 2.5
    endloop
  endfacet
  facet normal -0 0 1
    outer loop
      vertex 36.4974 -14.2409 2.5
      vertex 36.5846 -16.7398 2.5
      vertex 36.9937 -14.2149 2.5
    endloop
  endfacet
  facet normal 0 0 1
    outer loop
      vertex 36.4974 -14.2409 2.5
      vertex 36 -16.75 2.5
      vertex 36.5846 -16.7398 2.5
    endloop
  endfacet
  facet normal -0 0 1
    outer loop
      vertex 35.9782 -14.25 2.5
      vertex 36 -16.75 2.5
      vertex 36.4974 -14.2409 2.5
    endloop
  endfacet
  facet normal -0 0 1
    outer loop
      vertex -1.9782 -14.25 2.5
      vertex 36 -16.75 2.5
      vertex 35.9782 -14.25 2.5
    endloop
  endfacet
  facet normal 0 0 1
    outer loop
      vertex -1.9782 -14.25 2.5
      vertex -2 -16.75 2.5
      vertex 36 -16.75 2.5
    endloop
  endfacet
  facet normal 0 0 1
    outer loop
      vertex -2.49739 -14.2409 2.5
      vertex -2 -16.75 2.5
      vertex -1.9782 -14.25 2.5
    endloop
  endfacet
  facet normal 0 0 1
    outer loop
      vertex -2.49739 -14.2409 2.5
      vertex -2.58457 -16.7398 2.5
      vertex -2 -16.75 2.5
    endloop
  endfacet
  facet normal 0 0 1
    outer loop
      vertex -2.99371 -14.2149 2.5
      vertex -2.58457 -16.7398 2.5
      vertex -2.49739 -14.2409 2.5
    endloop
  endfacet
  facet normal 0 0 1
    outer loop
      vertex -2.99371 -14.2149 2.5
      vertex -3.16842 -16.7092 2.5
      vertex -2.58457 -16.7398 2.5
    endloop
  endfacet
  facet normal 0 0 1
    outer loop
      vertex -3.48941 -14.1716 2.5
      vertex -3.16842 -16.7092 2.5
      vertex -2.99371 -14.2149 2.5
    endloop
  endfacet
  facet normal 0 0 1
    outer loop
      vertex -3.48941 -14.1716 2.5
      vertex -3.75085 -16.6582 2.5
      vertex -3.16842 -16.7092 2.5
    endloop
  endfacet
  facet normal 0 0 1
    outer loop
      vertex -3.98361 -14.1109 2.5
      vertex -3.75085 -16.6582 2.5
      vertex -3.48941 -14.1716 2.5
    endloop
  endfacet
  facet normal 0 0 1
    outer loop
      vertex -3.98361 -14.1109 2.5
      vertex -4.33115 -16.587 2.5
      vertex -3.75085 -16.6582 2.5
    endloop
  endfacet
  facet normal 0 0 1
    outer loop
      vertex -4.47415 -14.0332 2.5
      vertex -4.33115 -16.587 2.5
      vertex -3.98361 -14.1109 2.5
    endloop
  endfacet
  facet normal 0 0 1
    outer loop
      vertex -4.47415 -14.0332 2.5
      vertex -4.90861 -16.4955 2.5
      vertex -4.33115 -16.587 2.5
    endloop
  endfacet
  facet normal 0 0 1
    outer loop
      vertex -4.96274 -13.9382 2.5
      vertex -4.90861 -16.4955 2.5
      vertex -4.47415 -14.0332 2.5
    endloop
  endfacet
  facet normal 0 0 1
    outer loop
      vertex -5.48252 -16.384 2.5
      vertex -4.96274 -13.9382 2.5
      vertex -5.44722 -13.8264 2.5
    endloop
  endfacet
  facet normal 0 0 1
    outer loop
      vertex -4.96274 -13.9382 2.5
      vertex -5.48252 -16.384 2.5
      vertex -4.90861 -16.4955 2.5
    endloop
  endfacet
  facet normal 0 0 1
    outer loop
      vertex -6.05219 -16.2525 2.5
      vertex -5.44722 -13.8264 2.5
      vertex -5.92758 -13.6976 2.5
    endloop
  endfacet
  facet normal 0 0 1
    outer loop
      vertex -5.44722 -13.8264 2.5
      vertex -6.05219 -16.2525 2.5
      vertex -5.48252 -16.384 2.5
    endloop
  endfacet
  facet normal 0 0 1
    outer loop
      vertex -6.61693 -16.1011 2.5
      vertex -5.92758 -13.6976 2.5
      vertex -6.40369 -13.5521 2.5
    endloop
  endfacet
  facet normal 0 0 1
    outer loop
      vertex -5.92758 -13.6976 2.5
      vertex -6.61693 -16.1011 2.5
      vertex -6.05219 -16.2525 2.5
    endloop
  endfacet
  facet normal 0 0 1
    outer loop
      vertex -7.17603 -15.9302 2.5
      vertex -6.40369 -13.5521 2.5
      vertex -6.87355 -13.3903 2.5
    endloop
  endfacet
  facet normal 0 0 1
    outer loop
      vertex -6.40369 -13.5521 2.5
      vertex -7.17603 -15.9302 2.5
      vertex -6.61693 -16.1011 2.5
    endloop
  endfacet
  facet normal 0 0 1
    outer loop
      vertex -7.72884 -15.7399 2.5
      vertex -6.87355 -13.3903 2.5
      vertex -7.33781 -13.2121 2.5
    endloop
  endfacet
  facet normal 0 0 1
    outer loop
      vertex -6.87355 -13.3903 2.5
      vertex -7.72884 -15.7399 2.5
      vertex -7.17603 -15.9302 2.5
    endloop
  endfacet
  facet normal 0 0 1
    outer loop
      vertex -8.27466 -15.5303 2.5
      vertex -7.33781 -13.2121 2.5
      vertex -7.7961 -13.0175 2.5
    endloop
  endfacet
  facet normal 0 0 1
    outer loop
      vertex -8.81284 -15.3019 2.5
      vertex -7.7961 -13.0175 2.5
      vertex -8.24646 -12.8075 2.5
    endloop
  endfacet
  facet normal 0 0 1
    outer loop
      vertex -7.33781 -13.2121 2.5
      vertex -8.27466 -15.5303 2.5
      vertex -7.72884 -15.7399 2.5
    endloop
  endfacet
  facet normal 0 0 1
    outer loop
      vertex -9.34272 -15.0548 2.5
      vertex -8.24646 -12.8075 2.5
      vertex -8.68976 -12.5817 2.5
    endloop
  endfacet
  facet normal 0 0 1
    outer loop
      vertex -7.7961 -13.0175 2.5
      vertex -8.81284 -15.3019 2.5
      vertex -8.27466 -15.5303 2.5
    endloop
  endfacet
  facet normal 0 0 1
    outer loop
      vertex -9.86365 -14.7894 2.5
      vertex -8.68976 -12.5817 2.5
      vertex -9.12494 -12.3405 2.5
    endloop
  endfacet
  facet normal 0 0 1
    outer loop
      vertex -8.24646 -12.8075 2.5
      vertex -9.34272 -15.0548 2.5
      vertex -8.81284 -15.3019 2.5
    endloop
  endfacet
  facet normal 0 0 1
    outer loop
      vertex -10.375 -14.5059 2.5
      vertex -9.12494 -12.3405 2.5
      vertex -9.55115 -12.0844 2.5
    endloop
  endfacet
  facet normal 0 0 1
    outer loop
      vertex -8.68976 -12.5817 2.5
      vertex -9.86365 -14.7894 2.5
      vertex -9.34272 -15.0548 2.5
    endloop
  endfacet
  facet normal 0 0 1
    outer loop
      vertex -10.8761 -14.2048 2.5
      vertex -9.55115 -12.0844 2.5
      vertex -9.968 -11.8136 2.5
    endloop
  endfacet
  facet normal 0 0 1
    outer loop
      vertex -9.12494 -12.3405 2.5
      vertex -10.375 -14.5059 2.5
      vertex -9.86365 -14.7894 2.5
    endloop
  endfacet
  facet normal 0 0 1
    outer loop
      vertex -11.3665 -13.8864 2.5
      vertex -9.968 -11.8136 2.5
      vertex -10.3759 -11.528 2.5
    endloop
  endfacet
  facet normal 0 0 1
    outer loop
      vertex -11.8454 -13.551 2.5
      vertex -10.3759 -11.528 2.5
      vertex -10.7731 -11.2287 2.5
    endloop
  endfacet
  facet normal 0 0 1
    outer loop
      vertex -9.55115 -12.0844 2.5
      vertex -10.8761 -14.2048 2.5
      vertex -10.375 -14.5059 2.5
    endloop
  endfacet
  facet normal 0 0 1
    outer loop
      vertex -12.3123 -13.1992 2.5
      vertex -10.7731 -11.2287 2.5
      vertex -11.1592 -10.9161 2.5
    endloop
  endfacet
  facet normal 0 0 1
    outer loop
      vertex -9.968 -11.8136 2.5
      vertex -11.3665 -13.8864 2.5
      vertex -10.8761 -14.2048 2.5
    endloop
  endfacet
  facet normal 0 0 1
    outer loop
      vertex -12.7667 -12.8312 2.5
      vertex -11.1592 -10.9161 2.5
      vertex -11.5349 -10.5894 2.5
    endloop
  endfacet
  facet normal 0 0 1
    outer loop
      vertex -10.3759 -11.528 2.5
      vertex -11.8454 -13.551 2.5
      vertex -11.3665 -13.8864 2.5
    endloop
  endfacet
  facet normal 0 0 1
    outer loop
      vertex -13.2079 -12.4477 2.5
      vertex -11.5349 -10.5894 2.5
      vertex -11.8988 -10.2501 2.5
    endloop
  endfacet
  facet normal 0 0 1
    outer loop
      vertex -13.6355 -12.0489 2.5
      vertex -11.8988 -10.2501 2.5
      vertex -12.2501 -9.89885 2.5
    endloop
  endfacet
  facet normal 0 0 1
    outer loop
      vertex -10.7731 -11.2287 2.5
      vertex -12.3123 -13.1992 2.5
      vertex -11.8454 -13.551 2.5
    endloop
  endfacet
  facet normal 0 0 1
    outer loop
      vertex -14.0489 -11.6355 2.5
      vertex -12.2501 -9.89885 2.5
      vertex -12.5894 -9.53491 2.5
    endloop
  endfacet
  facet normal 0 0 1
    outer loop
      vertex -11.1592 -10.9161 2.5
      vertex -12.7667 -12.8312 2.5
      vertex -12.3123 -13.1992 2.5
    endloop
  endfacet
  facet normal 0 0 1
    outer loop
      vertex -14.4477 -11.2079 2.5
      vertex -12.5894 -9.53491 2.5
      vertex -12.9161 -9.15918 2.5
    endloop
  endfacet
  facet normal 0 0 1
    outer loop
      vertex -11.5349 -10.5894 2.5
      vertex -13.2079 -12.4477 2.5
      vertex -12.7667 -12.8312 2.5
    endloop
  endfacet
  facet normal 0 0 1
    outer loop
      vertex -14.8312 -10.7667 2.5
      vertex -12.9161 -9.15918 2.5
      vertex -13.2287 -8.77306 2.5
    endloop
  endfacet
  facet normal 0 0 1
    outer loop
      vertex -15.1992 -10.3123 2.5
      vertex -13.2287 -8.77306 2.5
      vertex -13.528 -8.37587 2.5
    endloop
  endfacet
  facet normal 0 0 1
    outer loop
      vertex -11.8988 -10.2501 2.5
      vertex -13.6355 -12.0489 2.5
      vertex -13.2079 -12.4477 2.5
    endloop
  endfacet
  facet normal 0 0 1
    outer loop
      vertex -15.551 -9.8454 2.5
      vertex -13.528 -8.37587 2.5
      vertex -13.8136 -7.968 2.5
    endloop
  endfacet
  facet normal 0 0 1
    outer loop
      vertex -12.2501 -9.89885 2.5
      vertex -14.0489 -11.6355 2.5
      vertex -13.6355 -12.0489 2.5
    endloop
  endfacet
  facet normal 0 0 1
    outer loop
      vertex -15.8864 -9.36648 2.5
      vertex -13.8136 -7.968 2.5
      vertex -14.0844 -7.55115 2.5
    endloop
  endfacet
  facet normal 0 0 1
    outer loop
      vertex -16.2048 -8.87615 2.5
      vertex -14.0844 -7.55115 2.5
      vertex -14.3405 -7.12494 2.5
    endloop
  endfacet
  facet normal 0 0 1
    outer loop
      vertex -12.5894 -9.53491 2.5
      vertex -14.4477 -11.2079 2.5
      vertex -14.0489 -11.6355 2.5
    endloop
  endfacet
  facet normal 0 0 1
    outer loop
      vertex -16.5059 -8.375 2.5
      vertex -14.3405 -7.12494 2.5
      vertex -14.5817 -6.68976 2.5
    endloop
  endfacet
  facet normal 0 0 1
    outer loop
      vertex -16.7894 -7.86365 2.5
      vertex -14.5817 -6.68976 2.5
      vertex -14.8075 -6.24646 2.5
    endloop
  endfacet
  facet normal 0 0 1
    outer loop
      vertex -12.9161 -9.15918 2.5
      vertex -14.8312 -10.7667 2.5
      vertex -14.4477 -11.2079 2.5
    endloop
  endfacet
  facet normal 0 0 1
    outer loop
      vertex -17.0548 -7.34272 2.5
      vertex -14.8075 -6.24646 2.5
      vertex -15.0175 -5.7961 2.5
    endloop
  endfacet
  facet normal 0 0 1
    outer loop
      vertex -13.2287 -8.77306 2.5
      vertex -15.1992 -10.3123 2.5
      vertex -14.8312 -10.7667 2.5
    endloop
  endfacet
  facet normal 0 0 1
    outer loop
      vertex -17.3019 -6.81284 2.5
      vertex -15.0175 -5.7961 2.5
      vertex -15.2121 -5.33781 2.5
    endloop
  endfacet
  facet normal 0 0 1
    outer loop
      vertex -17.5303 -6.27466 2.5
      vertex -15.2121 -5.33781 2.5
      vertex -15.3903 -4.87355 2.5
    endloop
  endfacet
  facet normal 0 0 1
    outer loop
      vertex -13.528 -8.37587 2.5
      vertex -15.551 -9.8454 2.5
      vertex -15.1992 -10.3123 2.5
    endloop
  endfacet
  facet normal 0 0 1
    outer loop
      vertex -17.7399 -5.72884 2.5
      vertex -15.3903 -4.87355 2.5
      vertex -15.5521 -4.40369 2.5
    endloop
  endfacet
  facet normal 0 0 1
    outer loop
      vertex -17.9302 -5.17603 2.5
      vertex -15.5521 -4.40369 2.5
      vertex -15.6976 -3.92758 2.5
    endloop
  endfacet
  facet normal 0 0 1
    outer loop
      vertex -18.1011 -4.61693 2.5
      vertex -15.6976 -3.92758 2.5
      vertex -15.8264 -3.44722 2.5
    endloop
  endfacet
  facet normal 0 0 1
    outer loop
      vertex -13.8136 -7.968 2.5
      vertex -15.8864 -9.36648 2.5
      vertex -15.551 -9.8454 2.5
    endloop
  endfacet
  facet normal 0 0 1
    outer loop
      vertex -18.2525 -4.05219 2.5
      vertex -15.8264 -3.44722 2.5
      vertex -15.9382 -2.96274 2.5
    endloop
  endfacet
  facet normal 0 0 1
    outer loop
      vertex -18.384 -3.48252 2.5
      vertex -15.9382 -2.96274 2.5
      vertex -16.0332 -2.47415 2.5
    endloop
  endfacet
  facet normal 0 0 1
    outer loop
      vertex -18.4955 -2.90861 2.5
      vertex -16.0332 -2.47415 2.5
      vertex -16.1109 -1.98361 2.5
    endloop
  endfacet
  facet normal 0 0 1
    outer loop
      vertex -18.587 -2.33115 2.5
      vertex -16.1109 -1.98361 2.5
      vertex -16.1716 -1.48941 2.5
    endloop
  endfacet
  facet normal 0 0 1
    outer loop
      vertex -14.0844 -7.55115 2.5
      vertex -16.2048 -8.87615 2.5
      vertex -15.8864 -9.36648 2.5
    endloop
  endfacet
  facet normal 0 0 1
    outer loop
      vertex -18.6582 -1.75085 2.5
      vertex -16.1716 -1.48941 2.5
      vertex -16.2149 -0.993713 2.5
    endloop
  endfacet
  facet normal 0 0 1
    outer loop
      vertex -18.7092 -1.16842 2.5
      vertex -16.2149 -0.993713 2.5
      vertex -16.2409 -0.497391 2.5
    endloop
  endfacet
  facet normal 0 0 1
    outer loop
      vertex -18.7398 -0.584566 2.5
      vertex -16.2409 -0.497391 2.5
      vertex -16.2496 0 2.5
    endloop
  endfacet
  facet normal -0 0 1
    outer loop
      vertex -18.2525 4.05219 2.5
      vertex -15.8264 3.44722 2.5
      vertex -18.1011 4.61693 2.5
    endloop
  endfacet
  facet normal 0 0 1
    outer loop
      vertex -14.3405 -7.12494 2.5
      vertex -16.5059 -8.375 2.5
      vertex -16.2048 -8.87615 2.5
    endloop
  endfacet
  facet normal 0 0 1
    outer loop
      vertex -15.8264 3.44722 2.5
      vertex -18.2525 4.05219 2.5
      vertex -15.9382 2.96274 2.5
    endloop
  endfacet
  facet normal 0 0 1
    outer loop
      vertex -14.5817 -6.68976 2.5
      vertex -16.7894 -7.86365 2.5
      vertex -16.5059 -8.375 2.5
    endloop
  endfacet
  facet normal -0 0 1
    outer loop
      vertex -18.384 3.48252 2.5
      vertex -15.9382 2.96274 2.5
      vertex -18.2525 4.05219 2.5
    endloop
  endfacet
  facet normal 0 0 1
    outer loop
      vertex -14.8075 -6.24646 2.5
      vertex -17.0548 -7.34272 2.5
      vertex -16.7894 -7.86365 2.5
    endloop
  endfacet
  facet normal 0 0 1
    outer loop
      vertex -15.9382 2.96274 2.5
      vertex -18.384 3.48252 2.5
      vertex -16.0332 2.47415 2.5
    endloop
  endfacet
  facet normal 0 0 1
    outer loop
      vertex -15.0175 -5.7961 2.5
      vertex -17.3019 -6.81284 2.5
      vertex -17.0548 -7.34272 2.5
    endloop
  endfacet
  facet normal -0 0 1
    outer loop
      vertex -18.4955 2.90861 2.5
      vertex -16.0332 2.47415 2.5
      vertex -18.384 3.48252 2.5
    endloop
  endfacet
  facet normal 0 0 1
    outer loop
      vertex -15.2121 -5.33781 2.5
      vertex -17.5303 -6.27466 2.5
      vertex -17.3019 -6.81284 2.5
    endloop
  endfacet
  facet normal 0 0 1
    outer loop
      vertex -16.0332 2.47415 2.5
      vertex -18.4955 2.90861 2.5
      vertex -16.1109 1.98361 2.5
    endloop
  endfacet
  facet normal 0 0 1
    outer loop
      vertex -15.3903 -4.87355 2.5
      vertex -17.7399 -5.72884 2.5
      vertex -17.5303 -6.27466 2.5
    endloop
  endfacet
  facet normal -0 0 1
    outer loop
      vertex -18.587 2.33115 2.5
      vertex -16.1109 1.98361 2.5
      vertex -18.4955 2.90861 2.5
    endloop
  endfacet
  facet normal 0 0 1
    outer loop
      vertex -15.5521 -4.40369 2.5
      vertex -17.9302 -5.17603 2.5
      vertex -17.7399 -5.72884 2.5
    endloop
  endfacet
  facet normal 0 0 1
    outer loop
      vertex -16.1109 1.98361 2.5
      vertex -18.587 2.33115 2.5
      vertex -16.1716 1.48941 2.5
    endloop
  endfacet
  facet normal 0 0 1
    outer loop
      vertex -15.6976 -3.92758 2.5
      vertex -18.1011 -4.61693 2.5
      vertex -17.9302 -5.17603 2.5
    endloop
  endfacet
  facet normal -0 0 1
    outer loop
      vertex -18.6582 1.75085 2.5
      vertex -16.1716 1.48941 2.5
      vertex -18.587 2.33115 2.5
    endloop
  endfacet
  facet normal 0 0 1
    outer loop
      vertex -15.8264 -3.44722 2.5
      vertex -18.2525 -4.05219 2.5
      vertex -18.1011 -4.61693 2.5
    endloop
  endfacet
  facet normal 0 0 1
    outer loop
      vertex -16.1716 1.48941 2.5
      vertex -18.6582 1.75085 2.5
      vertex -16.2149 0.993713 2.5
    endloop
  endfacet
  facet normal 0 0 1
    outer loop
      vertex -15.9382 -2.96274 2.5
      vertex -18.384 -3.48252 2.5
      vertex -18.2525 -4.05219 2.5
    endloop
  endfacet
  facet normal -0 0 1
    outer loop
      vertex -18.7092 1.16842 2.5
      vertex -16.2149 0.993713 2.5
      vertex -18.6582 1.75085 2.5
    endloop
  endfacet
  facet normal 0 0 1
    outer loop
      vertex -16.0332 -2.47415 2.5
      vertex -18.4955 -2.90861 2.5
      vertex -18.384 -3.48252 2.5
    endloop
  endfacet
  facet normal 0 0 1
    outer loop
      vertex -16.2149 0.993713 2.5
      vertex -18.7092 1.16842 2.5
      vertex -16.2409 0.497391 2.5
    endloop
  endfacet
  facet normal 0 0 1
    outer loop
      vertex -16.1109 -1.98361 2.5
      vertex -18.587 -2.33115 2.5
      vertex -18.4955 -2.90861 2.5
    endloop
  endfacet
  facet normal -0 0 1
    outer loop
      vertex -18.7398 0.584566 2.5
      vertex -16.2409 0.497391 2.5
      vertex -18.7092 1.16842 2.5
    endloop
  endfacet
  facet normal 0 0 1
    outer loop
      vertex -16.1716 -1.48941 2.5
      vertex -18.6582 -1.75085 2.5
      vertex -18.587 -2.33115 2.5
    endloop
  endfacet
  facet normal 0 0 1
    outer loop
      vertex -16.2409 0.497391 2.5
      vertex -18.7398 0.584566 2.5
      vertex -16.2496 0 2.5
    endloop
  endfacet
  facet normal 0 0 1
    outer loop
      vertex -16.2149 -0.993713 2.5
      vertex -18.7092 -1.16842 2.5
      vertex -18.6582 -1.75085 2.5
    endloop
  endfacet
  facet normal 0 0 1
    outer loop
      vertex -18.75 0 2.5
      vertex -16.2496 0 2.5
      vertex -18.7398 0.584566 2.5
    endloop
  endfacet
  facet normal 0 0 1
    outer loop
      vertex -16.2409 -0.497391 2.5
      vertex -18.7398 -0.584566 2.5
      vertex -18.7092 -1.16842 2.5
    endloop
  endfacet
  facet normal 0 0 1
    outer loop
      vertex -16.2496 0 2.5
      vertex -18.75 0 2.5
      vertex -18.7398 -0.584566 2.5
    endloop
  endfacet
  facet normal 0.422636 0.906299 -0
    outer loop
      vertex -8.81284 -15.3019 2.5
      vertex -9.34272 -15.0548 14.5
      vertex -8.81284 -15.3019 14.5
    endloop
  endfacet
  facet normal 0.422636 0.906299 0
    outer loop
      vertex -9.34272 -15.0548 14.5
      vertex -8.81284 -15.3019 2.5
      vertex -9.34272 -15.0548 2.5
    endloop
  endfacet
  facet normal -0.453974 0.891015 0
    outer loop
      vertex 43.8636 -14.7894 2.5
      vertex 43.3427 -15.0548 14.5
      vertex 43.8636 -14.7894 14.5
    endloop
  endfacet
  facet normal -0.453974 0.891015 0
    outer loop
      vertex 43.3427 -15.0548 14.5
      vertex 43.8636 -14.7894 2.5
      vertex 43.3427 -15.0548 2.5
    endloop
  endfacet
  facet normal 0.68205 0.731305 -0
    outer loop
      vertex -13.2079 -12.4477 2.5
      vertex -13.6355 -12.0489 14.5
      vertex -13.2079 -12.4477 14.5
    endloop
  endfacet
  facet normal 0.68205 0.731305 0
    outer loop
      vertex -13.6355 -12.0489 14.5
      vertex -13.2079 -12.4477 2.5
      vertex -13.6355 -12.0489 2.5
    endloop
  endfacet
  facet normal -0.933535 0.358486 0
    outer loop
      vertex 51.5303 -6.27466 2.5
      vertex 51.7399 -5.72884 14.5
      vertex 51.7399 -5.72884 2.5
    endloop
  endfacet
  facet normal -0.933535 0.358486 0
    outer loop
      vertex 51.7399 -5.72884 14.5
      vertex 51.5303 -6.27466 2.5
      vertex 51.5303 -6.27466 14.5
    endloop
  endfacet
  facet normal -0.857183 0.515011 0
    outer loop
      vertex 50.2048 -8.87615 2.5
      vertex 50.5059 -8.375 14.5
      vertex 50.5059 -8.375 2.5
    endloop
  endfacet
  facet normal -0.857183 0.515011 0
    outer loop
      vertex 50.5059 -8.375 14.5
      vertex 50.2048 -8.87615 2.5
      vertex 50.2048 -8.87615 14.5
    endloop
  endfacet
  facet normal 0.0872304 0.996188 -0
    outer loop
      vertex -3.16842 -16.7092 2.5
      vertex -3.75085 -16.6582 14.5
      vertex -3.16842 -16.7092 14.5
    endloop
  endfacet
  facet normal 0.0872304 0.996188 0
    outer loop
      vertex -3.75085 -16.6582 14.5
      vertex -3.16842 -16.7092 2.5
      vertex -3.75085 -16.6582 2.5
    endloop
  endfacet
  facet normal -0.68205 0.731305 0
    outer loop
      vertex 47.6355 -12.0489 2.5
      vertex 47.2079 -12.4477 14.5
      vertex 47.6355 -12.0489 14.5
    endloop
  endfacet
  facet normal -0.68205 0.731305 0
    outer loop
      vertex 47.2079 -12.4477 14.5
      vertex 47.6355 -12.0489 2.5
      vertex 47.2079 -12.4477 2.5
    endloop
  endfacet
  facet normal -0.629356 -0.777117 0
    outer loop
      vertex 46.3123 13.1992 2.5
      vertex 46.7667 12.8312 14.5
      vertex 46.3123 13.1992 14.5
    endloop
  endfacet
  facet normal -0.629356 -0.777117 -0
    outer loop
      vertex 46.7667 12.8312 14.5
      vertex 46.3123 13.1992 2.5
      vertex 46.7667 12.8312 2.5
    endloop
  endfacet
  facet normal -0.933535 -0.358486 0
    outer loop
      vertex 51.7399 5.72884 2.5
      vertex 51.5303 6.27466 14.5
      vertex 51.5303 6.27466 2.5
    endloop
  endfacet
  facet normal -0.933535 -0.358486 0
    outer loop
      vertex 51.5303 6.27466 14.5
      vertex 51.7399 5.72884 2.5
      vertex 51.7399 5.72884 14.5
    endloop
  endfacet
  facet normal 0.1565 -0.987678 0
    outer loop
      vertex -4.90861 16.4955 2.5
      vertex -4.33115 16.587 14.5
      vertex -4.90861 16.4955 14.5
    endloop
  endfacet
  facet normal 0.1565 -0.987678 0
    outer loop
      vertex -4.33115 16.587 14.5
      vertex -4.90861 16.4955 2.5
      vertex -4.33115 16.587 2.5
    endloop
  endfacet
  facet normal -0.996188 0.0872304 0
    outer loop
      vertex 52.6582 -1.75085 2.5
      vertex 52.7092 -1.16842 14.5
      vertex 52.7092 -1.16842 2.5
    endloop
  endfacet
  facet normal -0.996188 0.0872304 0
    outer loop
      vertex 52.7092 -1.16842 14.5
      vertex 52.6582 -1.75085 2.5
      vertex 52.6582 -1.75085 14.5
    endloop
  endfacet
  facet normal -0.998629 0.0523385 0
    outer loop
      vertex 52.7092 -1.16842 2.5
      vertex 52.7398 -0.584566 14.5
      vertex 52.7398 -0.584566 2.5
    endloop
  endfacet
  facet normal -0.998629 0.0523385 0
    outer loop
      vertex 52.7398 -0.584566 14.5
      vertex 52.7092 -1.16842 2.5
      vertex 52.7092 -1.16842 14.5
    endloop
  endfacet
  facet normal -0.981645 0.190715 0
    outer loop
      vertex 52.384 -3.48252 2.5
      vertex 52.4955 -2.90861 14.5
      vertex 52.4955 -2.90861 2.5
    endloop
  endfacet
  facet normal -0.981645 0.190715 0
    outer loop
      vertex 52.4955 -2.90861 14.5
      vertex 52.384 -3.48252 2.5
      vertex 52.384 -3.48252 14.5
    endloop
  endfacet
  facet normal -0.35844 0.933553 0
    outer loop
      vertex 42.2747 -15.5303 2.5
      vertex 41.7288 -15.7399 14.5
      vertex 42.2747 -15.5303 14.5
    endloop
  endfacet
  facet normal -0.35844 0.933553 0
    outer loop
      vertex 41.7288 -15.7399 14.5
      vertex 42.2747 -15.5303 2.5
      vertex 41.7288 -15.7399 2.5
    endloop
  endfacet
  facet normal 0.819107 -0.573641 0
    outer loop
      vertex -15.8864 9.36648 14.5
      vertex -15.551 9.8454 2.5
      vertex -15.551 9.8454 14.5
    endloop
  endfacet
  facet normal 0.819107 -0.573641 0
    outer loop
      vertex -15.551 9.8454 2.5
      vertex -15.8864 9.36648 14.5
      vertex -15.8864 9.36648 2.5
    endloop
  endfacet
  facet normal 0.798664 -0.601778 0
    outer loop
      vertex -15.551 9.8454 14.5
      vertex -15.1992 10.3123 2.5
      vertex -15.1992 10.3123 14.5
    endloop
  endfacet
  facet normal 0.798664 -0.601778 0
    outer loop
      vertex -15.1992 10.3123 2.5
      vertex -15.551 9.8454 14.5
      vertex -15.551 9.8454 2.5
    endloop
  endfacet
  facet normal 0.777117 0.629356 0
    outer loop
      vertex -14.8312 -10.7667 14.5
      vertex -15.1992 -10.3123 2.5
      vertex -15.1992 -10.3123 14.5
    endloop
  endfacet
  facet normal 0.777117 0.629356 0
    outer loop
      vertex -15.1992 -10.3123 2.5
      vertex -14.8312 -10.7667 14.5
      vertex -14.8312 -10.7667 2.5
    endloop
  endfacet
  facet normal -0.515049 -0.857161 0
    outer loop
      vertex 44.375 14.5059 2.5
      vertex 44.8761 14.2048 14.5
      vertex 44.375 14.5059 14.5
    endloop
  endfacet
  facet normal -0.515049 -0.857161 -0
    outer loop
      vertex 44.8761 14.2048 14.5
      vertex 44.375 14.5059 2.5
      vertex 44.8761 14.2048 2.5
    endloop
  endfacet
  facet normal 0.819107 0.573641 0
    outer loop
      vertex -15.551 -9.8454 14.5
      vertex -15.8864 -9.36648 2.5
      vertex -15.8864 -9.36648 14.5
    endloop
  endfacet
  facet normal 0.819107 0.573641 0
    outer loop
      vertex -15.8864 -9.36648 2.5
      vertex -15.551 -9.8454 14.5
      vertex -15.551 -9.8454 2.5
    endloop
  endfacet
  facet normal 0.731305 0.68205 0
    outer loop
      vertex -14.0489 -11.6355 14.5
      vertex -14.4477 -11.2079 2.5
      vertex -14.4477 -11.2079 14.5
    endloop
  endfacet
  facet normal 0.731305 0.68205 0
    outer loop
      vertex -14.4477 -11.2079 2.5
      vertex -14.0489 -11.6355 14.5
      vertex -14.0489 -11.6355 2.5
    endloop
  endfacet
  facet normal -0.156516 0.987675 0
    outer loop
      vertex 38.9086 -16.4955 2.5
      vertex 38.3312 -16.587 14.5
      vertex 38.9086 -16.4955 14.5
    endloop
  endfacet
  facet normal -0.156516 0.987675 0
    outer loop
      vertex 38.3312 -16.587 14.5
      vertex 38.9086 -16.4955 2.5
      vertex 38.3312 -16.587 2.5
    endloop
  endfacet
  facet normal -0.390717 0.920511 0
    outer loop
      vertex 42.8128 -15.3019 2.5
      vertex 42.2747 -15.5303 14.5
      vertex 42.8128 -15.3019 14.5
    endloop
  endfacet
  facet normal -0.390717 0.920511 0
    outer loop
      vertex 42.2747 -15.5303 14.5
      vertex 42.8128 -15.3019 2.5
      vertex 42.2747 -15.5303 2.5
    endloop
  endfacet
  facet normal -0.544555 0.838725 0
    outer loop
      vertex 45.3665 -13.8864 2.5
      vertex 44.8761 -14.2048 14.5
      vertex 45.3665 -13.8864 14.5
    endloop
  endfacet
  facet normal -0.544555 0.838725 0
    outer loop
      vertex 44.8761 -14.2048 14.5
      vertex 45.3665 -13.8864 2.5
      vertex 44.8761 -14.2048 2.5
    endloop
  endfacet
  facet normal 0.965892 0.258944 0
    outer loop
      vertex -18.1011 -4.61693 15.2014
      vertex -18.2525 -4.05219 2.5
      vertex -18.2525 -4.05219 15.3876
    endloop
  endfacet
  facet normal 0.965892 0.258944 0
    outer loop
      vertex -18.2525 -4.05219 2.5
      vertex -18.1011 -4.61693 15.2014
      vertex -18.1011 -4.61693 2.5
    endloop
  endfacet
  facet normal 0.573657 0.819095 -0
    outer loop
      vertex -11.3665 -13.8864 2.5
      vertex -11.8454 -13.551 14.5
      vertex -11.3665 -13.8864 14.5
    endloop
  endfacet
  facet normal 0.573657 0.819095 0
    outer loop
      vertex -11.8454 -13.551 14.5
      vertex -11.3665 -13.8864 2.5
      vertex -11.8454 -13.551 2.5
    endloop
  endfacet
  facet normal 0.981645 0.190715 0
    outer loop
      vertex -18.384 -3.48252 15.5495
      vertex -18.4955 -2.90861 2.5
      vertex -18.4955 -2.90861 15.6868
    endloop
  endfacet
  facet normal 0.981645 0.190715 0
    outer loop
      vertex -18.4955 -2.90861 2.5
      vertex -18.384 -3.48252 15.5495
      vertex -18.384 -3.48252 2.5
    endloop
  endfacet
  facet normal 0.992557 0.121782 0
    outer loop
      vertex -18.587 -2.33115 15.7994
      vertex -18.6582 -1.75085 2.5
      vertex -18.6582 -1.75085 15.8871
    endloop
  endfacet
  facet normal 0.992557 0.121782 0
    outer loop
      vertex -18.6582 -1.75085 2.5
      vertex -18.587 -2.33115 15.7994
      vertex -18.587 -2.33115 2.5
    endloop
  endfacet
  facet normal 0.906299 0.422636 0
    outer loop
      vertex -17.0548 -7.34272 14.5
      vertex -17.3019 -6.81284 2.5
      vertex -17.3019 -6.81284 14.5
    endloop
  endfacet
  facet normal 0.906299 0.422636 0
    outer loop
      vertex -17.3019 -6.81284 2.5
      vertex -17.0548 -7.34272 14.5
      vertex -17.0548 -7.34272 2.5
    endloop
  endfacet
  facet normal -0.544555 -0.838725 0
    outer loop
      vertex 44.8761 14.2048 2.5
      vertex 45.3665 13.8864 14.5
      vertex 44.8761 14.2048 14.5
    endloop
  endfacet
  facet normal -0.544555 -0.838725 -0
    outer loop
      vertex 45.3665 13.8864 14.5
      vertex 44.8761 14.2048 2.5
      vertex 45.3665 13.8864 2.5
    endloop
  endfacet
  facet normal 0.629356 0.777117 -0
    outer loop
      vertex -12.3123 -13.1992 2.5
      vertex -12.7667 -12.8312 14.5
      vertex -12.3123 -13.1992 14.5
    endloop
  endfacet
  facet normal 0.629356 0.777117 0
    outer loop
      vertex -12.7667 -12.8312 14.5
      vertex -12.3123 -13.1992 2.5
      vertex -12.7667 -12.8312 2.5
    endloop
  endfacet
  facet normal 0.544555 0.838725 -0
    outer loop
      vertex -10.8761 -14.2048 2.5
      vertex -11.3665 -13.8864 14.5
      vertex -10.8761 -14.2048 14.5
    endloop
  endfacet
  facet normal 0.544555 0.838725 0
    outer loop
      vertex -11.3665 -13.8864 14.5
      vertex -10.8761 -14.2048 2.5
      vertex -11.3665 -13.8864 2.5
    endloop
  endfacet
  facet normal 0.325495 -0.945544 0
    outer loop
      vertex -7.72884 15.7399 2.5
      vertex -7.17603 15.9302 14.5
      vertex -7.72884 15.7399 14.5
    endloop
  endfacet
  facet normal 0.325495 -0.945544 0
    outer loop
      vertex -7.17603 15.9302 14.5
      vertex -7.72884 15.7399 2.5
      vertex -7.17603 15.9302 2.5
    endloop
  endfacet
  facet normal 0.87458 0.48488 0
    outer loop
      vertex -16.5059 -8.375 14.5
      vertex -16.7894 -7.86365 2.5
      vertex -16.7894 -7.86365 14.5
    endloop
  endfacet
  facet normal 0.87458 0.48488 0
    outer loop
      vertex -16.7894 -7.86365 2.5
      vertex -16.5059 -8.375 14.5
      vertex -16.5059 -8.375 2.5
    endloop
  endfacet
  facet normal 0.838689 0.54461 0
    outer loop
      vertex -15.8864 -9.36648 14.5
      vertex -16.2048 -8.87615 2.5
      vertex -16.2048 -8.87615 14.5
    endloop
  endfacet
  facet normal 0.838689 0.54461 0
    outer loop
      vertex -16.2048 -8.87615 2.5
      vertex -15.8864 -9.36648 14.5
      vertex -15.8864 -9.36648 2.5
    endloop
  endfacet
  facet normal 0.358486 0.933535 -0
    outer loop
      vertex -7.72884 -15.7399 2.5
      vertex -8.27466 -15.5303 14.5
      vertex -7.72884 -15.7399 14.5
    endloop
  endfacet
  facet normal 0.358486 0.933535 0
    outer loop
      vertex -8.27466 -15.5303 14.5
      vertex -7.72884 -15.7399 2.5
      vertex -8.27466 -15.5303 2.5
    endloop
  endfacet
  facet normal -0.838689 0.54461 0
    outer loop
      vertex 49.8864 -9.36648 2.5
      vertex 50.2048 -8.87615 14.5
      vertex 50.2048 -8.87615 2.5
    endloop
  endfacet
  facet normal -0.838689 0.54461 0
    outer loop
      vertex 50.2048 -8.87615 14.5
      vertex 49.8864 -9.36648 2.5
      vertex 49.8864 -9.36648 14.5
    endloop
  endfacet
  facet normal 0.707107 0.707107 0
    outer loop
      vertex -13.6355 -12.0489 14.5
      vertex -14.0489 -11.6355 2.5
      vertex -14.0489 -11.6355 14.5
    endloop
  endfacet
  facet normal 0.707107 0.707107 0
    outer loop
      vertex -14.0489 -11.6355 2.5
      vertex -13.6355 -12.0489 14.5
      vertex -13.6355 -12.0489 2.5
    endloop
  endfacet
  facet normal 0.857183 0.515011 0
    outer loop
      vertex -16.2048 -8.87615 14.5
      vertex -16.5059 -8.375 2.5
      vertex -16.5059 -8.375 14.5
    endloop
  endfacet
  facet normal 0.857183 0.515011 0
    outer loop
      vertex -16.5059 -8.375 2.5
      vertex -16.2048 -8.87615 14.5
      vertex -16.2048 -8.87615 2.5
    endloop
  endfacet
  facet normal -0.484844 -0.874601 0
    outer loop
      vertex 43.8636 14.7894 2.5
      vertex 44.375 14.5059 14.5
      vertex 43.8636 14.7894 14.5
    endloop
  endfacet
  facet normal -0.484844 -0.874601 -0
    outer loop
      vertex 44.375 14.5059 14.5
      vertex 43.8636 14.7894 2.5
      vertex 44.375 14.5059 2.5
    endloop
  endfacet
  facet normal 0.325495 0.945544 -0
    outer loop
      vertex -7.17603 -15.9302 2.5
      vertex -7.72884 -15.7399 14.5
      vertex -7.17603 -15.9302 14.5
    endloop
  endfacet
  facet normal 0.325495 0.945544 0
    outer loop
      vertex -7.72884 -15.7399 14.5
      vertex -7.17603 -15.9302 2.5
      vertex -7.72884 -15.7399 2.5
    endloop
  endfacet
  facet normal -0.573657 0.819095 0
    outer loop
      vertex 45.8454 -13.551 2.5
      vertex 45.3665 -13.8864 14.5
      vertex 45.8454 -13.551 14.5
    endloop
  endfacet
  facet normal -0.573657 0.819095 0
    outer loop
      vertex 45.3665 -13.8864 14.5
      vertex 45.8454 -13.551 2.5
      vertex 45.3665 -13.8864 2.5
    endloop
  endfacet
  facet normal 0.945544 0.325495 0
    outer loop
      vertex -17.7399 -5.72884 14.7567
      vertex -17.9302 -5.17603 2.5
      vertex -17.9302 -5.17603 14.991
    endloop
  endfacet
  facet normal 0.945544 0.325495 0
    outer loop
      vertex -17.9302 -5.17603 2.5
      vertex -17.7399 -5.72884 14.7567
      vertex -17.7399 -5.72884 2.5
    endloop
  endfacet
  facet normal -0.484844 0.874601 0
    outer loop
      vertex 44.375 -14.5059 2.5
      vertex 43.8636 -14.7894 14.5
      vertex 44.375 -14.5059 14.5
    endloop
  endfacet
  facet normal -0.484844 0.874601 0
    outer loop
      vertex 43.8636 -14.7894 14.5
      vertex 44.375 -14.5059 2.5
      vertex 43.8636 -14.7894 2.5
    endloop
  endfacet
  facet normal 0.453954 0.891025 -0
    outer loop
      vertex -9.34272 -15.0548 2.5
      vertex -9.86365 -14.7894 14.5
      vertex -9.34272 -15.0548 14.5
    endloop
  endfacet
  facet normal 0.453954 0.891025 0
    outer loop
      vertex -9.86365 -14.7894 14.5
      vertex -9.34272 -15.0548 2.5
      vertex -9.86365 -14.7894 2.5
    endloop
  endfacet
  facet normal -0.258964 0.965887 0
    outer loop
      vertex 39.9276 -13.6976 0
      vertex 39.4472 -13.8264 2.5
      vertex 39.9276 -13.6976 2.5
    endloop
  endfacet
  facet normal -0.258964 0.965887 0
    outer loop
      vertex 39.4472 -13.8264 2.5
      vertex 39.9276 -13.6976 0
      vertex 39.4472 -13.8264 0
    endloop
  endfacet
  facet normal -0.224845 0.974395 0
    outer loop
      vertex 39.4472 -13.8264 0
      vertex 38.9627 -13.9382 2.5
      vertex 39.4472 -13.8264 2.5
    endloop
  endfacet
  facet normal -0.224845 0.974395 0
    outer loop
      vertex 38.9627 -13.9382 2.5
      vertex 39.4472 -13.8264 0
      vertex 38.9627 -13.9382 0
    endloop
  endfacet
  facet normal 0.999847 0.0174886 0
    outer loop
      vertex -16.2409 -0.497391 2.5
      vertex -16.2496 0 0
      vertex -16.2496 0 2.5
    endloop
  endfacet
  facet normal 0.999847 0.0174886 0
    outer loop
      vertex -16.2496 0 0
      vertex -16.2409 -0.497391 2.5
      vertex -16.2409 -0.497391 0
    endloop
  endfacet
  facet normal 0.0870199 -0.996207 0
    outer loop
      vertex -3.48941 14.1716 0
      vertex -2.99371 14.2149 2.5
      vertex -3.48941 14.1716 2.5
    endloop
  endfacet
  facet normal 0.0870199 -0.996207 0
    outer loop
      vertex -2.99371 14.2149 2.5
      vertex -3.48941 14.1716 0
      vertex -2.99371 14.2149 0
    endloop
  endfacet
  facet normal 0.484772 -0.87464 0
    outer loop
      vertex -9.12494 12.3405 0
      vertex -8.68976 12.5817 2.5
      vertex -9.12494 12.3405 2.5
    endloop
  endfacet
  facet normal 0.484772 -0.87464 0
    outer loop
      vertex -8.68976 12.5817 2.5
      vertex -9.12494 12.3405 0
      vertex -8.68976 12.5817 0
    endloop
  endfacet
  facet normal -0.891066 -0.453875 0
    outer loop
      vertex 48.8075 6.24646 0
      vertex 48.5817 6.68976 2.5
      vertex 48.5817 6.68976 0
    endloop
  endfacet
  facet normal -0.891066 -0.453875 0
    outer loop
      vertex 48.5817 6.68976 2.5
      vertex 48.8075 6.24646 0
      vertex 48.8075 6.24646 2.5
    endloop
  endfacet
  facet normal 0.974393 -0.224854 0
    outer loop
      vertex -15.9382 2.96274 2.5
      vertex -15.8264 3.44722 0
      vertex -15.8264 3.44722 2.5
    endloop
  endfacet
  facet normal 0.974393 -0.224854 0
    outer loop
      vertex -15.8264 3.44722 0
      vertex -15.9382 2.96274 2.5
      vertex -15.9382 2.96274 0
    endloop
  endfacet
  facet normal -0.974393 -0.224854 0
    outer loop
      vertex 49.9382 2.96274 0
      vertex 49.8264 3.44722 2.5
      vertex 49.8264 3.44722 0
    endloop
  endfacet
  facet normal -0.974393 -0.224854 0
    outer loop
      vertex 49.8264 3.44722 2.5
      vertex 49.9382 2.96274 0
      vertex 49.9382 2.96274 2.5
    endloop
  endfacet
  facet normal -0.777219 0.629231 0
    outer loop
      vertex 46.9161 -9.15918 0
      vertex 47.2287 -8.77306 2.5
      vertex 47.2287 -8.77306 0
    endloop
  endfacet
  facet normal -0.777219 0.629231 0
    outer loop
      vertex 47.2287 -8.77306 2.5
      vertex 46.9161 -9.15918 0
      vertex 46.9161 -9.15918 2.5
    endloop
  endfacet
  facet normal -0.656184 -0.754601 0
    outer loop
      vertex 45.1592 10.9161 0
      vertex 45.5349 10.5894 2.5
      vertex 45.1592 10.9161 2.5
    endloop
  endfacet
  facet normal -0.656184 -0.754601 -0
    outer loop
      vertex 45.5349 10.5894 2.5
      vertex 45.1592 10.9161 0
      vertex 45.5349 10.5894 0
    endloop
  endfacet
  facet normal -0.0870199 -0.996207 0
    outer loop
      vertex 36.9937 14.2149 0
      vertex 37.4894 14.1716 2.5
      vertex 36.9937 14.2149 2.5
    endloop
  endfacet
  facet normal -0.0870199 -0.996207 -0
    outer loop
      vertex 37.4894 14.1716 2.5
      vertex 36.9937 14.2149 0
      vertex 37.4894 14.1716 0
    endloop
  endfacet
  facet normal 0.974393 0.224854 0
    outer loop
      vertex -15.8264 -3.44722 2.5
      vertex -15.9382 -2.96274 0
      vertex -15.9382 -2.96274 2.5
    endloop
  endfacet
  facet normal 0.974393 0.224854 0
    outer loop
      vertex -15.9382 -2.96274 0
      vertex -15.8264 -3.44722 2.5
      vertex -15.8264 -3.44722 0
    endloop
  endfacet
  facet normal 0 1 -0
    outer loop
      vertex 35.9782 -14.25 0
      vertex -1.9782 -14.25 2.5
      vertex 35.9782 -14.25 2.5
    endloop
  endfacet
  facet normal 0 1 0
    outer loop
      vertex -1.9782 -14.25 2.5
      vertex 35.9782 -14.25 0
      vertex -1.9782 -14.25 0
    endloop
  endfacet
  facet normal -0.656184 0.754601 0
    outer loop
      vertex 45.5349 -10.5894 0
      vertex 45.1592 -10.9161 2.5
      vertex 45.5349 -10.5894 2.5
    endloop
  endfacet
  facet normal -0.656184 0.754601 0
    outer loop
      vertex 45.1592 -10.9161 2.5
      vertex 45.5349 -10.5894 0
      vertex 45.1592 -10.9161 0
    endloop
  endfacet
  facet normal -0.190897 0.98161 0
    outer loop
      vertex 38.9627 -13.9382 0
      vertex 38.4742 -14.0332 2.5
      vertex 38.9627 -13.9382 2.5
    endloop
  endfacet
  facet normal -0.190897 0.98161 0
    outer loop
      vertex 38.4742 -14.0332 2.5
      vertex 38.9627 -13.9382 0
      vertex 38.4742 -14.0332 0
    endloop
  endfacet
  facet normal 0.390846 -0.920456 0
    outer loop
      vertex -7.7961 13.0175 0
      vertex -7.33781 13.2121 2.5
      vertex -7.7961 13.0175 2.5
    endloop
  endfacet
  facet normal 0.390846 -0.920456 0
    outer loop
      vertex -7.33781 13.2121 2.5
      vertex -7.7961 13.0175 0
      vertex -7.33781 13.2121 0
    endloop
  endfacet
  facet normal -0.422577 0.906327 0
    outer loop
      vertex 42.2465 -12.8075 0
      vertex 41.7961 -13.0175 2.5
      vertex 42.2465 -12.8075 2.5
    endloop
  endfacet
  facet normal -0.422577 0.906327 0
    outer loop
      vertex 41.7961 -13.0175 2.5
      vertex 42.2465 -12.8075 0
      vertex 41.7961 -13.0175 0
    endloop
  endfacet
  facet normal -0.857161 0.515049 0
    outer loop
      vertex 48.0844 -7.55115 0
      vertex 48.3405 -7.12494 2.5
      vertex 48.3405 -7.12494 0
    endloop
  endfacet
  facet normal -0.857161 0.515049 0
    outer loop
      vertex 48.3405 -7.12494 2.5
      vertex 48.0844 -7.55115 0
      vertex 48.0844 -7.55115 2.5
    endloop
  endfacet
  facet normal 0.121909 0.992541 -0
    outer loop
      vertex -3.48941 -14.1716 0
      vertex -3.98361 -14.1109 2.5
      vertex -3.48941 -14.1716 2.5
    endloop
  endfacet
  facet normal 0.121909 0.992541 0
    outer loop
      vertex -3.98361 -14.1109 2.5
      vertex -3.48941 -14.1716 0
      vertex -3.98361 -14.1109 0
    endloop
  endfacet
  facet normal 0.94551 -0.325594 0
    outer loop
      vertex -15.5521 4.40369 2.5
      vertex -15.3903 4.87355 0
      vertex -15.3903 4.87355 2.5
    endloop
  endfacet
  facet normal 0.94551 -0.325594 0
    outer loop
      vertex -15.3903 4.87355 0
      vertex -15.5521 4.40369 2.5
      vertex -15.5521 4.40369 0
    endloop
  endfacet
  facet normal -0.0175243 -0.999846 0
    outer loop
      vertex 35.9782 14.25 0
      vertex 36.4974 14.2409 2.5
      vertex 35.9782 14.25 2.5
    endloop
  endfacet
  facet normal -0.0175243 -0.999846 -0
    outer loop
      vertex 36.4974 14.2409 2.5
      vertex 35.9782 14.25 0
      vertex 36.4974 14.2409 0
    endloop
  endfacet
  facet normal -0.325569 0.945518 0
    outer loop
      vertex 40.8736 -13.3903 0
      vertex 40.4037 -13.5521 2.5
      vertex 40.8736 -13.3903 2.5
    endloop
  endfacet
  facet normal -0.325569 0.945518 0
    outer loop
      vertex 40.4037 -13.5521 2.5
      vertex 40.8736 -13.3903 0
      vertex 40.4037 -13.5521 0
    endloop
  endfacet
  facet normal 0.0870199 0.996207 -0
    outer loop
      vertex -2.99371 -14.2149 0
      vertex -3.48941 -14.1716 2.5
      vertex -2.99371 -14.2149 2.5
    endloop
  endfacet
  facet normal 0.0870199 0.996207 0
    outer loop
      vertex -3.48941 -14.1716 2.5
      vertex -2.99371 -14.2149 0
      vertex -3.48941 -14.1716 0
    endloop
  endfacet
  facet normal -0.0870199 0.996207 0
    outer loop
      vertex 37.4894 -14.1716 0
      vertex 36.9937 -14.2149 2.5
      vertex 37.4894 -14.1716 2.5
    endloop
  endfacet
  facet normal -0.0870199 0.996207 0
    outer loop
      vertex 36.9937 -14.2149 2.5
      vertex 37.4894 -14.1716 0
      vertex 36.9937 -14.2149 0
    endloop
  endfacet
  facet normal -0.965882 -0.258984 0
    outer loop
      vertex 49.8264 3.44722 0
      vertex 49.6976 3.92758 2.5
      vertex 49.6976 3.92758 0
    endloop
  endfacet
  facet normal -0.965882 -0.258984 0
    outer loop
      vertex 49.6976 3.92758 2.5
      vertex 49.8264 3.44722 0
      vertex 49.8264 3.44722 2.5
    endloop
  endfacet
  facet normal 0.0175246 0.999846 -0
    outer loop
      vertex -1.9782 -14.25 0
      vertex -2.49739 -14.2409 2.5
      vertex -1.9782 -14.25 2.5
    endloop
  endfacet
  facet normal 0.0175246 0.999846 0
    outer loop
      vertex -2.49739 -14.2409 2.5
      vertex -1.9782 -14.25 0
      vertex -2.49739 -14.2409 0
    endloop
  endfacet
  facet normal -0.156428 0.987689 0
    outer loop
      vertex 38.4742 -14.0332 0
      vertex 37.9836 -14.1109 2.5
      vertex 38.4742 -14.0332 2.5
    endloop
  endfacet
  facet normal -0.156428 0.987689 0
    outer loop
      vertex 37.9836 -14.1109 2.5
      vertex 38.4742 -14.0332 0
      vertex 37.9836 -14.1109 0
    endloop
  endfacet
  facet normal -0.121909 0.992541 0
    outer loop
      vertex 37.9836 -14.1109 0
      vertex 37.4894 -14.1716 2.5
      vertex 37.9836 -14.1109 2.5
    endloop
  endfacet
  facet normal -0.121909 0.992541 0
    outer loop
      vertex 37.4894 -14.1716 2.5
      vertex 37.9836 -14.1109 0
      vertex 37.4894 -14.1716 0
    endloop
  endfacet
  facet normal 0 -1 0
    outer loop
      vertex -1.9782 14.25 0
      vertex 35.9782 14.25 2.5
      vertex -1.9782 14.25 2.5
    endloop
  endfacet
  facet normal 0 -1 -0
    outer loop
      vertex 35.9782 14.25 2.5
      vertex -1.9782 14.25 0
      vertex 35.9782 14.25 0
    endloop
  endfacet
  facet normal 0.390846 0.920456 -0
    outer loop
      vertex -7.33781 -13.2121 0
      vertex -7.7961 -13.0175 2.5
      vertex -7.33781 -13.2121 2.5
    endloop
  endfacet
  facet normal 0.390846 0.920456 0
    outer loop
      vertex -7.7961 -13.0175 2.5
      vertex -7.33781 -13.2121 0
      vertex -7.7961 -13.0175 0
    endloop
  endfacet
  facet normal 0.258984 -0.965882 0
    outer loop
      vertex -5.92758 13.6976 0
      vertex -5.44722 13.8264 2.5
      vertex -5.92758 13.6976 2.5
    endloop
  endfacet
  facet normal 0.258984 -0.965882 0
    outer loop
      vertex -5.44722 13.8264 2.5
      vertex -5.92758 13.6976 0
      vertex -5.44722 13.8264 0
    endloop
  endfacet
  facet normal 0.453875 -0.891066 0
    outer loop
      vertex -8.68976 12.5817 0
      vertex -8.24646 12.8075 2.5
      vertex -8.68976 12.5817 2.5
    endloop
  endfacet
  facet normal 0.453875 -0.891066 0
    outer loop
      vertex -8.24646 12.8075 2.5
      vertex -8.68976 12.5817 0
      vertex -8.24646 12.8075 0
    endloop
  endfacet
  facet normal 0.87464 0.484772 0
    outer loop
      vertex -14.3405 -7.12494 2.5
      vertex -14.5817 -6.68976 0
      vertex -14.5817 -6.68976 2.5
    endloop
  endfacet
  facet normal 0.87464 0.484772 0
    outer loop
      vertex -14.5817 -6.68976 0
      vertex -14.3405 -7.12494 2.5
      vertex -14.3405 -7.12494 0
    endloop
  endfacet
  facet normal -0.573557 0.819166 0
    outer loop
      vertex 44.3759 -11.528 0
      vertex 43.968 -11.8136 2.5
      vertex 44.3759 -11.528 2.5
    endloop
  endfacet
  facet normal -0.573557 0.819166 0
    outer loop
      vertex 43.968 -11.8136 2.5
      vertex 44.3759 -11.528 0
      vertex 43.968 -11.8136 0
    endloop
  endfacet
  facet normal -0.0523159 0.998631 0
    outer loop
      vertex 36.9937 -14.2149 0
      vertex 36.4974 -14.2409 2.5
      vertex 36.9937 -14.2149 2.5
    endloop
  endfacet
  facet normal -0.0523159 0.998631 0
    outer loop
      vertex 36.4974 -14.2409 2.5
      vertex 36.9937 -14.2149 0
      vertex 36.4974 -14.2409 0
    endloop
  endfacet
  facet normal -0.0175243 0.999846 0
    outer loop
      vertex 36.4974 -14.2409 0
      vertex 35.9782 -14.25 2.5
      vertex 36.4974 -14.2409 2.5
    endloop
  endfacet
  facet normal -0.0175243 0.999846 0
    outer loop
      vertex 35.9782 -14.25 2.5
      vertex 36.4974 -14.2409 0
      vertex 35.9782 -14.25 0
    endloop
  endfacet
  facet normal 0.544773 -0.838584 0
    outer loop
      vertex -9.968 11.8136 0
      vertex -9.55115 12.0844 2.5
      vertex -9.968 11.8136 2.5
    endloop
  endfacet
  facet normal 0.544773 -0.838584 0
    outer loop
      vertex -9.55115 12.0844 2.5
      vertex -9.968 11.8136 0
      vertex -9.55115 12.0844 0
    endloop
  endfacet
  facet normal 0.996207 0.0870204 0
    outer loop
      vertex -16.1716 -1.48941 2.5
      vertex -16.2149 -0.993713 0
      vertex -16.2149 -0.993713 2.5
    endloop
  endfacet
  facet normal 0.996207 0.0870204 0
    outer loop
      vertex -16.2149 -0.993713 0
      vertex -16.1716 -1.48941 2.5
      vertex -16.1716 -1.48941 0
    endloop
  endfacet
  facet normal -0.87464 0.484772 0
    outer loop
      vertex 48.3405 -7.12494 0
      vertex 48.5817 -6.68976 2.5
      vertex 48.5817 -6.68976 0
    endloop
  endfacet
  facet normal -0.87464 0.484772 0
    outer loop
      vertex 48.5817 -6.68976 2.5
      vertex 48.3405 -7.12494 0
      vertex 48.3405 -7.12494 2.5
    endloop
  endfacet
  facet normal -0.754627 -0.656154 0
    outer loop
      vertex 46.9161 9.15918 0
      vertex 46.5894 9.53491 2.5
      vertex 46.5894 9.53491 0
    endloop
  endfacet
  facet normal -0.754627 -0.656154 0
    outer loop
      vertex 46.5894 9.53491 2.5
      vertex 46.9161 9.15918 0
      vertex 46.9161 9.15918 2.5
    endloop
  endfacet
  facet normal 0.0523138 -0.998631 0
    outer loop
      vertex -2.99371 14.2149 0
      vertex -2.49739 14.2409 2.5
      vertex -2.99371 14.2149 2.5
    endloop
  endfacet
  facet normal 0.0523138 -0.998631 0
    outer loop
      vertex -2.49739 14.2409 2.5
      vertex -2.99371 14.2149 0
      vertex -2.49739 14.2409 0
    endloop
  endfacet
  facet normal -0.156428 -0.987689 0
    outer loop
      vertex 37.9836 14.1109 0
      vertex 38.4742 14.0332 2.5
      vertex 37.9836 14.1109 2.5
    endloop
  endfacet
  facet normal -0.156428 -0.987689 -0
    outer loop
      vertex 38.4742 14.0332 2.5
      vertex 37.9836 14.1109 0
      vertex 38.4742 14.0332 0
    endloop
  endfacet
  facet normal 0.190863 -0.981617 0
    outer loop
      vertex -4.96274 13.9382 0
      vertex -4.47415 14.0332 2.5
      vertex -4.96274 13.9382 2.5
    endloop
  endfacet
  facet normal 0.190863 -0.981617 0
    outer loop
      vertex -4.47415 14.0332 2.5
      vertex -4.96274 13.9382 0
      vertex -4.47415 14.0332 0
    endloop
  endfacet
  facet normal -0.838584 0.544773 0
    outer loop
      vertex 47.8136 -7.968 0
      vertex 48.0844 -7.55115 2.5
      vertex 48.0844 -7.55115 0
    endloop
  endfacet
  facet normal -0.838584 0.544773 0
    outer loop
      vertex 48.0844 -7.55115 2.5
      vertex 47.8136 -7.968 0
      vertex 47.8136 -7.968 2.5
    endloop
  endfacet
  facet normal -0.981617 -0.190863 0
    outer loop
      vertex 50.0332 2.47415 0
      vertex 49.9382 2.96274 2.5
      vertex 49.9382 2.96274 0
    endloop
  endfacet
  facet normal -0.981617 -0.190863 0
    outer loop
      vertex 49.9382 2.96274 2.5
      vertex 50.0332 2.47415 0
      vertex 50.0332 2.47415 2.5
    endloop
  endfacet
  facet normal 0.0523138 0.998631 -0
    outer loop
      vertex -2.49739 -14.2409 0
      vertex -2.99371 -14.2149 2.5
      vertex -2.49739 -14.2409 2.5
    endloop
  endfacet
  facet normal 0.0523138 0.998631 0
    outer loop
      vertex -2.99371 -14.2149 2.5
      vertex -2.49739 -14.2409 0
      vertex -2.99371 -14.2149 0
    endloop
  endfacet
  facet normal -0.544727 0.838614 0
    outer loop
      vertex 43.968 -11.8136 0
      vertex 43.5511 -12.0844 2.5
      vertex 43.968 -11.8136 2.5
    endloop
  endfacet
  facet normal -0.544727 0.838614 0
    outer loop
      vertex 43.5511 -12.0844 2.5
      vertex 43.968 -11.8136 0
      vertex 43.5511 -12.0844 0
    endloop
  endfacet
  facet normal 0.573557 0.819166 -0
    outer loop
      vertex -9.968 -11.8136 0
      vertex -10.3759 -11.528 2.5
      vertex -9.968 -11.8136 2.5
    endloop
  endfacet
  facet normal 0.573557 0.819166 0
    outer loop
      vertex -10.3759 -11.528 2.5
      vertex -9.968 -11.8136 0
      vertex -10.3759 -11.528 0
    endloop
  endfacet
  facet normal -0.515058 0.857156 0
    outer loop
      vertex 43.5511 -12.0844 0
      vertex 43.1249 -12.3405 2.5
      vertex 43.5511 -12.0844 2.5
    endloop
  endfacet
  facet normal -0.515058 0.857156 0
    outer loop
      vertex 43.1249 -12.3405 2.5
      vertex 43.5511 -12.0844 0
      vertex 43.1249 -12.3405 0
    endloop
  endfacet
  facet normal 0.987686 0.156446 0
    outer loop
      vertex -16.0332 -2.47415 2.5
      vertex -16.1109 -1.98361 0
      vertex -16.1109 -1.98361 2.5
    endloop
  endfacet
  facet normal 0.987686 0.156446 0
    outer loop
      vertex -16.1109 -1.98361 0
      vertex -16.0332 -2.47415 2.5
      vertex -16.0332 -2.47415 0
    endloop
  endfacet
  facet normal 0.956339 -0.292259 0
    outer loop
      vertex -15.6976 3.92758 2.5
      vertex -15.5521 4.40369 0
      vertex -15.5521 4.40369 2.5
    endloop
  endfacet
  facet normal 0.956339 -0.292259 0
    outer loop
      vertex -15.5521 4.40369 0
      vertex -15.6976 3.92758 2.5
      vertex -15.6976 3.92758 0
    endloop
  endfacet
  facet normal 0.681953 0.731396 -0
    outer loop
      vertex -11.5349 -10.5894 0
      vertex -11.8988 -10.2501 2.5
      vertex -11.5349 -10.5894 2.5
    endloop
  endfacet
  facet normal 0.681953 0.731396 0
    outer loop
      vertex -11.8988 -10.2501 2.5
      vertex -11.5349 -10.5894 0
      vertex -11.8988 -10.2501 0
    endloop
  endfacet
  facet normal -0.891066 0.453875 0
    outer loop
      vertex 48.5817 -6.68976 0
      vertex 48.8075 -6.24646 2.5
      vertex 48.8075 -6.24646 0
    endloop
  endfacet
  facet normal -0.891066 0.453875 0
    outer loop
      vertex 48.8075 -6.24646 2.5
      vertex 48.5817 -6.68976 0
      vertex 48.5817 -6.68976 2.5
    endloop
  endfacet
  facet normal 0.87464 -0.484772 0
    outer loop
      vertex -14.5817 6.68976 2.5
      vertex -14.3405 7.12494 0
      vertex -14.3405 7.12494 2.5
    endloop
  endfacet
  facet normal 0.87464 -0.484772 0
    outer loop
      vertex -14.3405 7.12494 0
      vertex -14.5817 6.68976 2.5
      vertex -14.5817 6.68976 0
    endloop
  endfacet
  facet normal -0.358386 0.933573 0
    outer loop
      vertex 41.3378 -13.2121 0
      vertex 40.8736 -13.3903 2.5
      vertex 41.3378 -13.2121 2.5
    endloop
  endfacet
  facet normal -0.358386 0.933573 0
    outer loop
      vertex 40.8736 -13.3903 2.5
      vertex 41.3378 -13.2121 0
      vertex 40.8736 -13.3903 0
    endloop
  endfacet
  facet normal 0.999847 -0.0174886 0
    outer loop
      vertex -16.2496 0 2.5
      vertex -16.2409 0.497391 0
      vertex -16.2409 0.497391 2.5
    endloop
  endfacet
  facet normal 0.999847 -0.0174886 0
    outer loop
      vertex -16.2409 0.497391 0
      vertex -16.2496 0 2.5
      vertex -16.2496 0 0
    endloop
  endfacet
  facet normal 0.62925 0.777203 -0
    outer loop
      vertex -10.7731 -11.2287 0
      vertex -11.1592 -10.9161 2.5
      vertex -10.7731 -11.2287 2.5
    endloop
  endfacet
  facet normal 0.62925 0.777203 0
    outer loop
      vertex -11.1592 -10.9161 2.5
      vertex -10.7731 -11.2287 0
      vertex -11.1592 -10.9161 0
    endloop
  endfacet
  facet normal -0.992541 -0.121909 0
    outer loop
      vertex 50.1716 1.48941 0
      vertex 50.1109 1.98361 2.5
      vertex 50.1109 1.98361 0
    endloop
  endfacet
  facet normal -0.992541 -0.121909 0
    outer loop
      vertex 50.1109 1.98361 2.5
      vertex 50.1716 1.48941 0
      vertex 50.1716 1.48941 2.5
    endloop
  endfacet
  facet normal 0.656184 0.754601 -0
    outer loop
      vertex -11.1592 -10.9161 0
      vertex -11.5349 -10.5894 2.5
      vertex -11.1592 -10.9161 2.5
    endloop
  endfacet
  facet normal 0.656184 0.754601 0
    outer loop
      vertex -11.5349 -10.5894 2.5
      vertex -11.1592 -10.9161 0
      vertex -11.5349 -10.5894 0
    endloop
  endfacet
  facet normal -0.515058 -0.857156 0
    outer loop
      vertex 43.1249 12.3405 0
      vertex 43.5511 12.0844 2.5
      vertex 43.1249 12.3405 2.5
    endloop
  endfacet
  facet normal -0.515058 -0.857156 -0
    outer loop
      vertex 43.5511 12.0844 2.5
      vertex 43.1249 12.3405 0
      vertex 43.5511 12.0844 0
    endloop
  endfacet
  facet normal -0.992541 0.121909 0
    outer loop
      vertex 50.1109 -1.98361 0
      vertex 50.1716 -1.48941 2.5
      vertex 50.1716 -1.48941 0
    endloop
  endfacet
  facet normal -0.992541 0.121909 0
    outer loop
      vertex 50.1716 -1.48941 2.5
      vertex 50.1109 -1.98361 0
      vertex 50.1109 -1.98361 2.5
    endloop
  endfacet
  facet normal -0.121909 -0.992541 0
    outer loop
      vertex 37.4894 14.1716 0
      vertex 37.9836 14.1109 2.5
      vertex 37.4894 14.1716 2.5
    endloop
  endfacet
  facet normal -0.121909 -0.992541 -0
    outer loop
      vertex 37.9836 14.1109 2.5
      vertex 37.4894 14.1716 0
      vertex 37.9836 14.1109 0
    endloop
  endfacet
  facet normal 0.992541 -0.121909 0
    outer loop
      vertex -16.1716 1.48941 2.5
      vertex -16.1109 1.98361 0
      vertex -16.1109 1.98361 2.5
    endloop
  endfacet
  facet normal 0.992541 -0.121909 0
    outer loop
      vertex -16.1109 1.98361 0
      vertex -16.1716 1.48941 2.5
      vertex -16.1716 1.48941 0
    endloop
  endfacet
  facet normal 0.573557 -0.819166 0
    outer loop
      vertex -10.3759 11.528 0
      vertex -9.968 11.8136 2.5
      vertex -10.3759 11.528 2.5
    endloop
  endfacet
  facet normal 0.573557 -0.819166 0
    outer loop
      vertex -9.968 11.8136 2.5
      vertex -10.3759 11.528 0
      vertex -9.968 11.8136 0
    endloop
  endfacet
  facet normal -0.819146 0.573585 0
    outer loop
      vertex 47.528 -8.37587 0
      vertex 47.8136 -7.968 2.5
      vertex 47.8136 -7.968 0
    endloop
  endfacet
  facet normal -0.819146 0.573585 0
    outer loop
      vertex 47.8136 -7.968 2.5
      vertex 47.528 -8.37587 0
      vertex 47.528 -8.37587 2.5
    endloop
  endfacet
  facet normal -0.707056 -0.707157 0
    outer loop
      vertex 46.2501 9.89885 0
      vertex 45.8988 10.2501 2.5
      vertex 45.8988 10.2501 0
    endloop
  endfacet
  facet normal -0.707056 -0.707157 0
    outer loop
      vertex 45.8988 10.2501 2.5
      vertex 46.2501 9.89885 0
      vertex 46.2501 9.89885 2.5
    endloop
  endfacet
  facet normal -0.358386 -0.933573 0
    outer loop
      vertex 40.8736 13.3903 0
      vertex 41.3378 13.2121 2.5
      vertex 40.8736 13.3903 2.5
    endloop
  endfacet
  facet normal -0.358386 -0.933573 -0
    outer loop
      vertex 41.3378 13.2121 2.5
      vertex 40.8736 13.3903 0
      vertex 41.3378 13.2121 0
    endloop
  endfacet
  facet normal -0.999847 0.0174886 0
    outer loop
      vertex 50.2409 -0.497391 0
      vertex 50.2496 0 2.5
      vertex 50.2496 0 0
    endloop
  endfacet
  facet normal -0.999847 0.0174886 0
    outer loop
      vertex 50.2496 0 2.5
      vertex 50.2409 -0.497391 0
      vertex 50.2409 -0.497391 2.5
    endloop
  endfacet
  facet normal -0.974393 0.224854 0
    outer loop
      vertex 49.8264 -3.44722 0
      vertex 49.9382 -2.96274 2.5
      vertex 49.9382 -2.96274 0
    endloop
  endfacet
  facet normal -0.974393 0.224854 0
    outer loop
      vertex 49.9382 -2.96274 2.5
      vertex 49.8264 -3.44722 0
      vertex 49.8264 -3.44722 2.5
    endloop
  endfacet
  facet normal 0.190863 0.981617 -0
    outer loop
      vertex -4.47415 -14.0332 0
      vertex -4.96274 -13.9382 2.5
      vertex -4.47415 -14.0332 2.5
    endloop
  endfacet
  facet normal 0.190863 0.981617 0
    outer loop
      vertex -4.96274 -13.9382 2.5
      vertex -4.47415 -14.0332 0
      vertex -4.96274 -13.9382 0
    endloop
  endfacet
  facet normal 0.731433 0.681913 0
    outer loop
      vertex -12.2501 -9.89885 2.5
      vertex -12.5894 -9.53491 0
      vertex -12.5894 -9.53491 2.5
    endloop
  endfacet
  facet normal 0.731433 0.681913 0
    outer loop
      vertex -12.5894 -9.53491 0
      vertex -12.2501 -9.89885 2.5
      vertex -12.2501 -9.89885 0
    endloop
  endfacet
  facet normal 0.0175246 -0.999846 0
    outer loop
      vertex -2.49739 14.2409 0
      vertex -1.9782 14.25 2.5
      vertex -2.49739 14.2409 2.5
    endloop
  endfacet
  facet normal 0.0175246 -0.999846 0
    outer loop
      vertex -1.9782 14.25 2.5
      vertex -2.49739 14.2409 0
      vertex -1.9782 14.25 0
    endloop
  endfacet
  facet normal 0.258984 0.965882 -0
    outer loop
      vertex -5.44722 -13.8264 0
      vertex -5.92758 -13.6976 2.5
      vertex -5.44722 -13.8264 2.5
    endloop
  endfacet
  facet normal 0.258984 0.965882 0
    outer loop
      vertex -5.92758 -13.6976 2.5
      vertex -5.44722 -13.8264 0
      vertex -5.92758 -13.6976 0
    endloop
  endfacet
  facet normal -0.920456 -0.390846 0
    outer loop
      vertex 49.2121 5.33781 0
      vertex 49.0175 5.7961 2.5
      vertex 49.0175 5.7961 0
    endloop
  endfacet
  facet normal -0.920456 -0.390846 0
    outer loop
      vertex 49.0175 5.7961 2.5
      vertex 49.2121 5.33781 0
      vertex 49.2121 5.33781 2.5
    endloop
  endfacet
  facet normal 0.292259 0.956339 -0
    outer loop
      vertex -5.92758 -13.6976 0
      vertex -6.40369 -13.5521 2.5
      vertex -5.92758 -13.6976 2.5
    endloop
  endfacet
  facet normal 0.292259 0.956339 0
    outer loop
      vertex -6.40369 -13.5521 2.5
      vertex -5.92758 -13.6976 0
      vertex -6.40369 -13.5521 0
    endloop
  endfacet
  facet normal -0.906313 -0.422608 0
    outer loop
      vertex 49.0175 5.7961 0
      vertex 48.8075 6.24646 2.5
      vertex 48.8075 6.24646 0
    endloop
  endfacet
  facet normal -0.906313 -0.422608 0
    outer loop
      vertex 48.8075 6.24646 2.5
      vertex 49.0175 5.7961 0
      vertex 49.0175 5.7961 2.5
    endloop
  endfacet
  facet normal -0.6018 -0.798647 0
    outer loop
      vertex 44.3759 11.528 0
      vertex 44.7731 11.2287 2.5
      vertex 44.3759 11.528 2.5
    endloop
  endfacet
  facet normal -0.6018 -0.798647 -0
    outer loop
      vertex 44.7731 11.2287 2.5
      vertex 44.3759 11.528 0
      vertex 44.7731 11.2287 0
    endloop
  endfacet
  facet normal -0.981617 0.190863 0
    outer loop
      vertex 49.9382 -2.96274 0
      vertex 50.0332 -2.47415 2.5
      vertex 50.0332 -2.47415 0
    endloop
  endfacet
  facet normal -0.981617 0.190863 0
    outer loop
      vertex 50.0332 -2.47415 2.5
      vertex 49.9382 -2.96274 0
      vertex 49.9382 -2.96274 2.5
    endloop
  endfacet
  facet normal 0.156446 0.987686 -0
    outer loop
      vertex -3.98361 -14.1109 0
      vertex -4.47415 -14.0332 2.5
      vertex -3.98361 -14.1109 2.5
    endloop
  endfacet
  facet normal 0.156446 0.987686 0
    outer loop
      vertex -4.47415 -14.0332 2.5
      vertex -3.98361 -14.1109 0
      vertex -4.47415 -14.0332 0
    endloop
  endfacet
  facet normal -0.484841 -0.874603 0
    outer loop
      vertex 42.6898 12.5817 0
      vertex 43.1249 12.3405 2.5
      vertex 42.6898 12.5817 2.5
    endloop
  endfacet
  facet normal -0.484841 -0.874603 -0
    outer loop
      vertex 43.1249 12.3405 2.5
      vertex 42.6898 12.5817 0
      vertex 43.1249 12.3405 0
    endloop
  endfacet
  facet normal -0.933589 0.358346 0
    outer loop
      vertex 49.2121 -5.33781 0
      vertex 49.3903 -4.87355 2.5
      vertex 49.3903 -4.87355 0
    endloop
  endfacet
  facet normal -0.933589 0.358346 0
    outer loop
      vertex 49.3903 -4.87355 2.5
      vertex 49.2121 -5.33781 0
      vertex 49.2121 -5.33781 2.5
    endloop
  endfacet
  facet normal -0.956339 -0.292259 0
    outer loop
      vertex 49.6976 3.92758 0
      vertex 49.5521 4.40369 2.5
      vertex 49.5521 4.40369 0
    endloop
  endfacet
  facet normal -0.956339 -0.292259 0
    outer loop
      vertex 49.5521 4.40369 2.5
      vertex 49.6976 3.92758 0
      vertex 49.6976 3.92758 2.5
    endloop
  endfacet
  facet normal 0.891066 0.453875 0
    outer loop
      vertex -14.5817 -6.68976 2.5
      vertex -14.8075 -6.24646 0
      vertex -14.8075 -6.24646 2.5
    endloop
  endfacet
  facet normal 0.891066 0.453875 0
    outer loop
      vertex -14.8075 -6.24646 0
      vertex -14.5817 -6.68976 2.5
      vertex -14.5817 -6.68976 0
    endloop
  endfacet
  facet normal 0.224854 0.974393 -0
    outer loop
      vertex -4.96274 -13.9382 0
      vertex -5.44722 -13.8264 2.5
      vertex -4.96274 -13.9382 2.5
    endloop
  endfacet
  facet normal 0.224854 0.974393 0
    outer loop
      vertex -5.44722 -13.8264 2.5
      vertex -4.96274 -13.9382 0
      vertex -5.44722 -13.8264 0
    endloop
  endfacet
  facet normal -0.754627 0.656154 0
    outer loop
      vertex 46.5894 -9.53491 0
      vertex 46.9161 -9.15918 2.5
      vertex 46.9161 -9.15918 0
    endloop
  endfacet
  facet normal -0.754627 0.656154 0
    outer loop
      vertex 46.9161 -9.15918 2.5
      vertex 46.5894 -9.53491 0
      vertex 46.5894 -9.53491 2.5
    endloop
  endfacet
  facet normal -0.920456 0.390846 0
    outer loop
      vertex 49.0175 -5.7961 0
      vertex 49.2121 -5.33781 2.5
      vertex 49.2121 -5.33781 0
    endloop
  endfacet
  facet normal -0.920456 0.390846 0
    outer loop
      vertex 49.2121 -5.33781 2.5
      vertex 49.0175 -5.7961 0
      vertex 49.0175 -5.7961 2.5
    endloop
  endfacet
  facet normal -0.0523159 -0.998631 0
    outer loop
      vertex 36.4974 14.2409 0
      vertex 36.9937 14.2149 2.5
      vertex 36.4974 14.2409 2.5
    endloop
  endfacet
  facet normal -0.0523159 -0.998631 -0
    outer loop
      vertex 36.9937 14.2149 2.5
      vertex 36.4974 14.2409 0
      vertex 36.9937 14.2149 0
    endloop
  endfacet
  facet normal -0.956339 0.292259 0
    outer loop
      vertex 49.5521 -4.40369 0
      vertex 49.6976 -3.92758 2.5
      vertex 49.6976 -3.92758 0
    endloop
  endfacet
  facet normal -0.956339 0.292259 0
    outer loop
      vertex 49.6976 -3.92758 2.5
      vertex 49.5521 -4.40369 0
      vertex 49.5521 -4.40369 2.5
    endloop
  endfacet
  facet normal -0.325569 -0.945518 0
    outer loop
      vertex 40.4037 13.5521 0
      vertex 40.8736 13.3903 2.5
      vertex 40.4037 13.5521 2.5
    endloop
  endfacet
  facet normal -0.325569 -0.945518 -0
    outer loop
      vertex 40.8736 13.3903 2.5
      vertex 40.4037 13.5521 0
      vertex 40.8736 13.3903 0
    endloop
  endfacet
  facet normal 0.996207 -0.0870204 0
    outer loop
      vertex -16.2149 0.993713 2.5
      vertex -16.1716 1.48941 0
      vertex -16.1716 1.48941 2.5
    endloop
  endfacet
  facet normal 0.996207 -0.0870204 0
    outer loop
      vertex -16.1716 1.48941 0
      vertex -16.2149 0.993713 2.5
      vertex -16.2149 0.993713 0
    endloop
  endfacet
  facet normal 0.819146 0.573585 0
    outer loop
      vertex -13.528 -8.37587 2.5
      vertex -13.8136 -7.968 0
      vertex -13.8136 -7.968 2.5
    endloop
  endfacet
  facet normal 0.819146 0.573585 0
    outer loop
      vertex -13.8136 -7.968 0
      vertex -13.528 -8.37587 2.5
      vertex -13.528 -8.37587 0
    endloop
  endfacet
  facet normal -0.453875 -0.891066 0
    outer loop
      vertex 42.2465 12.8075 0
      vertex 42.6898 12.5817 2.5
      vertex 42.2465 12.8075 2.5
    endloop
  endfacet
  facet normal -0.453875 -0.891066 -0
    outer loop
      vertex 42.6898 12.5817 2.5
      vertex 42.2465 12.8075 0
      vertex 42.6898 12.5817 0
    endloop
  endfacet
  facet normal -0.390839 0.920459 0
    outer loop
      vertex 41.7961 -13.0175 0
      vertex 41.3378 -13.2121 2.5
      vertex 41.7961 -13.0175 2.5
    endloop
  endfacet
  facet normal -0.390839 0.920459 0
    outer loop
      vertex 41.3378 -13.2121 2.5
      vertex 41.7961 -13.0175 0
      vertex 41.3378 -13.2121 0
    endloop
  endfacet
  facet normal 0.857161 0.515049 0
    outer loop
      vertex -14.0844 -7.55115 2.5
      vertex -14.3405 -7.12494 0
      vertex -14.3405 -7.12494 2.5
    endloop
  endfacet
  facet normal 0.857161 0.515049 0
    outer loop
      vertex -14.3405 -7.12494 0
      vertex -14.0844 -7.55115 2.5
      vertex -14.0844 -7.55115 0
    endloop
  endfacet
  facet normal 0.79864 -0.60181 0
    outer loop
      vertex -13.528 8.37587 2.5
      vertex -13.2287 8.77306 0
      vertex -13.2287 8.77306 2.5
    endloop
  endfacet
  facet normal 0.79864 -0.60181 0
    outer loop
      vertex -13.2287 8.77306 0
      vertex -13.528 8.37587 2.5
      vertex -13.528 8.37587 0
    endloop
  endfacet
  facet normal -0.731433 0.681913 0
    outer loop
      vertex 46.2501 -9.89885 0
      vertex 46.5894 -9.53491 2.5
      vertex 46.5894 -9.53491 0
    endloop
  endfacet
  facet normal -0.731433 0.681913 0
    outer loop
      vertex 46.5894 -9.53491 2.5
      vertex 46.2501 -9.89885 0
      vertex 46.2501 -9.89885 2.5
    endloop
  endfacet
  facet normal 0.156446 -0.987686 0
    outer loop
      vertex -4.47415 14.0332 0
      vertex -3.98361 14.1109 2.5
      vertex -4.47415 14.0332 2.5
    endloop
  endfacet
  facet normal 0.156446 -0.987686 0
    outer loop
      vertex -3.98361 14.1109 2.5
      vertex -4.47415 14.0332 0
      vertex -3.98361 14.1109 0
    endloop
  endfacet
  facet normal 0.121909 -0.992541 0
    outer loop
      vertex -3.98361 14.1109 0
      vertex -3.48941 14.1716 2.5
      vertex -3.98361 14.1109 2.5
    endloop
  endfacet
  facet normal 0.121909 -0.992541 0
    outer loop
      vertex -3.48941 14.1716 2.5
      vertex -3.98361 14.1109 0
      vertex -3.48941 14.1716 0
    endloop
  endfacet
  facet normal 0.325594 -0.94551 0
    outer loop
      vertex -6.87355 13.3903 0
      vertex -6.40369 13.5521 2.5
      vertex -6.87355 13.3903 2.5
    endloop
  endfacet
  facet normal 0.325594 -0.94551 0
    outer loop
      vertex -6.40369 13.5521 2.5
      vertex -6.87355 13.3903 0
      vertex -6.40369 13.5521 0
    endloop
  endfacet
  facet normal -0.777219 -0.629231 0
    outer loop
      vertex 47.2287 8.77306 0
      vertex 46.9161 9.15918 2.5
      vertex 46.9161 9.15918 0
    endloop
  endfacet
  facet normal -0.777219 -0.629231 0
    outer loop
      vertex 46.9161 9.15918 2.5
      vertex 47.2287 8.77306 0
      vertex 47.2287 8.77306 2.5
    endloop
  endfacet
  facet normal 0.515049 0.857161 -0
    outer loop
      vertex -9.12494 -12.3405 0
      vertex -9.55115 -12.0844 2.5
      vertex -9.12494 -12.3405 2.5
    endloop
  endfacet
  facet normal 0.515049 0.857161 0
    outer loop
      vertex -9.55115 -12.0844 2.5
      vertex -9.12494 -12.3405 0
      vertex -9.55115 -12.0844 0
    endloop
  endfacet
  facet normal -0.390839 -0.920459 0
    outer loop
      vertex 41.3378 13.2121 0
      vertex 41.7961 13.0175 2.5
      vertex 41.3378 13.2121 2.5
    endloop
  endfacet
  facet normal -0.390839 -0.920459 -0
    outer loop
      vertex 41.7961 13.0175 2.5
      vertex 41.3378 13.2121 0
      vertex 41.7961 13.0175 0
    endloop
  endfacet
  facet normal -0.87464 -0.484772 0
    outer loop
      vertex 48.5817 6.68976 0
      vertex 48.3405 7.12494 2.5
      vertex 48.3405 7.12494 0
    endloop
  endfacet
  facet normal -0.87464 -0.484772 0
    outer loop
      vertex 48.3405 7.12494 2.5
      vertex 48.5817 6.68976 0
      vertex 48.5817 6.68976 2.5
    endloop
  endfacet
  facet normal -0.190897 -0.98161 0
    outer loop
      vertex 38.4742 14.0332 0
      vertex 38.9627 13.9382 2.5
      vertex 38.4742 14.0332 2.5
    endloop
  endfacet
  facet normal -0.190897 -0.98161 -0
    outer loop
      vertex 38.9627 13.9382 2.5
      vertex 38.4742 14.0332 0
      vertex 38.9627 13.9382 0
    endloop
  endfacet
  facet normal -0.453875 0.891066 0
    outer loop
      vertex 42.6898 -12.5817 0
      vertex 42.2465 -12.8075 2.5
      vertex 42.6898 -12.5817 2.5
    endloop
  endfacet
  facet normal -0.453875 0.891066 0
    outer loop
      vertex 42.2465 -12.8075 2.5
      vertex 42.6898 -12.5817 0
      vertex 42.2465 -12.8075 0
    endloop
  endfacet
  facet normal 0.777219 -0.629231 0
    outer loop
      vertex -13.2287 8.77306 2.5
      vertex -12.9161 9.15918 0
      vertex -12.9161 9.15918 2.5
    endloop
  endfacet
  facet normal 0.777219 -0.629231 0
    outer loop
      vertex -12.9161 9.15918 0
      vertex -13.2287 8.77306 2.5
      vertex -13.2287 8.77306 0
    endloop
  endfacet
  facet normal 0.754627 0.656154 0
    outer loop
      vertex -12.5894 -9.53491 2.5
      vertex -12.9161 -9.15918 0
      vertex -12.9161 -9.15918 2.5
    endloop
  endfacet
  facet normal 0.754627 0.656154 0
    outer loop
      vertex -12.9161 -9.15918 0
      vertex -12.5894 -9.53491 2.5
      vertex -12.5894 -9.53491 0
    endloop
  endfacet
  facet normal -0.544727 -0.838614 0
    outer loop
      vertex 43.5511 12.0844 0
      vertex 43.968 11.8136 2.5
      vertex 43.5511 12.0844 2.5
    endloop
  endfacet
  facet normal -0.544727 -0.838614 -0
    outer loop
      vertex 43.968 11.8136 2.5
      vertex 43.5511 12.0844 0
      vertex 43.968 11.8136 0
    endloop
  endfacet
  facet normal 0.422608 -0.906313 0
    outer loop
      vertex -8.24646 12.8075 0
      vertex -7.7961 13.0175 2.5
      vertex -8.24646 12.8075 2.5
    endloop
  endfacet
  facet normal 0.422608 -0.906313 0
    outer loop
      vertex -7.7961 13.0175 2.5
      vertex -8.24646 12.8075 0
      vertex -7.7961 13.0175 0
    endloop
  endfacet
  facet normal -0.224845 -0.974395 0
    outer loop
      vertex 38.9627 13.9382 0
      vertex 39.4472 13.8264 2.5
      vertex 38.9627 13.9382 2.5
    endloop
  endfacet
  facet normal -0.224845 -0.974395 -0
    outer loop
      vertex 39.4472 13.8264 2.5
      vertex 38.9627 13.9382 0
      vertex 39.4472 13.8264 0
    endloop
  endfacet
  facet normal -0.933589 -0.358346 0
    outer loop
      vertex 49.3903 4.87355 0
      vertex 49.2121 5.33781 2.5
      vertex 49.2121 5.33781 0
    endloop
  endfacet
  facet normal -0.933589 -0.358346 0
    outer loop
      vertex 49.2121 5.33781 2.5
      vertex 49.3903 4.87355 0
      vertex 49.3903 4.87355 2.5
    endloop
  endfacet
  facet normal 0.998631 0.0523136 0
    outer loop
      vertex -16.2149 -0.993713 2.5
      vertex -16.2409 -0.497391 0
      vertex -16.2409 -0.497391 2.5
    endloop
  endfacet
  facet normal 0.998631 0.0523136 0
    outer loop
      vertex -16.2409 -0.497391 0
      vertex -16.2149 -0.993713 2.5
      vertex -16.2149 -0.993713 0
    endloop
  endfacet
  facet normal 0.358346 -0.933589 0
    outer loop
      vertex -7.33781 13.2121 0
      vertex -6.87355 13.3903 2.5
      vertex -7.33781 13.2121 2.5
    endloop
  endfacet
  facet normal 0.358346 -0.933589 0
    outer loop
      vertex -6.87355 13.3903 2.5
      vertex -7.33781 13.2121 0
      vertex -6.87355 13.3903 0
    endloop
  endfacet
  facet normal -0.965882 0.258984 0
    outer loop
      vertex 49.6976 -3.92758 0
      vertex 49.8264 -3.44722 2.5
      vertex 49.8264 -3.44722 0
    endloop
  endfacet
  facet normal -0.965882 0.258984 0
    outer loop
      vertex 49.8264 -3.44722 2.5
      vertex 49.6976 -3.92758 0
      vertex 49.6976 -3.92758 2.5
    endloop
  endfacet
  facet normal 0.544773 0.838584 -0
    outer loop
      vertex -9.55115 -12.0844 0
      vertex -9.968 -11.8136 2.5
      vertex -9.55115 -12.0844 2.5
    endloop
  endfacet
  facet normal 0.544773 0.838584 0
    outer loop
      vertex -9.968 -11.8136 2.5
      vertex -9.55115 -12.0844 0
      vertex -9.968 -11.8136 0
    endloop
  endfacet
  facet normal -0.94551 0.325594 0
    outer loop
      vertex 49.3903 -4.87355 0
      vertex 49.5521 -4.40369 2.5
      vertex 49.5521 -4.40369 0
    endloop
  endfacet
  facet normal -0.94551 0.325594 0
    outer loop
      vertex 49.5521 -4.40369 2.5
      vertex 49.3903 -4.87355 0
      vertex 49.3903 -4.87355 2.5
    endloop
  endfacet
  facet normal 0.292259 -0.956339 0
    outer loop
      vertex -6.40369 13.5521 0
      vertex -5.92758 13.6976 2.5
      vertex -6.40369 13.5521 2.5
    endloop
  endfacet
  facet normal 0.292259 -0.956339 0
    outer loop
      vertex -5.92758 13.6976 2.5
      vertex -6.40369 13.5521 0
      vertex -5.92758 13.6976 0
    endloop
  endfacet
  facet normal 0.484772 0.87464 -0
    outer loop
      vertex -8.68976 -12.5817 0
      vertex -9.12494 -12.3405 2.5
      vertex -8.68976 -12.5817 2.5
    endloop
  endfacet
  facet normal 0.484772 0.87464 0
    outer loop
      vertex -9.12494 -12.3405 2.5
      vertex -8.68976 -12.5817 0
      vertex -9.12494 -12.3405 0
    endloop
  endfacet
  facet normal 0.453875 0.891066 -0
    outer loop
      vertex -8.24646 -12.8075 0
      vertex -8.68976 -12.5817 2.5
      vertex -8.24646 -12.8075 2.5
    endloop
  endfacet
  facet normal 0.453875 0.891066 0
    outer loop
      vertex -8.68976 -12.5817 2.5
      vertex -8.24646 -12.8075 0
      vertex -8.68976 -12.5817 0
    endloop
  endfacet
  facet normal -0.681953 0.731396 0
    outer loop
      vertex 45.8988 -10.2501 0
      vertex 45.5349 -10.5894 2.5
      vertex 45.8988 -10.2501 2.5
    endloop
  endfacet
  facet normal -0.681953 0.731396 0
    outer loop
      vertex 45.5349 -10.5894 2.5
      vertex 45.8988 -10.2501 0
      vertex 45.5349 -10.5894 0
    endloop
  endfacet
  facet normal 0.965882 0.258984 0
    outer loop
      vertex -15.6976 -3.92758 2.5
      vertex -15.8264 -3.44722 0
      vertex -15.8264 -3.44722 2.5
    endloop
  endfacet
  facet normal 0.965882 0.258984 0
    outer loop
      vertex -15.8264 -3.44722 0
      vertex -15.6976 -3.92758 2.5
      vertex -15.6976 -3.92758 0
    endloop
  endfacet
  facet normal -0.987686 0.156446 0
    outer loop
      vertex 50.0332 -2.47415 0
      vertex 50.1109 -1.98361 2.5
      vertex 50.1109 -1.98361 0
    endloop
  endfacet
  facet normal -0.987686 0.156446 0
    outer loop
      vertex 50.1109 -1.98361 2.5
      vertex 50.0332 -2.47415 0
      vertex 50.0332 -2.47415 2.5
    endloop
  endfacet
  facet normal -0.857161 -0.515049 0
    outer loop
      vertex 48.3405 7.12494 0
      vertex 48.0844 7.55115 2.5
      vertex 48.0844 7.55115 0
    endloop
  endfacet
  facet normal -0.857161 -0.515049 0
    outer loop
      vertex 48.0844 7.55115 2.5
      vertex 48.3405 7.12494 0
      vertex 48.3405 7.12494 2.5
    endloop
  endfacet
  facet normal 0.79864 0.60181 0
    outer loop
      vertex -13.2287 -8.77306 2.5
      vertex -13.528 -8.37587 0
      vertex -13.528 -8.37587 2.5
    endloop
  endfacet
  facet normal 0.79864 0.60181 0
    outer loop
      vertex -13.528 -8.37587 0
      vertex -13.2287 -8.77306 2.5
      vertex -13.2287 -8.77306 0
    endloop
  endfacet
  facet normal 0.981617 -0.190863 0
    outer loop
      vertex -16.0332 2.47415 2.5
      vertex -15.9382 2.96274 0
      vertex -15.9382 2.96274 2.5
    endloop
  endfacet
  facet normal 0.981617 -0.190863 0
    outer loop
      vertex -15.9382 2.96274 0
      vertex -16.0332 2.47415 2.5
      vertex -16.0332 2.47415 0
    endloop
  endfacet
  facet normal -0.62925 -0.777203 0
    outer loop
      vertex 44.7731 11.2287 0
      vertex 45.1592 10.9161 2.5
      vertex 44.7731 11.2287 2.5
    endloop
  endfacet
  facet normal -0.62925 -0.777203 -0
    outer loop
      vertex 45.1592 10.9161 2.5
      vertex 44.7731 11.2287 0
      vertex 45.1592 10.9161 0
    endloop
  endfacet
  facet normal -0.422577 -0.906327 0
    outer loop
      vertex 41.7961 13.0175 0
      vertex 42.2465 12.8075 2.5
      vertex 41.7961 13.0175 2.5
    endloop
  endfacet
  facet normal -0.422577 -0.906327 -0
    outer loop
      vertex 42.2465 12.8075 2.5
      vertex 41.7961 13.0175 0
      vertex 42.2465 12.8075 0
    endloop
  endfacet
  facet normal -0.79864 -0.60181 0
    outer loop
      vertex 47.528 8.37587 0
      vertex 47.2287 8.77306 2.5
      vertex 47.2287 8.77306 0
    endloop
  endfacet
  facet normal -0.79864 -0.60181 0
    outer loop
      vertex 47.2287 8.77306 2.5
      vertex 47.528 8.37587 0
      vertex 47.528 8.37587 2.5
    endloop
  endfacet
  facet normal 0.94551 0.325594 0
    outer loop
      vertex -15.3903 -4.87355 2.5
      vertex -15.5521 -4.40369 0
      vertex -15.5521 -4.40369 2.5
    endloop
  endfacet
  facet normal 0.94551 0.325594 0
    outer loop
      vertex -15.5521 -4.40369 0
      vertex -15.3903 -4.87355 2.5
      vertex -15.3903 -4.87355 0
    endloop
  endfacet
  facet normal 0.224854 -0.974393 0
    outer loop
      vertex -5.44722 13.8264 0
      vertex -4.96274 13.9382 2.5
      vertex -5.44722 13.8264 2.5
    endloop
  endfacet
  facet normal 0.224854 -0.974393 0
    outer loop
      vertex -4.96274 13.9382 2.5
      vertex -5.44722 13.8264 0
      vertex -4.96274 13.9382 0
    endloop
  endfacet
  facet normal 0.754627 -0.656154 0
    outer loop
      vertex -12.9161 9.15918 2.5
      vertex -12.5894 9.53491 0
      vertex -12.5894 9.53491 2.5
    endloop
  endfacet
  facet normal 0.754627 -0.656154 0
    outer loop
      vertex -12.5894 9.53491 0
      vertex -12.9161 9.15918 2.5
      vertex -12.9161 9.15918 0
    endloop
  endfacet
  facet normal -0.484841 0.874603 0
    outer loop
      vertex 43.1249 -12.3405 0
      vertex 42.6898 -12.5817 2.5
      vertex 43.1249 -12.3405 2.5
    endloop
  endfacet
  facet normal -0.484841 0.874603 0
    outer loop
      vertex 42.6898 -12.5817 2.5
      vertex 43.1249 -12.3405 0
      vertex 42.6898 -12.5817 0
    endloop
  endfacet
  facet normal -0.999847 -0.0174886 0
    outer loop
      vertex 50.2496 0 0
      vertex 50.2409 0.497391 2.5
      vertex 50.2409 0.497391 0
    endloop
  endfacet
  facet normal -0.999847 -0.0174886 0
    outer loop
      vertex 50.2409 0.497391 2.5
      vertex 50.2496 0 0
      vertex 50.2496 0 2.5
    endloop
  endfacet
  facet normal 0.777219 0.629231 0
    outer loop
      vertex -12.9161 -9.15918 2.5
      vertex -13.2287 -8.77306 0
      vertex -13.2287 -8.77306 2.5
    endloop
  endfacet
  facet normal 0.777219 0.629231 0
    outer loop
      vertex -13.2287 -8.77306 0
      vertex -12.9161 -9.15918 2.5
      vertex -12.9161 -9.15918 0
    endloop
  endfacet
  facet normal 0.731433 -0.681913 0
    outer loop
      vertex -12.5894 9.53491 2.5
      vertex -12.2501 9.89885 0
      vertex -12.2501 9.89885 2.5
    endloop
  endfacet
  facet normal 0.731433 -0.681913 0
    outer loop
      vertex -12.2501 9.89885 0
      vertex -12.5894 9.53491 2.5
      vertex -12.5894 9.53491 0
    endloop
  endfacet
  facet normal -0.987686 -0.156446 0
    outer loop
      vertex 50.1109 1.98361 0
      vertex 50.0332 2.47415 2.5
      vertex 50.0332 2.47415 0
    endloop
  endfacet
  facet normal -0.987686 -0.156446 0
    outer loop
      vertex 50.0332 2.47415 2.5
      vertex 50.1109 1.98361 0
      vertex 50.1109 1.98361 2.5
    endloop
  endfacet
  facet normal 0.6018 0.798647 -0
    outer loop
      vertex -10.3759 -11.528 0
      vertex -10.7731 -11.2287 2.5
      vertex -10.3759 -11.528 2.5
    endloop
  endfacet
  facet normal 0.6018 0.798647 0
    outer loop
      vertex -10.7731 -11.2287 2.5
      vertex -10.3759 -11.528 0
      vertex -10.7731 -11.2287 0
    endloop
  endfacet
  facet normal -0.62925 0.777203 0
    outer loop
      vertex 45.1592 -10.9161 0
      vertex 44.7731 -11.2287 2.5
      vertex 45.1592 -10.9161 2.5
    endloop
  endfacet
  facet normal -0.62925 0.777203 0
    outer loop
      vertex 44.7731 -11.2287 2.5
      vertex 45.1592 -10.9161 0
      vertex 44.7731 -11.2287 0
    endloop
  endfacet
  facet normal -0.6018 0.798647 0
    outer loop
      vertex 44.7731 -11.2287 0
      vertex 44.3759 -11.528 2.5
      vertex 44.7731 -11.2287 2.5
    endloop
  endfacet
  facet normal -0.6018 0.798647 0
    outer loop
      vertex 44.3759 -11.528 2.5
      vertex 44.7731 -11.2287 0
      vertex 44.3759 -11.528 0
    endloop
  endfacet
  facet normal -0.707056 0.707157 0
    outer loop
      vertex 45.8988 -10.2501 0
      vertex 46.2501 -9.89885 2.5
      vertex 46.2501 -9.89885 0
    endloop
  endfacet
  facet normal -0.707056 0.707157 0
    outer loop
      vertex 46.2501 -9.89885 2.5
      vertex 45.8988 -10.2501 0
      vertex 45.8988 -10.2501 2.5
    endloop
  endfacet
  facet normal 0.933589 0.358346 0
    outer loop
      vertex -15.2121 -5.33781 2.5
      vertex -15.3903 -4.87355 0
      vertex -15.3903 -4.87355 2.5
    endloop
  endfacet
  facet normal 0.933589 0.358346 0
    outer loop
      vertex -15.3903 -4.87355 0
      vertex -15.2121 -5.33781 2.5
      vertex -15.2121 -5.33781 0
    endloop
  endfacet
  facet normal -0.292264 0.956338 0
    outer loop
      vertex 40.4037 -13.5521 0
      vertex 39.9276 -13.6976 2.5
      vertex 40.4037 -13.5521 2.5
    endloop
  endfacet
  facet normal -0.292264 0.956338 0
    outer loop
      vertex 39.9276 -13.6976 2.5
      vertex 40.4037 -13.5521 0
      vertex 39.9276 -13.6976 0
    endloop
  endfacet
  facet normal -0.258964 -0.965887 0
    outer loop
      vertex 39.4472 13.8264 0
      vertex 39.9276 13.6976 2.5
      vertex 39.4472 13.8264 2.5
    endloop
  endfacet
  facet normal -0.258964 -0.965887 -0
    outer loop
      vertex 39.9276 13.6976 2.5
      vertex 39.4472 13.8264 0
      vertex 39.9276 13.6976 0
    endloop
  endfacet
  facet normal -0.79864 0.60181 0
    outer loop
      vertex 47.2287 -8.77306 0
      vertex 47.528 -8.37587 2.5
      vertex 47.528 -8.37587 0
    endloop
  endfacet
  facet normal -0.79864 0.60181 0
    outer loop
      vertex 47.528 -8.37587 2.5
      vertex 47.2287 -8.77306 0
      vertex 47.2287 -8.77306 2.5
    endloop
  endfacet
  facet normal -0.996207 0.0870204 0
    outer loop
      vertex 50.1716 -1.48941 0
      vertex 50.2149 -0.993713 2.5
      vertex 50.2149 -0.993713 0
    endloop
  endfacet
  facet normal -0.996207 0.0870204 0
    outer loop
      vertex 50.2149 -0.993713 2.5
      vertex 50.1716 -1.48941 0
      vertex 50.1716 -1.48941 2.5
    endloop
  endfacet
  facet normal 0.515049 -0.857161 0
    outer loop
      vertex -9.55115 12.0844 0
      vertex -9.12494 12.3405 2.5
      vertex -9.55115 12.0844 2.5
    endloop
  endfacet
  facet normal 0.515049 -0.857161 0
    outer loop
      vertex -9.12494 12.3405 2.5
      vertex -9.55115 12.0844 0
      vertex -9.12494 12.3405 0
    endloop
  endfacet
  facet normal 0.681953 -0.731396 0
    outer loop
      vertex -11.8988 10.2501 0
      vertex -11.5349 10.5894 2.5
      vertex -11.8988 10.2501 2.5
    endloop
  endfacet
  facet normal 0.681953 -0.731396 0
    outer loop
      vertex -11.5349 10.5894 2.5
      vertex -11.8988 10.2501 0
      vertex -11.5349 10.5894 0
    endloop
  endfacet
  facet normal 0.358346 0.933589 -0
    outer loop
      vertex -6.87355 -13.3903 0
      vertex -7.33781 -13.2121 2.5
      vertex -6.87355 -13.3903 2.5
    endloop
  endfacet
  facet normal 0.358346 0.933589 0
    outer loop
      vertex -7.33781 -13.2121 2.5
      vertex -6.87355 -13.3903 0
      vertex -7.33781 -13.2121 0
    endloop
  endfacet
  facet normal 0.906313 -0.422608 0
    outer loop
      vertex -15.0175 5.7961 2.5
      vertex -14.8075 6.24646 0
      vertex -14.8075 6.24646 2.5
    endloop
  endfacet
  facet normal 0.906313 -0.422608 0
    outer loop
      vertex -14.8075 6.24646 0
      vertex -15.0175 5.7961 2.5
      vertex -15.0175 5.7961 0
    endloop
  endfacet
  facet normal 0.707056 0.707157 0
    outer loop
      vertex -11.8988 -10.2501 2.5
      vertex -12.2501 -9.89885 0
      vertex -12.2501 -9.89885 2.5
    endloop
  endfacet
  facet normal 0.707056 0.707157 0
    outer loop
      vertex -12.2501 -9.89885 0
      vertex -11.8988 -10.2501 2.5
      vertex -11.8988 -10.2501 0
    endloop
  endfacet
  facet normal 0.906313 0.422608 0
    outer loop
      vertex -14.8075 -6.24646 2.5
      vertex -15.0175 -5.7961 0
      vertex -15.0175 -5.7961 2.5
    endloop
  endfacet
  facet normal 0.906313 0.422608 0
    outer loop
      vertex -15.0175 -5.7961 0
      vertex -14.8075 -6.24646 2.5
      vertex -14.8075 -6.24646 0
    endloop
  endfacet
  facet normal 0.920456 -0.390846 0
    outer loop
      vertex -15.2121 5.33781 2.5
      vertex -15.0175 5.7961 0
      vertex -15.0175 5.7961 2.5
    endloop
  endfacet
  facet normal 0.920456 -0.390846 0
    outer loop
      vertex -15.0175 5.7961 0
      vertex -15.2121 5.33781 2.5
      vertex -15.2121 5.33781 0
    endloop
  endfacet
  facet normal 0.656184 -0.754601 0
    outer loop
      vertex -11.5349 10.5894 0
      vertex -11.1592 10.9161 2.5
      vertex -11.5349 10.5894 2.5
    endloop
  endfacet
  facet normal 0.656184 -0.754601 0
    outer loop
      vertex -11.1592 10.9161 2.5
      vertex -11.5349 10.5894 0
      vertex -11.1592 10.9161 0
    endloop
  endfacet
  facet normal 0.819146 -0.573585 0
    outer loop
      vertex -13.8136 7.968 2.5
      vertex -13.528 8.37587 0
      vertex -13.528 8.37587 2.5
    endloop
  endfacet
  facet normal 0.819146 -0.573585 0
    outer loop
      vertex -13.528 8.37587 0
      vertex -13.8136 7.968 2.5
      vertex -13.8136 7.968 0
    endloop
  endfacet
  facet normal -0.819146 -0.573585 0
    outer loop
      vertex 47.8136 7.968 0
      vertex 47.528 8.37587 2.5
      vertex 47.528 8.37587 0
    endloop
  endfacet
  facet normal -0.819146 -0.573585 0
    outer loop
      vertex 47.528 8.37587 2.5
      vertex 47.8136 7.968 0
      vertex 47.8136 7.968 2.5
    endloop
  endfacet
  facet normal 0.956339 0.292259 0
    outer loop
      vertex -15.5521 -4.40369 2.5
      vertex -15.6976 -3.92758 0
      vertex -15.6976 -3.92758 2.5
    endloop
  endfacet
  facet normal 0.956339 0.292259 0
    outer loop
      vertex -15.6976 -3.92758 0
      vertex -15.5521 -4.40369 2.5
      vertex -15.5521 -4.40369 0
    endloop
  endfacet
  facet normal -0.573557 -0.819166 0
    outer loop
      vertex 43.968 11.8136 0
      vertex 44.3759 11.528 2.5
      vertex 43.968 11.8136 2.5
    endloop
  endfacet
  facet normal -0.573557 -0.819166 -0
    outer loop
      vertex 44.3759 11.528 2.5
      vertex 43.968 11.8136 0
      vertex 44.3759 11.528 0
    endloop
  endfacet
  facet normal -0.838584 -0.544773 0
    outer loop
      vertex 48.0844 7.55115 0
      vertex 47.8136 7.968 2.5
      vertex 47.8136 7.968 0
    endloop
  endfacet
  facet normal -0.838584 -0.544773 0
    outer loop
      vertex 47.8136 7.968 2.5
      vertex 48.0844 7.55115 0
      vertex 48.0844 7.55115 2.5
    endloop
  endfacet
  facet normal 0.325594 0.94551 -0
    outer loop
      vertex -6.40369 -13.5521 0
      vertex -6.87355 -13.3903 2.5
      vertex -6.40369 -13.5521 2.5
    endloop
  endfacet
  facet normal 0.325594 0.94551 0
    outer loop
      vertex -6.87355 -13.3903 2.5
      vertex -6.40369 -13.5521 0
      vertex -6.87355 -13.3903 0
    endloop
  endfacet
  facet normal -0.906313 0.422608 0
    outer loop
      vertex 48.8075 -6.24646 0
      vertex 49.0175 -5.7961 2.5
      vertex 49.0175 -5.7961 0
    endloop
  endfacet
  facet normal -0.906313 0.422608 0
    outer loop
      vertex 49.0175 -5.7961 2.5
      vertex 48.8075 -6.24646 0
      vertex 48.8075 -6.24646 2.5
    endloop
  endfacet
  facet normal -0.996207 -0.0870204 0
    outer loop
      vertex 50.2149 0.993713 0
      vertex 50.1716 1.48941 2.5
      vertex 50.1716 1.48941 0
    endloop
  endfacet
  facet normal -0.996207 -0.0870204 0
    outer loop
      vertex 50.1716 1.48941 2.5
      vertex 50.2149 0.993713 0
      vertex 50.2149 0.993713 2.5
    endloop
  endfacet
  facet normal -0.94551 -0.325594 0
    outer loop
      vertex 49.5521 4.40369 0
      vertex 49.3903 4.87355 2.5
      vertex 49.3903 4.87355 0
    endloop
  endfacet
  facet normal -0.94551 -0.325594 0
    outer loop
      vertex 49.3903 4.87355 2.5
      vertex 49.5521 4.40369 0
      vertex 49.5521 4.40369 2.5
    endloop
  endfacet
  facet normal -0.681953 -0.731396 0
    outer loop
      vertex 45.5349 10.5894 0
      vertex 45.8988 10.2501 2.5
      vertex 45.5349 10.5894 2.5
    endloop
  endfacet
  facet normal -0.681953 -0.731396 -0
    outer loop
      vertex 45.8988 10.2501 2.5
      vertex 45.5349 10.5894 0
      vertex 45.8988 10.2501 0
    endloop
  endfacet
  facet normal 0.998631 -0.0523136 0
    outer loop
      vertex -16.2409 0.497391 2.5
      vertex -16.2149 0.993713 0
      vertex -16.2149 0.993713 2.5
    endloop
  endfacet
  facet normal 0.998631 -0.0523136 0
    outer loop
      vertex -16.2149 0.993713 0
      vertex -16.2409 0.497391 2.5
      vertex -16.2409 0.497391 0
    endloop
  endfacet
  facet normal -0.292264 -0.956338 0
    outer loop
      vertex 39.9276 13.6976 0
      vertex 40.4037 13.5521 2.5
      vertex 39.9276 13.6976 2.5
    endloop
  endfacet
  facet normal -0.292264 -0.956338 -0
    outer loop
      vertex 40.4037 13.5521 2.5
      vertex 39.9276 13.6976 0
      vertex 40.4037 13.5521 0
    endloop
  endfacet
  facet normal -0.998631 -0.0523136 0
    outer loop
      vertex 50.2409 0.497391 0
      vertex 50.2149 0.993713 2.5
      vertex 50.2149 0.993713 0
    endloop
  endfacet
  facet normal -0.998631 -0.0523136 0
    outer loop
      vertex 50.2149 0.993713 2.5
      vertex 50.2409 0.497391 0
      vertex 50.2409 0.497391 2.5
    endloop
  endfacet
  facet normal 0.987686 -0.156446 0
    outer loop
      vertex -16.1109 1.98361 2.5
      vertex -16.0332 2.47415 0
      vertex -16.0332 2.47415 2.5
    endloop
  endfacet
  facet normal 0.987686 -0.156446 0
    outer loop
      vertex -16.0332 2.47415 0
      vertex -16.1109 1.98361 2.5
      vertex -16.1109 1.98361 0
    endloop
  endfacet
  facet normal 0.422608 0.906313 -0
    outer loop
      vertex -7.7961 -13.0175 0
      vertex -8.24646 -12.8075 2.5
      vertex -7.7961 -13.0175 2.5
    endloop
  endfacet
  facet normal 0.422608 0.906313 0
    outer loop
      vertex -8.24646 -12.8075 2.5
      vertex -7.7961 -13.0175 0
      vertex -8.24646 -12.8075 0
    endloop
  endfacet
  facet normal -0.731433 -0.681913 0
    outer loop
      vertex 46.5894 9.53491 0
      vertex 46.2501 9.89885 2.5
      vertex 46.2501 9.89885 0
    endloop
  endfacet
  facet normal -0.731433 -0.681913 0
    outer loop
      vertex 46.2501 9.89885 2.5
      vertex 46.5894 9.53491 0
      vertex 46.5894 9.53491 2.5
    endloop
  endfacet
  facet normal 0.891066 -0.453875 0
    outer loop
      vertex -14.8075 6.24646 2.5
      vertex -14.5817 6.68976 0
      vertex -14.5817 6.68976 2.5
    endloop
  endfacet
  facet normal 0.891066 -0.453875 0
    outer loop
      vertex -14.5817 6.68976 0
      vertex -14.8075 6.24646 2.5
      vertex -14.8075 6.24646 0
    endloop
  endfacet
  facet normal 0.965882 -0.258984 0
    outer loop
      vertex -15.8264 3.44722 2.5
      vertex -15.6976 3.92758 0
      vertex -15.6976 3.92758 2.5
    endloop
  endfacet
  facet normal 0.965882 -0.258984 0
    outer loop
      vertex -15.6976 3.92758 0
      vertex -15.8264 3.44722 2.5
      vertex -15.8264 3.44722 0
    endloop
  endfacet
  facet normal 0.981617 0.190863 0
    outer loop
      vertex -15.9382 -2.96274 2.5
      vertex -16.0332 -2.47415 0
      vertex -16.0332 -2.47415 2.5
    endloop
  endfacet
  facet normal 0.981617 0.190863 0
    outer loop
      vertex -16.0332 -2.47415 0
      vertex -15.9382 -2.96274 2.5
      vertex -15.9382 -2.96274 0
    endloop
  endfacet
  facet normal 0.920456 0.390846 0
    outer loop
      vertex -15.0175 -5.7961 2.5
      vertex -15.2121 -5.33781 0
      vertex -15.2121 -5.33781 2.5
    endloop
  endfacet
  facet normal 0.920456 0.390846 0
    outer loop
      vertex -15.2121 -5.33781 0
      vertex -15.0175 -5.7961 2.5
      vertex -15.0175 -5.7961 0
    endloop
  endfacet
  facet normal -0.998631 0.0523136 0
    outer loop
      vertex 50.2149 -0.993713 0
      vertex 50.2409 -0.497391 2.5
      vertex 50.2409 -0.497391 0
    endloop
  endfacet
  facet normal -0.998631 0.0523136 0
    outer loop
      vertex 50.2409 -0.497391 2.5
      vertex 50.2149 -0.993713 0
      vertex 50.2149 -0.993713 2.5
    endloop
  endfacet
  facet normal 0.857161 -0.515049 0
    outer loop
      vertex -14.3405 7.12494 2.5
      vertex -14.0844 7.55115 0
      vertex -14.0844 7.55115 2.5
    endloop
  endfacet
  facet normal 0.857161 -0.515049 0
    outer loop
      vertex -14.0844 7.55115 0
      vertex -14.3405 7.12494 2.5
      vertex -14.3405 7.12494 0
    endloop
  endfacet
  facet normal 0.838584 -0.544773 0
    outer loop
      vertex -14.0844 7.55115 2.5
      vertex -13.8136 7.968 0
      vertex -13.8136 7.968 2.5
    endloop
  endfacet
  facet normal 0.838584 -0.544773 0
    outer loop
      vertex -13.8136 7.968 0
      vertex -14.0844 7.55115 2.5
      vertex -14.0844 7.55115 0
    endloop
  endfacet
  facet normal 0.933589 -0.358346 0
    outer loop
      vertex -15.3903 4.87355 2.5
      vertex -15.2121 5.33781 0
      vertex -15.2121 5.33781 2.5
    endloop
  endfacet
  facet normal 0.933589 -0.358346 0
    outer loop
      vertex -15.2121 5.33781 0
      vertex -15.3903 4.87355 2.5
      vertex -15.3903 4.87355 0
    endloop
  endfacet
  facet normal 0.992541 0.121909 0
    outer loop
      vertex -16.1109 -1.98361 2.5
      vertex -16.1716 -1.48941 0
      vertex -16.1716 -1.48941 2.5
    endloop
  endfacet
  facet normal 0.992541 0.121909 0
    outer loop
      vertex -16.1716 -1.48941 0
      vertex -16.1109 -1.98361 2.5
      vertex -16.1109 -1.98361 0
    endloop
  endfacet
  facet normal 0.838584 0.544773 0
    outer loop
      vertex -13.8136 -7.968 2.5
      vertex -14.0844 -7.55115 0
      vertex -14.0844 -7.55115 2.5
    endloop
  endfacet
  facet normal 0.838584 0.544773 0
    outer loop
      vertex -14.0844 -7.55115 0
      vertex -13.8136 -7.968 2.5
      vertex -13.8136 -7.968 0
    endloop
  endfacet
  facet normal 0.707056 -0.707157 0
    outer loop
      vertex -12.2501 9.89885 2.5
      vertex -11.8988 10.2501 0
      vertex -11.8988 10.2501 2.5
    endloop
  endfacet
  facet normal 0.707056 -0.707157 0
    outer loop
      vertex -11.8988 10.2501 0
      vertex -12.2501 9.89885 2.5
      vertex -12.2501 9.89885 0
    endloop
  endfacet
  facet normal 0.62925 -0.777203 0
    outer loop
      vertex -11.1592 10.9161 0
      vertex -10.7731 11.2287 2.5
      vertex -11.1592 10.9161 2.5
    endloop
  endfacet
  facet normal 0.62925 -0.777203 0
    outer loop
      vertex -10.7731 11.2287 2.5
      vertex -11.1592 10.9161 0
      vertex -10.7731 11.2287 0
    endloop
  endfacet
  facet normal 0.6018 -0.798647 0
    outer loop
      vertex -10.7731 11.2287 0
      vertex -10.3759 11.528 2.5
      vertex -10.7731 11.2287 2.5
    endloop
  endfacet
  facet normal 0.6018 -0.798647 0
    outer loop
      vertex -10.3759 11.528 2.5
      vertex -10.7731 11.2287 0
      vertex -10.3759 11.528 0
    endloop
  endfacet
endsolid OpenSCAD_Model
