solid OpenSCAD_Model
  facet normal 0 1 0
    outer loop
      vertex 21.725 2 6
      vertex 28.5181 2 41
      vertex 46.6216 2 6
    endloop
  endfacet
  facet normal 0 1 0
    outer loop
      vertex 28.5181 2 41
      vertex 21.725 2 6
      vertex 21.725 2 41
    endloop
  endfacet
  facet normal 0 -1 0
    outer loop
      vertex 21.725 -2 6
      vertex 28.5181 -2 41
      vertex 21.725 -2 41
    endloop
  endfacet
  facet normal 0 -1 -0
    outer loop
      vertex 28.5181 -2 41
      vertex 21.725 -2 6
      vertex 46.6216 -2 6
    endloop
  endfacet
  facet normal 0.888217 -0 0.459424
    outer loop
      vertex 28.5181 -2 41
      vertex 46.6216 2 6
      vertex 28.5181 2 41
    endloop
  endfacet
  facet normal 0.888217 0 0.459424
    outer loop
      vertex 46.6216 2 6
      vertex 28.5181 -2 41
      vertex 46.6216 -2 6
    endloop
  endfacet
  facet normal 0 0 -1
    outer loop
      vertex -50.8642 -23.8232 0
      vertex -17.725 -17.725 0
      vertex -50.7732 -24.2099 0
    endloop
  endfacet
  facet normal 0 0 -1
    outer loop
      vertex -17.725 17.725 0
      vertex -50.7183 84.6032 0
      vertex -50.7 85 0
    endloop
  endfacet
  facet normal 0 0 -1
    outer loop
      vertex -50.9904 -23.4467 0
      vertex -17.725 -17.725 0
      vertex -50.8642 -23.8232 0
    endloop
  endfacet
  facet normal 0 0 -1
    outer loop
      vertex -17.725 17.725 0
      vertex -50.7732 84.2099 0
      vertex -50.7183 84.6032 0
    endloop
  endfacet
  facet normal 0 0 -1
    outer loop
      vertex -51.1508 -23.0833 0
      vertex -17.725 -17.725 0
      vertex -50.9904 -23.4467 0
    endloop
  endfacet
  facet normal 0 0 -1
    outer loop
      vertex -17.725 17.725 0
      vertex -50.8642 83.8232 0
      vertex -50.7732 84.2099 0
    endloop
  endfacet
  facet normal 0 0 -1
    outer loop
      vertex -51.3441 -22.7363 0
      vertex -17.725 -17.725 0
      vertex -51.1508 -23.0833 0
    endloop
  endfacet
  facet normal 0 0 -1
    outer loop
      vertex -17.725 17.725 0
      vertex -50.9904 83.4467 0
      vertex -50.8642 83.8232 0
    endloop
  endfacet
  facet normal 0 0 -1
    outer loop
      vertex -51.5685 -22.4087 0
      vertex -17.725 -17.725 0
      vertex -51.3441 -22.7363 0
    endloop
  endfacet
  facet normal 0 0 -1
    outer loop
      vertex -17.725 17.725 0
      vertex -51.1508 83.0833 0
      vertex -50.9904 83.4467 0
    endloop
  endfacet
  facet normal 0 0 -1
    outer loop
      vertex -51.8223 -22.1031 0
      vertex -17.725 -17.725 0
      vertex -51.5685 -22.4087 0
    endloop
  endfacet
  facet normal 0 0 -1
    outer loop
      vertex -17.725 17.725 0
      vertex -51.3441 82.7363 0
      vertex -51.1508 83.0833 0
    endloop
  endfacet
  facet normal 0 0 -1
    outer loop
      vertex -52.1031 -21.8223 0
      vertex -17.725 -17.725 0
      vertex -51.8223 -22.1031 0
    endloop
  endfacet
  facet normal 0 0 -1
    outer loop
      vertex -17.725 17.725 0
      vertex -51.5685 82.4087 0
      vertex -51.3441 82.7363 0
    endloop
  endfacet
  facet normal 0 0 -1
    outer loop
      vertex -52.4087 -21.5685 0
      vertex -17.725 -17.725 0
      vertex -52.1031 -21.8223 0
    endloop
  endfacet
  facet normal 0 0 -1
    outer loop
      vertex -17.725 17.725 0
      vertex -51.8223 82.1031 0
      vertex -51.5685 82.4087 0
    endloop
  endfacet
  facet normal -0 0 -1
    outer loop
      vertex -17.725 -17.725 0
      vertex -52.4087 -21.5685 0
      vertex -17.725 17.725 0
    endloop
  endfacet
  facet normal 0 0 -1
    outer loop
      vertex -17.725 17.725 0
      vertex -52.1031 81.8223 0
      vertex -51.8223 82.1031 0
    endloop
  endfacet
  facet normal 0 0 -1
    outer loop
      vertex -52.7363 -21.3441 0
      vertex -17.725 17.725 0
      vertex -52.4087 -21.5685 0
    endloop
  endfacet
  facet normal 0 0 -1
    outer loop
      vertex -17.725 17.725 0
      vertex -52.4087 81.5685 0
      vertex -52.1031 81.8223 0
    endloop
  endfacet
  facet normal 0 0 -1
    outer loop
      vertex -53.0833 -21.1508 0
      vertex -17.725 17.725 0
      vertex -52.7363 -21.3441 0
    endloop
  endfacet
  facet normal 0 0 -1
    outer loop
      vertex -17.725 17.725 0
      vertex -52.7363 81.3441 0
      vertex -52.4087 81.5685 0
    endloop
  endfacet
  facet normal 0 0 -1
    outer loop
      vertex -53.4467 -20.9904 0
      vertex -17.725 17.725 0
      vertex -53.0833 -21.1508 0
    endloop
  endfacet
  facet normal 0 0 -1
    outer loop
      vertex -17.725 17.725 0
      vertex -53.0833 81.1508 0
      vertex -52.7363 81.3441 0
    endloop
  endfacet
  facet normal 0 0 -1
    outer loop
      vertex -53.8232 -20.8642 0
      vertex -17.725 17.725 0
      vertex -53.4467 -20.9904 0
    endloop
  endfacet
  facet normal 0 0 -1
    outer loop
      vertex -17.725 17.725 0
      vertex -53.4467 80.9904 0
      vertex -53.0833 81.1508 0
    endloop
  endfacet
  facet normal 0 0 -1
    outer loop
      vertex -54.2099 -20.7732 0
      vertex -17.725 17.725 0
      vertex -53.8232 -20.8642 0
    endloop
  endfacet
  facet normal 0 0 -1
    outer loop
      vertex -17.725 17.725 0
      vertex -53.8232 80.8642 0
      vertex -53.4467 80.9904 0
    endloop
  endfacet
  facet normal 0 0 -1
    outer loop
      vertex -54.6032 -20.7183 0
      vertex -17.725 17.725 0
      vertex -54.2099 -20.7732 0
    endloop
  endfacet
  facet normal 0 0 -1
    outer loop
      vertex -17.725 17.725 0
      vertex -54.2099 80.7732 0
      vertex -53.8232 80.8642 0
    endloop
  endfacet
  facet normal 0 0 -1
    outer loop
      vertex -55 -20.7 0
      vertex -17.725 17.725 0
      vertex -54.6032 -20.7183 0
    endloop
  endfacet
  facet normal 0 0 -1
    outer loop
      vertex -17.725 17.725 0
      vertex -54.6032 80.7183 0
      vertex -54.2099 80.7732 0
    endloop
  endfacet
  facet normal 0 0 -1
    outer loop
      vertex -55.3968 -20.7183 0
      vertex -17.725 17.725 0
      vertex -55 -20.7 0
    endloop
  endfacet
  facet normal 0 0 -1
    outer loop
      vertex -17.725 17.725 0
      vertex -55 80.7 0
      vertex -54.6032 80.7183 0
    endloop
  endfacet
  facet normal 0 0 -1
    outer loop
      vertex -55.7901 -20.7732 0
      vertex -17.725 17.725 0
      vertex -55.3968 -20.7183 0
    endloop
  endfacet
  facet normal 0 0 -1
    outer loop
      vertex -17.725 17.725 0
      vertex -55.3968 80.7183 0
      vertex -55 80.7 0
    endloop
  endfacet
  facet normal 0 0 -1
    outer loop
      vertex -56.1768 -20.8642 0
      vertex -17.725 17.725 0
      vertex -55.7901 -20.7732 0
    endloop
  endfacet
  facet normal 0 0 -1
    outer loop
      vertex -17.725 17.725 0
      vertex -55.7901 80.7732 0
      vertex -55.3968 80.7183 0
    endloop
  endfacet
  facet normal 0 0 -1
    outer loop
      vertex -56.1768 80.8642 0
      vertex -17.725 17.725 0
      vertex -56.1768 -20.8642 0
    endloop
  endfacet
  facet normal 0 0 -1
    outer loop
      vertex -17.725 17.725 0
      vertex -56.1768 80.8642 0
      vertex -55.7901 80.7732 0
    endloop
  endfacet
  facet normal 0 0 -1
    outer loop
      vertex -56.5533 -20.9904 0
      vertex -56.1768 80.8642 0
      vertex -56.1768 -20.8642 0
    endloop
  endfacet
  facet normal 0 0 -1
    outer loop
      vertex -56.5533 -20.9904 0
      vertex -56.5533 80.9904 0
      vertex -56.1768 80.8642 0
    endloop
  endfacet
  facet normal 0 0 -1
    outer loop
      vertex -56.9167 -21.1508 0
      vertex -56.5533 80.9904 0
      vertex -56.5533 -20.9904 0
    endloop
  endfacet
  facet normal 0 0 -1
    outer loop
      vertex -56.9167 -21.1508 0
      vertex -56.9167 81.1508 0
      vertex -56.5533 80.9904 0
    endloop
  endfacet
  facet normal 0 0 -1
    outer loop
      vertex -57.2637 -21.3441 0
      vertex -56.9167 81.1508 0
      vertex -56.9167 -21.1508 0
    endloop
  endfacet
  facet normal 0 0 -1
    outer loop
      vertex -57.2637 -21.3441 0
      vertex -57.2637 81.3441 0
      vertex -56.9167 81.1508 0
    endloop
  endfacet
  facet normal 0 0 -1
    outer loop
      vertex -57.5913 -21.5685 0
      vertex -57.2637 81.3441 0
      vertex -57.2637 -21.3441 0
    endloop
  endfacet
  facet normal 0 0 -1
    outer loop
      vertex -57.5913 -21.5685 0
      vertex -57.5913 81.5685 0
      vertex -57.2637 81.3441 0
    endloop
  endfacet
  facet normal 0 0 -1
    outer loop
      vertex -57.8969 -21.8223 0
      vertex -57.5913 81.5685 0
      vertex -57.5913 -21.5685 0
    endloop
  endfacet
  facet normal 0 0 -1
    outer loop
      vertex -57.8969 -21.8223 0
      vertex -57.8969 81.8223 0
      vertex -57.5913 81.5685 0
    endloop
  endfacet
  facet normal 0 0 -1
    outer loop
      vertex -58.1777 -22.1031 0
      vertex -57.8969 81.8223 0
      vertex -57.8969 -21.8223 0
    endloop
  endfacet
  facet normal 0 0 -1
    outer loop
      vertex -58.1777 -22.1031 0
      vertex -58.1777 82.1031 0
      vertex -57.8969 81.8223 0
    endloop
  endfacet
  facet normal 0 0 -1
    outer loop
      vertex -58.4315 -22.4087 0
      vertex -58.1777 82.1031 0
      vertex -58.1777 -22.1031 0
    endloop
  endfacet
  facet normal 0 0 -1
    outer loop
      vertex -58.4315 -22.4087 0
      vertex -58.4315 82.4087 0
      vertex -58.1777 82.1031 0
    endloop
  endfacet
  facet normal 0 0 -1
    outer loop
      vertex -58.6559 -22.7363 0
      vertex -58.4315 82.4087 0
      vertex -58.4315 -22.4087 0
    endloop
  endfacet
  facet normal 0 0 -1
    outer loop
      vertex -58.6559 -22.7363 0
      vertex -58.6559 82.7363 0
      vertex -58.4315 82.4087 0
    endloop
  endfacet
  facet normal 0 0 -1
    outer loop
      vertex -58.8492 -23.0833 0
      vertex -58.6559 82.7363 0
      vertex -58.6559 -22.7363 0
    endloop
  endfacet
  facet normal 0 0 -1
    outer loop
      vertex -58.8492 -23.0833 0
      vertex -58.8492 83.0833 0
      vertex -58.6559 82.7363 0
    endloop
  endfacet
  facet normal 0 0 -1
    outer loop
      vertex -59.0096 -23.4467 0
      vertex -58.8492 83.0833 0
      vertex -58.8492 -23.0833 0
    endloop
  endfacet
  facet normal 0 0 -1
    outer loop
      vertex -59.0096 -23.4467 0
      vertex -59.0096 83.4467 0
      vertex -58.8492 83.0833 0
    endloop
  endfacet
  facet normal 0 0 -1
    outer loop
      vertex -75 -55 0
      vertex -59.0096 -23.4467 0
      vertex -59.1358 -23.8232 0
    endloop
  endfacet
  facet normal -0 0 -1
    outer loop
      vertex -59.0096 -23.4467 0
      vertex -75 -55 0
      vertex -59.0096 83.4467 0
    endloop
  endfacet
  facet normal 0 0 -1
    outer loop
      vertex -75 -55 0
      vertex -59.1358 -23.8232 0
      vertex -59.2268 -24.2099 0
    endloop
  endfacet
  facet normal 0 0 -1
    outer loop
      vertex -75 115 0
      vertex -59.0096 83.4467 0
      vertex -75 -55 0
    endloop
  endfacet
  facet normal 0 0 -1
    outer loop
      vertex -75 -55 0
      vertex -59.2268 -24.2099 0
      vertex -59.2817 -24.6032 0
    endloop
  endfacet
  facet normal 0 0 -1
    outer loop
      vertex -59.0096 83.4467 0
      vertex -75 115 0
      vertex -59.1358 83.8232 0
    endloop
  endfacet
  facet normal 0 0 -1
    outer loop
      vertex -75 -55 0
      vertex -59.2817 -24.6032 0
      vertex -59.3 -25 0
    endloop
  endfacet
  facet normal 0 0 -1
    outer loop
      vertex -59.1358 83.8232 0
      vertex -75 115 0
      vertex -59.2268 84.2099 0
    endloop
  endfacet
  facet normal 0 0 -1
    outer loop
      vertex 59.1358 -23.8232 0
      vertex 75 -55 0
      vertex 59.2268 -24.2099 0
    endloop
  endfacet
  facet normal 0 0 -1
    outer loop
      vertex 75 115 0
      vertex 59.2817 84.6032 0
      vertex 59.3 85 0
    endloop
  endfacet
  facet normal 0 0 -1
    outer loop
      vertex 59.0096 -23.4467 0
      vertex 75 -55 0
      vertex 59.1358 -23.8232 0
    endloop
  endfacet
  facet normal 0 0 -1
    outer loop
      vertex 75 115 0
      vertex 59.2268 84.2099 0
      vertex 59.2817 84.6032 0
    endloop
  endfacet
  facet normal 0 0 -1
    outer loop
      vertex 75 -55 0
      vertex 59.0096 -23.4467 0
      vertex 75 115 0
    endloop
  endfacet
  facet normal 0 0 -1
    outer loop
      vertex 75 115 0
      vertex 59.1358 83.8232 0
      vertex 59.2268 84.2099 0
    endloop
  endfacet
  facet normal 0 0 -1
    outer loop
      vertex 59.0096 83.4467 0
      vertex 75 115 0
      vertex 59.0096 -23.4467 0
    endloop
  endfacet
  facet normal 0 0 -1
    outer loop
      vertex 75 115 0
      vertex 59.0096 83.4467 0
      vertex 59.1358 83.8232 0
    endloop
  endfacet
  facet normal 0 0 -1
    outer loop
      vertex 58.8492 -23.0833 0
      vertex 59.0096 83.4467 0
      vertex 59.0096 -23.4467 0
    endloop
  endfacet
  facet normal 0 0 -1
    outer loop
      vertex 58.8492 -23.0833 0
      vertex 58.8492 83.0833 0
      vertex 59.0096 83.4467 0
    endloop
  endfacet
  facet normal 0 0 -1
    outer loop
      vertex 58.6559 -22.7363 0
      vertex 58.8492 83.0833 0
      vertex 58.8492 -23.0833 0
    endloop
  endfacet
  facet normal 0 0 -1
    outer loop
      vertex 58.6559 -22.7363 0
      vertex 58.6559 82.7363 0
      vertex 58.8492 83.0833 0
    endloop
  endfacet
  facet normal 0 0 -1
    outer loop
      vertex 58.4315 -22.4087 0
      vertex 58.6559 82.7363 0
      vertex 58.6559 -22.7363 0
    endloop
  endfacet
  facet normal 0 0 -1
    outer loop
      vertex 58.4315 -22.4087 0
      vertex 58.4315 82.4087 0
      vertex 58.6559 82.7363 0
    endloop
  endfacet
  facet normal 0 0 -1
    outer loop
      vertex 58.1777 -22.1031 0
      vertex 58.4315 82.4087 0
      vertex 58.4315 -22.4087 0
    endloop
  endfacet
  facet normal 0 0 -1
    outer loop
      vertex 58.1777 -22.1031 0
      vertex 58.1777 82.1031 0
      vertex 58.4315 82.4087 0
    endloop
  endfacet
  facet normal 0 0 -1
    outer loop
      vertex 57.8969 -21.8223 0
      vertex 58.1777 82.1031 0
      vertex 58.1777 -22.1031 0
    endloop
  endfacet
  facet normal 0 0 -1
    outer loop
      vertex 57.8969 -21.8223 0
      vertex 57.8969 81.8223 0
      vertex 58.1777 82.1031 0
    endloop
  endfacet
  facet normal 0 0 -1
    outer loop
      vertex 57.5913 -21.5685 0
      vertex 57.8969 81.8223 0
      vertex 57.8969 -21.8223 0
    endloop
  endfacet
  facet normal 0 0 -1
    outer loop
      vertex 57.5913 -21.5685 0
      vertex 57.5913 81.5685 0
      vertex 57.8969 81.8223 0
    endloop
  endfacet
  facet normal 0 0 -1
    outer loop
      vertex 57.2637 -21.3441 0
      vertex 57.5913 81.5685 0
      vertex 57.5913 -21.5685 0
    endloop
  endfacet
  facet normal 0 0 -1
    outer loop
      vertex 57.2637 -21.3441 0
      vertex 57.2637 81.3441 0
      vertex 57.5913 81.5685 0
    endloop
  endfacet
  facet normal 0 0 -1
    outer loop
      vertex 56.9167 -21.1508 0
      vertex 57.2637 81.3441 0
      vertex 57.2637 -21.3441 0
    endloop
  endfacet
  facet normal 0 0 -1
    outer loop
      vertex 56.9167 -21.1508 0
      vertex 56.9167 81.1508 0
      vertex 57.2637 81.3441 0
    endloop
  endfacet
  facet normal 0 0 -1
    outer loop
      vertex 56.5533 -20.9904 0
      vertex 56.9167 81.1508 0
      vertex 56.9167 -21.1508 0
    endloop
  endfacet
  facet normal 0 0 -1
    outer loop
      vertex 56.5533 -20.9904 0
      vertex 56.5533 80.9904 0
      vertex 56.9167 81.1508 0
    endloop
  endfacet
  facet normal 0 0 -1
    outer loop
      vertex 56.1768 -20.8642 0
      vertex 56.5533 80.9904 0
      vertex 56.5533 -20.9904 0
    endloop
  endfacet
  facet normal 0 0 -1
    outer loop
      vertex 56.1768 -20.8642 0
      vertex 56.1768 80.8642 0
      vertex 56.5533 80.9904 0
    endloop
  endfacet
  facet normal 0 0 -1
    outer loop
      vertex 17.725 17.725 0
      vertex 56.1768 -20.8642 0
      vertex 55.7901 -20.7732 0
    endloop
  endfacet
  facet normal 0 0 -1
    outer loop
      vertex 56.1768 -20.8642 0
      vertex 17.725 17.725 0
      vertex 56.1768 80.8642 0
    endloop
  endfacet
  facet normal 0 0 -1
    outer loop
      vertex 17.725 17.725 0
      vertex 55.7901 -20.7732 0
      vertex 55.3968 -20.7183 0
    endloop
  endfacet
  facet normal 0 0 -1
    outer loop
      vertex 56.1768 80.8642 0
      vertex 17.725 17.725 0
      vertex 55.7901 80.7732 0
    endloop
  endfacet
  facet normal 0 0 -1
    outer loop
      vertex 17.725 17.725 0
      vertex 55.3968 -20.7183 0
      vertex 55 -20.7 0
    endloop
  endfacet
  facet normal 0 0 -1
    outer loop
      vertex 55.7901 80.7732 0
      vertex 17.725 17.725 0
      vertex 55.3968 80.7183 0
    endloop
  endfacet
  facet normal 0 0 -1
    outer loop
      vertex 17.725 17.725 0
      vertex 55 -20.7 0
      vertex 54.6032 -20.7183 0
    endloop
  endfacet
  facet normal 0 0 -1
    outer loop
      vertex 55.3968 80.7183 0
      vertex 17.725 17.725 0
      vertex 55 80.7 0
    endloop
  endfacet
  facet normal 0 0 -1
    outer loop
      vertex 17.725 17.725 0
      vertex 54.6032 -20.7183 0
      vertex 54.2099 -20.7732 0
    endloop
  endfacet
  facet normal -0 0 -1
    outer loop
      vertex 55 80.7 0
      vertex 17.725 17.725 0
      vertex 54.6032 80.7183 0
    endloop
  endfacet
  facet normal 0 0 -1
    outer loop
      vertex 17.725 17.725 0
      vertex 54.2099 -20.7732 0
      vertex 53.8232 -20.8642 0
    endloop
  endfacet
  facet normal -0 0 -1
    outer loop
      vertex 54.6032 80.7183 0
      vertex 17.725 17.725 0
      vertex 54.2099 80.7732 0
    endloop
  endfacet
  facet normal 0 0 -1
    outer loop
      vertex 17.725 17.725 0
      vertex 53.8232 -20.8642 0
      vertex 53.4467 -20.9904 0
    endloop
  endfacet
  facet normal -0 0 -1
    outer loop
      vertex 54.2099 80.7732 0
      vertex 17.725 17.725 0
      vertex 53.8232 80.8642 0
    endloop
  endfacet
  facet normal 0 0 -1
    outer loop
      vertex 17.725 17.725 0
      vertex 53.4467 -20.9904 0
      vertex 53.0833 -21.1508 0
    endloop
  endfacet
  facet normal -0 0 -1
    outer loop
      vertex 53.8232 80.8642 0
      vertex 17.725 17.725 0
      vertex 53.4467 80.9904 0
    endloop
  endfacet
  facet normal 0 0 -1
    outer loop
      vertex 17.725 17.725 0
      vertex 53.0833 -21.1508 0
      vertex 52.7363 -21.3441 0
    endloop
  endfacet
  facet normal -0 0 -1
    outer loop
      vertex 53.4467 80.9904 0
      vertex 17.725 17.725 0
      vertex 53.0833 81.1508 0
    endloop
  endfacet
  facet normal 0 0 -1
    outer loop
      vertex 17.725 17.725 0
      vertex 52.7363 -21.3441 0
      vertex 52.4087 -21.5685 0
    endloop
  endfacet
  facet normal -0 0 -1
    outer loop
      vertex 53.0833 81.1508 0
      vertex 17.725 17.725 0
      vertex 52.7363 81.3441 0
    endloop
  endfacet
  facet normal 0 0 -1
    outer loop
      vertex 17.725 -17.725 0
      vertex 52.4087 -21.5685 0
      vertex 52.1031 -21.8223 0
    endloop
  endfacet
  facet normal -0 0 -1
    outer loop
      vertex 52.7363 81.3441 0
      vertex 17.725 17.725 0
      vertex 52.4087 81.5685 0
    endloop
  endfacet
  facet normal 0 0 -1
    outer loop
      vertex 17.725 -17.725 0
      vertex 52.1031 -21.8223 0
      vertex 51.8223 -22.1031 0
    endloop
  endfacet
  facet normal -0 0 -1
    outer loop
      vertex 52.4087 81.5685 0
      vertex 17.725 17.725 0
      vertex 52.1031 81.8223 0
    endloop
  endfacet
  facet normal 0 0 -1
    outer loop
      vertex 17.725 -17.725 0
      vertex 51.8223 -22.1031 0
      vertex 51.5685 -22.4087 0
    endloop
  endfacet
  facet normal -0 0 -1
    outer loop
      vertex 52.1031 81.8223 0
      vertex 17.725 17.725 0
      vertex 51.8223 82.1031 0
    endloop
  endfacet
  facet normal 0 0 -1
    outer loop
      vertex 17.725 -17.725 0
      vertex 51.5685 -22.4087 0
      vertex 51.3441 -22.7363 0
    endloop
  endfacet
  facet normal -0 0 -1
    outer loop
      vertex 51.8223 82.1031 0
      vertex 17.725 17.725 0
      vertex 51.5685 82.4087 0
    endloop
  endfacet
  facet normal 0 0 -1
    outer loop
      vertex 17.725 -17.725 0
      vertex 51.3441 -22.7363 0
      vertex 51.1508 -23.0833 0
    endloop
  endfacet
  facet normal -0 0 -1
    outer loop
      vertex 51.5685 82.4087 0
      vertex 17.725 17.725 0
      vertex 51.3441 82.7363 0
    endloop
  endfacet
  facet normal 0 0 -1
    outer loop
      vertex 17.725 -17.725 0
      vertex 51.1508 -23.0833 0
      vertex 50.9904 -23.4467 0
    endloop
  endfacet
  facet normal -0 0 -1
    outer loop
      vertex 51.3441 82.7363 0
      vertex 17.725 17.725 0
      vertex 51.1508 83.0833 0
    endloop
  endfacet
  facet normal 0 0 -1
    outer loop
      vertex 17.725 -17.725 0
      vertex 50.9904 -23.4467 0
      vertex 50.8642 -23.8232 0
    endloop
  endfacet
  facet normal -0 0 -1
    outer loop
      vertex 51.1508 83.0833 0
      vertex 17.725 17.725 0
      vertex 50.9904 83.4467 0
    endloop
  endfacet
  facet normal 0 0 -1
    outer loop
      vertex 17.725 -17.725 0
      vertex 50.8642 -23.8232 0
      vertex 50.7732 -24.2099 0
    endloop
  endfacet
  facet normal -0 0 -1
    outer loop
      vertex 50.9904 83.4467 0
      vertex 17.725 17.725 0
      vertex 50.8642 83.8232 0
    endloop
  endfacet
  facet normal 0 0 -1
    outer loop
      vertex 17.725 -17.725 0
      vertex 50.7732 -24.2099 0
      vertex 50.7183 -24.6032 0
    endloop
  endfacet
  facet normal 0 0 -1
    outer loop
      vertex -50.7 85 0
      vertex 50.8642 83.8232 0
      vertex 17.725 17.725 0
    endloop
  endfacet
  facet normal 0 0 -1
    outer loop
      vertex 17.725 -17.725 0
      vertex 50.7183 -24.6032 0
      vertex 50.7 -25 0
    endloop
  endfacet
  facet normal 0 0 -1
    outer loop
      vertex 50.8642 83.8232 0
      vertex -50.7 85 0
      vertex 50.7732 84.2099 0
    endloop
  endfacet
  facet normal 0 0 -1
    outer loop
      vertex 59.2817 -24.6032 0
      vertex 75 -55 0
      vertex 59.3 -25 0
    endloop
  endfacet
  facet normal 0 0 -1
    outer loop
      vertex 75 -55 0
      vertex 59.2817 -25.3968 0
      vertex 59.3 -25 0
    endloop
  endfacet
  facet normal 0 0 -1
    outer loop
      vertex 75 -55 0
      vertex 59.2268 -25.7901 0
      vertex 59.2817 -25.3968 0
    endloop
  endfacet
  facet normal 0 0 -1
    outer loop
      vertex 75 -55 0
      vertex 59.1358 -26.1768 0
      vertex 59.2268 -25.7901 0
    endloop
  endfacet
  facet normal 0 0 -1
    outer loop
      vertex 75 -55 0
      vertex 59.0096 -26.5533 0
      vertex 59.1358 -26.1768 0
    endloop
  endfacet
  facet normal 0 0 -1
    outer loop
      vertex 75 -55 0
      vertex 58.8492 -26.9167 0
      vertex 59.0096 -26.5533 0
    endloop
  endfacet
  facet normal 0 0 -1
    outer loop
      vertex 75 -55 0
      vertex 58.6559 -27.2637 0
      vertex 58.8492 -26.9167 0
    endloop
  endfacet
  facet normal 0 0 -1
    outer loop
      vertex 75 -55 0
      vertex 58.4315 -27.5913 0
      vertex 58.6559 -27.2637 0
    endloop
  endfacet
  facet normal 0 0 -1
    outer loop
      vertex 75 -55 0
      vertex 58.1777 -27.8969 0
      vertex 58.4315 -27.5913 0
    endloop
  endfacet
  facet normal 0 0 -1
    outer loop
      vertex 75 -55 0
      vertex 57.8969 -28.1777 0
      vertex 58.1777 -27.8969 0
    endloop
  endfacet
  facet normal 0 0 -1
    outer loop
      vertex 75 -55 0
      vertex 57.5913 -28.4315 0
      vertex 57.8969 -28.1777 0
    endloop
  endfacet
  facet normal 0 0 -1
    outer loop
      vertex 75 -55 0
      vertex 57.2637 -28.6559 0
      vertex 57.5913 -28.4315 0
    endloop
  endfacet
  facet normal 0 0 -1
    outer loop
      vertex 75 -55 0
      vertex 56.9167 -28.8492 0
      vertex 57.2637 -28.6559 0
    endloop
  endfacet
  facet normal 0 0 -1
    outer loop
      vertex 75 -55 0
      vertex 56.5533 -29.0096 0
      vertex 56.9167 -28.8492 0
    endloop
  endfacet
  facet normal 0 0 -1
    outer loop
      vertex 75 -55 0
      vertex 56.1768 -29.1358 0
      vertex 56.5533 -29.0096 0
    endloop
  endfacet
  facet normal 0 0 -1
    outer loop
      vertex 75 -55 0
      vertex 55.7901 -29.2268 0
      vertex 56.1768 -29.1358 0
    endloop
  endfacet
  facet normal 0 0 -1
    outer loop
      vertex 75 -55 0
      vertex 55.3968 -29.2817 0
      vertex 55.7901 -29.2268 0
    endloop
  endfacet
  facet normal 0 0 -1
    outer loop
      vertex 75 -55 0
      vertex 55 -29.3 0
      vertex 55.3968 -29.2817 0
    endloop
  endfacet
  facet normal 0 0 -1
    outer loop
      vertex 75 -55 0
      vertex 54.6032 -29.2817 0
      vertex 55 -29.3 0
    endloop
  endfacet
  facet normal 0 0 -1
    outer loop
      vertex 75 -55 0
      vertex 54.2099 -29.2268 0
      vertex 54.6032 -29.2817 0
    endloop
  endfacet
  facet normal 0 0 -1
    outer loop
      vertex 75 -55 0
      vertex 53.8232 -29.1358 0
      vertex 54.2099 -29.2268 0
    endloop
  endfacet
  facet normal 0 0 -1
    outer loop
      vertex 75 -55 0
      vertex 53.4467 -29.0096 0
      vertex 53.8232 -29.1358 0
    endloop
  endfacet
  facet normal 0 0 -1
    outer loop
      vertex 75 -55 0
      vertex 53.0833 -28.8492 0
      vertex 53.4467 -29.0096 0
    endloop
  endfacet
  facet normal 0 0 -1
    outer loop
      vertex 75 -55 0
      vertex 52.7363 -28.6559 0
      vertex 53.0833 -28.8492 0
    endloop
  endfacet
  facet normal 0 0 -1
    outer loop
      vertex 75 -55 0
      vertex 52.4087 -28.4315 0
      vertex 52.7363 -28.6559 0
    endloop
  endfacet
  facet normal 0 0 -1
    outer loop
      vertex 17.725 -17.725 0
      vertex 52.4087 -28.4315 0
      vertex 75 -55 0
    endloop
  endfacet
  facet normal 0 0 -1
    outer loop
      vertex 52.4087 -28.4315 0
      vertex 17.725 -17.725 0
      vertex 52.1031 -28.1777 0
    endloop
  endfacet
  facet normal 0 0 -1
    outer loop
      vertex 52.4087 -21.5685 0
      vertex 17.725 -17.725 0
      vertex 17.725 17.725 0
    endloop
  endfacet
  facet normal 0 0 -1
    outer loop
      vertex 50.7183 -25.3968 0
      vertex 17.725 -17.725 0
      vertex 50.7 -25 0
    endloop
  endfacet
  facet normal 0 0 -1
    outer loop
      vertex 50.7732 -25.7901 0
      vertex 17.725 -17.725 0
      vertex 50.7183 -25.3968 0
    endloop
  endfacet
  facet normal 0 0 -1
    outer loop
      vertex 50.8642 -26.1768 0
      vertex 17.725 -17.725 0
      vertex 50.7732 -25.7901 0
    endloop
  endfacet
  facet normal 0 0 -1
    outer loop
      vertex 50.9904 -26.5533 0
      vertex 17.725 -17.725 0
      vertex 50.8642 -26.1768 0
    endloop
  endfacet
  facet normal 0 0 -1
    outer loop
      vertex 51.1508 -26.9167 0
      vertex 17.725 -17.725 0
      vertex 50.9904 -26.5533 0
    endloop
  endfacet
  facet normal 0 0 -1
    outer loop
      vertex 51.3441 -27.2637 0
      vertex 17.725 -17.725 0
      vertex 51.1508 -26.9167 0
    endloop
  endfacet
  facet normal 0 0 -1
    outer loop
      vertex 51.5685 -27.5913 0
      vertex 17.725 -17.725 0
      vertex 51.3441 -27.2637 0
    endloop
  endfacet
  facet normal 0 0 -1
    outer loop
      vertex 51.8223 -27.8969 0
      vertex 17.725 -17.725 0
      vertex 51.5685 -27.5913 0
    endloop
  endfacet
  facet normal 0 0 -1
    outer loop
      vertex 52.1031 -28.1777 0
      vertex 17.725 -17.725 0
      vertex 51.8223 -27.8969 0
    endloop
  endfacet
  facet normal 0 0 -1
    outer loop
      vertex 75 -55 0
      vertex -17.725 -17.725 0
      vertex 17.725 -17.725 0
    endloop
  endfacet
  facet normal 0 0 -1
    outer loop
      vertex -50.7183 -24.6032 0
      vertex -17.725 -17.725 0
      vertex -50.7 -25 0
    endloop
  endfacet
  facet normal 0 0 -1
    outer loop
      vertex -75 -55 0
      vertex -17.725 -17.725 0
      vertex 75 -55 0
    endloop
  endfacet
  facet normal 0 0 -1
    outer loop
      vertex -17.725 -17.725 0
      vertex -50.7183 -25.3968 0
      vertex -50.7 -25 0
    endloop
  endfacet
  facet normal 0 0 -1
    outer loop
      vertex -17.725 -17.725 0
      vertex -50.7732 -25.7901 0
      vertex -50.7183 -25.3968 0
    endloop
  endfacet
  facet normal 0 0 -1
    outer loop
      vertex -17.725 -17.725 0
      vertex -50.8642 -26.1768 0
      vertex -50.7732 -25.7901 0
    endloop
  endfacet
  facet normal 0 0 -1
    outer loop
      vertex -17.725 -17.725 0
      vertex -50.9904 -26.5533 0
      vertex -50.8642 -26.1768 0
    endloop
  endfacet
  facet normal 0 0 -1
    outer loop
      vertex -17.725 -17.725 0
      vertex -51.1508 -26.9167 0
      vertex -50.9904 -26.5533 0
    endloop
  endfacet
  facet normal 0 0 -1
    outer loop
      vertex -17.725 -17.725 0
      vertex -51.3441 -27.2637 0
      vertex -51.1508 -26.9167 0
    endloop
  endfacet
  facet normal 0 0 -1
    outer loop
      vertex -17.725 -17.725 0
      vertex -51.5685 -27.5913 0
      vertex -51.3441 -27.2637 0
    endloop
  endfacet
  facet normal 0 0 -1
    outer loop
      vertex -17.725 -17.725 0
      vertex -51.8223 -27.8969 0
      vertex -51.5685 -27.5913 0
    endloop
  endfacet
  facet normal 0 0 -1
    outer loop
      vertex -17.725 -17.725 0
      vertex -52.1031 -28.1777 0
      vertex -51.8223 -27.8969 0
    endloop
  endfacet
  facet normal 0 0 -1
    outer loop
      vertex -17.725 -17.725 0
      vertex -52.4087 -28.4315 0
      vertex -52.1031 -28.1777 0
    endloop
  endfacet
  facet normal 0 0 -1
    outer loop
      vertex -17.725 -17.725 0
      vertex -75 -55 0
      vertex -52.4087 -28.4315 0
    endloop
  endfacet
  facet normal 0 0 -1
    outer loop
      vertex -52.4087 -28.4315 0
      vertex -75 -55 0
      vertex -52.7363 -28.6559 0
    endloop
  endfacet
  facet normal 0 0 -1
    outer loop
      vertex -52.7363 -28.6559 0
      vertex -75 -55 0
      vertex -53.0833 -28.8492 0
    endloop
  endfacet
  facet normal 0 0 -1
    outer loop
      vertex -53.0833 -28.8492 0
      vertex -75 -55 0
      vertex -53.4467 -29.0096 0
    endloop
  endfacet
  facet normal 0 0 -1
    outer loop
      vertex -53.4467 -29.0096 0
      vertex -75 -55 0
      vertex -53.8232 -29.1358 0
    endloop
  endfacet
  facet normal 0 0 -1
    outer loop
      vertex -53.8232 -29.1358 0
      vertex -75 -55 0
      vertex -54.2099 -29.2268 0
    endloop
  endfacet
  facet normal 0 0 -1
    outer loop
      vertex -54.2099 -29.2268 0
      vertex -75 -55 0
      vertex -54.6032 -29.2817 0
    endloop
  endfacet
  facet normal 0 0 -1
    outer loop
      vertex -54.6032 -29.2817 0
      vertex -75 -55 0
      vertex -55 -29.3 0
    endloop
  endfacet
  facet normal -0 0 -1
    outer loop
      vertex -55 -29.3 0
      vertex -75 -55 0
      vertex -55.3968 -29.2817 0
    endloop
  endfacet
  facet normal 0 0 -1
    outer loop
      vertex -59.2268 84.2099 0
      vertex -75 115 0
      vertex -59.2817 84.6032 0
    endloop
  endfacet
  facet normal -0 0 -1
    outer loop
      vertex -59.2817 -25.3968 0
      vertex -75 -55 0
      vertex -59.3 -25 0
    endloop
  endfacet
  facet normal -0 0 -1
    outer loop
      vertex -59.2268 -25.7901 0
      vertex -75 -55 0
      vertex -59.2817 -25.3968 0
    endloop
  endfacet
  facet normal -0 0 -1
    outer loop
      vertex -59.1358 -26.1768 0
      vertex -75 -55 0
      vertex -59.2268 -25.7901 0
    endloop
  endfacet
  facet normal -0 0 -1
    outer loop
      vertex -59.0096 -26.5533 0
      vertex -75 -55 0
      vertex -59.1358 -26.1768 0
    endloop
  endfacet
  facet normal -0 0 -1
    outer loop
      vertex -58.8492 -26.9167 0
      vertex -75 -55 0
      vertex -59.0096 -26.5533 0
    endloop
  endfacet
  facet normal -0 0 -1
    outer loop
      vertex -58.6559 -27.2637 0
      vertex -75 -55 0
      vertex -58.8492 -26.9167 0
    endloop
  endfacet
  facet normal -0 0 -1
    outer loop
      vertex -58.4315 -27.5913 0
      vertex -75 -55 0
      vertex -58.6559 -27.2637 0
    endloop
  endfacet
  facet normal -0 0 -1
    outer loop
      vertex -58.1777 -27.8969 0
      vertex -75 -55 0
      vertex -58.4315 -27.5913 0
    endloop
  endfacet
  facet normal -0 0 -1
    outer loop
      vertex -57.8969 -28.1777 0
      vertex -75 -55 0
      vertex -58.1777 -27.8969 0
    endloop
  endfacet
  facet normal -0 0 -1
    outer loop
      vertex -57.5913 -28.4315 0
      vertex -75 -55 0
      vertex -57.8969 -28.1777 0
    endloop
  endfacet
  facet normal -0 0 -1
    outer loop
      vertex -57.2637 -28.6559 0
      vertex -75 -55 0
      vertex -57.5913 -28.4315 0
    endloop
  endfacet
  facet normal -0 0 -1
    outer loop
      vertex -56.9167 -28.8492 0
      vertex -75 -55 0
      vertex -57.2637 -28.6559 0
    endloop
  endfacet
  facet normal -0 0 -1
    outer loop
      vertex -56.5533 -29.0096 0
      vertex -75 -55 0
      vertex -56.9167 -28.8492 0
    endloop
  endfacet
  facet normal -0 0 -1
    outer loop
      vertex -56.1768 -29.1358 0
      vertex -75 -55 0
      vertex -56.5533 -29.0096 0
    endloop
  endfacet
  facet normal -0 0 -1
    outer loop
      vertex -55.7901 -29.2268 0
      vertex -75 -55 0
      vertex -56.1768 -29.1358 0
    endloop
  endfacet
  facet normal -0 0 -1
    outer loop
      vertex -55.3968 -29.2817 0
      vertex -75 -55 0
      vertex -55.7901 -29.2268 0
    endloop
  endfacet
  facet normal 0 0 -1
    outer loop
      vertex 59.2268 -24.2099 0
      vertex 75 -55 0
      vertex 59.2817 -24.6032 0
    endloop
  endfacet
  facet normal 0 0 -1
    outer loop
      vertex 59.2817 85.3968 0
      vertex 75 115 0
      vertex 59.3 85 0
    endloop
  endfacet
  facet normal 0 0 -1
    outer loop
      vertex 59.2268 85.7901 0
      vertex 75 115 0
      vertex 59.2817 85.3968 0
    endloop
  endfacet
  facet normal 0 0 -1
    outer loop
      vertex 59.1358 86.1768 0
      vertex 75 115 0
      vertex 59.2268 85.7901 0
    endloop
  endfacet
  facet normal 0 0 -1
    outer loop
      vertex 59.0096 86.5533 0
      vertex 75 115 0
      vertex 59.1358 86.1768 0
    endloop
  endfacet
  facet normal 0 0 -1
    outer loop
      vertex 58.8492 86.9167 0
      vertex 75 115 0
      vertex 59.0096 86.5533 0
    endloop
  endfacet
  facet normal 0 0 -1
    outer loop
      vertex 58.6559 87.2637 0
      vertex 75 115 0
      vertex 58.8492 86.9167 0
    endloop
  endfacet
  facet normal 0 0 -1
    outer loop
      vertex 58.4315 87.5913 0
      vertex 75 115 0
      vertex 58.6559 87.2637 0
    endloop
  endfacet
  facet normal 0 0 -1
    outer loop
      vertex 58.1777 87.8969 0
      vertex 75 115 0
      vertex 58.4315 87.5913 0
    endloop
  endfacet
  facet normal 0 0 -1
    outer loop
      vertex 57.8969 88.1777 0
      vertex 75 115 0
      vertex 58.1777 87.8969 0
    endloop
  endfacet
  facet normal 0 0 -1
    outer loop
      vertex 57.5913 88.4315 0
      vertex 75 115 0
      vertex 57.8969 88.1777 0
    endloop
  endfacet
  facet normal 0 0 -1
    outer loop
      vertex 57.2637 88.6559 0
      vertex 75 115 0
      vertex 57.5913 88.4315 0
    endloop
  endfacet
  facet normal 0 0 -1
    outer loop
      vertex 56.9167 88.8492 0
      vertex 75 115 0
      vertex 57.2637 88.6559 0
    endloop
  endfacet
  facet normal 0 0 -1
    outer loop
      vertex 56.5533 89.0096 0
      vertex 75 115 0
      vertex 56.9167 88.8492 0
    endloop
  endfacet
  facet normal 0 0 -1
    outer loop
      vertex 56.1768 89.1358 0
      vertex 75 115 0
      vertex 56.5533 89.0096 0
    endloop
  endfacet
  facet normal 0 0 -1
    outer loop
      vertex 55.7901 89.2268 0
      vertex 75 115 0
      vertex 56.1768 89.1358 0
    endloop
  endfacet
  facet normal 0 0 -1
    outer loop
      vertex 55.3968 89.2817 0
      vertex 75 115 0
      vertex 55.7901 89.2268 0
    endloop
  endfacet
  facet normal 0 0 -1
    outer loop
      vertex 55 89.3 0
      vertex 75 115 0
      vertex 55.3968 89.2817 0
    endloop
  endfacet
  facet normal 0 0 -1
    outer loop
      vertex 54.6032 89.2817 0
      vertex 75 115 0
      vertex 55 89.3 0
    endloop
  endfacet
  facet normal 0 0 -1
    outer loop
      vertex 54.2099 89.2268 0
      vertex 75 115 0
      vertex 54.6032 89.2817 0
    endloop
  endfacet
  facet normal 0 0 -1
    outer loop
      vertex 53.8232 89.1358 0
      vertex 75 115 0
      vertex 54.2099 89.2268 0
    endloop
  endfacet
  facet normal 0 0 -1
    outer loop
      vertex 53.4467 89.0096 0
      vertex 75 115 0
      vertex 53.8232 89.1358 0
    endloop
  endfacet
  facet normal 0 0 -1
    outer loop
      vertex 53.0833 88.8492 0
      vertex 75 115 0
      vertex 53.4467 89.0096 0
    endloop
  endfacet
  facet normal 0 0 -1
    outer loop
      vertex 52.7363 88.6559 0
      vertex 75 115 0
      vertex 53.0833 88.8492 0
    endloop
  endfacet
  facet normal 0 0 -1
    outer loop
      vertex 52.4087 88.4315 0
      vertex 75 115 0
      vertex 52.7363 88.6559 0
    endloop
  endfacet
  facet normal 0 0 -1
    outer loop
      vertex -52.4087 88.4315 0
      vertex 52.4087 88.4315 0
      vertex 52.1031 88.1777 0
    endloop
  endfacet
  facet normal 0 0 -1
    outer loop
      vertex -52.1031 88.1777 0
      vertex 52.1031 88.1777 0
      vertex 51.8223 87.8969 0
    endloop
  endfacet
  facet normal 0 0 -1
    outer loop
      vertex 50.7732 84.2099 0
      vertex -50.7 85 0
      vertex 50.7183 84.6032 0
    endloop
  endfacet
  facet normal 0 0 -1
    outer loop
      vertex 50.7183 84.6032 0
      vertex -50.7 85 0
      vertex 50.7 85 0
    endloop
  endfacet
  facet normal 0 0 -1
    outer loop
      vertex 50.7 85 0
      vertex -50.7 85 0
      vertex 50.7183 85.3968 0
    endloop
  endfacet
  facet normal 0 0 -1
    outer loop
      vertex -50.7183 85.3968 0
      vertex 50.7183 85.3968 0
      vertex -50.7 85 0
    endloop
  endfacet
  facet normal 0 0 -1
    outer loop
      vertex 50.7183 85.3968 0
      vertex -50.7183 85.3968 0
      vertex 50.7732 85.7901 0
    endloop
  endfacet
  facet normal 0 0 -1
    outer loop
      vertex -50.7732 85.7901 0
      vertex 50.7732 85.7901 0
      vertex -50.7183 85.3968 0
    endloop
  endfacet
  facet normal 0 0 -1
    outer loop
      vertex -50.7 85 0
      vertex 17.725 17.725 0
      vertex -17.725 17.725 0
    endloop
  endfacet
  facet normal 0 0 -1
    outer loop
      vertex 50.7732 85.7901 0
      vertex -50.7732 85.7901 0
      vertex 50.8642 86.1768 0
    endloop
  endfacet
  facet normal 0 0 -1
    outer loop
      vertex -50.8642 86.1768 0
      vertex 50.8642 86.1768 0
      vertex -50.7732 85.7901 0
    endloop
  endfacet
  facet normal 0 0 -1
    outer loop
      vertex 50.8642 86.1768 0
      vertex -50.8642 86.1768 0
      vertex 50.9904 86.5533 0
    endloop
  endfacet
  facet normal 0 0 -1
    outer loop
      vertex -50.9904 86.5533 0
      vertex 50.9904 86.5533 0
      vertex -50.8642 86.1768 0
    endloop
  endfacet
  facet normal 0 0 -1
    outer loop
      vertex -50.7732 -24.2099 0
      vertex -17.725 -17.725 0
      vertex -50.7183 -24.6032 0
    endloop
  endfacet
  facet normal 0 0 -1
    outer loop
      vertex 50.9904 86.5533 0
      vertex -50.9904 86.5533 0
      vertex 51.1508 86.9167 0
    endloop
  endfacet
  facet normal 0 0 -1
    outer loop
      vertex -51.1508 86.9167 0
      vertex 51.1508 86.9167 0
      vertex -50.9904 86.5533 0
    endloop
  endfacet
  facet normal 0 0 -1
    outer loop
      vertex 51.1508 86.9167 0
      vertex -51.1508 86.9167 0
      vertex 51.3441 87.2637 0
    endloop
  endfacet
  facet normal 0 0 -1
    outer loop
      vertex -51.3441 87.2637 0
      vertex 51.3441 87.2637 0
      vertex -51.1508 86.9167 0
    endloop
  endfacet
  facet normal 0 0 -1
    outer loop
      vertex 51.3441 87.2637 0
      vertex -51.3441 87.2637 0
      vertex 51.5685 87.5913 0
    endloop
  endfacet
  facet normal 0 0 -1
    outer loop
      vertex -51.5685 87.5913 0
      vertex 51.5685 87.5913 0
      vertex -51.3441 87.2637 0
    endloop
  endfacet
  facet normal 0 0 -1
    outer loop
      vertex 51.5685 87.5913 0
      vertex -51.5685 87.5913 0
      vertex 51.8223 87.8969 0
    endloop
  endfacet
  facet normal 0 0 -1
    outer loop
      vertex -51.8223 87.8969 0
      vertex 51.8223 87.8969 0
      vertex -51.5685 87.5913 0
    endloop
  endfacet
  facet normal 0 0 -1
    outer loop
      vertex -52.1031 88.1777 0
      vertex 51.8223 87.8969 0
      vertex -51.8223 87.8969 0
    endloop
  endfacet
  facet normal 0 0 -1
    outer loop
      vertex 52.1031 88.1777 0
      vertex -52.1031 88.1777 0
      vertex -52.4087 88.4315 0
    endloop
  endfacet
  facet normal 0 0 -1
    outer loop
      vertex 52.4087 88.4315 0
      vertex -52.4087 88.4315 0
      vertex 75 115 0
    endloop
  endfacet
  facet normal 0 0 -1
    outer loop
      vertex -75 115 0
      vertex -52.4087 88.4315 0
      vertex -52.7363 88.6559 0
    endloop
  endfacet
  facet normal 0 0 -1
    outer loop
      vertex -75 115 0
      vertex -52.7363 88.6559 0
      vertex -53.0833 88.8492 0
    endloop
  endfacet
  facet normal 0 0 -1
    outer loop
      vertex -75 115 0
      vertex -53.0833 88.8492 0
      vertex -53.4467 89.0096 0
    endloop
  endfacet
  facet normal 0 0 -1
    outer loop
      vertex -75 115 0
      vertex -53.4467 89.0096 0
      vertex -53.8232 89.1358 0
    endloop
  endfacet
  facet normal 0 0 -1
    outer loop
      vertex -75 115 0
      vertex -53.8232 89.1358 0
      vertex -54.2099 89.2268 0
    endloop
  endfacet
  facet normal 0 0 -1
    outer loop
      vertex -75 115 0
      vertex -54.2099 89.2268 0
      vertex -54.6032 89.2817 0
    endloop
  endfacet
  facet normal 0 0 -1
    outer loop
      vertex -75 115 0
      vertex -54.6032 89.2817 0
      vertex -55 89.3 0
    endloop
  endfacet
  facet normal 0 0 -1
    outer loop
      vertex -75 115 0
      vertex -55 89.3 0
      vertex -55.3968 89.2817 0
    endloop
  endfacet
  facet normal 0 0 -1
    outer loop
      vertex -75 115 0
      vertex -55.3968 89.2817 0
      vertex -55.7901 89.2268 0
    endloop
  endfacet
  facet normal 0 0 -1
    outer loop
      vertex -59.2817 84.6032 0
      vertex -75 115 0
      vertex -59.3 85 0
    endloop
  endfacet
  facet normal 0 0 -1
    outer loop
      vertex -52.4087 88.4315 0
      vertex -75 115 0
      vertex 75 115 0
    endloop
  endfacet
  facet normal 0 0 -1
    outer loop
      vertex -56.1768 89.1358 0
      vertex -75 115 0
      vertex -55.7901 89.2268 0
    endloop
  endfacet
  facet normal 0 0 -1
    outer loop
      vertex -56.5533 89.0096 0
      vertex -75 115 0
      vertex -56.1768 89.1358 0
    endloop
  endfacet
  facet normal 0 0 -1
    outer loop
      vertex -56.9167 88.8492 0
      vertex -75 115 0
      vertex -56.5533 89.0096 0
    endloop
  endfacet
  facet normal 0 0 -1
    outer loop
      vertex -57.2637 88.6559 0
      vertex -75 115 0
      vertex -56.9167 88.8492 0
    endloop
  endfacet
  facet normal 0 0 -1
    outer loop
      vertex -57.5913 88.4315 0
      vertex -75 115 0
      vertex -57.2637 88.6559 0
    endloop
  endfacet
  facet normal 0 0 -1
    outer loop
      vertex -57.8969 88.1777 0
      vertex -75 115 0
      vertex -57.5913 88.4315 0
    endloop
  endfacet
  facet normal 0 0 -1
    outer loop
      vertex -58.1777 87.8969 0
      vertex -75 115 0
      vertex -57.8969 88.1777 0
    endloop
  endfacet
  facet normal 0 0 -1
    outer loop
      vertex -58.4315 87.5913 0
      vertex -75 115 0
      vertex -58.1777 87.8969 0
    endloop
  endfacet
  facet normal 0 0 -1
    outer loop
      vertex -58.6559 87.2637 0
      vertex -75 115 0
      vertex -58.4315 87.5913 0
    endloop
  endfacet
  facet normal 0 0 -1
    outer loop
      vertex -58.8492 86.9167 0
      vertex -75 115 0
      vertex -58.6559 87.2637 0
    endloop
  endfacet
  facet normal 0 0 -1
    outer loop
      vertex -59.0096 86.5533 0
      vertex -75 115 0
      vertex -58.8492 86.9167 0
    endloop
  endfacet
  facet normal 0 0 -1
    outer loop
      vertex -59.1358 86.1768 0
      vertex -75 115 0
      vertex -59.0096 86.5533 0
    endloop
  endfacet
  facet normal 0 0 -1
    outer loop
      vertex -59.2268 85.7901 0
      vertex -75 115 0
      vertex -59.1358 86.1768 0
    endloop
  endfacet
  facet normal 0 0 -1
    outer loop
      vertex -59.2817 85.3968 0
      vertex -75 115 0
      vertex -59.2268 85.7901 0
    endloop
  endfacet
  facet normal 0 0 -1
    outer loop
      vertex -59.3 85 0
      vertex -75 115 0
      vertex -59.2817 85.3968 0
    endloop
  endfacet
  facet normal -1 0 0
    outer loop
      vertex -2 46.6216 6
      vertex -2 21.725 6
      vertex -2 21.725 54.1334
    endloop
  endfacet
  facet normal 1 0 0
    outer loop
      vertex 2 21.725 54.1334
      vertex 2 21.725 6
      vertex 2 46.6216 6
    endloop
  endfacet
  facet normal 0 0.888218 0.459423
    outer loop
      vertex 2 46.6216 6
      vertex -2 21.725 54.1334
      vertex 2 21.725 54.1334
    endloop
  endfacet
  facet normal 0 0.888218 0.459423
    outer loop
      vertex -2 21.725 54.1334
      vertex 2 46.6216 6
      vertex -2 46.6216 6
    endloop
  endfacet
  facet normal 0 -1 -0
    outer loop
      vertex -21.725 -2 54.1334
      vertex -46.6216 -2 6
      vertex -21.725 -2 6
    endloop
  endfacet
  facet normal -0.888218 0 0.459423
    outer loop
      vertex -46.6216 -2 6
      vertex -21.725 2 54.1334
      vertex -46.6216 2 6
    endloop
  endfacet
  facet normal -0.888218 0 0.459423
    outer loop
      vertex -21.725 2 54.1334
      vertex -46.6216 -2 6
      vertex -21.725 -2 54.1334
    endloop
  endfacet
  facet normal 0 1 -0
    outer loop
      vertex -21.725 2 6
      vertex -46.6216 2 6
      vertex -21.725 2 54.1334
    endloop
  endfacet
  facet normal 1 0 0
    outer loop
      vertex 2 -21.725 54.1334
      vertex 2 -46.6216 6
      vertex 2 -21.725 6
    endloop
  endfacet
  facet normal 0 -0.888218 0.459423
    outer loop
      vertex -2 -46.6216 6
      vertex 2 -21.725 54.1334
      vertex -2 -21.725 54.1334
    endloop
  endfacet
  facet normal 0 -0.888218 0.459423
    outer loop
      vertex 2 -21.725 54.1334
      vertex -2 -46.6216 6
      vertex 2 -46.6216 6
    endloop
  endfacet
  facet normal -1 0 0
    outer loop
      vertex -2 -21.725 6
      vertex -2 -46.6216 6
      vertex -2 -21.725 54.1334
    endloop
  endfacet
  facet normal 1 0 0
    outer loop
      vertex 75 55 6
      vertex 75 115 18
      vertex 75 55 18
    endloop
  endfacet
  facet normal 1 0 0
    outer loop
      vertex 75 115 18
      vertex 75 55 6
      vertex 75 115 0
    endloop
  endfacet
  facet normal 1 0 0
    outer loop
      vertex 75 -55 0
      vertex 75 55 6
      vertex 75 -55 6
    endloop
  endfacet
  facet normal 1 0 0
    outer loop
      vertex 75 55 6
      vertex 75 -55 0
      vertex 75 115 0
    endloop
  endfacet
  facet normal 0 0 1
    outer loop
      vertex 75 115 18
      vertex 72 112 18
      vertex 75 55 18
    endloop
  endfacet
  facet normal 0 0 1
    outer loop
      vertex 75 115 18
      vertex -72 112 18
      vertex 72 112 18
    endloop
  endfacet
  facet normal 0 0 1
    outer loop
      vertex -72 112 18
      vertex -75 115 18
      vertex -72 58 18
    endloop
  endfacet
  facet normal -0 0 1
    outer loop
      vertex -75 115 18
      vertex -72 112 18
      vertex 75 115 18
    endloop
  endfacet
  facet normal -0 0 1
    outer loop
      vertex 72 58 18
      vertex 75 55 18
      vertex 72 112 18
    endloop
  endfacet
  facet normal -0 0 1
    outer loop
      vertex -72 58 18
      vertex 75 55 18
      vertex 72 58 18
    endloop
  endfacet
  facet normal 0 0 1
    outer loop
      vertex -72 58 18
      vertex -75 55 18
      vertex 75 55 18
    endloop
  endfacet
  facet normal 0 0 1
    outer loop
      vertex -75 55 18
      vertex -72 58 18
      vertex -75 115 18
    endloop
  endfacet
  facet normal -1 0 0
    outer loop
      vertex -75 115 0
      vertex -75 55 6
      vertex -75 115 18
    endloop
  endfacet
  facet normal -1 0 0
    outer loop
      vertex -75 -55 0
      vertex -75 55 6
      vertex -75 115 0
    endloop
  endfacet
  facet normal -1 -0 0
    outer loop
      vertex -75 55 6
      vertex -75 -55 0
      vertex -75 -55 6
    endloop
  endfacet
  facet normal -1 -0 0
    outer loop
      vertex -75 115 18
      vertex -75 55 6
      vertex -75 55 18
    endloop
  endfacet
  facet normal 0 1 -0
    outer loop
      vertex 75 115 0
      vertex -75 115 18
      vertex 75 115 18
    endloop
  endfacet
  facet normal 0 1 0
    outer loop
      vertex -75 115 18
      vertex 75 115 0
      vertex -75 115 0
    endloop
  endfacet
  facet normal 0 -1 0
    outer loop
      vertex -75 55 6
      vertex 75 55 18
      vertex -75 55 18
    endloop
  endfacet
  facet normal 0 -1 -0
    outer loop
      vertex 75 55 18
      vertex -75 55 6
      vertex 75 55 6
    endloop
  endfacet
  facet normal -1 0 0
    outer loop
      vertex 72 58 6
      vertex 72 112 18
      vertex 72 112 6
    endloop
  endfacet
  facet normal -1 -0 0
    outer loop
      vertex 72 112 18
      vertex 72 58 6
      vertex 72 58 18
    endloop
  endfacet
  facet normal 0 0 1
    outer loop
      vertex 72 112 6
      vertex 57.25 85 6
      vertex 72 58 6
    endloop
  endfacet
  facet normal 0 0 1
    outer loop
      vertex 72 112 6
      vertex 57.2158 85.3907 6
      vertex 57.25 85 6
    endloop
  endfacet
  facet normal 0 0 1
    outer loop
      vertex 72 112 6
      vertex 57.1143 85.7695 6
      vertex 57.2158 85.3907 6
    endloop
  endfacet
  facet normal 0 0 1
    outer loop
      vertex 72 112 6
      vertex 56.9486 86.125 6
      vertex 57.1143 85.7695 6
    endloop
  endfacet
  facet normal 0 0 1
    outer loop
      vertex 72 112 6
      vertex 56.7236 86.4463 6
      vertex 56.9486 86.125 6
    endloop
  endfacet
  facet normal 0 0 1
    outer loop
      vertex 72 112 6
      vertex 56.4463 86.7236 6
      vertex 56.7236 86.4463 6
    endloop
  endfacet
  facet normal 0 0 1
    outer loop
      vertex 72 112 6
      vertex 56.125 86.9486 6
      vertex 56.4463 86.7236 6
    endloop
  endfacet
  facet normal 0 0 1
    outer loop
      vertex 72 112 6
      vertex 55.7695 87.1143 6
      vertex 56.125 86.9486 6
    endloop
  endfacet
  facet normal 0 0 1
    outer loop
      vertex 72 112 6
      vertex 55.3907 87.2158 6
      vertex 55.7695 87.1143 6
    endloop
  endfacet
  facet normal 0 0 1
    outer loop
      vertex 72 112 6
      vertex 55 87.25 6
      vertex 55.3907 87.2158 6
    endloop
  endfacet
  facet normal 0 0 1
    outer loop
      vertex 72 112 6
      vertex 54.6093 87.2158 6
      vertex 55 87.25 6
    endloop
  endfacet
  facet normal 0 0 1
    outer loop
      vertex 72 112 6
      vertex 54.2305 87.1143 6
      vertex 54.6093 87.2158 6
    endloop
  endfacet
  facet normal 0 0 1
    outer loop
      vertex 72 112 6
      vertex 53.875 86.9486 6
      vertex 54.2305 87.1143 6
    endloop
  endfacet
  facet normal 0 0 1
    outer loop
      vertex 72 112 6
      vertex 53.5537 86.7236 6
      vertex 53.875 86.9486 6
    endloop
  endfacet
  facet normal 0 0 1
    outer loop
      vertex -53.5537 86.7236 6
      vertex 53.5537 86.7236 6
      vertex 72 112 6
    endloop
  endfacet
  facet normal 0 0 1
    outer loop
      vertex 52.7842 85.3907 6
      vertex -52.75 85 6
      vertex 52.75 85 6
    endloop
  endfacet
  facet normal 0 0 1
    outer loop
      vertex -52.7842 85.3907 6
      vertex 52.7842 85.3907 6
      vertex 52.8857 85.7695 6
    endloop
  endfacet
  facet normal 0 0 1
    outer loop
      vertex -52.8857 85.7695 6
      vertex 52.8857 85.7695 6
      vertex 53.0514 86.125 6
    endloop
  endfacet
  facet normal 0 0 1
    outer loop
      vertex -53.0514 86.125 6
      vertex 53.0514 86.125 6
      vertex 53.2764 86.4463 6
    endloop
  endfacet
  facet normal 0 0 1
    outer loop
      vertex 53.5537 86.7236 6
      vertex -53.5537 86.7236 6
      vertex 53.2764 86.4463 6
    endloop
  endfacet
  facet normal 0 0 1
    outer loop
      vertex 52.7842 85.3907 6
      vertex -52.7842 85.3907 6
      vertex -52.75 85 6
    endloop
  endfacet
  facet normal 0 0 1
    outer loop
      vertex 52.8857 85.7695 6
      vertex -52.8857 85.7695 6
      vertex -52.7842 85.3907 6
    endloop
  endfacet
  facet normal 0 0 1
    outer loop
      vertex 53.0514 86.125 6
      vertex -53.0514 86.125 6
      vertex -52.8857 85.7695 6
    endloop
  endfacet
  facet normal 0 0 1
    outer loop
      vertex 53.2764 86.4463 6
      vertex -53.2764 86.4463 6
      vertex -53.0514 86.125 6
    endloop
  endfacet
  facet normal 0 0 1
    outer loop
      vertex 53.2764 86.4463 6
      vertex -53.5537 86.7236 6
      vertex -53.2764 86.4463 6
    endloop
  endfacet
  facet normal -0 0 1
    outer loop
      vertex -72 112 6
      vertex -53.5537 86.7236 6
      vertex 72 112 6
    endloop
  endfacet
  facet normal 0 0 1
    outer loop
      vertex -53.5537 86.7236 6
      vertex -72 112 6
      vertex -53.875 86.9486 6
    endloop
  endfacet
  facet normal 0 0 1
    outer loop
      vertex -53.875 86.9486 6
      vertex -72 112 6
      vertex -54.2305 87.1143 6
    endloop
  endfacet
  facet normal 0 0 1
    outer loop
      vertex -54.2305 87.1143 6
      vertex -72 112 6
      vertex -54.6093 87.2158 6
    endloop
  endfacet
  facet normal 0 0 1
    outer loop
      vertex -54.6093 87.2158 6
      vertex -72 112 6
      vertex -55 87.25 6
    endloop
  endfacet
  facet normal 0 0 1
    outer loop
      vertex -57.2158 85.3907 6
      vertex -72 112 6
      vertex -57.25 85 6
    endloop
  endfacet
  facet normal 0 0 1
    outer loop
      vertex -57.1143 85.7695 6
      vertex -72 112 6
      vertex -57.2158 85.3907 6
    endloop
  endfacet
  facet normal 0 0 1
    outer loop
      vertex -56.9486 86.125 6
      vertex -72 112 6
      vertex -57.1143 85.7695 6
    endloop
  endfacet
  facet normal 0 0 1
    outer loop
      vertex -56.7236 86.4463 6
      vertex -72 112 6
      vertex -56.9486 86.125 6
    endloop
  endfacet
  facet normal 0 0 1
    outer loop
      vertex -56.4463 86.7236 6
      vertex -72 112 6
      vertex -56.7236 86.4463 6
    endloop
  endfacet
  facet normal 0 0 1
    outer loop
      vertex -56.125 86.9486 6
      vertex -72 112 6
      vertex -56.4463 86.7236 6
    endloop
  endfacet
  facet normal 0 0 1
    outer loop
      vertex -55.7695 87.1143 6
      vertex -72 112 6
      vertex -56.125 86.9486 6
    endloop
  endfacet
  facet normal 0 0 1
    outer loop
      vertex -55.3907 87.2158 6
      vertex -72 112 6
      vertex -55.7695 87.1143 6
    endloop
  endfacet
  facet normal 0 0 1
    outer loop
      vertex -55 87.25 6
      vertex -72 112 6
      vertex -55.3907 87.2158 6
    endloop
  endfacet
  facet normal -0 0 1
    outer loop
      vertex 57.2158 84.6093 6
      vertex 72 58 6
      vertex 57.25 85 6
    endloop
  endfacet
  facet normal -0 0 1
    outer loop
      vertex 57.1143 84.2305 6
      vertex 72 58 6
      vertex 57.2158 84.6093 6
    endloop
  endfacet
  facet normal -0 0 1
    outer loop
      vertex 56.9486 83.875 6
      vertex 72 58 6
      vertex 57.1143 84.2305 6
    endloop
  endfacet
  facet normal -0 0 1
    outer loop
      vertex 56.7236 83.5537 6
      vertex 72 58 6
      vertex 56.9486 83.875 6
    endloop
  endfacet
  facet normal -0 0 1
    outer loop
      vertex 56.4463 83.2764 6
      vertex 72 58 6
      vertex 56.7236 83.5537 6
    endloop
  endfacet
  facet normal -0 0 1
    outer loop
      vertex 56.125 83.0514 6
      vertex 72 58 6
      vertex 56.4463 83.2764 6
    endloop
  endfacet
  facet normal -0 0 1
    outer loop
      vertex 55.7695 82.8857 6
      vertex 72 58 6
      vertex 56.125 83.0514 6
    endloop
  endfacet
  facet normal -0 0 1
    outer loop
      vertex 55.3907 82.7842 6
      vertex 72 58 6
      vertex 55.7695 82.8857 6
    endloop
  endfacet
  facet normal -0 0 1
    outer loop
      vertex 55 82.75 6
      vertex 72 58 6
      vertex 55.3907 82.7842 6
    endloop
  endfacet
  facet normal 0 0 1
    outer loop
      vertex 54.6093 82.7842 6
      vertex 72 58 6
      vertex 55 82.75 6
    endloop
  endfacet
  facet normal 0 0 1
    outer loop
      vertex 54.2305 82.8857 6
      vertex 72 58 6
      vertex 54.6093 82.7842 6
    endloop
  endfacet
  facet normal 0 0 1
    outer loop
      vertex 53.875 83.0514 6
      vertex 72 58 6
      vertex 54.2305 82.8857 6
    endloop
  endfacet
  facet normal 0 0 1
    outer loop
      vertex 53.5537 83.2764 6
      vertex 72 58 6
      vertex 53.875 83.0514 6
    endloop
  endfacet
  facet normal 0 0 1
    outer loop
      vertex -53.5537 83.2764 6
      vertex 53.5537 83.2764 6
      vertex 53.2764 83.5537 6
    endloop
  endfacet
  facet normal -0 0 1
    outer loop
      vertex -52.75 85 6
      vertex 52.7842 84.6093 6
      vertex 52.75 85 6
    endloop
  endfacet
  facet normal 0 0 1
    outer loop
      vertex -52.7842 84.6093 6
      vertex 52.7842 84.6093 6
      vertex -52.75 85 6
    endloop
  endfacet
  facet normal 0 0 1
    outer loop
      vertex 52.7842 84.6093 6
      vertex -52.7842 84.6093 6
      vertex 52.8857 84.2305 6
    endloop
  endfacet
  facet normal 0 0 1
    outer loop
      vertex -52.8857 84.2305 6
      vertex 52.8857 84.2305 6
      vertex -52.7842 84.6093 6
    endloop
  endfacet
  facet normal 0 0 1
    outer loop
      vertex 52.8857 84.2305 6
      vertex -52.8857 84.2305 6
      vertex 53.0514 83.875 6
    endloop
  endfacet
  facet normal 0 0 1
    outer loop
      vertex -53.0514 83.875 6
      vertex 53.0514 83.875 6
      vertex -52.8857 84.2305 6
    endloop
  endfacet
  facet normal 0 0 1
    outer loop
      vertex 53.0514 83.875 6
      vertex -53.0514 83.875 6
      vertex 53.2764 83.5537 6
    endloop
  endfacet
  facet normal 0 0 1
    outer loop
      vertex -53.2764 83.5537 6
      vertex 53.2764 83.5537 6
      vertex -53.0514 83.875 6
    endloop
  endfacet
  facet normal 0 0 1
    outer loop
      vertex -53.5537 83.2764 6
      vertex 53.2764 83.5537 6
      vertex -53.2764 83.5537 6
    endloop
  endfacet
  facet normal 0 0 1
    outer loop
      vertex 53.5537 83.2764 6
      vertex -53.5537 83.2764 6
      vertex 72 58 6
    endloop
  endfacet
  facet normal 0 0 1
    outer loop
      vertex -72 58 6
      vertex -53.5537 83.2764 6
      vertex -53.875 83.0514 6
    endloop
  endfacet
  facet normal 0 0 1
    outer loop
      vertex -72 58 6
      vertex -53.875 83.0514 6
      vertex -54.2305 82.8857 6
    endloop
  endfacet
  facet normal 0 0 1
    outer loop
      vertex -72 58 6
      vertex -54.2305 82.8857 6
      vertex -54.6093 82.7842 6
    endloop
  endfacet
  facet normal 0 0 1
    outer loop
      vertex -72 58 6
      vertex -54.6093 82.7842 6
      vertex -55 82.75 6
    endloop
  endfacet
  facet normal 0 0 1
    outer loop
      vertex -72 58 6
      vertex -55 82.75 6
      vertex -55.3907 82.7842 6
    endloop
  endfacet
  facet normal 0 0 1
    outer loop
      vertex -72 58 6
      vertex -57.25 85 6
      vertex -72 112 6
    endloop
  endfacet
  facet normal 0 0 1
    outer loop
      vertex -57.25 85 6
      vertex -72 58 6
      vertex -57.2158 84.6093 6
    endloop
  endfacet
  facet normal 0 0 1
    outer loop
      vertex -57.2158 84.6093 6
      vertex -72 58 6
      vertex -57.1143 84.2305 6
    endloop
  endfacet
  facet normal 0 0 1
    outer loop
      vertex -53.5537 83.2764 6
      vertex -72 58 6
      vertex 72 58 6
    endloop
  endfacet
  facet normal 0 0 1
    outer loop
      vertex -55.7695 82.8857 6
      vertex -72 58 6
      vertex -55.3907 82.7842 6
    endloop
  endfacet
  facet normal 0 0 1
    outer loop
      vertex -56.125 83.0514 6
      vertex -72 58 6
      vertex -55.7695 82.8857 6
    endloop
  endfacet
  facet normal 0 0 1
    outer loop
      vertex -56.4463 83.2764 6
      vertex -72 58 6
      vertex -56.125 83.0514 6
    endloop
  endfacet
  facet normal 0 0 1
    outer loop
      vertex -56.7236 83.5537 6
      vertex -72 58 6
      vertex -56.4463 83.2764 6
    endloop
  endfacet
  facet normal 0 0 1
    outer loop
      vertex -56.9486 83.875 6
      vertex -72 58 6
      vertex -56.7236 83.5537 6
    endloop
  endfacet
  facet normal 0 0 1
    outer loop
      vertex -57.1143 84.2305 6
      vertex -72 58 6
      vertex -56.9486 83.875 6
    endloop
  endfacet
  facet normal 0 0 1
    outer loop
      vertex -21.725 -2 6
      vertex -46.6216 -2 6
      vertex -21.725 -18.725 6
    endloop
  endfacet
  facet normal 0 0 1
    outer loop
      vertex -2 -21.725 6
      vertex -18.725 -21.725 6
      vertex -2 -46.6216 6
    endloop
  endfacet
  facet normal -0 0 1
    outer loop
      vertex 57.1143 -24.2305 6
      vertex 75 -55 6
      vertex 75 55 6
    endloop
  endfacet
  facet normal 0 0 1
    outer loop
      vertex 75 -55 6
      vertex 57.2158 -24.6093 6
      vertex 57.25 -25 6
    endloop
  endfacet
  facet normal 0 0 1
    outer loop
      vertex 75 -55 6
      vertex 57.1143 -24.2305 6
      vertex 57.2158 -24.6093 6
    endloop
  endfacet
  facet normal 0 0 1
    outer loop
      vertex 75 55 6
      vertex 56.9486 -23.875 6
      vertex 57.1143 -24.2305 6
    endloop
  endfacet
  facet normal 0 0 1
    outer loop
      vertex 75 55 6
      vertex 56.7236 -23.5537 6
      vertex 56.9486 -23.875 6
    endloop
  endfacet
  facet normal -0 0 1
    outer loop
      vertex 46.6216 2 6
      vertex 56.7236 -23.5537 6
      vertex 75 55 6
    endloop
  endfacet
  facet normal 0 0 1
    outer loop
      vertex 56.7236 -23.5537 6
      vertex 46.6216 2 6
      vertex 56.4463 -23.2764 6
    endloop
  endfacet
  facet normal -0 0 1
    outer loop
      vertex 46.6216 -2 6
      vertex 56.4463 -23.2764 6
      vertex 46.6216 2 6
    endloop
  endfacet
  facet normal 0 0 1
    outer loop
      vertex 56.4463 -23.2764 6
      vertex 46.6216 -2 6
      vertex 56.125 -23.0514 6
    endloop
  endfacet
  facet normal 0 0 1
    outer loop
      vertex 56.125 -23.0514 6
      vertex 46.6216 -2 6
      vertex 55.7695 -22.8857 6
    endloop
  endfacet
  facet normal 0 0 1
    outer loop
      vertex 55.7695 -22.8857 6
      vertex 46.6216 -2 6
      vertex 55.3907 -22.7842 6
    endloop
  endfacet
  facet normal 0 0 1
    outer loop
      vertex 55.3907 -22.7842 6
      vertex 46.6216 -2 6
      vertex 55 -22.75 6
    endloop
  endfacet
  facet normal 0 0 1
    outer loop
      vertex 55 -22.75 6
      vertex 46.6216 -2 6
      vertex 54.6093 -22.7842 6
    endloop
  endfacet
  facet normal 0 0 1
    outer loop
      vertex 54.6093 -22.7842 6
      vertex 46.6216 -2 6
      vertex 54.2305 -22.8857 6
    endloop
  endfacet
  facet normal 0 0 1
    outer loop
      vertex 54.2305 -22.8857 6
      vertex 46.6216 -2 6
      vertex 53.875 -23.0514 6
    endloop
  endfacet
  facet normal 0 0 1
    outer loop
      vertex 53.875 -23.0514 6
      vertex 46.6216 -2 6
      vertex 53.5537 -23.2764 6
    endloop
  endfacet
  facet normal 0 0 1
    outer loop
      vertex 53.5537 -23.2764 6
      vertex 46.6216 -2 6
      vertex 53.2764 -23.5537 6
    endloop
  endfacet
  facet normal 0 0 1
    outer loop
      vertex 53.0514 -23.875 6
      vertex 21.725 -18.725 6
      vertex 52.8857 -24.2305 6
    endloop
  endfacet
  facet normal -0 0 1
    outer loop
      vertex 21.725 -18.725 6
      vertex 53.0514 -23.875 6
      vertex 46.6216 -2 6
    endloop
  endfacet
  facet normal 0 0 1
    outer loop
      vertex 53.2764 -23.5537 6
      vertex 46.6216 -2 6
      vertex 53.0514 -23.875 6
    endloop
  endfacet
  facet normal -0 0 1
    outer loop
      vertex 21.4966 19.873 6
      vertex 46.6216 2 6
      vertex 75 55 6
    endloop
  endfacet
  facet normal 0 0 1
    outer loop
      vertex 46.6216 2 6
      vertex 21.6993 19.1166 6
      vertex 21.725 18.725 6
    endloop
  endfacet
  facet normal 0 0 1
    outer loop
      vertex 46.6216 2 6
      vertex 21.6228 19.5014 6
      vertex 21.6993 19.1166 6
    endloop
  endfacet
  facet normal 0 0 1
    outer loop
      vertex 46.6216 2 6
      vertex 21.4966 19.873 6
      vertex 21.6228 19.5014 6
    endloop
  endfacet
  facet normal 0 0 1
    outer loop
      vertex 75 55 6
      vertex 21.3231 20.225 6
      vertex 21.4966 19.873 6
    endloop
  endfacet
  facet normal 0 0 1
    outer loop
      vertex 75 55 6
      vertex 21.1051 20.5513 6
      vertex 21.3231 20.225 6
    endloop
  endfacet
  facet normal 0 0 1
    outer loop
      vertex 75 55 6
      vertex 20.8463 20.8463 6
      vertex 21.1051 20.5513 6
    endloop
  endfacet
  facet normal 0 0 1
    outer loop
      vertex 75 55 6
      vertex 20.5513 21.1051 6
      vertex 20.8463 20.8463 6
    endloop
  endfacet
  facet normal 0 0 1
    outer loop
      vertex 75 55 6
      vertex 20.225 21.3231 6
      vertex 20.5513 21.1051 6
    endloop
  endfacet
  facet normal -0 0 1
    outer loop
      vertex 2 46.6216 6
      vertex 20.225 21.3231 6
      vertex 75 55 6
    endloop
  endfacet
  facet normal 0 0 1
    outer loop
      vertex 20.225 21.3231 6
      vertex 2 46.6216 6
      vertex 19.873 21.4966 6
    endloop
  endfacet
  facet normal 0 0 1
    outer loop
      vertex 19.873 21.4966 6
      vertex 2 46.6216 6
      vertex 19.5014 21.6228 6
    endloop
  endfacet
  facet normal 0 0 1
    outer loop
      vertex 19.5014 21.6228 6
      vertex 2 46.6216 6
      vertex 19.1166 21.6993 6
    endloop
  endfacet
  facet normal 0 0 1
    outer loop
      vertex 19.1166 21.6993 6
      vertex 2 46.6216 6
      vertex 18.725 21.725 6
    endloop
  endfacet
  facet normal 0 0 1
    outer loop
      vertex 75 55 6
      vertex -2 46.6216 6
      vertex 2 46.6216 6
    endloop
  endfacet
  facet normal 0 0 1
    outer loop
      vertex -2 46.6216 6
      vertex -18.725 21.725 6
      vertex -2 21.725 6
    endloop
  endfacet
  facet normal 0 0 1
    outer loop
      vertex -2 46.6216 6
      vertex -19.1166 21.6993 6
      vertex -18.725 21.725 6
    endloop
  endfacet
  facet normal 0 0 1
    outer loop
      vertex -2 46.6216 6
      vertex -19.5014 21.6228 6
      vertex -19.1166 21.6993 6
    endloop
  endfacet
  facet normal 0 0 1
    outer loop
      vertex -2 46.6216 6
      vertex -19.873 21.4966 6
      vertex -19.5014 21.6228 6
    endloop
  endfacet
  facet normal 0 0 1
    outer loop
      vertex -2 46.6216 6
      vertex -20.225 21.3231 6
      vertex -19.873 21.4966 6
    endloop
  endfacet
  facet normal 0 0 1
    outer loop
      vertex -75 55 6
      vertex -20.225 21.3231 6
      vertex -2 46.6216 6
    endloop
  endfacet
  facet normal 0 0 1
    outer loop
      vertex -20.225 21.3231 6
      vertex -75 55 6
      vertex -20.5513 21.1051 6
    endloop
  endfacet
  facet normal 0 0 1
    outer loop
      vertex -20.5513 21.1051 6
      vertex -75 55 6
      vertex -20.8463 20.8463 6
    endloop
  endfacet
  facet normal 0 0 1
    outer loop
      vertex -21.725 18.725 6
      vertex -46.6216 2 6
      vertex -21.725 2 6
    endloop
  endfacet
  facet normal 0 0 1
    outer loop
      vertex -21.6993 19.1166 6
      vertex -46.6216 2 6
      vertex -21.725 18.725 6
    endloop
  endfacet
  facet normal 0 0 1
    outer loop
      vertex -21.6228 19.5014 6
      vertex -46.6216 2 6
      vertex -21.6993 19.1166 6
    endloop
  endfacet
  facet normal 0 0 1
    outer loop
      vertex -21.4966 19.873 6
      vertex -46.6216 2 6
      vertex -21.6228 19.5014 6
    endloop
  endfacet
  facet normal 0 0 1
    outer loop
      vertex -21.3231 20.225 6
      vertex -46.6216 2 6
      vertex -21.4966 19.873 6
    endloop
  endfacet
  facet normal 0 0 1
    outer loop
      vertex -75 55 6
      vertex -21.3231 20.225 6
      vertex -21.1051 20.5513 6
    endloop
  endfacet
  facet normal 0 0 1
    outer loop
      vertex -20.8463 20.8463 6
      vertex -75 55 6
      vertex -21.1051 20.5513 6
    endloop
  endfacet
  facet normal 0 0 1
    outer loop
      vertex -56.4463 -23.2764 6
      vertex -46.6216 -2 6
      vertex -46.6216 2 6
    endloop
  endfacet
  facet normal 0 0 1
    outer loop
      vertex -46.6216 -2 6
      vertex -52.7842 -24.6093 6
      vertex -52.75 -25 6
    endloop
  endfacet
  facet normal 0 0 1
    outer loop
      vertex -46.6216 -2 6
      vertex -52.8857 -24.2305 6
      vertex -52.7842 -24.6093 6
    endloop
  endfacet
  facet normal 0 0 1
    outer loop
      vertex -46.6216 -2 6
      vertex -53.0514 -23.875 6
      vertex -52.8857 -24.2305 6
    endloop
  endfacet
  facet normal 0 0 1
    outer loop
      vertex -46.6216 -2 6
      vertex -53.2764 -23.5537 6
      vertex -53.0514 -23.875 6
    endloop
  endfacet
  facet normal 0 0 1
    outer loop
      vertex -46.6216 -2 6
      vertex -53.5537 -23.2764 6
      vertex -53.2764 -23.5537 6
    endloop
  endfacet
  facet normal 0 0 1
    outer loop
      vertex -46.6216 -2 6
      vertex -53.875 -23.0514 6
      vertex -53.5537 -23.2764 6
    endloop
  endfacet
  facet normal 0 0 1
    outer loop
      vertex -46.6216 -2 6
      vertex -54.2305 -22.8857 6
      vertex -53.875 -23.0514 6
    endloop
  endfacet
  facet normal 0 0 1
    outer loop
      vertex -46.6216 -2 6
      vertex -54.6093 -22.7842 6
      vertex -54.2305 -22.8857 6
    endloop
  endfacet
  facet normal 0 0 1
    outer loop
      vertex -46.6216 -2 6
      vertex -55 -22.75 6
      vertex -54.6093 -22.7842 6
    endloop
  endfacet
  facet normal 0 0 1
    outer loop
      vertex -46.6216 -2 6
      vertex -55.3907 -22.7842 6
      vertex -55 -22.75 6
    endloop
  endfacet
  facet normal 0 0 1
    outer loop
      vertex -46.6216 -2 6
      vertex -55.7695 -22.8857 6
      vertex -55.3907 -22.7842 6
    endloop
  endfacet
  facet normal 0 0 1
    outer loop
      vertex -46.6216 -2 6
      vertex -56.125 -23.0514 6
      vertex -55.7695 -22.8857 6
    endloop
  endfacet
  facet normal 0 0 1
    outer loop
      vertex -46.6216 -2 6
      vertex -56.4463 -23.2764 6
      vertex -56.125 -23.0514 6
    endloop
  endfacet
  facet normal 0 0 1
    outer loop
      vertex -46.6216 2 6
      vertex -56.7236 -23.5537 6
      vertex -56.4463 -23.2764 6
    endloop
  endfacet
  facet normal 0 0 1
    outer loop
      vertex -75 55 6
      vertex -56.7236 -23.5537 6
      vertex -46.6216 2 6
    endloop
  endfacet
  facet normal 0 0 1
    outer loop
      vertex -56.7236 -23.5537 6
      vertex -75 55 6
      vertex -56.9486 -23.875 6
    endloop
  endfacet
  facet normal 0 0 1
    outer loop
      vertex -57.1143 -24.2305 6
      vertex -75 -55 6
      vertex -57.2158 -24.6093 6
    endloop
  endfacet
  facet normal 0 0 1
    outer loop
      vertex -75 -55 6
      vertex -57.1143 -24.2305 6
      vertex -75 55 6
    endloop
  endfacet
  facet normal 0 0 1
    outer loop
      vertex -56.9486 -23.875 6
      vertex -75 55 6
      vertex -57.1143 -24.2305 6
    endloop
  endfacet
  facet normal 0 0 1
    outer loop
      vertex -21.3231 20.225 6
      vertex -75 55 6
      vertex -46.6216 2 6
    endloop
  endfacet
  facet normal -0 0 1
    outer loop
      vertex -75 55 6
      vertex -2 46.6216 6
      vertex 75 55 6
    endloop
  endfacet
  facet normal -0 0 1
    outer loop
      vertex 57.2158 -25.3907 6
      vertex 75 -55 6
      vertex 57.25 -25 6
    endloop
  endfacet
  facet normal -0 0 1
    outer loop
      vertex 57.1143 -25.7695 6
      vertex 75 -55 6
      vertex 57.2158 -25.3907 6
    endloop
  endfacet
  facet normal -0 0 1
    outer loop
      vertex 56.9486 -26.125 6
      vertex 75 -55 6
      vertex 57.1143 -25.7695 6
    endloop
  endfacet
  facet normal -0 0 1
    outer loop
      vertex 56.7236 -26.4463 6
      vertex 75 -55 6
      vertex 56.9486 -26.125 6
    endloop
  endfacet
  facet normal -0 0 1
    outer loop
      vertex 56.4463 -26.7236 6
      vertex 75 -55 6
      vertex 56.7236 -26.4463 6
    endloop
  endfacet
  facet normal -0 0 1
    outer loop
      vertex 56.125 -26.9486 6
      vertex 75 -55 6
      vertex 56.4463 -26.7236 6
    endloop
  endfacet
  facet normal -0 0 1
    outer loop
      vertex 55.7695 -27.1143 6
      vertex 75 -55 6
      vertex 56.125 -26.9486 6
    endloop
  endfacet
  facet normal -0 0 1
    outer loop
      vertex 55.3907 -27.2158 6
      vertex 75 -55 6
      vertex 55.7695 -27.1143 6
    endloop
  endfacet
  facet normal -0 0 1
    outer loop
      vertex 55 -27.25 6
      vertex 75 -55 6
      vertex 55.3907 -27.2158 6
    endloop
  endfacet
  facet normal 0 0 1
    outer loop
      vertex 54.6093 -27.2158 6
      vertex 75 -55 6
      vertex 55 -27.25 6
    endloop
  endfacet
  facet normal 0 0 1
    outer loop
      vertex 54.2305 -27.1143 6
      vertex 75 -55 6
      vertex 54.6093 -27.2158 6
    endloop
  endfacet
  facet normal 0 0 1
    outer loop
      vertex 53.875 -26.9486 6
      vertex 75 -55 6
      vertex 54.2305 -27.1143 6
    endloop
  endfacet
  facet normal 0 0 1
    outer loop
      vertex 2 -46.6216 6
      vertex 53.875 -26.9486 6
      vertex 53.5537 -26.7236 6
    endloop
  endfacet
  facet normal 0 0 1
    outer loop
      vertex 20.225 -21.3231 6
      vertex 53.5537 -26.7236 6
      vertex 53.2764 -26.4463 6
    endloop
  endfacet
  facet normal -0 0 1
    outer loop
      vertex 21.6993 -19.1166 6
      vertex 52.8857 -24.2305 6
      vertex 21.725 -18.725 6
    endloop
  endfacet
  facet normal 0 0 1
    outer loop
      vertex 52.8857 -24.2305 6
      vertex 21.6993 -19.1166 6
      vertex 52.7842 -24.6093 6
    endloop
  endfacet
  facet normal 0 0 1
    outer loop
      vertex 21.725 -18.725 6
      vertex 46.6216 -2 6
      vertex 21.725 -2 6
    endloop
  endfacet
  facet normal -0 0 1
    outer loop
      vertex 21.6228 -19.5014 6
      vertex 52.7842 -24.6093 6
      vertex 21.6993 -19.1166 6
    endloop
  endfacet
  facet normal 0 0 1
    outer loop
      vertex 52.7842 -24.6093 6
      vertex 21.6228 -19.5014 6
      vertex 52.75 -25 6
    endloop
  endfacet
  facet normal -0 0 1
    outer loop
      vertex 21.4966 -19.873 6
      vertex 52.75 -25 6
      vertex 21.6228 -19.5014 6
    endloop
  endfacet
  facet normal 0 0 1
    outer loop
      vertex 52.75 -25 6
      vertex 21.4966 -19.873 6
      vertex 52.7842 -25.3907 6
    endloop
  endfacet
  facet normal -0 0 1
    outer loop
      vertex 21.3231 -20.225 6
      vertex 52.7842 -25.3907 6
      vertex 21.4966 -19.873 6
    endloop
  endfacet
  facet normal 0 0 1
    outer loop
      vertex 52.7842 -25.3907 6
      vertex 21.3231 -20.225 6
      vertex 52.8857 -25.7695 6
    endloop
  endfacet
  facet normal -0 0 1
    outer loop
      vertex 21.1051 -20.5513 6
      vertex 52.8857 -25.7695 6
      vertex 21.3231 -20.225 6
    endloop
  endfacet
  facet normal -0 0 1
    outer loop
      vertex 20.8463 -20.8463 6
      vertex 52.8857 -25.7695 6
      vertex 21.1051 -20.5513 6
    endloop
  endfacet
  facet normal 0 0 1
    outer loop
      vertex 52.8857 -25.7695 6
      vertex 20.8463 -20.8463 6
      vertex 53.0514 -26.125 6
    endloop
  endfacet
  facet normal -0 0 1
    outer loop
      vertex 20.5513 -21.1051 6
      vertex 53.0514 -26.125 6
      vertex 20.8463 -20.8463 6
    endloop
  endfacet
  facet normal 0 0 1
    outer loop
      vertex 53.0514 -26.125 6
      vertex 20.5513 -21.1051 6
      vertex 53.2764 -26.4463 6
    endloop
  endfacet
  facet normal -0 0 1
    outer loop
      vertex 20.225 -21.3231 6
      vertex 53.2764 -26.4463 6
      vertex 20.5513 -21.1051 6
    endloop
  endfacet
  facet normal 0 0 1
    outer loop
      vertex 53.5537 -26.7236 6
      vertex 20.225 -21.3231 6
      vertex 19.873 -21.4966 6
    endloop
  endfacet
  facet normal 0 0 1
    outer loop
      vertex 53.5537 -26.7236 6
      vertex 19.873 -21.4966 6
      vertex 2 -46.6216 6
    endloop
  endfacet
  facet normal 0 0 1
    outer loop
      vertex 2 -46.6216 6
      vertex 19.873 -21.4966 6
      vertex 19.5014 -21.6228 6
    endloop
  endfacet
  facet normal 0 0 1
    outer loop
      vertex 2 -46.6216 6
      vertex 19.5014 -21.6228 6
      vertex 19.1166 -21.6993 6
    endloop
  endfacet
  facet normal 0 0 1
    outer loop
      vertex 2 -46.6216 6
      vertex 19.1166 -21.6993 6
      vertex 18.725 -21.725 6
    endloop
  endfacet
  facet normal 0 0 1
    outer loop
      vertex 2 -46.6216 6
      vertex 18.725 -21.725 6
      vertex 2 -21.725 6
    endloop
  endfacet
  facet normal 0 0 1
    outer loop
      vertex 53.875 -26.9486 6
      vertex 2 -46.6216 6
      vertex 75 -55 6
    endloop
  endfacet
  facet normal -0 0 1
    outer loop
      vertex -2 -46.6216 6
      vertex 75 -55 6
      vertex 2 -46.6216 6
    endloop
  endfacet
  facet normal 0 0 1
    outer loop
      vertex -19.1166 -21.6993 6
      vertex -2 -46.6216 6
      vertex -18.725 -21.725 6
    endloop
  endfacet
  facet normal 0 0 1
    outer loop
      vertex -19.5014 -21.6228 6
      vertex -2 -46.6216 6
      vertex -19.1166 -21.6993 6
    endloop
  endfacet
  facet normal 0 0 1
    outer loop
      vertex -19.873 -21.4966 6
      vertex -2 -46.6216 6
      vertex -19.5014 -21.6228 6
    endloop
  endfacet
  facet normal 0 0 1
    outer loop
      vertex -53.5537 -26.7236 6
      vertex -19.873 -21.4966 6
      vertex -20.225 -21.3231 6
    endloop
  endfacet
  facet normal 0 0 1
    outer loop
      vertex -53.2764 -26.4463 6
      vertex -20.225 -21.3231 6
      vertex -20.5513 -21.1051 6
    endloop
  endfacet
  facet normal 0 0 1
    outer loop
      vertex -53.0514 -26.125 6
      vertex -20.5513 -21.1051 6
      vertex -20.8463 -20.8463 6
    endloop
  endfacet
  facet normal 0 0 1
    outer loop
      vertex -52.8857 -25.7695 6
      vertex -20.8463 -20.8463 6
      vertex -21.1051 -20.5513 6
    endloop
  endfacet
  facet normal 0 0 1
    outer loop
      vertex -52.75 -25 6
      vertex -21.725 -18.725 6
      vertex -46.6216 -2 6
    endloop
  endfacet
  facet normal 0 0 1
    outer loop
      vertex -21.725 -18.725 6
      vertex -52.75 -25 6
      vertex -21.6993 -19.1166 6
    endloop
  endfacet
  facet normal 0 0 1
    outer loop
      vertex -21.6993 -19.1166 6
      vertex -52.75 -25 6
      vertex -21.6228 -19.5014 6
    endloop
  endfacet
  facet normal 0 0 1
    outer loop
      vertex -21.6228 -19.5014 6
      vertex -52.75 -25 6
      vertex -21.4966 -19.873 6
    endloop
  endfacet
  facet normal 0 0 1
    outer loop
      vertex -52.7842 -25.3907 6
      vertex -21.4966 -19.873 6
      vertex -52.75 -25 6
    endloop
  endfacet
  facet normal 0 0 1
    outer loop
      vertex -21.4966 -19.873 6
      vertex -52.7842 -25.3907 6
      vertex -21.3231 -20.225 6
    endloop
  endfacet
  facet normal 0 0 1
    outer loop
      vertex -21.3231 -20.225 6
      vertex -52.7842 -25.3907 6
      vertex -21.1051 -20.5513 6
    endloop
  endfacet
  facet normal 0 0 1
    outer loop
      vertex -52.8857 -25.7695 6
      vertex -21.1051 -20.5513 6
      vertex -52.7842 -25.3907 6
    endloop
  endfacet
  facet normal 0 0 1
    outer loop
      vertex -20.8463 -20.8463 6
      vertex -52.8857 -25.7695 6
      vertex -53.0514 -26.125 6
    endloop
  endfacet
  facet normal 0 0 1
    outer loop
      vertex -20.5513 -21.1051 6
      vertex -53.0514 -26.125 6
      vertex -53.2764 -26.4463 6
    endloop
  endfacet
  facet normal 0 0 1
    outer loop
      vertex -20.225 -21.3231 6
      vertex -53.2764 -26.4463 6
      vertex -53.5537 -26.7236 6
    endloop
  endfacet
  facet normal 0 0 1
    outer loop
      vertex -19.873 -21.4966 6
      vertex -53.5537 -26.7236 6
      vertex -2 -46.6216 6
    endloop
  endfacet
  facet normal -0 0 1
    outer loop
      vertex -53.875 -26.9486 6
      vertex -2 -46.6216 6
      vertex -53.5537 -26.7236 6
    endloop
  endfacet
  facet normal 0 0 1
    outer loop
      vertex -75 -55 6
      vertex -53.875 -26.9486 6
      vertex -54.2305 -27.1143 6
    endloop
  endfacet
  facet normal 0 0 1
    outer loop
      vertex -75 -55 6
      vertex -54.2305 -27.1143 6
      vertex -54.6093 -27.2158 6
    endloop
  endfacet
  facet normal 0 0 1
    outer loop
      vertex -75 -55 6
      vertex -54.6093 -27.2158 6
      vertex -55 -27.25 6
    endloop
  endfacet
  facet normal 0 0 1
    outer loop
      vertex -75 -55 6
      vertex -55 -27.25 6
      vertex -55.3907 -27.2158 6
    endloop
  endfacet
  facet normal 0 0 1
    outer loop
      vertex -75 -55 6
      vertex -55.3907 -27.2158 6
      vertex -55.7695 -27.1143 6
    endloop
  endfacet
  facet normal 0 0 1
    outer loop
      vertex -57.2158 -24.6093 6
      vertex -75 -55 6
      vertex -57.25 -25 6
    endloop
  endfacet
  facet normal 0 0 1
    outer loop
      vertex -2 -46.6216 6
      vertex -75 -55 6
      vertex 75 -55 6
    endloop
  endfacet
  facet normal 0 0 1
    outer loop
      vertex -53.875 -26.9486 6
      vertex -75 -55 6
      vertex -2 -46.6216 6
    endloop
  endfacet
  facet normal 0 0 1
    outer loop
      vertex -56.125 -26.9486 6
      vertex -75 -55 6
      vertex -55.7695 -27.1143 6
    endloop
  endfacet
  facet normal 0 0 1
    outer loop
      vertex -56.4463 -26.7236 6
      vertex -75 -55 6
      vertex -56.125 -26.9486 6
    endloop
  endfacet
  facet normal 0 0 1
    outer loop
      vertex -56.7236 -26.4463 6
      vertex -75 -55 6
      vertex -56.4463 -26.7236 6
    endloop
  endfacet
  facet normal 0 0 1
    outer loop
      vertex -56.9486 -26.125 6
      vertex -75 -55 6
      vertex -56.7236 -26.4463 6
    endloop
  endfacet
  facet normal 0 0 1
    outer loop
      vertex -57.1143 -25.7695 6
      vertex -75 -55 6
      vertex -56.9486 -26.125 6
    endloop
  endfacet
  facet normal 0 0 1
    outer loop
      vertex -57.2158 -25.3907 6
      vertex -75 -55 6
      vertex -57.1143 -25.7695 6
    endloop
  endfacet
  facet normal 0 0 1
    outer loop
      vertex -57.25 -25 6
      vertex -75 -55 6
      vertex -57.2158 -25.3907 6
    endloop
  endfacet
  facet normal 0 0 1
    outer loop
      vertex 46.6216 2 6
      vertex 21.725 18.725 6
      vertex 21.725 2 6
    endloop
  endfacet
  facet normal 0 0 1
    outer loop
      vertex 18.725 21.725 6
      vertex 2 46.6216 6
      vertex 2 21.725 6
    endloop
  endfacet
  facet normal 1 -0 0
    outer loop
      vertex -72 58 18
      vertex -72 112 6
      vertex -72 112 18
    endloop
  endfacet
  facet normal 1 0 0
    outer loop
      vertex -72 112 6
      vertex -72 58 18
      vertex -72 58 6
    endloop
  endfacet
  facet normal 0 -1 0
    outer loop
      vertex -72 112 6
      vertex 72 112 18
      vertex -72 112 18
    endloop
  endfacet
  facet normal 0 -1 -0
    outer loop
      vertex 72 112 18
      vertex -72 112 6
      vertex 72 112 6
    endloop
  endfacet
  facet normal 0 1 -0
    outer loop
      vertex 72 58 6
      vertex -72 58 18
      vertex 72 58 18
    endloop
  endfacet
  facet normal 0 1 0
    outer loop
      vertex -72 58 18
      vertex 72 58 6
      vertex -72 58 6
    endloop
  endfacet
  facet normal 0 -1 0
    outer loop
      vertex -75 -55 0
      vertex 75 -55 6
      vertex -75 -55 6
    endloop
  endfacet
  facet normal 0 -1 -0
    outer loop
      vertex 75 -55 6
      vertex -75 -55 0
      vertex 75 -55 0
    endloop
  endfacet
  facet normal 0.321574 -0.946885 0
    outer loop
      vertex 19.5014 -21.6228 6
      vertex 19.873 -21.4966 68
      vertex 19.5014 -21.6228 68
    endloop
  endfacet
  facet normal 0.321574 -0.946885 0
    outer loop
      vertex 19.873 -21.4966 68
      vertex 19.5014 -21.6228 6
      vertex 19.873 -21.4966 6
    endloop
  endfacet
  facet normal 0.896961 -0.44211 0
    outer loop
      vertex 21.3231 -20.225 68
      vertex 21.4966 -19.873 6
      vertex 21.4966 -19.873 68
    endloop
  endfacet
  facet normal 0.896961 -0.44211 0
    outer loop
      vertex 21.4966 -19.873 6
      vertex 21.3231 -20.225 68
      vertex 21.3231 -20.225 6
    endloop
  endfacet
  facet normal 0 -1 0
    outer loop
      vertex -18.725 -21.725 68
      vertex -2 -21.725 54.1334
      vertex 18.725 -21.725 68
    endloop
  endfacet
  facet normal 0 -1 0
    outer loop
      vertex -18.725 -21.725 6
      vertex -2 -21.725 54.1334
      vertex -18.725 -21.725 68
    endloop
  endfacet
  facet normal 0 -1 -0
    outer loop
      vertex -2 -21.725 54.1334
      vertex -18.725 -21.725 6
      vertex -2 -21.725 6
    endloop
  endfacet
  facet normal 0 -1 0
    outer loop
      vertex 2 -21.725 54.1334
      vertex 18.725 -21.725 68
      vertex -2 -21.725 54.1334
    endloop
  endfacet
  facet normal 0 -1 0
    outer loop
      vertex 18.725 -21.725 6
      vertex 2 -21.725 54.1334
      vertex 2 -21.725 6
    endloop
  endfacet
  facet normal 0 -1 0
    outer loop
      vertex 2 -21.725 54.1334
      vertex 18.725 -21.725 6
      vertex 18.725 -21.725 68
    endloop
  endfacet
  facet normal 0.194989 -0.980806 0
    outer loop
      vertex 19.1166 -21.6993 6
      vertex 19.5014 -21.6228 68
      vertex 19.1166 -21.6993 68
    endloop
  endfacet
  facet normal 0.194989 -0.980806 0
    outer loop
      vertex 19.5014 -21.6228 68
      vertex 19.1166 -21.6993 6
      vertex 19.5014 -21.6228 6
    endloop
  endfacet
  facet normal 0.0654873 0.997853 -0
    outer loop
      vertex 19.1166 21.6993 6
      vertex 18.725 21.725 68
      vertex 19.1166 21.6993 68
    endloop
  endfacet
  facet normal 0.0654873 0.997853 0
    outer loop
      vertex 18.725 21.725 68
      vertex 19.1166 21.6993 6
      vertex 18.725 21.725 6
    endloop
  endfacet
  facet normal -0.980806 -0.194989 0
    outer loop
      vertex -21.6228 -19.5014 6
      vertex -21.6993 -19.1166 68
      vertex -21.6993 -19.1166 6
    endloop
  endfacet
  facet normal -0.980806 -0.194989 0
    outer loop
      vertex -21.6993 -19.1166 68
      vertex -21.6228 -19.5014 6
      vertex -21.6228 -19.5014 68
    endloop
  endfacet
  facet normal 0.0654873 -0.997853 0
    outer loop
      vertex 18.725 -21.725 6
      vertex 19.1166 -21.6993 68
      vertex 18.725 -21.725 68
    endloop
  endfacet
  facet normal 0.0654873 -0.997853 0
    outer loop
      vertex 19.1166 -21.6993 68
      vertex 18.725 -21.725 6
      vertex 19.1166 -21.6993 6
    endloop
  endfacet
  facet normal -0.44211 -0.896961 0
    outer loop
      vertex -20.225 -21.3231 6
      vertex -19.873 -21.4966 68
      vertex -20.225 -21.3231 68
    endloop
  endfacet
  facet normal -0.44211 -0.896961 -0
    outer loop
      vertex -19.873 -21.4966 68
      vertex -20.225 -21.3231 6
      vertex -19.873 -21.4966 6
    endloop
  endfacet
  facet normal -0.659478 -0.751724 0
    outer loop
      vertex -20.8463 -20.8463 6
      vertex -20.5513 -21.1051 68
      vertex -20.8463 -20.8463 68
    endloop
  endfacet
  facet normal -0.659478 -0.751724 -0
    outer loop
      vertex -20.5513 -21.1051 68
      vertex -20.8463 -20.8463 6
      vertex -20.5513 -21.1051 6
    endloop
  endfacet
  facet normal 0.896961 0.44211 0
    outer loop
      vertex 21.4966 19.873 68
      vertex 21.3231 20.225 6
      vertex 21.3231 20.225 68
    endloop
  endfacet
  facet normal 0.896961 0.44211 0
    outer loop
      vertex 21.3231 20.225 6
      vertex 21.4966 19.873 68
      vertex 21.4966 19.873 6
    endloop
  endfacet
  facet normal -0.555523 -0.831501 0
    outer loop
      vertex -20.5513 -21.1051 6
      vertex -20.225 -21.3231 68
      vertex -20.5513 -21.1051 68
    endloop
  endfacet
  facet normal -0.555523 -0.831501 -0
    outer loop
      vertex -20.225 -21.3231 68
      vertex -20.5513 -21.1051 6
      vertex -20.225 -21.3231 6
    endloop
  endfacet
  facet normal -0.659478 0.751724 0
    outer loop
      vertex -20.5513 21.1051 6
      vertex -20.8463 20.8463 68
      vertex -20.5513 21.1051 68
    endloop
  endfacet
  facet normal -0.659478 0.751724 0
    outer loop
      vertex -20.8463 20.8463 68
      vertex -20.5513 21.1051 6
      vertex -20.8463 20.8463 6
    endloop
  endfacet
  facet normal -0.896961 -0.44211 0
    outer loop
      vertex -21.3231 -20.225 6
      vertex -21.4966 -19.873 68
      vertex -21.4966 -19.873 6
    endloop
  endfacet
  facet normal -0.896961 -0.44211 0
    outer loop
      vertex -21.4966 -19.873 68
      vertex -21.3231 -20.225 6
      vertex -21.3231 -20.225 68
    endloop
  endfacet
  facet normal 1 0 0
    outer loop
      vertex 21.725 8 41
      vertex 21.725 18.725 68
      vertex 21.725 8 59
    endloop
  endfacet
  facet normal 1 0 0
    outer loop
      vertex 21.725 18.725 68
      vertex 21.725 -8 59
      vertex 21.725 8 59
    endloop
  endfacet
  facet normal 1 0 0
    outer loop
      vertex 21.725 -8 59
      vertex 21.725 -18.725 68
      vertex 21.725 -8 41
    endloop
  endfacet
  facet normal 1 -0 0
    outer loop
      vertex 21.725 -18.725 68
      vertex 21.725 -8 59
      vertex 21.725 18.725 68
    endloop
  endfacet
  facet normal 1 0 0
    outer loop
      vertex 21.725 18.725 68
      vertex 21.725 8 41
      vertex 21.725 18.725 6
    endloop
  endfacet
  facet normal 1 0 0
    outer loop
      vertex 21.725 2 6
      vertex 21.725 8 41
      vertex 21.725 2 41
    endloop
  endfacet
  facet normal 1 0 0
    outer loop
      vertex 21.725 8 41
      vertex 21.725 2 6
      vertex 21.725 18.725 6
    endloop
  endfacet
  facet normal 1 -0 0
    outer loop
      vertex 21.725 -8 41
      vertex 21.725 -2 6
      vertex 21.725 -2 41
    endloop
  endfacet
  facet normal 1 0 0
    outer loop
      vertex 21.725 -18.725 6
      vertex 21.725 -8 41
      vertex 21.725 -18.725 68
    endloop
  endfacet
  facet normal 1 0 0
    outer loop
      vertex 21.725 -8 41
      vertex 21.725 -18.725 6
      vertex 21.725 -2 6
    endloop
  endfacet
  facet normal 0.44211 0.896961 -0
    outer loop
      vertex 20.225 21.3231 6
      vertex 19.873 21.4966 68
      vertex 20.225 21.3231 68
    endloop
  endfacet
  facet normal 0.44211 0.896961 0
    outer loop
      vertex 19.873 21.4966 68
      vertex 20.225 21.3231 6
      vertex 19.873 21.4966 6
    endloop
  endfacet
  facet normal -1 0 0
    outer loop
      vertex -21.725 -2 6
      vertex -21.725 -18.725 6
      vertex -21.725 -2 54.1334
    endloop
  endfacet
  facet normal -1 0 0
    outer loop
      vertex -21.725 2 54.1334
      vertex -21.725 18.725 6
      vertex -21.725 2 6
    endloop
  endfacet
  facet normal -1 0 0
    outer loop
      vertex -21.725 18.725 6
      vertex -21.725 2 54.1334
      vertex -21.725 18.725 68
    endloop
  endfacet
  facet normal -1 0 0
    outer loop
      vertex -21.725 -2 54.1334
      vertex -21.725 18.725 68
      vertex -21.725 2 54.1334
    endloop
  endfacet
  facet normal -1 0 0
    outer loop
      vertex -21.725 -2 54.1334
      vertex -21.725 -18.725 68
      vertex -21.725 18.725 68
    endloop
  endfacet
  facet normal -1 0 0
    outer loop
      vertex -21.725 -18.725 68
      vertex -21.725 -2 54.1334
      vertex -21.725 -18.725 6
    endloop
  endfacet
  facet normal -0.44211 0.896961 0
    outer loop
      vertex -19.873 21.4966 6
      vertex -20.225 21.3231 68
      vertex -19.873 21.4966 68
    endloop
  endfacet
  facet normal -0.44211 0.896961 0
    outer loop
      vertex -20.225 21.3231 68
      vertex -19.873 21.4966 6
      vertex -20.225 21.3231 6
    endloop
  endfacet
  facet normal 0 0 1
    outer loop
      vertex 17.725 17.725 68
      vertex 21.725 18.725 68
      vertex 21.6993 19.1166 68
    endloop
  endfacet
  facet normal 0 0 1
    outer loop
      vertex 21.725 18.725 68
      vertex 17.725 17.725 68
      vertex 21.725 -18.725 68
    endloop
  endfacet
  facet normal 0 0 1
    outer loop
      vertex 17.725 17.725 68
      vertex 21.6993 19.1166 68
      vertex 21.6228 19.5014 68
    endloop
  endfacet
  facet normal -0 0 1
    outer loop
      vertex 17.725 -17.725 68
      vertex 21.725 -18.725 68
      vertex 17.725 17.725 68
    endloop
  endfacet
  facet normal 0 0 1
    outer loop
      vertex 17.725 17.725 68
      vertex 21.6228 19.5014 68
      vertex 21.4966 19.873 68
    endloop
  endfacet
  facet normal 0 0 1
    outer loop
      vertex 21.725 -18.725 68
      vertex 17.725 -17.725 68
      vertex 21.6993 -19.1166 68
    endloop
  endfacet
  facet normal 0 0 1
    outer loop
      vertex 17.725 17.725 68
      vertex 21.4966 19.873 68
      vertex 21.3231 20.225 68
    endloop
  endfacet
  facet normal 0 0 1
    outer loop
      vertex 21.6993 -19.1166 68
      vertex 17.725 -17.725 68
      vertex 21.6228 -19.5014 68
    endloop
  endfacet
  facet normal 0 0 1
    outer loop
      vertex 17.725 17.725 68
      vertex 21.3231 20.225 68
      vertex 21.1051 20.5513 68
    endloop
  endfacet
  facet normal 0 0 1
    outer loop
      vertex 21.6228 -19.5014 68
      vertex 17.725 -17.725 68
      vertex 21.4966 -19.873 68
    endloop
  endfacet
  facet normal 0 0 1
    outer loop
      vertex 17.725 17.725 68
      vertex 21.1051 20.5513 68
      vertex 20.8463 20.8463 68
    endloop
  endfacet
  facet normal 0 0 1
    outer loop
      vertex 21.4966 -19.873 68
      vertex 17.725 -17.725 68
      vertex 21.3231 -20.225 68
    endloop
  endfacet
  facet normal 0 0 1
    outer loop
      vertex 17.725 17.725 68
      vertex 20.8463 20.8463 68
      vertex 20.5513 21.1051 68
    endloop
  endfacet
  facet normal 0 0 1
    outer loop
      vertex 21.3231 -20.225 68
      vertex 17.725 -17.725 68
      vertex 21.1051 -20.5513 68
    endloop
  endfacet
  facet normal 0 0 1
    outer loop
      vertex 17.725 17.725 68
      vertex 20.5513 21.1051 68
      vertex 20.225 21.3231 68
    endloop
  endfacet
  facet normal 0 0 1
    outer loop
      vertex 21.1051 -20.5513 68
      vertex 17.725 -17.725 68
      vertex 20.8463 -20.8463 68
    endloop
  endfacet
  facet normal 0 0 1
    outer loop
      vertex 17.725 17.725 68
      vertex 20.225 21.3231 68
      vertex 19.873 21.4966 68
    endloop
  endfacet
  facet normal 0 0 1
    outer loop
      vertex 20.8463 -20.8463 68
      vertex 17.725 -17.725 68
      vertex 20.5513 -21.1051 68
    endloop
  endfacet
  facet normal 0 0 1
    outer loop
      vertex 17.725 17.725 68
      vertex 19.873 21.4966 68
      vertex 19.5014 21.6228 68
    endloop
  endfacet
  facet normal 0 0 1
    outer loop
      vertex 20.5513 -21.1051 68
      vertex 17.725 -17.725 68
      vertex 20.225 -21.3231 68
    endloop
  endfacet
  facet normal 0 0 1
    outer loop
      vertex 17.725 17.725 68
      vertex 19.5014 21.6228 68
      vertex 19.1166 21.6993 68
    endloop
  endfacet
  facet normal 0 0 1
    outer loop
      vertex 20.225 -21.3231 68
      vertex 17.725 -17.725 68
      vertex 19.873 -21.4966 68
    endloop
  endfacet
  facet normal 0 0 1
    outer loop
      vertex 17.725 17.725 68
      vertex 19.1166 21.6993 68
      vertex 18.725 21.725 68
    endloop
  endfacet
  facet normal 0 0 1
    outer loop
      vertex 19.873 -21.4966 68
      vertex 17.725 -17.725 68
      vertex 19.5014 -21.6228 68
    endloop
  endfacet
  facet normal 0 0 1
    outer loop
      vertex 19.5014 -21.6228 68
      vertex 17.725 -17.725 68
      vertex 19.1166 -21.6993 68
    endloop
  endfacet
  facet normal 0 0 1
    outer loop
      vertex 18.725 21.725 68
      vertex -17.725 17.725 68
      vertex 17.725 17.725 68
    endloop
  endfacet
  facet normal -0 0 1
    outer loop
      vertex -19.1166 21.6993 68
      vertex -17.725 17.725 68
      vertex -18.725 21.725 68
    endloop
  endfacet
  facet normal -0 0 1
    outer loop
      vertex -18.725 21.725 68
      vertex -17.725 17.725 68
      vertex 18.725 21.725 68
    endloop
  endfacet
  facet normal 0 0 1
    outer loop
      vertex 19.1166 -21.6993 68
      vertex 17.725 -17.725 68
      vertex 18.725 -21.725 68
    endloop
  endfacet
  facet normal -0 0 1
    outer loop
      vertex -17.725 -17.725 68
      vertex 18.725 -21.725 68
      vertex 17.725 -17.725 68
    endloop
  endfacet
  facet normal 0 0 1
    outer loop
      vertex -17.725 -17.725 68
      vertex -18.725 -21.725 68
      vertex 18.725 -21.725 68
    endloop
  endfacet
  facet normal 0 0 1
    outer loop
      vertex -17.725 17.725 68
      vertex -21.725 18.725 68
      vertex -17.725 -17.725 68
    endloop
  endfacet
  facet normal -0 0 1
    outer loop
      vertex -19.5014 21.6228 68
      vertex -17.725 17.725 68
      vertex -19.1166 21.6993 68
    endloop
  endfacet
  facet normal 0 0 1
    outer loop
      vertex -21.725 -18.725 68
      vertex -17.725 -17.725 68
      vertex -21.725 18.725 68
    endloop
  endfacet
  facet normal -0 0 1
    outer loop
      vertex -19.873 21.4966 68
      vertex -17.725 17.725 68
      vertex -19.5014 21.6228 68
    endloop
  endfacet
  facet normal 0 -0 1
    outer loop
      vertex -21.6993 -19.1166 68
      vertex -17.725 -17.725 68
      vertex -21.725 -18.725 68
    endloop
  endfacet
  facet normal -0 0 1
    outer loop
      vertex -20.225 21.3231 68
      vertex -17.725 17.725 68
      vertex -19.873 21.4966 68
    endloop
  endfacet
  facet normal 0 0 1
    outer loop
      vertex -17.725 -17.725 68
      vertex -19.1166 -21.6993 68
      vertex -18.725 -21.725 68
    endloop
  endfacet
  facet normal -0 0 1
    outer loop
      vertex -20.5513 21.1051 68
      vertex -17.725 17.725 68
      vertex -20.225 21.3231 68
    endloop
  endfacet
  facet normal 0 0 1
    outer loop
      vertex -17.725 -17.725 68
      vertex -19.5014 -21.6228 68
      vertex -19.1166 -21.6993 68
    endloop
  endfacet
  facet normal -0 0 1
    outer loop
      vertex -20.8463 20.8463 68
      vertex -17.725 17.725 68
      vertex -20.5513 21.1051 68
    endloop
  endfacet
  facet normal 0 0 1
    outer loop
      vertex -17.725 -17.725 68
      vertex -19.873 -21.4966 68
      vertex -19.5014 -21.6228 68
    endloop
  endfacet
  facet normal -0 0 1
    outer loop
      vertex -21.1051 20.5513 68
      vertex -17.725 17.725 68
      vertex -20.8463 20.8463 68
    endloop
  endfacet
  facet normal 0 0 1
    outer loop
      vertex -17.725 -17.725 68
      vertex -20.225 -21.3231 68
      vertex -19.873 -21.4966 68
    endloop
  endfacet
  facet normal -0 0 1
    outer loop
      vertex -21.3231 20.225 68
      vertex -17.725 17.725 68
      vertex -21.1051 20.5513 68
    endloop
  endfacet
  facet normal 0 0 1
    outer loop
      vertex -17.725 -17.725 68
      vertex -20.5513 -21.1051 68
      vertex -20.225 -21.3231 68
    endloop
  endfacet
  facet normal -0 0 1
    outer loop
      vertex -21.4966 19.873 68
      vertex -17.725 17.725 68
      vertex -21.3231 20.225 68
    endloop
  endfacet
  facet normal 0 0 1
    outer loop
      vertex -17.725 -17.725 68
      vertex -20.8463 -20.8463 68
      vertex -20.5513 -21.1051 68
    endloop
  endfacet
  facet normal -0 0 1
    outer loop
      vertex -21.6228 19.5014 68
      vertex -17.725 17.725 68
      vertex -21.4966 19.873 68
    endloop
  endfacet
  facet normal 0 0 1
    outer loop
      vertex -17.725 -17.725 68
      vertex -21.1051 -20.5513 68
      vertex -20.8463 -20.8463 68
    endloop
  endfacet
  facet normal -0 0 1
    outer loop
      vertex -21.6993 19.1166 68
      vertex -17.725 17.725 68
      vertex -21.6228 19.5014 68
    endloop
  endfacet
  facet normal 0 0 1
    outer loop
      vertex -17.725 -17.725 68
      vertex -21.3231 -20.225 68
      vertex -21.1051 -20.5513 68
    endloop
  endfacet
  facet normal 0 0 1
    outer loop
      vertex -17.725 17.725 68
      vertex -21.6993 19.1166 68
      vertex -21.725 18.725 68
    endloop
  endfacet
  facet normal 0 0 1
    outer loop
      vertex -17.725 -17.725 68
      vertex -21.4966 -19.873 68
      vertex -21.3231 -20.225 68
    endloop
  endfacet
  facet normal 0 0 1
    outer loop
      vertex -17.725 -17.725 68
      vertex -21.6228 -19.5014 68
      vertex -21.4966 -19.873 68
    endloop
  endfacet
  facet normal 0 0 1
    outer loop
      vertex -17.725 -17.725 68
      vertex -21.6993 -19.1166 68
      vertex -21.6228 -19.5014 68
    endloop
  endfacet
  facet normal -0.946885 -0.321574 0
    outer loop
      vertex -21.4966 -19.873 6
      vertex -21.6228 -19.5014 68
      vertex -21.6228 -19.5014 6
    endloop
  endfacet
  facet normal -0.946885 -0.321574 0
    outer loop
      vertex -21.6228 -19.5014 68
      vertex -21.4966 -19.873 6
      vertex -21.4966 -19.873 68
    endloop
  endfacet
  facet normal -0.321574 -0.946885 0
    outer loop
      vertex -19.873 -21.4966 6
      vertex -19.5014 -21.6228 68
      vertex -19.873 -21.4966 68
    endloop
  endfacet
  facet normal -0.321574 -0.946885 -0
    outer loop
      vertex -19.5014 -21.6228 68
      vertex -19.873 -21.4966 6
      vertex -19.5014 -21.6228 6
    endloop
  endfacet
  facet normal -0.0654873 -0.997853 0
    outer loop
      vertex -19.1166 -21.6993 6
      vertex -18.725 -21.725 68
      vertex -19.1166 -21.6993 68
    endloop
  endfacet
  facet normal -0.0654873 -0.997853 -0
    outer loop
      vertex -18.725 -21.725 68
      vertex -19.1166 -21.6993 6
      vertex -18.725 -21.725 6
    endloop
  endfacet
  facet normal 0.980806 0.194989 0
    outer loop
      vertex 21.6993 19.1166 68
      vertex 21.6228 19.5014 6
      vertex 21.6228 19.5014 68
    endloop
  endfacet
  facet normal 0.980806 0.194989 0
    outer loop
      vertex 21.6228 19.5014 6
      vertex 21.6993 19.1166 68
      vertex 21.6993 19.1166 6
    endloop
  endfacet
  facet normal 0.555523 0.831501 -0
    outer loop
      vertex 20.5513 21.1051 6
      vertex 20.225 21.3231 68
      vertex 20.5513 21.1051 68
    endloop
  endfacet
  facet normal 0.555523 0.831501 0
    outer loop
      vertex 20.225 21.3231 68
      vertex 20.5513 21.1051 6
      vertex 20.225 21.3231 6
    endloop
  endfacet
  facet normal -0.946885 0.321574 0
    outer loop
      vertex -21.6228 19.5014 6
      vertex -21.4966 19.873 68
      vertex -21.4966 19.873 6
    endloop
  endfacet
  facet normal -0.946885 0.321574 0
    outer loop
      vertex -21.4966 19.873 68
      vertex -21.6228 19.5014 6
      vertex -21.6228 19.5014 68
    endloop
  endfacet
  facet normal 0.831501 0.555523 0
    outer loop
      vertex 21.3231 20.225 68
      vertex 21.1051 20.5513 6
      vertex 21.1051 20.5513 68
    endloop
  endfacet
  facet normal 0.831501 0.555523 0
    outer loop
      vertex 21.1051 20.5513 6
      vertex 21.3231 20.225 68
      vertex 21.3231 20.225 6
    endloop
  endfacet
  facet normal 0 1 0
    outer loop
      vertex 18.725 21.725 68
      vertex 2 21.725 54.1334
      vertex -18.725 21.725 68
    endloop
  endfacet
  facet normal 0 1 -0
    outer loop
      vertex 18.725 21.725 6
      vertex 2 21.725 54.1334
      vertex 18.725 21.725 68
    endloop
  endfacet
  facet normal 0 1 0
    outer loop
      vertex 2 21.725 54.1334
      vertex 18.725 21.725 6
      vertex 2 21.725 6
    endloop
  endfacet
  facet normal 0 1 -0
    outer loop
      vertex -2 21.725 54.1334
      vertex -18.725 21.725 68
      vertex 2 21.725 54.1334
    endloop
  endfacet
  facet normal 0 1 0
    outer loop
      vertex -18.725 21.725 6
      vertex -2 21.725 54.1334
      vertex -2 21.725 6
    endloop
  endfacet
  facet normal 0 1 0
    outer loop
      vertex -2 21.725 54.1334
      vertex -18.725 21.725 6
      vertex -18.725 21.725 68
    endloop
  endfacet
  facet normal -0.980806 0.194989 0
    outer loop
      vertex -21.6993 19.1166 6
      vertex -21.6228 19.5014 68
      vertex -21.6228 19.5014 6
    endloop
  endfacet
  facet normal -0.980806 0.194989 0
    outer loop
      vertex -21.6228 19.5014 68
      vertex -21.6993 19.1166 6
      vertex -21.6993 19.1166 68
    endloop
  endfacet
  facet normal -0.194989 -0.980806 0
    outer loop
      vertex -19.5014 -21.6228 6
      vertex -19.1166 -21.6993 68
      vertex -19.5014 -21.6228 68
    endloop
  endfacet
  facet normal -0.194989 -0.980806 -0
    outer loop
      vertex -19.1166 -21.6993 68
      vertex -19.5014 -21.6228 6
      vertex -19.1166 -21.6993 6
    endloop
  endfacet
  facet normal -0.321574 0.946885 0
    outer loop
      vertex -19.5014 21.6228 6
      vertex -19.873 21.4966 68
      vertex -19.5014 21.6228 68
    endloop
  endfacet
  facet normal -0.321574 0.946885 0
    outer loop
      vertex -19.873 21.4966 68
      vertex -19.5014 21.6228 6
      vertex -19.873 21.4966 6
    endloop
  endfacet
  facet normal -0.896961 0.44211 0
    outer loop
      vertex -21.4966 19.873 6
      vertex -21.3231 20.225 68
      vertex -21.3231 20.225 6
    endloop
  endfacet
  facet normal -0.896961 0.44211 0
    outer loop
      vertex -21.3231 20.225 68
      vertex -21.4966 19.873 6
      vertex -21.4966 19.873 68
    endloop
  endfacet
  facet normal -0.831501 0.555523 0
    outer loop
      vertex -21.3231 20.225 6
      vertex -21.1051 20.5513 68
      vertex -21.1051 20.5513 6
    endloop
  endfacet
  facet normal -0.831501 0.555523 0
    outer loop
      vertex -21.1051 20.5513 68
      vertex -21.3231 20.225 6
      vertex -21.3231 20.225 68
    endloop
  endfacet
  facet normal -0.0654873 0.997853 0
    outer loop
      vertex -18.725 21.725 6
      vertex -19.1166 21.6993 68
      vertex -18.725 21.725 68
    endloop
  endfacet
  facet normal -0.0654873 0.997853 0
    outer loop
      vertex -19.1166 21.6993 68
      vertex -18.725 21.725 6
      vertex -19.1166 21.6993 6
    endloop
  endfacet
  facet normal 0.980806 -0.194989 0
    outer loop
      vertex 21.6228 -19.5014 68
      vertex 21.6993 -19.1166 6
      vertex 21.6993 -19.1166 68
    endloop
  endfacet
  facet normal 0.980806 -0.194989 0
    outer loop
      vertex 21.6993 -19.1166 6
      vertex 21.6228 -19.5014 68
      vertex 21.6228 -19.5014 6
    endloop
  endfacet
  facet normal -0.751724 0.659478 0
    outer loop
      vertex -21.1051 20.5513 6
      vertex -20.8463 20.8463 68
      vertex -20.8463 20.8463 6
    endloop
  endfacet
  facet normal -0.751724 0.659478 0
    outer loop
      vertex -20.8463 20.8463 68
      vertex -21.1051 20.5513 6
      vertex -21.1051 20.5513 68
    endloop
  endfacet
  facet normal -0.194989 0.980806 0
    outer loop
      vertex -19.1166 21.6993 6
      vertex -19.5014 21.6228 68
      vertex -19.1166 21.6993 68
    endloop
  endfacet
  facet normal -0.194989 0.980806 0
    outer loop
      vertex -19.5014 21.6228 68
      vertex -19.1166 21.6993 6
      vertex -19.5014 21.6228 6
    endloop
  endfacet
  facet normal 0.946885 0.321574 0
    outer loop
      vertex 21.6228 19.5014 68
      vertex 21.4966 19.873 6
      vertex 21.4966 19.873 68
    endloop
  endfacet
  facet normal 0.946885 0.321574 0
    outer loop
      vertex 21.4966 19.873 6
      vertex 21.6228 19.5014 68
      vertex 21.6228 19.5014 6
    endloop
  endfacet
  facet normal 0.321574 0.946885 -0
    outer loop
      vertex 19.873 21.4966 6
      vertex 19.5014 21.6228 68
      vertex 19.873 21.4966 68
    endloop
  endfacet
  facet normal 0.321574 0.946885 0
    outer loop
      vertex 19.5014 21.6228 68
      vertex 19.873 21.4966 6
      vertex 19.5014 21.6228 6
    endloop
  endfacet
  facet normal 0.659478 0.751724 -0
    outer loop
      vertex 20.8463 20.8463 6
      vertex 20.5513 21.1051 68
      vertex 20.8463 20.8463 68
    endloop
  endfacet
  facet normal 0.659478 0.751724 0
    outer loop
      vertex 20.5513 21.1051 68
      vertex 20.8463 20.8463 6
      vertex 20.5513 21.1051 6
    endloop
  endfacet
  facet normal 0.194989 0.980806 -0
    outer loop
      vertex 19.5014 21.6228 6
      vertex 19.1166 21.6993 68
      vertex 19.5014 21.6228 68
    endloop
  endfacet
  facet normal 0.194989 0.980806 0
    outer loop
      vertex 19.1166 21.6993 68
      vertex 19.5014 21.6228 6
      vertex 19.1166 21.6993 6
    endloop
  endfacet
  facet normal 0.751724 0.659478 0
    outer loop
      vertex 21.1051 20.5513 68
      vertex 20.8463 20.8463 6
      vertex 20.8463 20.8463 68
    endloop
  endfacet
  facet normal 0.751724 0.659478 0
    outer loop
      vertex 20.8463 20.8463 6
      vertex 21.1051 20.5513 68
      vertex 21.1051 20.5513 6
    endloop
  endfacet
  facet normal 0.831501 -0.555523 0
    outer loop
      vertex 21.1051 -20.5513 68
      vertex 21.3231 -20.225 6
      vertex 21.3231 -20.225 68
    endloop
  endfacet
  facet normal 0.831501 -0.555523 0
    outer loop
      vertex 21.3231 -20.225 6
      vertex 21.1051 -20.5513 68
      vertex 21.1051 -20.5513 6
    endloop
  endfacet
  facet normal -0.831501 -0.555523 0
    outer loop
      vertex -21.1051 -20.5513 6
      vertex -21.3231 -20.225 68
      vertex -21.3231 -20.225 6
    endloop
  endfacet
  facet normal -0.831501 -0.555523 0
    outer loop
      vertex -21.3231 -20.225 68
      vertex -21.1051 -20.5513 6
      vertex -21.1051 -20.5513 68
    endloop
  endfacet
  facet normal 0.946885 -0.321574 0
    outer loop
      vertex 21.4966 -19.873 68
      vertex 21.6228 -19.5014 6
      vertex 21.6228 -19.5014 68
    endloop
  endfacet
  facet normal 0.946885 -0.321574 0
    outer loop
      vertex 21.6228 -19.5014 6
      vertex 21.4966 -19.873 68
      vertex 21.4966 -19.873 6
    endloop
  endfacet
  facet normal -0.555523 0.831501 0
    outer loop
      vertex -20.225 21.3231 6
      vertex -20.5513 21.1051 68
      vertex -20.225 21.3231 68
    endloop
  endfacet
  facet normal -0.555523 0.831501 0
    outer loop
      vertex -20.5513 21.1051 68
      vertex -20.225 21.3231 6
      vertex -20.5513 21.1051 6
    endloop
  endfacet
  facet normal -0.751724 -0.659478 0
    outer loop
      vertex -20.8463 -20.8463 6
      vertex -21.1051 -20.5513 68
      vertex -21.1051 -20.5513 6
    endloop
  endfacet
  facet normal -0.751724 -0.659478 0
    outer loop
      vertex -21.1051 -20.5513 68
      vertex -20.8463 -20.8463 6
      vertex -20.8463 -20.8463 68
    endloop
  endfacet
  facet normal 0.751724 -0.659478 0
    outer loop
      vertex 20.8463 -20.8463 68
      vertex 21.1051 -20.5513 6
      vertex 21.1051 -20.5513 68
    endloop
  endfacet
  facet normal 0.751724 -0.659478 0
    outer loop
      vertex 21.1051 -20.5513 6
      vertex 20.8463 -20.8463 68
      vertex 20.8463 -20.8463 6
    endloop
  endfacet
  facet normal 0.997853 0.0654873 0
    outer loop
      vertex 21.725 18.725 68
      vertex 21.6993 19.1166 6
      vertex 21.6993 19.1166 68
    endloop
  endfacet
  facet normal 0.997853 0.0654873 0
    outer loop
      vertex 21.6993 19.1166 6
      vertex 21.725 18.725 68
      vertex 21.725 18.725 6
    endloop
  endfacet
  facet normal -0.997853 0.0654873 0
    outer loop
      vertex -21.725 18.725 6
      vertex -21.6993 19.1166 68
      vertex -21.6993 19.1166 6
    endloop
  endfacet
  facet normal -0.997853 0.0654873 0
    outer loop
      vertex -21.6993 19.1166 68
      vertex -21.725 18.725 6
      vertex -21.725 18.725 68
    endloop
  endfacet
  facet normal 0.659478 -0.751724 0
    outer loop
      vertex 20.5513 -21.1051 6
      vertex 20.8463 -20.8463 68
      vertex 20.5513 -21.1051 68
    endloop
  endfacet
  facet normal 0.659478 -0.751724 0
    outer loop
      vertex 20.8463 -20.8463 68
      vertex 20.5513 -21.1051 6
      vertex 20.8463 -20.8463 6
    endloop
  endfacet
  facet normal -0.997853 -0.0654873 0
    outer loop
      vertex -21.6993 -19.1166 6
      vertex -21.725 -18.725 68
      vertex -21.725 -18.725 6
    endloop
  endfacet
  facet normal -0.997853 -0.0654873 0
    outer loop
      vertex -21.725 -18.725 68
      vertex -21.6993 -19.1166 6
      vertex -21.6993 -19.1166 68
    endloop
  endfacet
  facet normal 0.997853 -0.0654873 0
    outer loop
      vertex 21.6993 -19.1166 68
      vertex 21.725 -18.725 6
      vertex 21.725 -18.725 68
    endloop
  endfacet
  facet normal 0.997853 -0.0654873 0
    outer loop
      vertex 21.725 -18.725 6
      vertex 21.6993 -19.1166 68
      vertex 21.6993 -19.1166 6
    endloop
  endfacet
  facet normal 0.44211 -0.896961 0
    outer loop
      vertex 19.873 -21.4966 6
      vertex 20.225 -21.3231 68
      vertex 19.873 -21.4966 68
    endloop
  endfacet
  facet normal 0.44211 -0.896961 0
    outer loop
      vertex 20.225 -21.3231 68
      vertex 19.873 -21.4966 6
      vertex 20.225 -21.3231 6
    endloop
  endfacet
  facet normal 0.555523 -0.831501 0
    outer loop
      vertex 20.225 -21.3231 6
      vertex 20.5513 -21.1051 68
      vertex 20.225 -21.3231 68
    endloop
  endfacet
  facet normal 0.555523 -0.831501 0
    outer loop
      vertex 20.5513 -21.1051 68
      vertex 20.225 -21.3231 6
      vertex 20.5513 -21.1051 6
    endloop
  endfacet
  facet normal 1 0 0
    outer loop
      vertex 31.725 8 59
      vertex 31.725 1.69712 50.0988
      vertex 31.725 8 41
    endloop
  endfacet
  facet normal 1 0 0
    outer loop
      vertex 31.725 8 59
      vertex 31.725 1.62858 50.4876
      vertex 31.725 1.69712 50.0988
    endloop
  endfacet
  facet normal 1 0 0
    outer loop
      vertex 31.725 8 59
      vertex 31.725 1.47224 50.85
      vertex 31.725 1.62858 50.4876
    endloop
  endfacet
  facet normal 1 0 0
    outer loop
      vertex 31.725 8 59
      vertex 31.725 1.23654 51.1666
      vertex 31.725 1.47224 50.85
    endloop
  endfacet
  facet normal 1 0 0
    outer loop
      vertex 31.725 8 59
      vertex 31.725 0.934165 51.4203
      vertex 31.725 1.23654 51.1666
    endloop
  endfacet
  facet normal 1 0 0
    outer loop
      vertex 31.725 8 59
      vertex 31.725 0.581433 51.5975
      vertex 31.725 0.934165 51.4203
    endloop
  endfacet
  facet normal 1 0 0
    outer loop
      vertex 31.725 8 59
      vertex 31.725 0.197357 51.6885
      vertex 31.725 0.581433 51.5975
    endloop
  endfacet
  facet normal 1 0 0
    outer loop
      vertex 31.725 8 59
      vertex 31.725 -0.197357 51.6885
      vertex 31.725 0.197357 51.6885
    endloop
  endfacet
  facet normal 1 -0 0
    outer loop
      vertex 31.725 -8 59
      vertex 31.725 -0.197357 51.6885
      vertex 31.725 8 59
    endloop
  endfacet
  facet normal 1 0 0
    outer loop
      vertex 31.725 -0.197357 51.6885
      vertex 31.725 -8 59
      vertex 31.725 -0.581433 51.5975
    endloop
  endfacet
  facet normal 1 0 0
    outer loop
      vertex 31.725 -0.581433 51.5975
      vertex 31.725 -8 59
      vertex 31.725 -0.934165 51.4203
    endloop
  endfacet
  facet normal 1 0 0
    outer loop
      vertex 31.725 -1.62858 50.4876
      vertex 31.725 -8 59
      vertex 31.725 -1.69712 50.0988
    endloop
  endfacet
  facet normal 1 0 0
    outer loop
      vertex 31.725 -1.47224 50.85
      vertex 31.725 -8 59
      vertex 31.725 -1.62858 50.4876
    endloop
  endfacet
  facet normal 1 0 0
    outer loop
      vertex 31.725 -1.23654 51.1666
      vertex 31.725 -8 59
      vertex 31.725 -1.47224 50.85
    endloop
  endfacet
  facet normal 1 0 0
    outer loop
      vertex 31.725 -0.934165 51.4203
      vertex 31.725 -8 59
      vertex 31.725 -1.23654 51.1666
    endloop
  endfacet
  facet normal 1 -0 0
    outer loop
      vertex 31.725 1.67417 49.7048
      vertex 31.725 8 41
      vertex 31.725 1.69712 50.0988
    endloop
  endfacet
  facet normal 1 -0 0
    outer loop
      vertex 31.725 1.56097 49.3267
      vertex 31.725 8 41
      vertex 31.725 1.67417 49.7048
    endloop
  endfacet
  facet normal 1 -0 0
    outer loop
      vertex 31.725 1.36361 48.9848
      vertex 31.725 8 41
      vertex 31.725 1.56097 49.3267
    endloop
  endfacet
  facet normal 1 -0 0
    outer loop
      vertex 31.725 1.09274 48.6977
      vertex 31.725 8 41
      vertex 31.725 1.36361 48.9848
    endloop
  endfacet
  facet normal 1 -0 0
    outer loop
      vertex 31.725 0.762959 48.4808
      vertex 31.725 8 41
      vertex 31.725 1.09274 48.6977
    endloop
  endfacet
  facet normal 1 -0 0
    outer loop
      vertex 31.725 0.392047 48.3458
      vertex 31.725 8 41
      vertex 31.725 0.762959 48.4808
    endloop
  endfacet
  facet normal 1 -0 0
    outer loop
      vertex 31.725 0 48.3
      vertex 31.725 8 41
      vertex 31.725 0.392047 48.3458
    endloop
  endfacet
  facet normal 1 0 0
    outer loop
      vertex 31.725 -8 41
      vertex 31.725 0 48.3
      vertex 31.725 -0.392047 48.3458
    endloop
  endfacet
  facet normal 1 0 0
    outer loop
      vertex 31.725 -8 41
      vertex 31.725 -0.392047 48.3458
      vertex 31.725 -0.762959 48.4808
    endloop
  endfacet
  facet normal 1 0 0
    outer loop
      vertex 31.725 -8 41
      vertex 31.725 -0.762959 48.4808
      vertex 31.725 -1.09274 48.6977
    endloop
  endfacet
  facet normal 1 0 0
    outer loop
      vertex 31.725 -8 41
      vertex 31.725 -1.69712 50.0988
      vertex 31.725 -8 59
    endloop
  endfacet
  facet normal 1 0 0
    outer loop
      vertex 31.725 -1.69712 50.0988
      vertex 31.725 -8 41
      vertex 31.725 -1.67417 49.7048
    endloop
  endfacet
  facet normal 1 0 0
    outer loop
      vertex 31.725 -1.67417 49.7048
      vertex 31.725 -8 41
      vertex 31.725 -1.56097 49.3267
    endloop
  endfacet
  facet normal 1 0 0
    outer loop
      vertex 31.725 0 48.3
      vertex 31.725 -8 41
      vertex 31.725 8 41
    endloop
  endfacet
  facet normal 1 0 0
    outer loop
      vertex 31.725 -1.36361 48.9848
      vertex 31.725 -8 41
      vertex 31.725 -1.09274 48.6977
    endloop
  endfacet
  facet normal 1 0 0
    outer loop
      vertex 31.725 -1.56097 49.3267
      vertex 31.725 -8 41
      vertex 31.725 -1.36361 48.9848
    endloop
  endfacet
  facet normal -0 0 1
    outer loop
      vertex 21.725 8 59
      vertex 31.725 -8 59
      vertex 31.725 8 59
    endloop
  endfacet
  facet normal 0 0 1
    outer loop
      vertex 31.725 -8 59
      vertex 21.725 8 59
      vertex 21.725 -8 59
    endloop
  endfacet
  facet normal 0 0 -1
    outer loop
      vertex 31.725 -8 41
      vertex 28.5181 -2 41
      vertex 31.725 8 41
    endloop
  endfacet
  facet normal 0 0 -1
    outer loop
      vertex 21.725 -8 41
      vertex 28.5181 -2 41
      vertex 31.725 -8 41
    endloop
  endfacet
  facet normal -0 0 -1
    outer loop
      vertex 28.5181 -2 41
      vertex 21.725 -8 41
      vertex 21.725 -2 41
    endloop
  endfacet
  facet normal 0 0 -1
    outer loop
      vertex 28.5181 2 41
      vertex 31.725 8 41
      vertex 28.5181 -2 41
    endloop
  endfacet
  facet normal 0 0 -1
    outer loop
      vertex 21.725 8 41
      vertex 28.5181 2 41
      vertex 21.725 2 41
    endloop
  endfacet
  facet normal 0 0 -1
    outer loop
      vertex 28.5181 2 41
      vertex 21.725 8 41
      vertex 31.725 8 41
    endloop
  endfacet
  facet normal 0 1 -0
    outer loop
      vertex 31.725 8 41
      vertex 21.725 8 59
      vertex 31.725 8 59
    endloop
  endfacet
  facet normal 0 1 0
    outer loop
      vertex 21.725 8 59
      vertex 31.725 8 41
      vertex 21.725 8 41
    endloop
  endfacet
  facet normal 0 -1 0
    outer loop
      vertex 21.725 -8 41
      vertex 31.725 -8 59
      vertex 21.725 -8 59
    endloop
  endfacet
  facet normal 0 -1 -0
    outer loop
      vertex 31.725 -8 59
      vertex 21.725 -8 41
      vertex 31.725 -8 41
    endloop
  endfacet
  facet normal -0.258821 -0.965925 0
    outer loop
      vertex -54.6093 -22.7842 2.5
      vertex -54.2305 -22.8857 6
      vertex -54.6093 -22.7842 6
    endloop
  endfacet
  facet normal -0.258821 -0.965925 -0
    outer loop
      vertex -54.2305 -22.8857 6
      vertex -54.6093 -22.7842 2.5
      vertex -54.2305 -22.8857 2.5
    endloop
  endfacet
  facet normal -0.965925 -0.258821 0
    outer loop
      vertex -52.7842 -24.6093 2.5
      vertex -52.8857 -24.2305 6
      vertex -52.8857 -24.2305 2.5
    endloop
  endfacet
  facet normal -0.965925 -0.258821 0
    outer loop
      vertex -52.8857 -24.2305 6
      vertex -52.7842 -24.6093 2.5
      vertex -52.7842 -24.6093 6
    endloop
  endfacet
  facet normal -0.996191 -0.0872017 0
    outer loop
      vertex -52.75 -25 2.5
      vertex -52.7842 -24.6093 6
      vertex -52.7842 -24.6093 2.5
    endloop
  endfacet
  facet normal -0.996191 -0.0872017 0
    outer loop
      vertex -52.7842 -24.6093 6
      vertex -52.75 -25 2.5
      vertex -52.75 -25 6
    endloop
  endfacet
  facet normal -0.906378 -0.422467 0
    outer loop
      vertex -52.8857 -24.2305 2.5
      vertex -53.0514 -23.875 6
      vertex -53.0514 -23.875 2.5
    endloop
  endfacet
  facet normal -0.906378 -0.422467 0
    outer loop
      vertex -53.0514 -23.875 6
      vertex -52.8857 -24.2305 2.5
      vertex -52.8857 -24.2305 6
    endloop
  endfacet
  facet normal 0.996191 0.0872017 0
    outer loop
      vertex -57.2158 -25.3907 6
      vertex -57.25 -25 2.5
      vertex -57.25 -25 6
    endloop
  endfacet
  facet normal 0.996191 0.0872017 0
    outer loop
      vertex -57.25 -25 2.5
      vertex -57.2158 -25.3907 6
      vertex -57.2158 -25.3907 2.5
    endloop
  endfacet
  facet normal 0.965925 0.258821 0
    outer loop
      vertex -57.1143 -25.7695 6
      vertex -57.2158 -25.3907 2.5
      vertex -57.2158 -25.3907 6
    endloop
  endfacet
  facet normal 0.965925 0.258821 0
    outer loop
      vertex -57.2158 -25.3907 2.5
      vertex -57.1143 -25.7695 6
      vertex -57.1143 -25.7695 2.5
    endloop
  endfacet
  facet normal -0.422467 0.906378 0
    outer loop
      vertex -53.875 -26.9486 2.5
      vertex -54.2305 -27.1143 6
      vertex -53.875 -26.9486 6
    endloop
  endfacet
  facet normal -0.422467 0.906378 0
    outer loop
      vertex -54.2305 -27.1143 6
      vertex -53.875 -26.9486 2.5
      vertex -54.2305 -27.1143 2.5
    endloop
  endfacet
  facet normal -0.0872017 0.996191 0
    outer loop
      vertex -54.6093 -27.2158 2.5
      vertex -55 -27.25 6
      vertex -54.6093 -27.2158 6
    endloop
  endfacet
  facet normal -0.0872017 0.996191 0
    outer loop
      vertex -55 -27.25 6
      vertex -54.6093 -27.2158 2.5
      vertex -55 -27.25 2.5
    endloop
  endfacet
  facet normal 0.573616 0.819124 -0
    outer loop
      vertex -56.125 -26.9486 2.5
      vertex -56.4463 -26.7236 6
      vertex -56.125 -26.9486 6
    endloop
  endfacet
  facet normal 0.573616 0.819124 0
    outer loop
      vertex -56.4463 -26.7236 6
      vertex -56.125 -26.9486 2.5
      vertex -56.4463 -26.7236 2.5
    endloop
  endfacet
  facet normal -0.965925 0.258821 0
    outer loop
      vertex -52.8857 -25.7695 2.5
      vertex -52.7842 -25.3907 6
      vertex -52.7842 -25.3907 2.5
    endloop
  endfacet
  facet normal -0.965925 0.258821 0
    outer loop
      vertex -52.7842 -25.3907 6
      vertex -52.8857 -25.7695 2.5
      vertex -52.8857 -25.7695 6
    endloop
  endfacet
  facet normal -0.819124 -0.573616 0
    outer loop
      vertex -53.0514 -23.875 2.5
      vertex -53.2764 -23.5537 6
      vertex -53.2764 -23.5537 2.5
    endloop
  endfacet
  facet normal -0.819124 -0.573616 0
    outer loop
      vertex -53.2764 -23.5537 6
      vertex -53.0514 -23.875 2.5
      vertex -53.0514 -23.875 6
    endloop
  endfacet
  facet normal -0.996191 0.0872017 0
    outer loop
      vertex -52.7842 -25.3907 2.5
      vertex -52.75 -25 6
      vertex -52.75 -25 2.5
    endloop
  endfacet
  facet normal -0.996191 0.0872017 0
    outer loop
      vertex -52.75 -25 6
      vertex -52.7842 -25.3907 2.5
      vertex -52.7842 -25.3907 6
    endloop
  endfacet
  facet normal -0.573616 -0.819124 0
    outer loop
      vertex -53.875 -23.0514 2.5
      vertex -53.5537 -23.2764 6
      vertex -53.875 -23.0514 6
    endloop
  endfacet
  facet normal -0.573616 -0.819124 -0
    outer loop
      vertex -53.5537 -23.2764 6
      vertex -53.875 -23.0514 2.5
      vertex -53.5537 -23.2764 2.5
    endloop
  endfacet
  facet normal -0.0872017 -0.996191 0
    outer loop
      vertex -55 -22.75 2.5
      vertex -54.6093 -22.7842 6
      vertex -55 -22.75 6
    endloop
  endfacet
  facet normal -0.0872017 -0.996191 -0
    outer loop
      vertex -54.6093 -22.7842 6
      vertex -55 -22.75 2.5
      vertex -54.6093 -22.7842 2.5
    endloop
  endfacet
  facet normal 0.0872017 -0.996191 0
    outer loop
      vertex -55.3907 -22.7842 2.5
      vertex -55 -22.75 6
      vertex -55.3907 -22.7842 6
    endloop
  endfacet
  facet normal 0.0872017 -0.996191 0
    outer loop
      vertex -55 -22.75 6
      vertex -55.3907 -22.7842 2.5
      vertex -55 -22.75 2.5
    endloop
  endfacet
  facet normal -0.258821 0.965925 0
    outer loop
      vertex -54.2305 -27.1143 2.5
      vertex -54.6093 -27.2158 6
      vertex -54.2305 -27.1143 6
    endloop
  endfacet
  facet normal -0.258821 0.965925 0
    outer loop
      vertex -54.6093 -27.2158 6
      vertex -54.2305 -27.1143 2.5
      vertex -54.6093 -27.2158 2.5
    endloop
  endfacet
  facet normal -0.707107 -0.707107 0
    outer loop
      vertex -53.2764 -23.5537 2.5
      vertex -53.5537 -23.2764 6
      vertex -53.5537 -23.2764 2.5
    endloop
  endfacet
  facet normal -0.707107 -0.707107 0
    outer loop
      vertex -53.5537 -23.2764 6
      vertex -53.2764 -23.5537 2.5
      vertex -53.2764 -23.5537 6
    endloop
  endfacet
  facet normal -0.422467 -0.906378 0
    outer loop
      vertex -54.2305 -22.8857 2.5
      vertex -53.875 -23.0514 6
      vertex -54.2305 -22.8857 6
    endloop
  endfacet
  facet normal -0.422467 -0.906378 -0
    outer loop
      vertex -53.875 -23.0514 6
      vertex -54.2305 -22.8857 2.5
      vertex -53.875 -23.0514 2.5
    endloop
  endfacet
  facet normal -0.819124 0.573616 0
    outer loop
      vertex -53.2764 -26.4463 2.5
      vertex -53.0514 -26.125 6
      vertex -53.0514 -26.125 2.5
    endloop
  endfacet
  facet normal -0.819124 0.573616 0
    outer loop
      vertex -53.0514 -26.125 6
      vertex -53.2764 -26.4463 2.5
      vertex -53.2764 -26.4463 6
    endloop
  endfacet
  facet normal 0.906378 -0.422467 0
    outer loop
      vertex -57.1143 -24.2305 6
      vertex -56.9486 -23.875 2.5
      vertex -56.9486 -23.875 6
    endloop
  endfacet
  facet normal 0.906378 -0.422467 0
    outer loop
      vertex -56.9486 -23.875 2.5
      vertex -57.1143 -24.2305 6
      vertex -57.1143 -24.2305 2.5
    endloop
  endfacet
  facet normal 0.965925 -0.258821 0
    outer loop
      vertex -57.2158 -24.6093 6
      vertex -57.1143 -24.2305 2.5
      vertex -57.1143 -24.2305 6
    endloop
  endfacet
  facet normal 0.965925 -0.258821 0
    outer loop
      vertex -57.1143 -24.2305 2.5
      vertex -57.2158 -24.6093 6
      vertex -57.2158 -24.6093 2.5
    endloop
  endfacet
  facet normal -0.906378 0.422467 0
    outer loop
      vertex -53.0514 -26.125 2.5
      vertex -52.8857 -25.7695 6
      vertex -52.8857 -25.7695 2.5
    endloop
  endfacet
  facet normal -0.906378 0.422467 0
    outer loop
      vertex -52.8857 -25.7695 6
      vertex -53.0514 -26.125 2.5
      vertex -53.0514 -26.125 6
    endloop
  endfacet
  facet normal 0.707107 -0.707107 0
    outer loop
      vertex -56.7236 -23.5537 6
      vertex -56.4463 -23.2764 2.5
      vertex -56.4463 -23.2764 6
    endloop
  endfacet
  facet normal 0.707107 -0.707107 0
    outer loop
      vertex -56.4463 -23.2764 2.5
      vertex -56.7236 -23.5537 6
      vertex -56.7236 -23.5537 2.5
    endloop
  endfacet
  facet normal -0.573616 0.819124 0
    outer loop
      vertex -53.5537 -26.7236 2.5
      vertex -53.875 -26.9486 6
      vertex -53.5537 -26.7236 6
    endloop
  endfacet
  facet normal -0.573616 0.819124 0
    outer loop
      vertex -53.875 -26.9486 6
      vertex -53.5537 -26.7236 2.5
      vertex -53.875 -26.9486 2.5
    endloop
  endfacet
  facet normal 0.422467 -0.906378 0
    outer loop
      vertex -56.125 -23.0514 2.5
      vertex -55.7695 -22.8857 6
      vertex -56.125 -23.0514 6
    endloop
  endfacet
  facet normal 0.422467 -0.906378 0
    outer loop
      vertex -55.7695 -22.8857 6
      vertex -56.125 -23.0514 2.5
      vertex -55.7695 -22.8857 2.5
    endloop
  endfacet
  facet normal 0.573616 -0.819124 0
    outer loop
      vertex -56.4463 -23.2764 2.5
      vertex -56.125 -23.0514 6
      vertex -56.4463 -23.2764 6
    endloop
  endfacet
  facet normal 0.573616 -0.819124 0
    outer loop
      vertex -56.125 -23.0514 6
      vertex -56.4463 -23.2764 2.5
      vertex -56.125 -23.0514 2.5
    endloop
  endfacet
  facet normal 0.422467 0.906378 -0
    outer loop
      vertex -55.7695 -27.1143 2.5
      vertex -56.125 -26.9486 6
      vertex -55.7695 -27.1143 6
    endloop
  endfacet
  facet normal 0.422467 0.906378 0
    outer loop
      vertex -56.125 -26.9486 6
      vertex -55.7695 -27.1143 2.5
      vertex -56.125 -26.9486 2.5
    endloop
  endfacet
  facet normal 0.258821 -0.965925 0
    outer loop
      vertex -55.7695 -22.8857 2.5
      vertex -55.3907 -22.7842 6
      vertex -55.7695 -22.8857 6
    endloop
  endfacet
  facet normal 0.258821 -0.965925 0
    outer loop
      vertex -55.3907 -22.7842 6
      vertex -55.7695 -22.8857 2.5
      vertex -55.3907 -22.7842 2.5
    endloop
  endfacet
  facet normal 0.906378 0.422467 0
    outer loop
      vertex -56.9486 -26.125 6
      vertex -57.1143 -25.7695 2.5
      vertex -57.1143 -25.7695 6
    endloop
  endfacet
  facet normal 0.906378 0.422467 0
    outer loop
      vertex -57.1143 -25.7695 2.5
      vertex -56.9486 -26.125 6
      vertex -56.9486 -26.125 2.5
    endloop
  endfacet
  facet normal 0.819124 0.573616 0
    outer loop
      vertex -56.7236 -26.4463 6
      vertex -56.9486 -26.125 2.5
      vertex -56.9486 -26.125 6
    endloop
  endfacet
  facet normal 0.819124 0.573616 0
    outer loop
      vertex -56.9486 -26.125 2.5
      vertex -56.7236 -26.4463 6
      vertex -56.7236 -26.4463 2.5
    endloop
  endfacet
  facet normal 0.707107 0.707107 0
    outer loop
      vertex -56.4463 -26.7236 6
      vertex -56.7236 -26.4463 2.5
      vertex -56.7236 -26.4463 6
    endloop
  endfacet
  facet normal 0.707107 0.707107 0
    outer loop
      vertex -56.7236 -26.4463 2.5
      vertex -56.4463 -26.7236 6
      vertex -56.4463 -26.7236 2.5
    endloop
  endfacet
  facet normal 0.819124 -0.573616 0
    outer loop
      vertex -56.9486 -23.875 6
      vertex -56.7236 -23.5537 2.5
      vertex -56.7236 -23.5537 6
    endloop
  endfacet
  facet normal 0.819124 -0.573616 0
    outer loop
      vertex -56.7236 -23.5537 2.5
      vertex -56.9486 -23.875 6
      vertex -56.9486 -23.875 2.5
    endloop
  endfacet
  facet normal -0.707107 0.707107 0
    outer loop
      vertex -53.5537 -26.7236 2.5
      vertex -53.2764 -26.4463 6
      vertex -53.2764 -26.4463 2.5
    endloop
  endfacet
  facet normal -0.707107 0.707107 0
    outer loop
      vertex -53.2764 -26.4463 6
      vertex -53.5537 -26.7236 2.5
      vertex -53.5537 -26.7236 6
    endloop
  endfacet
  facet normal 0.0872017 0.996191 -0
    outer loop
      vertex -55 -27.25 2.5
      vertex -55.3907 -27.2158 6
      vertex -55 -27.25 6
    endloop
  endfacet
  facet normal 0.0872017 0.996191 0
    outer loop
      vertex -55.3907 -27.2158 6
      vertex -55 -27.25 2.5
      vertex -55.3907 -27.2158 2.5
    endloop
  endfacet
  facet normal 0.258821 0.965925 -0
    outer loop
      vertex -55.3907 -27.2158 2.5
      vertex -55.7695 -27.1143 6
      vertex -55.3907 -27.2158 6
    endloop
  endfacet
  facet normal 0.258821 0.965925 0
    outer loop
      vertex -55.7695 -27.1143 6
      vertex -55.3907 -27.2158 2.5
      vertex -55.7695 -27.1143 2.5
    endloop
  endfacet
  facet normal 0.996191 -0.0872017 0
    outer loop
      vertex -57.25 -25 6
      vertex -57.2158 -24.6093 2.5
      vertex -57.2158 -24.6093 6
    endloop
  endfacet
  facet normal 0.996191 -0.0872017 0
    outer loop
      vertex -57.2158 -24.6093 2.5
      vertex -57.25 -25 6
      vertex -57.25 -25 2.5
    endloop
  endfacet
  facet normal -0.990398 -0.138248 0
    outer loop
      vertex -50.7183 -24.6032 0
      vertex -50.7732 -24.2099 2.5
      vertex -50.7732 -24.2099 0
    endloop
  endfacet
  facet normal -0.990398 -0.138248 0
    outer loop
      vertex -50.7732 -24.2099 2.5
      vertex -50.7183 -24.6032 0
      vertex -50.7183 -24.6032 2.5
    endloop
  endfacet
  facet normal -0.998938 -0.04607 0
    outer loop
      vertex -50.7 -25 0
      vertex -50.7183 -24.6032 2.5
      vertex -50.7183 -24.6032 0
    endloop
  endfacet
  facet normal -0.998938 -0.04607 0
    outer loop
      vertex -50.7183 -24.6032 2.5
      vertex -50.7 -25 0
      vertex -50.7 -25 2.5
    endloop
  endfacet
  facet normal -0.973411 -0.229067 0
    outer loop
      vertex -50.7732 -24.2099 0
      vertex -50.8642 -23.8232 2.5
      vertex -50.8642 -23.8232 0
    endloop
  endfacet
  facet normal -0.973411 -0.229067 0
    outer loop
      vertex -50.8642 -23.8232 2.5
      vertex -50.7732 -24.2099 0
      vertex -50.7732 -24.2099 2.5
    endloop
  endfacet
  facet normal -0.317814 -0.948153 0
    outer loop
      vertex -53.8232 -20.8642 0
      vertex -53.4467 -20.9904 2.5
      vertex -53.8232 -20.8642 2.5
    endloop
  endfacet
  facet normal -0.317814 -0.948153 -0
    outer loop
      vertex -53.4467 -20.9904 2.5
      vertex -53.8232 -20.8642 0
      vertex -53.4467 -20.9904 0
    endloop
  endfacet
  facet normal -0.138248 0.990398 0
    outer loop
      vertex -54.2099 -29.2268 0
      vertex -54.6032 -29.2817 2.5
      vertex -54.2099 -29.2268 2.5
    endloop
  endfacet
  facet normal -0.138248 0.990398 0
    outer loop
      vertex -54.6032 -29.2817 2.5
      vertex -54.2099 -29.2268 0
      vertex -54.6032 -29.2817 0
    endloop
  endfacet
  facet normal 0.317814 -0.948153 0
    outer loop
      vertex -56.5533 -20.9904 0
      vertex -56.1768 -20.8642 2.5
      vertex -56.5533 -20.9904 2.5
    endloop
  endfacet
  facet normal 0.317814 -0.948153 0
    outer loop
      vertex -56.1768 -20.8642 2.5
      vertex -56.5533 -20.9904 0
      vertex -56.1768 -20.8642 0
    endloop
  endfacet
  facet normal -0.769293 -0.638896 0
    outer loop
      vertex -51.5685 -22.4087 0
      vertex -51.8223 -22.1031 2.5
      vertex -51.8223 -22.1031 0
    endloop
  endfacet
  facet normal -0.769293 -0.638896 0
    outer loop
      vertex -51.8223 -22.1031 2.5
      vertex -51.5685 -22.4087 0
      vertex -51.5685 -22.4087 2.5
    endloop
  endfacet
  facet normal 0.998938 0.04607 0
    outer loop
      vertex -59.2817 -25.3968 2.5
      vertex -59.3 -25 0
      vertex -59.3 -25 2.5
    endloop
  endfacet
  facet normal 0.998938 0.04607 0
    outer loop
      vertex -59.3 -25 0
      vertex -59.2817 -25.3968 2.5
      vertex -59.2817 -25.3968 0
    endloop
  endfacet
  facet normal 0.229067 0.973411 -0
    outer loop
      vertex -55.7901 -29.2268 0
      vertex -56.1768 -29.1358 2.5
      vertex -55.7901 -29.2268 2.5
    endloop
  endfacet
  facet normal 0.229067 0.973411 0
    outer loop
      vertex -56.1768 -29.1358 2.5
      vertex -55.7901 -29.2268 0
      vertex -56.1768 -29.1358 0
    endloop
  endfacet
  facet normal 0.707107 -0.707107 0
    outer loop
      vertex -58.1777 -22.1031 0
      vertex -57.8969 -21.8223 2.5
      vertex -58.1777 -22.1031 2.5
    endloop
  endfacet
  facet normal 0.707107 -0.707107 0
    outer loop
      vertex -57.8969 -21.8223 2.5
      vertex -58.1777 -22.1031 0
      vertex -57.8969 -21.8223 0
    endloop
  endfacet
  facet normal -0.403801 0.914847 0
    outer loop
      vertex -53.0833 -28.8492 0
      vertex -53.4467 -29.0096 2.5
      vertex -53.0833 -28.8492 2.5
    endloop
  endfacet
  facet normal -0.403801 0.914847 0
    outer loop
      vertex -53.4467 -29.0096 2.5
      vertex -53.0833 -28.8492 0
      vertex -53.4467 -29.0096 0
    endloop
  endfacet
  facet normal 0.403801 0.914847 -0
    outer loop
      vertex -56.5533 -29.0096 0
      vertex -56.9167 -28.8492 2.5
      vertex -56.5533 -29.0096 2.5
    endloop
  endfacet
  facet normal 0.403801 0.914847 0
    outer loop
      vertex -56.9167 -28.8492 2.5
      vertex -56.5533 -29.0096 0
      vertex -56.9167 -28.8492 0
    endloop
  endfacet
  facet normal 0.486647 -0.873599 0
    outer loop
      vertex -57.2637 -21.3441 0
      vertex -56.9167 -21.1508 2.5
      vertex -57.2637 -21.3441 2.5
    endloop
  endfacet
  facet normal 0.486647 -0.873599 0
    outer loop
      vertex -56.9167 -21.1508 2.5
      vertex -57.2637 -21.3441 0
      vertex -56.9167 -21.1508 0
    endloop
  endfacet
  facet normal -0.317814 0.948153 0
    outer loop
      vertex -53.4467 -29.0096 0
      vertex -53.8232 -29.1358 2.5
      vertex -53.4467 -29.0096 2.5
    endloop
  endfacet
  facet normal -0.317814 0.948153 0
    outer loop
      vertex -53.8232 -29.1358 2.5
      vertex -53.4467 -29.0096 0
      vertex -53.8232 -29.1358 0
    endloop
  endfacet
  facet normal 0.948153 0.317814 0
    outer loop
      vertex -59.0096 -26.5533 2.5
      vertex -59.1358 -26.1768 0
      vertex -59.1358 -26.1768 2.5
    endloop
  endfacet
  facet normal 0.948153 0.317814 0
    outer loop
      vertex -59.1358 -26.1768 0
      vertex -59.0096 -26.5533 2.5
      vertex -59.0096 -26.5533 0
    endloop
  endfacet
  facet normal -0.565117 0.825011 0
    outer loop
      vertex -52.4087 -28.4315 0
      vertex -52.7363 -28.6559 2.5
      vertex -52.4087 -28.4315 2.5
    endloop
  endfacet
  facet normal -0.565117 0.825011 0
    outer loop
      vertex -52.7363 -28.6559 2.5
      vertex -52.4087 -28.4315 0
      vertex -52.7363 -28.6559 0
    endloop
  endfacet
  facet normal -0.638896 -0.769293 0
    outer loop
      vertex -52.4087 -21.5685 0
      vertex -52.1031 -21.8223 2.5
      vertex -52.4087 -21.5685 2.5
    endloop
  endfacet
  facet normal -0.638896 -0.769293 -0
    outer loop
      vertex -52.1031 -21.8223 2.5
      vertex -52.4087 -21.5685 0
      vertex -52.1031 -21.8223 0
    endloop
  endfacet
  facet normal 0.825011 0.565117 0
    outer loop
      vertex -58.4315 -27.5913 2.5
      vertex -58.6559 -27.2637 0
      vertex -58.6559 -27.2637 2.5
    endloop
  endfacet
  facet normal 0.825011 0.565117 0
    outer loop
      vertex -58.6559 -27.2637 0
      vertex -58.4315 -27.5913 2.5
      vertex -58.4315 -27.5913 0
    endloop
  endfacet
  facet normal 0.403801 -0.914847 0
    outer loop
      vertex -56.9167 -21.1508 0
      vertex -56.5533 -20.9904 2.5
      vertex -56.9167 -21.1508 2.5
    endloop
  endfacet
  facet normal 0.403801 -0.914847 0
    outer loop
      vertex -56.5533 -20.9904 2.5
      vertex -56.9167 -21.1508 0
      vertex -56.5533 -20.9904 0
    endloop
  endfacet
  facet normal -0.914847 -0.403801 0
    outer loop
      vertex -50.9904 -23.4467 0
      vertex -51.1508 -23.0833 2.5
      vertex -51.1508 -23.0833 0
    endloop
  endfacet
  facet normal -0.914847 -0.403801 0
    outer loop
      vertex -51.1508 -23.0833 2.5
      vertex -50.9904 -23.4467 0
      vertex -50.9904 -23.4467 2.5
    endloop
  endfacet
  facet normal -0.990398 0.138248 0
    outer loop
      vertex -50.7732 -25.7901 0
      vertex -50.7183 -25.3968 2.5
      vertex -50.7183 -25.3968 0
    endloop
  endfacet
  facet normal -0.990398 0.138248 0
    outer loop
      vertex -50.7183 -25.3968 2.5
      vertex -50.7732 -25.7901 0
      vertex -50.7732 -25.7901 2.5
    endloop
  endfacet
  facet normal -0.04607 0.998938 0
    outer loop
      vertex -54.6032 -29.2817 0
      vertex -55 -29.3 2.5
      vertex -54.6032 -29.2817 2.5
    endloop
  endfacet
  facet normal -0.04607 0.998938 0
    outer loop
      vertex -55 -29.3 2.5
      vertex -54.6032 -29.2817 0
      vertex -55 -29.3 0
    endloop
  endfacet
  facet normal 0.914847 0.403801 0
    outer loop
      vertex -58.8492 -26.9167 2.5
      vertex -59.0096 -26.5533 0
      vertex -59.0096 -26.5533 2.5
    endloop
  endfacet
  facet normal 0.914847 0.403801 0
    outer loop
      vertex -59.0096 -26.5533 0
      vertex -58.8492 -26.9167 2.5
      vertex -58.8492 -26.9167 0
    endloop
  endfacet
  facet normal -0.948153 -0.317814 0
    outer loop
      vertex -50.8642 -23.8232 0
      vertex -50.9904 -23.4467 2.5
      vertex -50.9904 -23.4467 0
    endloop
  endfacet
  facet normal -0.948153 -0.317814 0
    outer loop
      vertex -50.9904 -23.4467 2.5
      vertex -50.8642 -23.8232 0
      vertex -50.8642 -23.8232 2.5
    endloop
  endfacet
  facet normal -0.825011 0.565117 0
    outer loop
      vertex -51.5685 -27.5913 0
      vertex -51.3441 -27.2637 2.5
      vertex -51.3441 -27.2637 0
    endloop
  endfacet
  facet normal -0.825011 0.565117 0
    outer loop
      vertex -51.3441 -27.2637 2.5
      vertex -51.5685 -27.5913 0
      vertex -51.5685 -27.5913 2.5
    endloop
  endfacet
  facet normal 0.638896 0.769293 -0
    outer loop
      vertex -57.5913 -28.4315 0
      vertex -57.8969 -28.1777 2.5
      vertex -57.5913 -28.4315 2.5
    endloop
  endfacet
  facet normal 0.638896 0.769293 0
    outer loop
      vertex -57.8969 -28.1777 2.5
      vertex -57.5913 -28.4315 0
      vertex -57.8969 -28.1777 0
    endloop
  endfacet
  facet normal 0.973411 0.229067 0
    outer loop
      vertex -59.1358 -26.1768 2.5
      vertex -59.2268 -25.7901 0
      vertex -59.2268 -25.7901 2.5
    endloop
  endfacet
  facet normal 0.973411 0.229067 0
    outer loop
      vertex -59.2268 -25.7901 0
      vertex -59.1358 -26.1768 2.5
      vertex -59.1358 -26.1768 0
    endloop
  endfacet
  facet normal -0.486647 -0.873599 0
    outer loop
      vertex -53.0833 -21.1508 0
      vertex -52.7363 -21.3441 2.5
      vertex -53.0833 -21.1508 2.5
    endloop
  endfacet
  facet normal -0.486647 -0.873599 -0
    outer loop
      vertex -52.7363 -21.3441 2.5
      vertex -53.0833 -21.1508 0
      vertex -52.7363 -21.3441 0
    endloop
  endfacet
  facet normal -0.825011 -0.565117 0
    outer loop
      vertex -51.3441 -22.7363 0
      vertex -51.5685 -22.4087 2.5
      vertex -51.5685 -22.4087 0
    endloop
  endfacet
  facet normal -0.825011 -0.565117 0
    outer loop
      vertex -51.5685 -22.4087 2.5
      vertex -51.3441 -22.7363 0
      vertex -51.3441 -22.7363 2.5
    endloop
  endfacet
  facet normal -0.914847 0.403801 0
    outer loop
      vertex -51.1508 -26.9167 0
      vertex -50.9904 -26.5533 2.5
      vertex -50.9904 -26.5533 0
    endloop
  endfacet
  facet normal -0.914847 0.403801 0
    outer loop
      vertex -50.9904 -26.5533 2.5
      vertex -51.1508 -26.9167 0
      vertex -51.1508 -26.9167 2.5
    endloop
  endfacet
  facet normal 0.873599 0.486647 0
    outer loop
      vertex -58.6559 -27.2637 2.5
      vertex -58.8492 -26.9167 0
      vertex -58.8492 -26.9167 2.5
    endloop
  endfacet
  facet normal 0.873599 0.486647 0
    outer loop
      vertex -58.8492 -26.9167 0
      vertex -58.6559 -27.2637 2.5
      vertex -58.6559 -27.2637 0
    endloop
  endfacet
  facet normal 0.825011 -0.565117 0
    outer loop
      vertex -58.6559 -22.7363 2.5
      vertex -58.4315 -22.4087 0
      vertex -58.4315 -22.4087 2.5
    endloop
  endfacet
  facet normal 0.825011 -0.565117 0
    outer loop
      vertex -58.4315 -22.4087 0
      vertex -58.6559 -22.7363 2.5
      vertex -58.6559 -22.7363 0
    endloop
  endfacet
  facet normal 0.948153 -0.317814 0
    outer loop
      vertex -59.1358 -23.8232 2.5
      vertex -59.0096 -23.4467 0
      vertex -59.0096 -23.4467 2.5
    endloop
  endfacet
  facet normal 0.948153 -0.317814 0
    outer loop
      vertex -59.0096 -23.4467 0
      vertex -59.1358 -23.8232 2.5
      vertex -59.1358 -23.8232 0
    endloop
  endfacet
  facet normal -0.229067 -0.973411 0
    outer loop
      vertex -54.2099 -20.7732 0
      vertex -53.8232 -20.8642 2.5
      vertex -54.2099 -20.7732 2.5
    endloop
  endfacet
  facet normal -0.229067 -0.973411 -0
    outer loop
      vertex -53.8232 -20.8642 2.5
      vertex -54.2099 -20.7732 0
      vertex -53.8232 -20.8642 0
    endloop
  endfacet
  facet normal -0.973411 0.229067 0
    outer loop
      vertex -50.8642 -26.1768 0
      vertex -50.7732 -25.7901 2.5
      vertex -50.7732 -25.7901 0
    endloop
  endfacet
  facet normal -0.973411 0.229067 0
    outer loop
      vertex -50.7732 -25.7901 2.5
      vertex -50.8642 -26.1768 0
      vertex -50.8642 -26.1768 2.5
    endloop
  endfacet
  facet normal 0.769293 -0.638896 0
    outer loop
      vertex -58.4315 -22.4087 2.5
      vertex -58.1777 -22.1031 0
      vertex -58.1777 -22.1031 2.5
    endloop
  endfacet
  facet normal 0.769293 -0.638896 0
    outer loop
      vertex -58.1777 -22.1031 0
      vertex -58.4315 -22.4087 2.5
      vertex -58.4315 -22.4087 0
    endloop
  endfacet
  facet normal -0.948153 0.317814 0
    outer loop
      vertex -50.9904 -26.5533 0
      vertex -50.8642 -26.1768 2.5
      vertex -50.8642 -26.1768 0
    endloop
  endfacet
  facet normal -0.948153 0.317814 0
    outer loop
      vertex -50.8642 -26.1768 2.5
      vertex -50.9904 -26.5533 0
      vertex -50.9904 -26.5533 2.5
    endloop
  endfacet
  facet normal -0.403801 -0.914847 0
    outer loop
      vertex -53.4467 -20.9904 0
      vertex -53.0833 -21.1508 2.5
      vertex -53.4467 -20.9904 2.5
    endloop
  endfacet
  facet normal -0.403801 -0.914847 -0
    outer loop
      vertex -53.0833 -21.1508 2.5
      vertex -53.4467 -20.9904 0
      vertex -53.0833 -21.1508 0
    endloop
  endfacet
  facet normal 0.769293 0.638896 0
    outer loop
      vertex -58.1777 -27.8969 2.5
      vertex -58.4315 -27.5913 0
      vertex -58.4315 -27.5913 2.5
    endloop
  endfacet
  facet normal 0.769293 0.638896 0
    outer loop
      vertex -58.4315 -27.5913 0
      vertex -58.1777 -27.8969 2.5
      vertex -58.1777 -27.8969 0
    endloop
  endfacet
  facet normal 0.973411 -0.229067 0
    outer loop
      vertex -59.2268 -24.2099 2.5
      vertex -59.1358 -23.8232 0
      vertex -59.1358 -23.8232 2.5
    endloop
  endfacet
  facet normal 0.973411 -0.229067 0
    outer loop
      vertex -59.1358 -23.8232 0
      vertex -59.2268 -24.2099 2.5
      vertex -59.2268 -24.2099 0
    endloop
  endfacet
  facet normal 0.04607 0.998938 -0
    outer loop
      vertex -55 -29.3 0
      vertex -55.3968 -29.2817 2.5
      vertex -55 -29.3 2.5
    endloop
  endfacet
  facet normal 0.04607 0.998938 0
    outer loop
      vertex -55.3968 -29.2817 2.5
      vertex -55 -29.3 0
      vertex -55.3968 -29.2817 0
    endloop
  endfacet
  facet normal -0.565117 -0.825011 0
    outer loop
      vertex -52.7363 -21.3441 0
      vertex -52.4087 -21.5685 2.5
      vertex -52.7363 -21.3441 2.5
    endloop
  endfacet
  facet normal -0.565117 -0.825011 -0
    outer loop
      vertex -52.4087 -21.5685 2.5
      vertex -52.7363 -21.3441 0
      vertex -52.4087 -21.5685 0
    endloop
  endfacet
  facet normal 0.990398 0.138248 0
    outer loop
      vertex -59.2268 -25.7901 2.5
      vertex -59.2817 -25.3968 0
      vertex -59.2817 -25.3968 2.5
    endloop
  endfacet
  facet normal 0.990398 0.138248 0
    outer loop
      vertex -59.2817 -25.3968 0
      vertex -59.2268 -25.7901 2.5
      vertex -59.2268 -25.7901 0
    endloop
  endfacet
  facet normal -0.998938 0.04607 0
    outer loop
      vertex -50.7183 -25.3968 0
      vertex -50.7 -25 2.5
      vertex -50.7 -25 0
    endloop
  endfacet
  facet normal -0.998938 0.04607 0
    outer loop
      vertex -50.7 -25 2.5
      vertex -50.7183 -25.3968 0
      vertex -50.7183 -25.3968 2.5
    endloop
  endfacet
  facet normal -0.486647 0.873599 0
    outer loop
      vertex -52.7363 -28.6559 0
      vertex -53.0833 -28.8492 2.5
      vertex -52.7363 -28.6559 2.5
    endloop
  endfacet
  facet normal -0.486647 0.873599 0
    outer loop
      vertex -53.0833 -28.8492 2.5
      vertex -52.7363 -28.6559 0
      vertex -53.0833 -28.8492 0
    endloop
  endfacet
  facet normal 0.638896 -0.769293 0
    outer loop
      vertex -57.8969 -21.8223 0
      vertex -57.5913 -21.5685 2.5
      vertex -57.8969 -21.8223 2.5
    endloop
  endfacet
  facet normal 0.638896 -0.769293 0
    outer loop
      vertex -57.5913 -21.5685 2.5
      vertex -57.8969 -21.8223 0
      vertex -57.5913 -21.5685 0
    endloop
  endfacet
  facet normal -0.873599 -0.486647 0
    outer loop
      vertex -51.1508 -23.0833 0
      vertex -51.3441 -22.7363 2.5
      vertex -51.3441 -22.7363 0
    endloop
  endfacet
  facet normal -0.873599 -0.486647 0
    outer loop
      vertex -51.3441 -22.7363 2.5
      vertex -51.1508 -23.0833 0
      vertex -51.1508 -23.0833 2.5
    endloop
  endfacet
  facet normal 0.707107 0.707107 -0
    outer loop
      vertex -57.8969 -28.1777 0
      vertex -58.1777 -27.8969 2.5
      vertex -57.8969 -28.1777 2.5
    endloop
  endfacet
  facet normal 0.707107 0.707107 0
    outer loop
      vertex -58.1777 -27.8969 2.5
      vertex -57.8969 -28.1777 0
      vertex -58.1777 -27.8969 0
    endloop
  endfacet
  facet normal -0.229067 0.973411 0
    outer loop
      vertex -53.8232 -29.1358 0
      vertex -54.2099 -29.2268 2.5
      vertex -53.8232 -29.1358 2.5
    endloop
  endfacet
  facet normal -0.229067 0.973411 0
    outer loop
      vertex -54.2099 -29.2268 2.5
      vertex -53.8232 -29.1358 0
      vertex -54.2099 -29.2268 0
    endloop
  endfacet
  facet normal -0.769293 0.638896 0
    outer loop
      vertex -51.8223 -27.8969 0
      vertex -51.5685 -27.5913 2.5
      vertex -51.5685 -27.5913 0
    endloop
  endfacet
  facet normal -0.769293 0.638896 0
    outer loop
      vertex -51.5685 -27.5913 2.5
      vertex -51.8223 -27.8969 0
      vertex -51.8223 -27.8969 2.5
    endloop
  endfacet
  facet normal -0.707107 -0.707107 0
    outer loop
      vertex -52.1031 -21.8223 0
      vertex -51.8223 -22.1031 2.5
      vertex -52.1031 -21.8223 2.5
    endloop
  endfacet
  facet normal -0.707107 -0.707107 -0
    outer loop
      vertex -51.8223 -22.1031 2.5
      vertex -52.1031 -21.8223 0
      vertex -51.8223 -22.1031 0
    endloop
  endfacet
  facet normal 0.138248 -0.990398 0
    outer loop
      vertex -55.7901 -20.7732 0
      vertex -55.3968 -20.7183 2.5
      vertex -55.7901 -20.7732 2.5
    endloop
  endfacet
  facet normal 0.138248 -0.990398 0
    outer loop
      vertex -55.3968 -20.7183 2.5
      vertex -55.7901 -20.7732 0
      vertex -55.3968 -20.7183 0
    endloop
  endfacet
  facet normal 0.229067 -0.973411 0
    outer loop
      vertex -56.1768 -20.8642 0
      vertex -55.7901 -20.7732 2.5
      vertex -56.1768 -20.8642 2.5
    endloop
  endfacet
  facet normal 0.229067 -0.973411 0
    outer loop
      vertex -55.7901 -20.7732 2.5
      vertex -56.1768 -20.8642 0
      vertex -55.7901 -20.7732 0
    endloop
  endfacet
  facet normal -0.873599 0.486647 0
    outer loop
      vertex -51.3441 -27.2637 0
      vertex -51.1508 -26.9167 2.5
      vertex -51.1508 -26.9167 0
    endloop
  endfacet
  facet normal -0.873599 0.486647 0
    outer loop
      vertex -51.1508 -26.9167 2.5
      vertex -51.3441 -27.2637 0
      vertex -51.3441 -27.2637 2.5
    endloop
  endfacet
  facet normal -0.638896 0.769293 0
    outer loop
      vertex -52.1031 -28.1777 0
      vertex -52.4087 -28.4315 2.5
      vertex -52.1031 -28.1777 2.5
    endloop
  endfacet
  facet normal -0.638896 0.769293 0
    outer loop
      vertex -52.4087 -28.4315 2.5
      vertex -52.1031 -28.1777 0
      vertex -52.4087 -28.4315 0
    endloop
  endfacet
  facet normal -0.707107 0.707107 0
    outer loop
      vertex -51.8223 -27.8969 0
      vertex -52.1031 -28.1777 2.5
      vertex -51.8223 -27.8969 2.5
    endloop
  endfacet
  facet normal -0.707107 0.707107 0
    outer loop
      vertex -52.1031 -28.1777 2.5
      vertex -51.8223 -27.8969 0
      vertex -52.1031 -28.1777 0
    endloop
  endfacet
  facet normal 0.565117 -0.825011 0
    outer loop
      vertex -57.5913 -21.5685 0
      vertex -57.2637 -21.3441 2.5
      vertex -57.5913 -21.5685 2.5
    endloop
  endfacet
  facet normal 0.565117 -0.825011 0
    outer loop
      vertex -57.2637 -21.3441 2.5
      vertex -57.5913 -21.5685 0
      vertex -57.2637 -21.3441 0
    endloop
  endfacet
  facet normal 0.138248 0.990398 -0
    outer loop
      vertex -55.3968 -29.2817 0
      vertex -55.7901 -29.2268 2.5
      vertex -55.3968 -29.2817 2.5
    endloop
  endfacet
  facet normal 0.138248 0.990398 0
    outer loop
      vertex -55.7901 -29.2268 2.5
      vertex -55.3968 -29.2817 0
      vertex -55.7901 -29.2268 0
    endloop
  endfacet
  facet normal 0 0 -1
    outer loop
      vertex -52.75 -25 2.5
      vertex -50.7 -25 2.5
      vertex -50.7183 -25.3968 2.5
    endloop
  endfacet
  facet normal 0 0 -1
    outer loop
      vertex -52.7842 -25.3907 2.5
      vertex -50.7183 -25.3968 2.5
      vertex -50.7732 -25.7901 2.5
    endloop
  endfacet
  facet normal 0 0 -1
    outer loop
      vertex -50.7 -25 2.5
      vertex -52.75 -25 2.5
      vertex -50.7183 -24.6032 2.5
    endloop
  endfacet
  facet normal 0 0 -1
    outer loop
      vertex -52.7842 -25.3907 2.5
      vertex -50.7732 -25.7901 2.5
      vertex -50.8642 -26.1768 2.5
    endloop
  endfacet
  facet normal 0 0 -1
    outer loop
      vertex -52.7842 -24.6093 2.5
      vertex -50.7183 -24.6032 2.5
      vertex -52.75 -25 2.5
    endloop
  endfacet
  facet normal 0 0 -1
    outer loop
      vertex -52.8857 -25.7695 2.5
      vertex -50.8642 -26.1768 2.5
      vertex -50.9904 -26.5533 2.5
    endloop
  endfacet
  facet normal -0 0 -1
    outer loop
      vertex -50.7183 -24.6032 2.5
      vertex -52.7842 -24.6093 2.5
      vertex -50.7732 -24.2099 2.5
    endloop
  endfacet
  facet normal 0 0 -1
    outer loop
      vertex -52.8857 -25.7695 2.5
      vertex -50.9904 -26.5533 2.5
      vertex -51.1508 -26.9167 2.5
    endloop
  endfacet
  facet normal -0 0 -1
    outer loop
      vertex -50.7732 -24.2099 2.5
      vertex -52.7842 -24.6093 2.5
      vertex -50.8642 -23.8232 2.5
    endloop
  endfacet
  facet normal 0 0 -1
    outer loop
      vertex -53.0514 -26.125 2.5
      vertex -51.1508 -26.9167 2.5
      vertex -51.3441 -27.2637 2.5
    endloop
  endfacet
  facet normal 0 0 -1
    outer loop
      vertex -52.8857 -24.2305 2.5
      vertex -50.8642 -23.8232 2.5
      vertex -52.7842 -24.6093 2.5
    endloop
  endfacet
  facet normal 0 0 -1
    outer loop
      vertex -53.0514 -26.125 2.5
      vertex -51.3441 -27.2637 2.5
      vertex -51.5685 -27.5913 2.5
    endloop
  endfacet
  facet normal -0 0 -1
    outer loop
      vertex -50.8642 -23.8232 2.5
      vertex -52.8857 -24.2305 2.5
      vertex -50.9904 -23.4467 2.5
    endloop
  endfacet
  facet normal 0 0 -1
    outer loop
      vertex -53.2764 -26.4463 2.5
      vertex -51.5685 -27.5913 2.5
      vertex -51.8223 -27.8969 2.5
    endloop
  endfacet
  facet normal -0 0 -1
    outer loop
      vertex -50.9904 -23.4467 2.5
      vertex -52.8857 -24.2305 2.5
      vertex -51.1508 -23.0833 2.5
    endloop
  endfacet
  facet normal 0 0 -1
    outer loop
      vertex -53.2764 -26.4463 2.5
      vertex -51.8223 -27.8969 2.5
      vertex -52.1031 -28.1777 2.5
    endloop
  endfacet
  facet normal 0 0 -1
    outer loop
      vertex -53.0514 -23.875 2.5
      vertex -51.1508 -23.0833 2.5
      vertex -52.8857 -24.2305 2.5
    endloop
  endfacet
  facet normal 0 0 -1
    outer loop
      vertex -53.5537 -26.7236 2.5
      vertex -52.1031 -28.1777 2.5
      vertex -52.4087 -28.4315 2.5
    endloop
  endfacet
  facet normal -0 0 -1
    outer loop
      vertex -51.1508 -23.0833 2.5
      vertex -53.0514 -23.875 2.5
      vertex -51.3441 -22.7363 2.5
    endloop
  endfacet
  facet normal 0 0 -1
    outer loop
      vertex -53.875 -26.9486 2.5
      vertex -52.4087 -28.4315 2.5
      vertex -52.7363 -28.6559 2.5
    endloop
  endfacet
  facet normal -0 0 -1
    outer loop
      vertex -51.3441 -22.7363 2.5
      vertex -53.0514 -23.875 2.5
      vertex -51.5685 -22.4087 2.5
    endloop
  endfacet
  facet normal 0 0 -1
    outer loop
      vertex -53.2764 -23.5537 2.5
      vertex -51.5685 -22.4087 2.5
      vertex -53.0514 -23.875 2.5
    endloop
  endfacet
  facet normal 0 0 -1
    outer loop
      vertex -50.7183 -25.3968 2.5
      vertex -52.7842 -25.3907 2.5
      vertex -52.75 -25 2.5
    endloop
  endfacet
  facet normal 0 0 -1
    outer loop
      vertex -50.8642 -26.1768 2.5
      vertex -52.8857 -25.7695 2.5
      vertex -52.7842 -25.3907 2.5
    endloop
  endfacet
  facet normal 0 0 -1
    outer loop
      vertex -51.1508 -26.9167 2.5
      vertex -53.0514 -26.125 2.5
      vertex -52.8857 -25.7695 2.5
    endloop
  endfacet
  facet normal 0 0 -1
    outer loop
      vertex -53.875 -26.9486 2.5
      vertex -52.7363 -28.6559 2.5
      vertex -53.0833 -28.8492 2.5
    endloop
  endfacet
  facet normal 0 0 -1
    outer loop
      vertex -51.5685 -27.5913 2.5
      vertex -53.2764 -26.4463 2.5
      vertex -53.0514 -26.125 2.5
    endloop
  endfacet
  facet normal 0 0 -1
    outer loop
      vertex -54.2305 -27.1143 2.5
      vertex -53.0833 -28.8492 2.5
      vertex -53.4467 -29.0096 2.5
    endloop
  endfacet
  facet normal 0 0 -1
    outer loop
      vertex -52.1031 -28.1777 2.5
      vertex -53.5537 -26.7236 2.5
      vertex -53.2764 -26.4463 2.5
    endloop
  endfacet
  facet normal 0 0 -1
    outer loop
      vertex -54.2305 -27.1143 2.5
      vertex -53.4467 -29.0096 2.5
      vertex -53.8232 -29.1358 2.5
    endloop
  endfacet
  facet normal 0 0 -1
    outer loop
      vertex -52.4087 -28.4315 2.5
      vertex -53.875 -26.9486 2.5
      vertex -53.5537 -26.7236 2.5
    endloop
  endfacet
  facet normal 0 0 -1
    outer loop
      vertex -54.6093 -27.2158 2.5
      vertex -53.8232 -29.1358 2.5
      vertex -54.2099 -29.2268 2.5
    endloop
  endfacet
  facet normal 0 0 -1
    outer loop
      vertex -53.0833 -28.8492 2.5
      vertex -54.2305 -27.1143 2.5
      vertex -53.875 -26.9486 2.5
    endloop
  endfacet
  facet normal 0 0 -1
    outer loop
      vertex -54.6093 -27.2158 2.5
      vertex -54.2099 -29.2268 2.5
      vertex -54.6032 -29.2817 2.5
    endloop
  endfacet
  facet normal 0 0 -1
    outer loop
      vertex -53.8232 -29.1358 2.5
      vertex -54.6093 -27.2158 2.5
      vertex -54.2305 -27.1143 2.5
    endloop
  endfacet
  facet normal 0 0 -1
    outer loop
      vertex -55 -27.25 2.5
      vertex -54.6032 -29.2817 2.5
      vertex -55 -29.3 2.5
    endloop
  endfacet
  facet normal 0 0 -1
    outer loop
      vertex -54.6032 -29.2817 2.5
      vertex -55 -27.25 2.5
      vertex -54.6093 -27.2158 2.5
    endloop
  endfacet
  facet normal 0 0 -1
    outer loop
      vertex -55.3968 -29.2817 2.5
      vertex -55 -27.25 2.5
      vertex -55 -29.3 2.5
    endloop
  endfacet
  facet normal -0 0 -1
    outer loop
      vertex -55 -27.25 2.5
      vertex -55.3968 -29.2817 2.5
      vertex -55.3907 -27.2158 2.5
    endloop
  endfacet
  facet normal 0 0 -1
    outer loop
      vertex -55.7901 -29.2268 2.5
      vertex -55.3907 -27.2158 2.5
      vertex -55.3968 -29.2817 2.5
    endloop
  endfacet
  facet normal 0 0 -1
    outer loop
      vertex -56.1768 -29.1358 2.5
      vertex -55.3907 -27.2158 2.5
      vertex -55.7901 -29.2268 2.5
    endloop
  endfacet
  facet normal -0 0 -1
    outer loop
      vertex -55.3907 -27.2158 2.5
      vertex -56.1768 -29.1358 2.5
      vertex -55.7695 -27.1143 2.5
    endloop
  endfacet
  facet normal 0 0 -1
    outer loop
      vertex -56.5533 -29.0096 2.5
      vertex -55.7695 -27.1143 2.5
      vertex -56.1768 -29.1358 2.5
    endloop
  endfacet
  facet normal 0 0 -1
    outer loop
      vertex -56.9167 -28.8492 2.5
      vertex -55.7695 -27.1143 2.5
      vertex -56.5533 -29.0096 2.5
    endloop
  endfacet
  facet normal -0 0 -1
    outer loop
      vertex -55.7695 -27.1143 2.5
      vertex -56.9167 -28.8492 2.5
      vertex -56.125 -26.9486 2.5
    endloop
  endfacet
  facet normal 0 0 -1
    outer loop
      vertex -57.2637 -28.6559 2.5
      vertex -56.125 -26.9486 2.5
      vertex -56.9167 -28.8492 2.5
    endloop
  endfacet
  facet normal 0 0 -1
    outer loop
      vertex -57.5913 -28.4315 2.5
      vertex -56.125 -26.9486 2.5
      vertex -57.2637 -28.6559 2.5
    endloop
  endfacet
  facet normal -0 0 -1
    outer loop
      vertex -56.125 -26.9486 2.5
      vertex -57.5913 -28.4315 2.5
      vertex -56.4463 -26.7236 2.5
    endloop
  endfacet
  facet normal 0 0 -1
    outer loop
      vertex -57.8969 -28.1777 2.5
      vertex -56.4463 -26.7236 2.5
      vertex -57.5913 -28.4315 2.5
    endloop
  endfacet
  facet normal -0 0 -1
    outer loop
      vertex -56.4463 -26.7236 2.5
      vertex -57.8969 -28.1777 2.5
      vertex -56.7236 -26.4463 2.5
    endloop
  endfacet
  facet normal 0 0 -1
    outer loop
      vertex -58.1777 -27.8969 2.5
      vertex -56.7236 -26.4463 2.5
      vertex -57.8969 -28.1777 2.5
    endloop
  endfacet
  facet normal 0 0 -1
    outer loop
      vertex -58.4315 -27.5913 2.5
      vertex -56.7236 -26.4463 2.5
      vertex -58.1777 -27.8969 2.5
    endloop
  endfacet
  facet normal -0 0 -1
    outer loop
      vertex -51.5685 -22.4087 2.5
      vertex -53.2764 -23.5537 2.5
      vertex -51.8223 -22.1031 2.5
    endloop
  endfacet
  facet normal -0 0 -1
    outer loop
      vertex -51.8223 -22.1031 2.5
      vertex -53.2764 -23.5537 2.5
      vertex -52.1031 -21.8223 2.5
    endloop
  endfacet
  facet normal 0 0 -1
    outer loop
      vertex -53.5537 -23.2764 2.5
      vertex -52.1031 -21.8223 2.5
      vertex -53.2764 -23.5537 2.5
    endloop
  endfacet
  facet normal -0 0 -1
    outer loop
      vertex -52.1031 -21.8223 2.5
      vertex -53.5537 -23.2764 2.5
      vertex -52.4087 -21.5685 2.5
    endloop
  endfacet
  facet normal 0 0 -1
    outer loop
      vertex -53.875 -23.0514 2.5
      vertex -52.4087 -21.5685 2.5
      vertex -53.5537 -23.2764 2.5
    endloop
  endfacet
  facet normal -0 0 -1
    outer loop
      vertex -52.4087 -21.5685 2.5
      vertex -53.875 -23.0514 2.5
      vertex -52.7363 -21.3441 2.5
    endloop
  endfacet
  facet normal -0 0 -1
    outer loop
      vertex -52.7363 -21.3441 2.5
      vertex -53.875 -23.0514 2.5
      vertex -53.0833 -21.1508 2.5
    endloop
  endfacet
  facet normal 0 0 -1
    outer loop
      vertex -54.2305 -22.8857 2.5
      vertex -53.0833 -21.1508 2.5
      vertex -53.875 -23.0514 2.5
    endloop
  endfacet
  facet normal -0 0 -1
    outer loop
      vertex -53.0833 -21.1508 2.5
      vertex -54.2305 -22.8857 2.5
      vertex -53.4467 -20.9904 2.5
    endloop
  endfacet
  facet normal -0 0 -1
    outer loop
      vertex -53.4467 -20.9904 2.5
      vertex -54.2305 -22.8857 2.5
      vertex -53.8232 -20.8642 2.5
    endloop
  endfacet
  facet normal 0 0 -1
    outer loop
      vertex -54.6093 -22.7842 2.5
      vertex -53.8232 -20.8642 2.5
      vertex -54.2305 -22.8857 2.5
    endloop
  endfacet
  facet normal -0 0 -1
    outer loop
      vertex -53.8232 -20.8642 2.5
      vertex -54.6093 -22.7842 2.5
      vertex -54.2099 -20.7732 2.5
    endloop
  endfacet
  facet normal -0 0 -1
    outer loop
      vertex -54.2099 -20.7732 2.5
      vertex -54.6093 -22.7842 2.5
      vertex -54.6032 -20.7183 2.5
    endloop
  endfacet
  facet normal 0 0 -1
    outer loop
      vertex -55 -22.75 2.5
      vertex -54.6032 -20.7183 2.5
      vertex -54.6093 -22.7842 2.5
    endloop
  endfacet
  facet normal 0 0 -1
    outer loop
      vertex -55 -22.75 2.5
      vertex -55 -20.7 2.5
      vertex -54.6032 -20.7183 2.5
    endloop
  endfacet
  facet normal 0 0 -1
    outer loop
      vertex -55.3968 -20.7183 2.5
      vertex -55 -22.75 2.5
      vertex -55.3907 -22.7842 2.5
    endloop
  endfacet
  facet normal 0 0 -1
    outer loop
      vertex -55 -22.75 2.5
      vertex -55.3968 -20.7183 2.5
      vertex -55 -20.7 2.5
    endloop
  endfacet
  facet normal 0 0 -1
    outer loop
      vertex -56.1768 -20.8642 2.5
      vertex -55.3907 -22.7842 2.5
      vertex -55.7695 -22.8857 2.5
    endloop
  endfacet
  facet normal 0 0 -1
    outer loop
      vertex -55.3907 -22.7842 2.5
      vertex -55.7901 -20.7732 2.5
      vertex -55.3968 -20.7183 2.5
    endloop
  endfacet
  facet normal 0 0 -1
    outer loop
      vertex -56.9167 -21.1508 2.5
      vertex -55.7695 -22.8857 2.5
      vertex -56.125 -23.0514 2.5
    endloop
  endfacet
  facet normal 0 0 -1
    outer loop
      vertex -55.3907 -22.7842 2.5
      vertex -56.1768 -20.8642 2.5
      vertex -55.7901 -20.7732 2.5
    endloop
  endfacet
  facet normal 0 0 -1
    outer loop
      vertex -57.5913 -21.5685 2.5
      vertex -56.125 -23.0514 2.5
      vertex -56.4463 -23.2764 2.5
    endloop
  endfacet
  facet normal 0 0 -1
    outer loop
      vertex -55.7695 -22.8857 2.5
      vertex -56.5533 -20.9904 2.5
      vertex -56.1768 -20.8642 2.5
    endloop
  endfacet
  facet normal 0 0 -1
    outer loop
      vertex -57.8969 -21.8223 2.5
      vertex -56.4463 -23.2764 2.5
      vertex -56.7236 -23.5537 2.5
    endloop
  endfacet
  facet normal 0 0 -1
    outer loop
      vertex -55.7695 -22.8857 2.5
      vertex -56.9167 -21.1508 2.5
      vertex -56.5533 -20.9904 2.5
    endloop
  endfacet
  facet normal 0 0 -1
    outer loop
      vertex -58.4315 -22.4087 2.5
      vertex -56.7236 -23.5537 2.5
      vertex -56.9486 -23.875 2.5
    endloop
  endfacet
  facet normal 0 0 -1
    outer loop
      vertex -58.8492 -23.0833 2.5
      vertex -56.9486 -23.875 2.5
      vertex -57.1143 -24.2305 2.5
    endloop
  endfacet
  facet normal 0 0 -1
    outer loop
      vertex -59.1358 -23.8232 2.5
      vertex -57.1143 -24.2305 2.5
      vertex -57.2158 -24.6093 2.5
    endloop
  endfacet
  facet normal 0 0 -1
    outer loop
      vertex -59.2817 -24.6032 2.5
      vertex -57.2158 -24.6093 2.5
      vertex -57.25 -25 2.5
    endloop
  endfacet
  facet normal 0 0 -1
    outer loop
      vertex -56.125 -23.0514 2.5
      vertex -57.2637 -21.3441 2.5
      vertex -56.9167 -21.1508 2.5
    endloop
  endfacet
  facet normal -0 0 -1
    outer loop
      vertex -56.7236 -26.4463 2.5
      vertex -58.4315 -27.5913 2.5
      vertex -56.9486 -26.125 2.5
    endloop
  endfacet
  facet normal 0 0 -1
    outer loop
      vertex -58.6559 -27.2637 2.5
      vertex -56.9486 -26.125 2.5
      vertex -58.4315 -27.5913 2.5
    endloop
  endfacet
  facet normal 0 0 -1
    outer loop
      vertex -56.125 -23.0514 2.5
      vertex -57.5913 -21.5685 2.5
      vertex -57.2637 -21.3441 2.5
    endloop
  endfacet
  facet normal 0 0 -1
    outer loop
      vertex -58.8492 -26.9167 2.5
      vertex -56.9486 -26.125 2.5
      vertex -58.6559 -27.2637 2.5
    endloop
  endfacet
  facet normal 0 0 -1
    outer loop
      vertex -56.4463 -23.2764 2.5
      vertex -57.8969 -21.8223 2.5
      vertex -57.5913 -21.5685 2.5
    endloop
  endfacet
  facet normal -0 0 -1
    outer loop
      vertex -56.9486 -26.125 2.5
      vertex -58.8492 -26.9167 2.5
      vertex -57.1143 -25.7695 2.5
    endloop
  endfacet
  facet normal 0 0 -1
    outer loop
      vertex -56.7236 -23.5537 2.5
      vertex -58.1777 -22.1031 2.5
      vertex -57.8969 -21.8223 2.5
    endloop
  endfacet
  facet normal 0 0 -1
    outer loop
      vertex -59.0096 -26.5533 2.5
      vertex -57.1143 -25.7695 2.5
      vertex -58.8492 -26.9167 2.5
    endloop
  endfacet
  facet normal 0 0 -1
    outer loop
      vertex -56.7236 -23.5537 2.5
      vertex -58.4315 -22.4087 2.5
      vertex -58.1777 -22.1031 2.5
    endloop
  endfacet
  facet normal 0 0 -1
    outer loop
      vertex -59.1358 -26.1768 2.5
      vertex -57.1143 -25.7695 2.5
      vertex -59.0096 -26.5533 2.5
    endloop
  endfacet
  facet normal 0 0 -1
    outer loop
      vertex -56.9486 -23.875 2.5
      vertex -58.6559 -22.7363 2.5
      vertex -58.4315 -22.4087 2.5
    endloop
  endfacet
  facet normal -0 0 -1
    outer loop
      vertex -57.1143 -25.7695 2.5
      vertex -59.1358 -26.1768 2.5
      vertex -57.2158 -25.3907 2.5
    endloop
  endfacet
  facet normal 0 0 -1
    outer loop
      vertex -56.9486 -23.875 2.5
      vertex -58.8492 -23.0833 2.5
      vertex -58.6559 -22.7363 2.5
    endloop
  endfacet
  facet normal 0 0 -1
    outer loop
      vertex -59.2268 -25.7901 2.5
      vertex -57.2158 -25.3907 2.5
      vertex -59.1358 -26.1768 2.5
    endloop
  endfacet
  facet normal 0 0 -1
    outer loop
      vertex -57.1143 -24.2305 2.5
      vertex -59.0096 -23.4467 2.5
      vertex -58.8492 -23.0833 2.5
    endloop
  endfacet
  facet normal 0 0 -1
    outer loop
      vertex -59.2817 -25.3968 2.5
      vertex -57.2158 -25.3907 2.5
      vertex -59.2268 -25.7901 2.5
    endloop
  endfacet
  facet normal 0 0 -1
    outer loop
      vertex -57.1143 -24.2305 2.5
      vertex -59.1358 -23.8232 2.5
      vertex -59.0096 -23.4467 2.5
    endloop
  endfacet
  facet normal -0 0 -1
    outer loop
      vertex -57.2158 -25.3907 2.5
      vertex -59.2817 -25.3968 2.5
      vertex -57.25 -25 2.5
    endloop
  endfacet
  facet normal 0 0 -1
    outer loop
      vertex -57.2158 -24.6093 2.5
      vertex -59.2268 -24.2099 2.5
      vertex -59.1358 -23.8232 2.5
    endloop
  endfacet
  facet normal 0 0 -1
    outer loop
      vertex -59.3 -25 2.5
      vertex -57.25 -25 2.5
      vertex -59.2817 -25.3968 2.5
    endloop
  endfacet
  facet normal 0 0 -1
    outer loop
      vertex -57.2158 -24.6093 2.5
      vertex -59.2817 -24.6032 2.5
      vertex -59.2268 -24.2099 2.5
    endloop
  endfacet
  facet normal 0 0 -1
    outer loop
      vertex -57.25 -25 2.5
      vertex -59.3 -25 2.5
      vertex -59.2817 -24.6032 2.5
    endloop
  endfacet
  facet normal -0.138248 -0.990398 0
    outer loop
      vertex -54.6032 -20.7183 0
      vertex -54.2099 -20.7732 2.5
      vertex -54.6032 -20.7183 2.5
    endloop
  endfacet
  facet normal -0.138248 -0.990398 -0
    outer loop
      vertex -54.2099 -20.7732 2.5
      vertex -54.6032 -20.7183 0
      vertex -54.2099 -20.7732 0
    endloop
  endfacet
  facet normal 0.914847 -0.403801 0
    outer loop
      vertex -59.0096 -23.4467 2.5
      vertex -58.8492 -23.0833 0
      vertex -58.8492 -23.0833 2.5
    endloop
  endfacet
  facet normal 0.914847 -0.403801 0
    outer loop
      vertex -58.8492 -23.0833 0
      vertex -59.0096 -23.4467 2.5
      vertex -59.0096 -23.4467 0
    endloop
  endfacet
  facet normal -0.04607 -0.998938 0
    outer loop
      vertex -55 -20.7 0
      vertex -54.6032 -20.7183 2.5
      vertex -55 -20.7 2.5
    endloop
  endfacet
  facet normal -0.04607 -0.998938 -0
    outer loop
      vertex -54.6032 -20.7183 2.5
      vertex -55 -20.7 0
      vertex -54.6032 -20.7183 0
    endloop
  endfacet
  facet normal 0.990398 -0.138248 0
    outer loop
      vertex -59.2817 -24.6032 2.5
      vertex -59.2268 -24.2099 0
      vertex -59.2268 -24.2099 2.5
    endloop
  endfacet
  facet normal 0.990398 -0.138248 0
    outer loop
      vertex -59.2268 -24.2099 0
      vertex -59.2817 -24.6032 2.5
      vertex -59.2817 -24.6032 0
    endloop
  endfacet
  facet normal 0.998938 -0.04607 0
    outer loop
      vertex -59.3 -25 2.5
      vertex -59.2817 -24.6032 0
      vertex -59.2817 -24.6032 2.5
    endloop
  endfacet
  facet normal 0.998938 -0.04607 0
    outer loop
      vertex -59.2817 -24.6032 0
      vertex -59.3 -25 2.5
      vertex -59.3 -25 0
    endloop
  endfacet
  facet normal 0.317814 0.948153 -0
    outer loop
      vertex -56.1768 -29.1358 0
      vertex -56.5533 -29.0096 2.5
      vertex -56.1768 -29.1358 2.5
    endloop
  endfacet
  facet normal 0.317814 0.948153 0
    outer loop
      vertex -56.5533 -29.0096 2.5
      vertex -56.1768 -29.1358 0
      vertex -56.5533 -29.0096 0
    endloop
  endfacet
  facet normal 0.565117 0.825011 -0
    outer loop
      vertex -57.2637 -28.6559 0
      vertex -57.5913 -28.4315 2.5
      vertex -57.2637 -28.6559 2.5
    endloop
  endfacet
  facet normal 0.565117 0.825011 0
    outer loop
      vertex -57.5913 -28.4315 2.5
      vertex -57.2637 -28.6559 0
      vertex -57.5913 -28.4315 0
    endloop
  endfacet
  facet normal 0.04607 -0.998938 0
    outer loop
      vertex -55.3968 -20.7183 0
      vertex -55 -20.7 2.5
      vertex -55.3968 -20.7183 2.5
    endloop
  endfacet
  facet normal 0.04607 -0.998938 0
    outer loop
      vertex -55 -20.7 2.5
      vertex -55.3968 -20.7183 0
      vertex -55 -20.7 0
    endloop
  endfacet
  facet normal 0.873599 -0.486647 0
    outer loop
      vertex -58.8492 -23.0833 2.5
      vertex -58.6559 -22.7363 0
      vertex -58.6559 -22.7363 2.5
    endloop
  endfacet
  facet normal 0.873599 -0.486647 0
    outer loop
      vertex -58.6559 -22.7363 0
      vertex -58.8492 -23.0833 2.5
      vertex -58.8492 -23.0833 0
    endloop
  endfacet
  facet normal 0.486647 0.873599 -0
    outer loop
      vertex -56.9167 -28.8492 0
      vertex -57.2637 -28.6559 2.5
      vertex -56.9167 -28.8492 2.5
    endloop
  endfacet
  facet normal 0.486647 0.873599 0
    outer loop
      vertex -57.2637 -28.6559 2.5
      vertex -56.9167 -28.8492 0
      vertex -57.2637 -28.6559 0
    endloop
  endfacet
  facet normal 0.707107 0.707107 0
    outer loop
      vertex -56.4463 83.2764 6
      vertex -56.7236 83.5537 2.5
      vertex -56.7236 83.5537 6
    endloop
  endfacet
  facet normal 0.707107 0.707107 0
    outer loop
      vertex -56.7236 83.5537 2.5
      vertex -56.4463 83.2764 6
      vertex -56.4463 83.2764 2.5
    endloop
  endfacet
  facet normal 0.906378 -0.422467 0
    outer loop
      vertex -57.1143 85.7695 6
      vertex -56.9486 86.125 2.5
      vertex -56.9486 86.125 6
    endloop
  endfacet
  facet normal 0.906378 -0.422467 0
    outer loop
      vertex -56.9486 86.125 2.5
      vertex -57.1143 85.7695 6
      vertex -57.1143 85.7695 2.5
    endloop
  endfacet
  facet normal -0.965925 -0.258821 0
    outer loop
      vertex -52.7842 85.3907 2.5
      vertex -52.8857 85.7695 6
      vertex -52.8857 85.7695 2.5
    endloop
  endfacet
  facet normal -0.965925 -0.258821 0
    outer loop
      vertex -52.8857 85.7695 6
      vertex -52.7842 85.3907 2.5
      vertex -52.7842 85.3907 6
    endloop
  endfacet
  facet normal -0.996191 -0.0872017 0
    outer loop
      vertex -52.75 85 2.5
      vertex -52.7842 85.3907 6
      vertex -52.7842 85.3907 2.5
    endloop
  endfacet
  facet normal -0.996191 -0.0872017 0
    outer loop
      vertex -52.7842 85.3907 6
      vertex -52.75 85 2.5
      vertex -52.75 85 6
    endloop
  endfacet
  facet normal -0.906378 -0.422467 0
    outer loop
      vertex -52.8857 85.7695 2.5
      vertex -53.0514 86.125 6
      vertex -53.0514 86.125 2.5
    endloop
  endfacet
  facet normal -0.906378 -0.422467 0
    outer loop
      vertex -53.0514 86.125 6
      vertex -52.8857 85.7695 2.5
      vertex -52.8857 85.7695 6
    endloop
  endfacet
  facet normal -0.573616 0.819124 0
    outer loop
      vertex -53.5537 83.2764 2.5
      vertex -53.875 83.0514 6
      vertex -53.5537 83.2764 6
    endloop
  endfacet
  facet normal -0.573616 0.819124 0
    outer loop
      vertex -53.875 83.0514 6
      vertex -53.5537 83.2764 2.5
      vertex -53.875 83.0514 2.5
    endloop
  endfacet
  facet normal 0.0872017 0.996191 -0
    outer loop
      vertex -55 82.75 2.5
      vertex -55.3907 82.7842 6
      vertex -55 82.75 6
    endloop
  endfacet
  facet normal 0.0872017 0.996191 0
    outer loop
      vertex -55.3907 82.7842 6
      vertex -55 82.75 2.5
      vertex -55.3907 82.7842 2.5
    endloop
  endfacet
  facet normal -0.707107 0.707107 0
    outer loop
      vertex -53.5537 83.2764 2.5
      vertex -53.2764 83.5537 6
      vertex -53.2764 83.5537 2.5
    endloop
  endfacet
  facet normal -0.707107 0.707107 0
    outer loop
      vertex -53.2764 83.5537 6
      vertex -53.5537 83.2764 2.5
      vertex -53.5537 83.2764 6
    endloop
  endfacet
  facet normal -0.422467 0.906378 0
    outer loop
      vertex -53.875 83.0514 2.5
      vertex -54.2305 82.8857 6
      vertex -53.875 83.0514 6
    endloop
  endfacet
  facet normal -0.422467 0.906378 0
    outer loop
      vertex -54.2305 82.8857 6
      vertex -53.875 83.0514 2.5
      vertex -54.2305 82.8857 2.5
    endloop
  endfacet
  facet normal 0.258821 -0.965925 0
    outer loop
      vertex -55.7695 87.1143 2.5
      vertex -55.3907 87.2158 6
      vertex -55.7695 87.1143 6
    endloop
  endfacet
  facet normal 0.258821 -0.965925 0
    outer loop
      vertex -55.3907 87.2158 6
      vertex -55.7695 87.1143 2.5
      vertex -55.3907 87.2158 2.5
    endloop
  endfacet
  facet normal 0.422467 -0.906378 0
    outer loop
      vertex -56.125 86.9486 2.5
      vertex -55.7695 87.1143 6
      vertex -56.125 86.9486 6
    endloop
  endfacet
  facet normal 0.422467 -0.906378 0
    outer loop
      vertex -55.7695 87.1143 6
      vertex -56.125 86.9486 2.5
      vertex -55.7695 87.1143 2.5
    endloop
  endfacet
  facet normal -0.0872017 0.996191 0
    outer loop
      vertex -54.6093 82.7842 2.5
      vertex -55 82.75 6
      vertex -54.6093 82.7842 6
    endloop
  endfacet
  facet normal -0.0872017 0.996191 0
    outer loop
      vertex -55 82.75 6
      vertex -54.6093 82.7842 2.5
      vertex -55 82.75 2.5
    endloop
  endfacet
  facet normal 0.965925 0.258821 0
    outer loop
      vertex -57.1143 84.2305 6
      vertex -57.2158 84.6093 2.5
      vertex -57.2158 84.6093 6
    endloop
  endfacet
  facet normal 0.965925 0.258821 0
    outer loop
      vertex -57.2158 84.6093 2.5
      vertex -57.1143 84.2305 6
      vertex -57.1143 84.2305 2.5
    endloop
  endfacet
  facet normal 0.573616 0.819124 -0
    outer loop
      vertex -56.125 83.0514 2.5
      vertex -56.4463 83.2764 6
      vertex -56.125 83.0514 6
    endloop
  endfacet
  facet normal 0.573616 0.819124 0
    outer loop
      vertex -56.4463 83.2764 6
      vertex -56.125 83.0514 2.5
      vertex -56.4463 83.2764 2.5
    endloop
  endfacet
  facet normal 0.819124 -0.573616 0
    outer loop
      vertex -56.9486 86.125 6
      vertex -56.7236 86.4463 2.5
      vertex -56.7236 86.4463 6
    endloop
  endfacet
  facet normal 0.819124 -0.573616 0
    outer loop
      vertex -56.7236 86.4463 2.5
      vertex -56.9486 86.125 6
      vertex -56.9486 86.125 2.5
    endloop
  endfacet
  facet normal -0.906378 0.422467 0
    outer loop
      vertex -53.0514 83.875 2.5
      vertex -52.8857 84.2305 6
      vertex -52.8857 84.2305 2.5
    endloop
  endfacet
  facet normal -0.906378 0.422467 0
    outer loop
      vertex -52.8857 84.2305 6
      vertex -53.0514 83.875 2.5
      vertex -53.0514 83.875 6
    endloop
  endfacet
  facet normal 0.819124 0.573616 0
    outer loop
      vertex -56.7236 83.5537 6
      vertex -56.9486 83.875 2.5
      vertex -56.9486 83.875 6
    endloop
  endfacet
  facet normal 0.819124 0.573616 0
    outer loop
      vertex -56.9486 83.875 2.5
      vertex -56.7236 83.5537 6
      vertex -56.7236 83.5537 2.5
    endloop
  endfacet
  facet normal 0.573616 -0.819124 0
    outer loop
      vertex -56.4463 86.7236 2.5
      vertex -56.125 86.9486 6
      vertex -56.4463 86.7236 6
    endloop
  endfacet
  facet normal 0.573616 -0.819124 0
    outer loop
      vertex -56.125 86.9486 6
      vertex -56.4463 86.7236 2.5
      vertex -56.125 86.9486 2.5
    endloop
  endfacet
  facet normal -0.819124 0.573616 0
    outer loop
      vertex -53.2764 83.5537 2.5
      vertex -53.0514 83.875 6
      vertex -53.0514 83.875 2.5
    endloop
  endfacet
  facet normal -0.819124 0.573616 0
    outer loop
      vertex -53.0514 83.875 6
      vertex -53.2764 83.5537 2.5
      vertex -53.2764 83.5537 6
    endloop
  endfacet
  facet normal -0.819124 -0.573616 0
    outer loop
      vertex -53.0514 86.125 2.5
      vertex -53.2764 86.4463 6
      vertex -53.2764 86.4463 2.5
    endloop
  endfacet
  facet normal -0.819124 -0.573616 0
    outer loop
      vertex -53.2764 86.4463 6
      vertex -53.0514 86.125 2.5
      vertex -53.0514 86.125 6
    endloop
  endfacet
  facet normal -0.965925 0.258821 0
    outer loop
      vertex -52.8857 84.2305 2.5
      vertex -52.7842 84.6093 6
      vertex -52.7842 84.6093 2.5
    endloop
  endfacet
  facet normal -0.965925 0.258821 0
    outer loop
      vertex -52.7842 84.6093 6
      vertex -52.8857 84.2305 2.5
      vertex -52.8857 84.2305 6
    endloop
  endfacet
  facet normal 0.996191 -0.0872017 0
    outer loop
      vertex -57.25 85 6
      vertex -57.2158 85.3907 2.5
      vertex -57.2158 85.3907 6
    endloop
  endfacet
  facet normal 0.996191 -0.0872017 0
    outer loop
      vertex -57.2158 85.3907 2.5
      vertex -57.25 85 6
      vertex -57.25 85 2.5
    endloop
  endfacet
  facet normal -0.422467 -0.906378 0
    outer loop
      vertex -54.2305 87.1143 2.5
      vertex -53.875 86.9486 6
      vertex -54.2305 87.1143 6
    endloop
  endfacet
  facet normal -0.422467 -0.906378 -0
    outer loop
      vertex -53.875 86.9486 6
      vertex -54.2305 87.1143 2.5
      vertex -53.875 86.9486 2.5
    endloop
  endfacet
  facet normal -0.707107 -0.707107 0
    outer loop
      vertex -53.2764 86.4463 2.5
      vertex -53.5537 86.7236 6
      vertex -53.5537 86.7236 2.5
    endloop
  endfacet
  facet normal -0.707107 -0.707107 0
    outer loop
      vertex -53.5537 86.7236 6
      vertex -53.2764 86.4463 2.5
      vertex -53.2764 86.4463 6
    endloop
  endfacet
  facet normal -0.258821 0.965925 0
    outer loop
      vertex -54.2305 82.8857 2.5
      vertex -54.6093 82.7842 6
      vertex -54.2305 82.8857 6
    endloop
  endfacet
  facet normal -0.258821 0.965925 0
    outer loop
      vertex -54.6093 82.7842 6
      vertex -54.2305 82.8857 2.5
      vertex -54.6093 82.7842 2.5
    endloop
  endfacet
  facet normal -0.996191 0.0872017 0
    outer loop
      vertex -52.7842 84.6093 2.5
      vertex -52.75 85 6
      vertex -52.75 85 2.5
    endloop
  endfacet
  facet normal -0.996191 0.0872017 0
    outer loop
      vertex -52.75 85 6
      vertex -52.7842 84.6093 2.5
      vertex -52.7842 84.6093 6
    endloop
  endfacet
  facet normal -0.573616 -0.819124 0
    outer loop
      vertex -53.875 86.9486 2.5
      vertex -53.5537 86.7236 6
      vertex -53.875 86.9486 6
    endloop
  endfacet
  facet normal -0.573616 -0.819124 -0
    outer loop
      vertex -53.5537 86.7236 6
      vertex -53.875 86.9486 2.5
      vertex -53.5537 86.7236 2.5
    endloop
  endfacet
  facet normal 0.422467 0.906378 -0
    outer loop
      vertex -55.7695 82.8857 2.5
      vertex -56.125 83.0514 6
      vertex -55.7695 82.8857 6
    endloop
  endfacet
  facet normal 0.422467 0.906378 0
    outer loop
      vertex -56.125 83.0514 6
      vertex -55.7695 82.8857 2.5
      vertex -56.125 83.0514 2.5
    endloop
  endfacet
  facet normal 0.0872017 -0.996191 0
    outer loop
      vertex -55.3907 87.2158 2.5
      vertex -55 87.25 6
      vertex -55.3907 87.2158 6
    endloop
  endfacet
  facet normal 0.0872017 -0.996191 0
    outer loop
      vertex -55 87.25 6
      vertex -55.3907 87.2158 2.5
      vertex -55 87.25 2.5
    endloop
  endfacet
  facet normal 0.258821 0.965925 -0
    outer loop
      vertex -55.3907 82.7842 2.5
      vertex -55.7695 82.8857 6
      vertex -55.3907 82.7842 6
    endloop
  endfacet
  facet normal 0.258821 0.965925 0
    outer loop
      vertex -55.7695 82.8857 6
      vertex -55.3907 82.7842 2.5
      vertex -55.7695 82.8857 2.5
    endloop
  endfacet
  facet normal 0.906378 0.422467 0
    outer loop
      vertex -56.9486 83.875 6
      vertex -57.1143 84.2305 2.5
      vertex -57.1143 84.2305 6
    endloop
  endfacet
  facet normal 0.906378 0.422467 0
    outer loop
      vertex -57.1143 84.2305 2.5
      vertex -56.9486 83.875 6
      vertex -56.9486 83.875 2.5
    endloop
  endfacet
  facet normal -0.0872017 -0.996191 0
    outer loop
      vertex -55 87.25 2.5
      vertex -54.6093 87.2158 6
      vertex -55 87.25 6
    endloop
  endfacet
  facet normal -0.0872017 -0.996191 -0
    outer loop
      vertex -54.6093 87.2158 6
      vertex -55 87.25 2.5
      vertex -54.6093 87.2158 2.5
    endloop
  endfacet
  facet normal 0.996191 0.0872017 0
    outer loop
      vertex -57.2158 84.6093 6
      vertex -57.25 85 2.5
      vertex -57.25 85 6
    endloop
  endfacet
  facet normal 0.996191 0.0872017 0
    outer loop
      vertex -57.25 85 2.5
      vertex -57.2158 84.6093 6
      vertex -57.2158 84.6093 2.5
    endloop
  endfacet
  facet normal -0.258821 -0.965925 0
    outer loop
      vertex -54.6093 87.2158 2.5
      vertex -54.2305 87.1143 6
      vertex -54.6093 87.2158 6
    endloop
  endfacet
  facet normal -0.258821 -0.965925 -0
    outer loop
      vertex -54.2305 87.1143 6
      vertex -54.6093 87.2158 2.5
      vertex -54.2305 87.1143 2.5
    endloop
  endfacet
  facet normal 0.965925 -0.258821 0
    outer loop
      vertex -57.2158 85.3907 6
      vertex -57.1143 85.7695 2.5
      vertex -57.1143 85.7695 6
    endloop
  endfacet
  facet normal 0.965925 -0.258821 0
    outer loop
      vertex -57.1143 85.7695 2.5
      vertex -57.2158 85.3907 6
      vertex -57.2158 85.3907 2.5
    endloop
  endfacet
  facet normal 0.707107 -0.707107 0
    outer loop
      vertex -56.7236 86.4463 6
      vertex -56.4463 86.7236 2.5
      vertex -56.4463 86.7236 6
    endloop
  endfacet
  facet normal 0.707107 -0.707107 0
    outer loop
      vertex -56.4463 86.7236 2.5
      vertex -56.7236 86.4463 6
      vertex -56.7236 86.4463 2.5
    endloop
  endfacet
  facet normal -0.990398 -0.138248 0
    outer loop
      vertex -50.7183 85.3968 0
      vertex -50.7732 85.7901 2.5
      vertex -50.7732 85.7901 0
    endloop
  endfacet
  facet normal -0.990398 -0.138248 0
    outer loop
      vertex -50.7732 85.7901 2.5
      vertex -50.7183 85.3968 0
      vertex -50.7183 85.3968 2.5
    endloop
  endfacet
  facet normal -0.998938 -0.04607 0
    outer loop
      vertex -50.7 85 0
      vertex -50.7183 85.3968 2.5
      vertex -50.7183 85.3968 0
    endloop
  endfacet
  facet normal -0.998938 -0.04607 0
    outer loop
      vertex -50.7183 85.3968 2.5
      vertex -50.7 85 0
      vertex -50.7 85 2.5
    endloop
  endfacet
  facet normal -0.973411 -0.229067 0
    outer loop
      vertex -50.7732 85.7901 0
      vertex -50.8642 86.1768 2.5
      vertex -50.8642 86.1768 0
    endloop
  endfacet
  facet normal -0.973411 -0.229067 0
    outer loop
      vertex -50.8642 86.1768 2.5
      vertex -50.7732 85.7901 0
      vertex -50.7732 85.7901 2.5
    endloop
  endfacet
  facet normal -0.317814 -0.948153 0
    outer loop
      vertex -53.8232 89.1358 0
      vertex -53.4467 89.0096 2.5
      vertex -53.8232 89.1358 2.5
    endloop
  endfacet
  facet normal -0.317814 -0.948153 -0
    outer loop
      vertex -53.4467 89.0096 2.5
      vertex -53.8232 89.1358 0
      vertex -53.4467 89.0096 0
    endloop
  endfacet
  facet normal -0.138248 0.990398 0
    outer loop
      vertex -54.2099 80.7732 0
      vertex -54.6032 80.7183 2.5
      vertex -54.2099 80.7732 2.5
    endloop
  endfacet
  facet normal -0.138248 0.990398 0
    outer loop
      vertex -54.6032 80.7183 2.5
      vertex -54.2099 80.7732 0
      vertex -54.6032 80.7183 0
    endloop
  endfacet
  facet normal 0.317814 -0.948153 0
    outer loop
      vertex -56.5533 89.0096 0
      vertex -56.1768 89.1358 2.5
      vertex -56.5533 89.0096 2.5
    endloop
  endfacet
  facet normal 0.317814 -0.948153 0
    outer loop
      vertex -56.1768 89.1358 2.5
      vertex -56.5533 89.0096 0
      vertex -56.1768 89.1358 0
    endloop
  endfacet
  facet normal 0.317814 0.948153 -0
    outer loop
      vertex -56.1768 80.8642 0
      vertex -56.5533 80.9904 2.5
      vertex -56.1768 80.8642 2.5
    endloop
  endfacet
  facet normal 0.317814 0.948153 0
    outer loop
      vertex -56.5533 80.9904 2.5
      vertex -56.1768 80.8642 0
      vertex -56.5533 80.9904 0
    endloop
  endfacet
  facet normal -0.769293 -0.638896 0
    outer loop
      vertex -51.5685 87.5913 0
      vertex -51.8223 87.8969 2.5
      vertex -51.8223 87.8969 0
    endloop
  endfacet
  facet normal -0.769293 -0.638896 0
    outer loop
      vertex -51.8223 87.8969 2.5
      vertex -51.5685 87.5913 0
      vertex -51.5685 87.5913 2.5
    endloop
  endfacet
  facet normal 0.998938 0.04607 0
    outer loop
      vertex -59.2817 84.6032 2.5
      vertex -59.3 85 0
      vertex -59.3 85 2.5
    endloop
  endfacet
  facet normal 0.998938 0.04607 0
    outer loop
      vertex -59.3 85 0
      vertex -59.2817 84.6032 2.5
      vertex -59.2817 84.6032 0
    endloop
  endfacet
  facet normal 0.229067 0.973411 -0
    outer loop
      vertex -55.7901 80.7732 0
      vertex -56.1768 80.8642 2.5
      vertex -55.7901 80.7732 2.5
    endloop
  endfacet
  facet normal 0.229067 0.973411 0
    outer loop
      vertex -56.1768 80.8642 2.5
      vertex -55.7901 80.7732 0
      vertex -56.1768 80.8642 0
    endloop
  endfacet
  facet normal 0.707107 -0.707107 0
    outer loop
      vertex -58.1777 87.8969 0
      vertex -57.8969 88.1777 2.5
      vertex -58.1777 87.8969 2.5
    endloop
  endfacet
  facet normal 0.707107 -0.707107 0
    outer loop
      vertex -57.8969 88.1777 2.5
      vertex -58.1777 87.8969 0
      vertex -57.8969 88.1777 0
    endloop
  endfacet
  facet normal -0.403801 0.914847 0
    outer loop
      vertex -53.0833 81.1508 0
      vertex -53.4467 80.9904 2.5
      vertex -53.0833 81.1508 2.5
    endloop
  endfacet
  facet normal -0.403801 0.914847 0
    outer loop
      vertex -53.4467 80.9904 2.5
      vertex -53.0833 81.1508 0
      vertex -53.4467 80.9904 0
    endloop
  endfacet
  facet normal 0.403801 0.914847 -0
    outer loop
      vertex -56.5533 80.9904 0
      vertex -56.9167 81.1508 2.5
      vertex -56.5533 80.9904 2.5
    endloop
  endfacet
  facet normal 0.403801 0.914847 0
    outer loop
      vertex -56.9167 81.1508 2.5
      vertex -56.5533 80.9904 0
      vertex -56.9167 81.1508 0
    endloop
  endfacet
  facet normal 0.486647 -0.873599 0
    outer loop
      vertex -57.2637 88.6559 0
      vertex -56.9167 88.8492 2.5
      vertex -57.2637 88.6559 2.5
    endloop
  endfacet
  facet normal 0.486647 -0.873599 0
    outer loop
      vertex -56.9167 88.8492 2.5
      vertex -57.2637 88.6559 0
      vertex -56.9167 88.8492 0
    endloop
  endfacet
  facet normal -0.317814 0.948153 0
    outer loop
      vertex -53.4467 80.9904 0
      vertex -53.8232 80.8642 2.5
      vertex -53.4467 80.9904 2.5
    endloop
  endfacet
  facet normal -0.317814 0.948153 0
    outer loop
      vertex -53.8232 80.8642 2.5
      vertex -53.4467 80.9904 0
      vertex -53.8232 80.8642 0
    endloop
  endfacet
  facet normal 0.948153 0.317814 0
    outer loop
      vertex -59.0096 83.4467 2.5
      vertex -59.1358 83.8232 0
      vertex -59.1358 83.8232 2.5
    endloop
  endfacet
  facet normal 0.948153 0.317814 0
    outer loop
      vertex -59.1358 83.8232 0
      vertex -59.0096 83.4467 2.5
      vertex -59.0096 83.4467 0
    endloop
  endfacet
  facet normal 0.990398 0.138248 0
    outer loop
      vertex -59.2268 84.2099 2.5
      vertex -59.2817 84.6032 0
      vertex -59.2817 84.6032 2.5
    endloop
  endfacet
  facet normal 0.990398 0.138248 0
    outer loop
      vertex -59.2817 84.6032 0
      vertex -59.2268 84.2099 2.5
      vertex -59.2268 84.2099 0
    endloop
  endfacet
  facet normal -0.565117 0.825011 0
    outer loop
      vertex -52.4087 81.5685 0
      vertex -52.7363 81.3441 2.5
      vertex -52.4087 81.5685 2.5
    endloop
  endfacet
  facet normal -0.565117 0.825011 0
    outer loop
      vertex -52.7363 81.3441 2.5
      vertex -52.4087 81.5685 0
      vertex -52.7363 81.3441 0
    endloop
  endfacet
  facet normal -0.638896 -0.769293 0
    outer loop
      vertex -52.4087 88.4315 0
      vertex -52.1031 88.1777 2.5
      vertex -52.4087 88.4315 2.5
    endloop
  endfacet
  facet normal -0.638896 -0.769293 -0
    outer loop
      vertex -52.1031 88.1777 2.5
      vertex -52.4087 88.4315 0
      vertex -52.1031 88.1777 0
    endloop
  endfacet
  facet normal 0.825011 0.565117 0
    outer loop
      vertex -58.4315 82.4087 2.5
      vertex -58.6559 82.7363 0
      vertex -58.6559 82.7363 2.5
    endloop
  endfacet
  facet normal 0.825011 0.565117 0
    outer loop
      vertex -58.6559 82.7363 0
      vertex -58.4315 82.4087 2.5
      vertex -58.4315 82.4087 0
    endloop
  endfacet
  facet normal 0.403801 -0.914847 0
    outer loop
      vertex -56.9167 88.8492 0
      vertex -56.5533 89.0096 2.5
      vertex -56.9167 88.8492 2.5
    endloop
  endfacet
  facet normal 0.403801 -0.914847 0
    outer loop
      vertex -56.5533 89.0096 2.5
      vertex -56.9167 88.8492 0
      vertex -56.5533 89.0096 0
    endloop
  endfacet
  facet normal -0.914847 -0.403801 0
    outer loop
      vertex -50.9904 86.5533 0
      vertex -51.1508 86.9167 2.5
      vertex -51.1508 86.9167 0
    endloop
  endfacet
  facet normal -0.914847 -0.403801 0
    outer loop
      vertex -51.1508 86.9167 2.5
      vertex -50.9904 86.5533 0
      vertex -50.9904 86.5533 2.5
    endloop
  endfacet
  facet normal -0.990398 0.138248 0
    outer loop
      vertex -50.7732 84.2099 0
      vertex -50.7183 84.6032 2.5
      vertex -50.7183 84.6032 0
    endloop
  endfacet
  facet normal -0.990398 0.138248 0
    outer loop
      vertex -50.7183 84.6032 2.5
      vertex -50.7732 84.2099 0
      vertex -50.7732 84.2099 2.5
    endloop
  endfacet
  facet normal -0.04607 0.998938 0
    outer loop
      vertex -54.6032 80.7183 0
      vertex -55 80.7 2.5
      vertex -54.6032 80.7183 2.5
    endloop
  endfacet
  facet normal -0.04607 0.998938 0
    outer loop
      vertex -55 80.7 2.5
      vertex -54.6032 80.7183 0
      vertex -55 80.7 0
    endloop
  endfacet
  facet normal 0.914847 0.403801 0
    outer loop
      vertex -58.8492 83.0833 2.5
      vertex -59.0096 83.4467 0
      vertex -59.0096 83.4467 2.5
    endloop
  endfacet
  facet normal 0.914847 0.403801 0
    outer loop
      vertex -59.0096 83.4467 0
      vertex -58.8492 83.0833 2.5
      vertex -58.8492 83.0833 0
    endloop
  endfacet
  facet normal -0.948153 -0.317814 0
    outer loop
      vertex -50.8642 86.1768 0
      vertex -50.9904 86.5533 2.5
      vertex -50.9904 86.5533 0
    endloop
  endfacet
  facet normal -0.948153 -0.317814 0
    outer loop
      vertex -50.9904 86.5533 2.5
      vertex -50.8642 86.1768 0
      vertex -50.8642 86.1768 2.5
    endloop
  endfacet
  facet normal -0.825011 0.565117 0
    outer loop
      vertex -51.5685 82.4087 0
      vertex -51.3441 82.7363 2.5
      vertex -51.3441 82.7363 0
    endloop
  endfacet
  facet normal -0.825011 0.565117 0
    outer loop
      vertex -51.3441 82.7363 2.5
      vertex -51.5685 82.4087 0
      vertex -51.5685 82.4087 2.5
    endloop
  endfacet
  facet normal 0.638896 0.769293 -0
    outer loop
      vertex -57.5913 81.5685 0
      vertex -57.8969 81.8223 2.5
      vertex -57.5913 81.5685 2.5
    endloop
  endfacet
  facet normal 0.638896 0.769293 0
    outer loop
      vertex -57.8969 81.8223 2.5
      vertex -57.5913 81.5685 0
      vertex -57.8969 81.8223 0
    endloop
  endfacet
  facet normal 0.973411 0.229067 0
    outer loop
      vertex -59.1358 83.8232 2.5
      vertex -59.2268 84.2099 0
      vertex -59.2268 84.2099 2.5
    endloop
  endfacet
  facet normal 0.973411 0.229067 0
    outer loop
      vertex -59.2268 84.2099 0
      vertex -59.1358 83.8232 2.5
      vertex -59.1358 83.8232 0
    endloop
  endfacet
  facet normal -0.486647 -0.873599 0
    outer loop
      vertex -53.0833 88.8492 0
      vertex -52.7363 88.6559 2.5
      vertex -53.0833 88.8492 2.5
    endloop
  endfacet
  facet normal -0.486647 -0.873599 -0
    outer loop
      vertex -52.7363 88.6559 2.5
      vertex -53.0833 88.8492 0
      vertex -52.7363 88.6559 0
    endloop
  endfacet
  facet normal -0.825011 -0.565117 0
    outer loop
      vertex -51.3441 87.2637 0
      vertex -51.5685 87.5913 2.5
      vertex -51.5685 87.5913 0
    endloop
  endfacet
  facet normal -0.825011 -0.565117 0
    outer loop
      vertex -51.5685 87.5913 2.5
      vertex -51.3441 87.2637 0
      vertex -51.3441 87.2637 2.5
    endloop
  endfacet
  facet normal -0.914847 0.403801 0
    outer loop
      vertex -51.1508 83.0833 0
      vertex -50.9904 83.4467 2.5
      vertex -50.9904 83.4467 0
    endloop
  endfacet
  facet normal -0.914847 0.403801 0
    outer loop
      vertex -50.9904 83.4467 2.5
      vertex -51.1508 83.0833 0
      vertex -51.1508 83.0833 2.5
    endloop
  endfacet
  facet normal 0.873599 0.486647 0
    outer loop
      vertex -58.6559 82.7363 2.5
      vertex -58.8492 83.0833 0
      vertex -58.8492 83.0833 2.5
    endloop
  endfacet
  facet normal 0.873599 0.486647 0
    outer loop
      vertex -58.8492 83.0833 0
      vertex -58.6559 82.7363 2.5
      vertex -58.6559 82.7363 0
    endloop
  endfacet
  facet normal 0.825011 -0.565117 0
    outer loop
      vertex -58.6559 87.2637 2.5
      vertex -58.4315 87.5913 0
      vertex -58.4315 87.5913 2.5
    endloop
  endfacet
  facet normal 0.825011 -0.565117 0
    outer loop
      vertex -58.4315 87.5913 0
      vertex -58.6559 87.2637 2.5
      vertex -58.6559 87.2637 0
    endloop
  endfacet
  facet normal 0.948153 -0.317814 0
    outer loop
      vertex -59.1358 86.1768 2.5
      vertex -59.0096 86.5533 0
      vertex -59.0096 86.5533 2.5
    endloop
  endfacet
  facet normal 0.948153 -0.317814 0
    outer loop
      vertex -59.0096 86.5533 0
      vertex -59.1358 86.1768 2.5
      vertex -59.1358 86.1768 0
    endloop
  endfacet
  facet normal -0.229067 -0.973411 0
    outer loop
      vertex -54.2099 89.2268 0
      vertex -53.8232 89.1358 2.5
      vertex -54.2099 89.2268 2.5
    endloop
  endfacet
  facet normal -0.229067 -0.973411 -0
    outer loop
      vertex -53.8232 89.1358 2.5
      vertex -54.2099 89.2268 0
      vertex -53.8232 89.1358 0
    endloop
  endfacet
  facet normal -0.973411 0.229067 0
    outer loop
      vertex -50.8642 83.8232 0
      vertex -50.7732 84.2099 2.5
      vertex -50.7732 84.2099 0
    endloop
  endfacet
  facet normal -0.973411 0.229067 0
    outer loop
      vertex -50.7732 84.2099 2.5
      vertex -50.8642 83.8232 0
      vertex -50.8642 83.8232 2.5
    endloop
  endfacet
  facet normal 0.769293 -0.638896 0
    outer loop
      vertex -58.4315 87.5913 2.5
      vertex -58.1777 87.8969 0
      vertex -58.1777 87.8969 2.5
    endloop
  endfacet
  facet normal 0.769293 -0.638896 0
    outer loop
      vertex -58.1777 87.8969 0
      vertex -58.4315 87.5913 2.5
      vertex -58.4315 87.5913 0
    endloop
  endfacet
  facet normal -0.948153 0.317814 0
    outer loop
      vertex -50.9904 83.4467 0
      vertex -50.8642 83.8232 2.5
      vertex -50.8642 83.8232 0
    endloop
  endfacet
  facet normal -0.948153 0.317814 0
    outer loop
      vertex -50.8642 83.8232 2.5
      vertex -50.9904 83.4467 0
      vertex -50.9904 83.4467 2.5
    endloop
  endfacet
  facet normal -0.403801 -0.914847 0
    outer loop
      vertex -53.4467 89.0096 0
      vertex -53.0833 88.8492 2.5
      vertex -53.4467 89.0096 2.5
    endloop
  endfacet
  facet normal -0.403801 -0.914847 -0
    outer loop
      vertex -53.0833 88.8492 2.5
      vertex -53.4467 89.0096 0
      vertex -53.0833 88.8492 0
    endloop
  endfacet
  facet normal 0.769293 0.638896 0
    outer loop
      vertex -58.1777 82.1031 2.5
      vertex -58.4315 82.4087 0
      vertex -58.4315 82.4087 2.5
    endloop
  endfacet
  facet normal 0.769293 0.638896 0
    outer loop
      vertex -58.4315 82.4087 0
      vertex -58.1777 82.1031 2.5
      vertex -58.1777 82.1031 0
    endloop
  endfacet
  facet normal 0.973411 -0.229067 0
    outer loop
      vertex -59.2268 85.7901 2.5
      vertex -59.1358 86.1768 0
      vertex -59.1358 86.1768 2.5
    endloop
  endfacet
  facet normal 0.973411 -0.229067 0
    outer loop
      vertex -59.1358 86.1768 0
      vertex -59.2268 85.7901 2.5
      vertex -59.2268 85.7901 0
    endloop
  endfacet
  facet normal 0.04607 0.998938 -0
    outer loop
      vertex -55 80.7 0
      vertex -55.3968 80.7183 2.5
      vertex -55 80.7 2.5
    endloop
  endfacet
  facet normal 0.04607 0.998938 0
    outer loop
      vertex -55.3968 80.7183 2.5
      vertex -55 80.7 0
      vertex -55.3968 80.7183 0
    endloop
  endfacet
  facet normal -0.565117 -0.825011 0
    outer loop
      vertex -52.7363 88.6559 0
      vertex -52.4087 88.4315 2.5
      vertex -52.7363 88.6559 2.5
    endloop
  endfacet
  facet normal -0.565117 -0.825011 -0
    outer loop
      vertex -52.4087 88.4315 2.5
      vertex -52.7363 88.6559 0
      vertex -52.4087 88.4315 0
    endloop
  endfacet
  facet normal -0.998938 0.04607 0
    outer loop
      vertex -50.7183 84.6032 0
      vertex -50.7 85 2.5
      vertex -50.7 85 0
    endloop
  endfacet
  facet normal -0.998938 0.04607 0
    outer loop
      vertex -50.7 85 2.5
      vertex -50.7183 84.6032 0
      vertex -50.7183 84.6032 2.5
    endloop
  endfacet
  facet normal -0.486647 0.873599 0
    outer loop
      vertex -52.7363 81.3441 0
      vertex -53.0833 81.1508 2.5
      vertex -52.7363 81.3441 2.5
    endloop
  endfacet
  facet normal -0.486647 0.873599 0
    outer loop
      vertex -53.0833 81.1508 2.5
      vertex -52.7363 81.3441 0
      vertex -53.0833 81.1508 0
    endloop
  endfacet
  facet normal 0.638896 -0.769293 0
    outer loop
      vertex -57.8969 88.1777 0
      vertex -57.5913 88.4315 2.5
      vertex -57.8969 88.1777 2.5
    endloop
  endfacet
  facet normal 0.638896 -0.769293 0
    outer loop
      vertex -57.5913 88.4315 2.5
      vertex -57.8969 88.1777 0
      vertex -57.5913 88.4315 0
    endloop
  endfacet
  facet normal -0.873599 -0.486647 0
    outer loop
      vertex -51.1508 86.9167 0
      vertex -51.3441 87.2637 2.5
      vertex -51.3441 87.2637 0
    endloop
  endfacet
  facet normal -0.873599 -0.486647 0
    outer loop
      vertex -51.3441 87.2637 2.5
      vertex -51.1508 86.9167 0
      vertex -51.1508 86.9167 2.5
    endloop
  endfacet
  facet normal 0.707107 0.707107 -0
    outer loop
      vertex -57.8969 81.8223 0
      vertex -58.1777 82.1031 2.5
      vertex -57.8969 81.8223 2.5
    endloop
  endfacet
  facet normal 0.707107 0.707107 0
    outer loop
      vertex -58.1777 82.1031 2.5
      vertex -57.8969 81.8223 0
      vertex -58.1777 82.1031 0
    endloop
  endfacet
  facet normal -0.229067 0.973411 0
    outer loop
      vertex -53.8232 80.8642 0
      vertex -54.2099 80.7732 2.5
      vertex -53.8232 80.8642 2.5
    endloop
  endfacet
  facet normal -0.229067 0.973411 0
    outer loop
      vertex -54.2099 80.7732 2.5
      vertex -53.8232 80.8642 0
      vertex -54.2099 80.7732 0
    endloop
  endfacet
  facet normal -0.769293 0.638896 0
    outer loop
      vertex -51.8223 82.1031 0
      vertex -51.5685 82.4087 2.5
      vertex -51.5685 82.4087 0
    endloop
  endfacet
  facet normal -0.769293 0.638896 0
    outer loop
      vertex -51.5685 82.4087 2.5
      vertex -51.8223 82.1031 0
      vertex -51.8223 82.1031 2.5
    endloop
  endfacet
  facet normal -0.707107 -0.707107 0
    outer loop
      vertex -52.1031 88.1777 0
      vertex -51.8223 87.8969 2.5
      vertex -52.1031 88.1777 2.5
    endloop
  endfacet
  facet normal -0.707107 -0.707107 -0
    outer loop
      vertex -51.8223 87.8969 2.5
      vertex -52.1031 88.1777 0
      vertex -51.8223 87.8969 0
    endloop
  endfacet
  facet normal 0.138248 -0.990398 0
    outer loop
      vertex -55.7901 89.2268 0
      vertex -55.3968 89.2817 2.5
      vertex -55.7901 89.2268 2.5
    endloop
  endfacet
  facet normal 0.138248 -0.990398 0
    outer loop
      vertex -55.3968 89.2817 2.5
      vertex -55.7901 89.2268 0
      vertex -55.3968 89.2817 0
    endloop
  endfacet
  facet normal 0.229067 -0.973411 0
    outer loop
      vertex -56.1768 89.1358 0
      vertex -55.7901 89.2268 2.5
      vertex -56.1768 89.1358 2.5
    endloop
  endfacet
  facet normal 0.229067 -0.973411 0
    outer loop
      vertex -55.7901 89.2268 2.5
      vertex -56.1768 89.1358 0
      vertex -55.7901 89.2268 0
    endloop
  endfacet
  facet normal -0.873599 0.486647 0
    outer loop
      vertex -51.3441 82.7363 0
      vertex -51.1508 83.0833 2.5
      vertex -51.1508 83.0833 0
    endloop
  endfacet
  facet normal -0.873599 0.486647 0
    outer loop
      vertex -51.1508 83.0833 2.5
      vertex -51.3441 82.7363 0
      vertex -51.3441 82.7363 2.5
    endloop
  endfacet
  facet normal -0.638896 0.769293 0
    outer loop
      vertex -52.1031 81.8223 0
      vertex -52.4087 81.5685 2.5
      vertex -52.1031 81.8223 2.5
    endloop
  endfacet
  facet normal -0.638896 0.769293 0
    outer loop
      vertex -52.4087 81.5685 2.5
      vertex -52.1031 81.8223 0
      vertex -52.4087 81.5685 0
    endloop
  endfacet
  facet normal -0.707107 0.707107 0
    outer loop
      vertex -51.8223 82.1031 0
      vertex -52.1031 81.8223 2.5
      vertex -51.8223 82.1031 2.5
    endloop
  endfacet
  facet normal -0.707107 0.707107 0
    outer loop
      vertex -52.1031 81.8223 2.5
      vertex -51.8223 82.1031 0
      vertex -52.1031 81.8223 0
    endloop
  endfacet
  facet normal 0.565117 -0.825011 0
    outer loop
      vertex -57.5913 88.4315 0
      vertex -57.2637 88.6559 2.5
      vertex -57.5913 88.4315 2.5
    endloop
  endfacet
  facet normal 0.565117 -0.825011 0
    outer loop
      vertex -57.2637 88.6559 2.5
      vertex -57.5913 88.4315 0
      vertex -57.2637 88.6559 0
    endloop
  endfacet
  facet normal 0.138248 0.990398 -0
    outer loop
      vertex -55.3968 80.7183 0
      vertex -55.7901 80.7732 2.5
      vertex -55.3968 80.7183 2.5
    endloop
  endfacet
  facet normal 0.138248 0.990398 0
    outer loop
      vertex -55.7901 80.7732 2.5
      vertex -55.3968 80.7183 0
      vertex -55.7901 80.7732 0
    endloop
  endfacet
  facet normal 0 0 -1
    outer loop
      vertex -52.75 85 2.5
      vertex -50.7 85 2.5
      vertex -50.7183 84.6032 2.5
    endloop
  endfacet
  facet normal 0 0 -1
    outer loop
      vertex -52.7842 84.6093 2.5
      vertex -50.7183 84.6032 2.5
      vertex -50.7732 84.2099 2.5
    endloop
  endfacet
  facet normal 0 0 -1
    outer loop
      vertex -50.7 85 2.5
      vertex -52.75 85 2.5
      vertex -50.7183 85.3968 2.5
    endloop
  endfacet
  facet normal 0 0 -1
    outer loop
      vertex -52.7842 84.6093 2.5
      vertex -50.7732 84.2099 2.5
      vertex -50.8642 83.8232 2.5
    endloop
  endfacet
  facet normal 0 0 -1
    outer loop
      vertex -52.7842 85.3907 2.5
      vertex -50.7183 85.3968 2.5
      vertex -52.75 85 2.5
    endloop
  endfacet
  facet normal 0 0 -1
    outer loop
      vertex -52.8857 84.2305 2.5
      vertex -50.8642 83.8232 2.5
      vertex -50.9904 83.4467 2.5
    endloop
  endfacet
  facet normal -0 0 -1
    outer loop
      vertex -50.7183 85.3968 2.5
      vertex -52.7842 85.3907 2.5
      vertex -50.7732 85.7901 2.5
    endloop
  endfacet
  facet normal 0 0 -1
    outer loop
      vertex -52.8857 84.2305 2.5
      vertex -50.9904 83.4467 2.5
      vertex -51.1508 83.0833 2.5
    endloop
  endfacet
  facet normal -0 0 -1
    outer loop
      vertex -50.7732 85.7901 2.5
      vertex -52.7842 85.3907 2.5
      vertex -50.8642 86.1768 2.5
    endloop
  endfacet
  facet normal 0 0 -1
    outer loop
      vertex -53.0514 83.875 2.5
      vertex -51.1508 83.0833 2.5
      vertex -51.3441 82.7363 2.5
    endloop
  endfacet
  facet normal 0 0 -1
    outer loop
      vertex -52.8857 85.7695 2.5
      vertex -50.8642 86.1768 2.5
      vertex -52.7842 85.3907 2.5
    endloop
  endfacet
  facet normal 0 0 -1
    outer loop
      vertex -53.0514 83.875 2.5
      vertex -51.3441 82.7363 2.5
      vertex -51.5685 82.4087 2.5
    endloop
  endfacet
  facet normal -0 0 -1
    outer loop
      vertex -50.8642 86.1768 2.5
      vertex -52.8857 85.7695 2.5
      vertex -50.9904 86.5533 2.5
    endloop
  endfacet
  facet normal 0 0 -1
    outer loop
      vertex -53.2764 83.5537 2.5
      vertex -51.5685 82.4087 2.5
      vertex -51.8223 82.1031 2.5
    endloop
  endfacet
  facet normal -0 0 -1
    outer loop
      vertex -50.9904 86.5533 2.5
      vertex -52.8857 85.7695 2.5
      vertex -51.1508 86.9167 2.5
    endloop
  endfacet
  facet normal 0 0 -1
    outer loop
      vertex -53.2764 83.5537 2.5
      vertex -51.8223 82.1031 2.5
      vertex -52.1031 81.8223 2.5
    endloop
  endfacet
  facet normal 0 0 -1
    outer loop
      vertex -53.0514 86.125 2.5
      vertex -51.1508 86.9167 2.5
      vertex -52.8857 85.7695 2.5
    endloop
  endfacet
  facet normal 0 0 -1
    outer loop
      vertex -53.5537 83.2764 2.5
      vertex -52.1031 81.8223 2.5
      vertex -52.4087 81.5685 2.5
    endloop
  endfacet
  facet normal -0 0 -1
    outer loop
      vertex -51.1508 86.9167 2.5
      vertex -53.0514 86.125 2.5
      vertex -51.3441 87.2637 2.5
    endloop
  endfacet
  facet normal 0 0 -1
    outer loop
      vertex -53.875 83.0514 2.5
      vertex -52.4087 81.5685 2.5
      vertex -52.7363 81.3441 2.5
    endloop
  endfacet
  facet normal -0 0 -1
    outer loop
      vertex -51.3441 87.2637 2.5
      vertex -53.0514 86.125 2.5
      vertex -51.5685 87.5913 2.5
    endloop
  endfacet
  facet normal 0 0 -1
    outer loop
      vertex -53.2764 86.4463 2.5
      vertex -51.5685 87.5913 2.5
      vertex -53.0514 86.125 2.5
    endloop
  endfacet
  facet normal 0 0 -1
    outer loop
      vertex -50.7183 84.6032 2.5
      vertex -52.7842 84.6093 2.5
      vertex -52.75 85 2.5
    endloop
  endfacet
  facet normal 0 0 -1
    outer loop
      vertex -50.8642 83.8232 2.5
      vertex -52.8857 84.2305 2.5
      vertex -52.7842 84.6093 2.5
    endloop
  endfacet
  facet normal 0 0 -1
    outer loop
      vertex -51.1508 83.0833 2.5
      vertex -53.0514 83.875 2.5
      vertex -52.8857 84.2305 2.5
    endloop
  endfacet
  facet normal 0 0 -1
    outer loop
      vertex -53.875 83.0514 2.5
      vertex -52.7363 81.3441 2.5
      vertex -53.0833 81.1508 2.5
    endloop
  endfacet
  facet normal 0 0 -1
    outer loop
      vertex -51.5685 82.4087 2.5
      vertex -53.2764 83.5537 2.5
      vertex -53.0514 83.875 2.5
    endloop
  endfacet
  facet normal 0 0 -1
    outer loop
      vertex -54.2305 82.8857 2.5
      vertex -53.0833 81.1508 2.5
      vertex -53.4467 80.9904 2.5
    endloop
  endfacet
  facet normal 0 0 -1
    outer loop
      vertex -52.1031 81.8223 2.5
      vertex -53.5537 83.2764 2.5
      vertex -53.2764 83.5537 2.5
    endloop
  endfacet
  facet normal 0 0 -1
    outer loop
      vertex -54.2305 82.8857 2.5
      vertex -53.4467 80.9904 2.5
      vertex -53.8232 80.8642 2.5
    endloop
  endfacet
  facet normal 0 0 -1
    outer loop
      vertex -52.4087 81.5685 2.5
      vertex -53.875 83.0514 2.5
      vertex -53.5537 83.2764 2.5
    endloop
  endfacet
  facet normal 0 0 -1
    outer loop
      vertex -54.6093 82.7842 2.5
      vertex -53.8232 80.8642 2.5
      vertex -54.2099 80.7732 2.5
    endloop
  endfacet
  facet normal 0 0 -1
    outer loop
      vertex -53.0833 81.1508 2.5
      vertex -54.2305 82.8857 2.5
      vertex -53.875 83.0514 2.5
    endloop
  endfacet
  facet normal 0 0 -1
    outer loop
      vertex -54.6093 82.7842 2.5
      vertex -54.2099 80.7732 2.5
      vertex -54.6032 80.7183 2.5
    endloop
  endfacet
  facet normal 0 0 -1
    outer loop
      vertex -53.8232 80.8642 2.5
      vertex -54.6093 82.7842 2.5
      vertex -54.2305 82.8857 2.5
    endloop
  endfacet
  facet normal 0 0 -1
    outer loop
      vertex -55 82.75 2.5
      vertex -54.6032 80.7183 2.5
      vertex -55 80.7 2.5
    endloop
  endfacet
  facet normal 0 0 -1
    outer loop
      vertex -54.6032 80.7183 2.5
      vertex -55 82.75 2.5
      vertex -54.6093 82.7842 2.5
    endloop
  endfacet
  facet normal 0 0 -1
    outer loop
      vertex -55.3968 80.7183 2.5
      vertex -55 82.75 2.5
      vertex -55 80.7 2.5
    endloop
  endfacet
  facet normal -0 0 -1
    outer loop
      vertex -55 82.75 2.5
      vertex -55.3968 80.7183 2.5
      vertex -55.3907 82.7842 2.5
    endloop
  endfacet
  facet normal 0 0 -1
    outer loop
      vertex -55.7901 80.7732 2.5
      vertex -55.3907 82.7842 2.5
      vertex -55.3968 80.7183 2.5
    endloop
  endfacet
  facet normal 0 0 -1
    outer loop
      vertex -56.1768 80.8642 2.5
      vertex -55.3907 82.7842 2.5
      vertex -55.7901 80.7732 2.5
    endloop
  endfacet
  facet normal -0 0 -1
    outer loop
      vertex -55.3907 82.7842 2.5
      vertex -56.1768 80.8642 2.5
      vertex -55.7695 82.8857 2.5
    endloop
  endfacet
  facet normal 0 0 -1
    outer loop
      vertex -56.5533 80.9904 2.5
      vertex -55.7695 82.8857 2.5
      vertex -56.1768 80.8642 2.5
    endloop
  endfacet
  facet normal 0 0 -1
    outer loop
      vertex -56.9167 81.1508 2.5
      vertex -55.7695 82.8857 2.5
      vertex -56.5533 80.9904 2.5
    endloop
  endfacet
  facet normal -0 0 -1
    outer loop
      vertex -55.7695 82.8857 2.5
      vertex -56.9167 81.1508 2.5
      vertex -56.125 83.0514 2.5
    endloop
  endfacet
  facet normal 0 0 -1
    outer loop
      vertex -57.2637 81.3441 2.5
      vertex -56.125 83.0514 2.5
      vertex -56.9167 81.1508 2.5
    endloop
  endfacet
  facet normal 0 0 -1
    outer loop
      vertex -57.5913 81.5685 2.5
      vertex -56.125 83.0514 2.5
      vertex -57.2637 81.3441 2.5
    endloop
  endfacet
  facet normal -0 0 -1
    outer loop
      vertex -56.125 83.0514 2.5
      vertex -57.5913 81.5685 2.5
      vertex -56.4463 83.2764 2.5
    endloop
  endfacet
  facet normal 0 0 -1
    outer loop
      vertex -57.8969 81.8223 2.5
      vertex -56.4463 83.2764 2.5
      vertex -57.5913 81.5685 2.5
    endloop
  endfacet
  facet normal -0 0 -1
    outer loop
      vertex -56.4463 83.2764 2.5
      vertex -57.8969 81.8223 2.5
      vertex -56.7236 83.5537 2.5
    endloop
  endfacet
  facet normal 0 0 -1
    outer loop
      vertex -58.1777 82.1031 2.5
      vertex -56.7236 83.5537 2.5
      vertex -57.8969 81.8223 2.5
    endloop
  endfacet
  facet normal 0 0 -1
    outer loop
      vertex -58.4315 82.4087 2.5
      vertex -56.7236 83.5537 2.5
      vertex -58.1777 82.1031 2.5
    endloop
  endfacet
  facet normal -0 0 -1
    outer loop
      vertex -51.5685 87.5913 2.5
      vertex -53.2764 86.4463 2.5
      vertex -51.8223 87.8969 2.5
    endloop
  endfacet
  facet normal -0 0 -1
    outer loop
      vertex -51.8223 87.8969 2.5
      vertex -53.2764 86.4463 2.5
      vertex -52.1031 88.1777 2.5
    endloop
  endfacet
  facet normal 0 0 -1
    outer loop
      vertex -53.5537 86.7236 2.5
      vertex -52.1031 88.1777 2.5
      vertex -53.2764 86.4463 2.5
    endloop
  endfacet
  facet normal -0 0 -1
    outer loop
      vertex -52.1031 88.1777 2.5
      vertex -53.5537 86.7236 2.5
      vertex -52.4087 88.4315 2.5
    endloop
  endfacet
  facet normal 0 0 -1
    outer loop
      vertex -53.875 86.9486 2.5
      vertex -52.4087 88.4315 2.5
      vertex -53.5537 86.7236 2.5
    endloop
  endfacet
  facet normal -0 0 -1
    outer loop
      vertex -52.4087 88.4315 2.5
      vertex -53.875 86.9486 2.5
      vertex -52.7363 88.6559 2.5
    endloop
  endfacet
  facet normal -0 0 -1
    outer loop
      vertex -52.7363 88.6559 2.5
      vertex -53.875 86.9486 2.5
      vertex -53.0833 88.8492 2.5
    endloop
  endfacet
  facet normal 0 0 -1
    outer loop
      vertex -54.2305 87.1143 2.5
      vertex -53.0833 88.8492 2.5
      vertex -53.875 86.9486 2.5
    endloop
  endfacet
  facet normal -0 0 -1
    outer loop
      vertex -53.0833 88.8492 2.5
      vertex -54.2305 87.1143 2.5
      vertex -53.4467 89.0096 2.5
    endloop
  endfacet
  facet normal -0 0 -1
    outer loop
      vertex -53.4467 89.0096 2.5
      vertex -54.2305 87.1143 2.5
      vertex -53.8232 89.1358 2.5
    endloop
  endfacet
  facet normal 0 0 -1
    outer loop
      vertex -54.6093 87.2158 2.5
      vertex -53.8232 89.1358 2.5
      vertex -54.2305 87.1143 2.5
    endloop
  endfacet
  facet normal -0 0 -1
    outer loop
      vertex -53.8232 89.1358 2.5
      vertex -54.6093 87.2158 2.5
      vertex -54.2099 89.2268 2.5
    endloop
  endfacet
  facet normal -0 0 -1
    outer loop
      vertex -54.2099 89.2268 2.5
      vertex -54.6093 87.2158 2.5
      vertex -54.6032 89.2817 2.5
    endloop
  endfacet
  facet normal 0 0 -1
    outer loop
      vertex -55 87.25 2.5
      vertex -54.6032 89.2817 2.5
      vertex -54.6093 87.2158 2.5
    endloop
  endfacet
  facet normal 0 0 -1
    outer loop
      vertex -55 87.25 2.5
      vertex -55 89.3 2.5
      vertex -54.6032 89.2817 2.5
    endloop
  endfacet
  facet normal 0 0 -1
    outer loop
      vertex -55.3968 89.2817 2.5
      vertex -55 87.25 2.5
      vertex -55.3907 87.2158 2.5
    endloop
  endfacet
  facet normal 0 0 -1
    outer loop
      vertex -55 87.25 2.5
      vertex -55.3968 89.2817 2.5
      vertex -55 89.3 2.5
    endloop
  endfacet
  facet normal 0 0 -1
    outer loop
      vertex -56.1768 89.1358 2.5
      vertex -55.3907 87.2158 2.5
      vertex -55.7695 87.1143 2.5
    endloop
  endfacet
  facet normal 0 0 -1
    outer loop
      vertex -55.3907 87.2158 2.5
      vertex -55.7901 89.2268 2.5
      vertex -55.3968 89.2817 2.5
    endloop
  endfacet
  facet normal 0 0 -1
    outer loop
      vertex -56.9167 88.8492 2.5
      vertex -55.7695 87.1143 2.5
      vertex -56.125 86.9486 2.5
    endloop
  endfacet
  facet normal 0 0 -1
    outer loop
      vertex -55.3907 87.2158 2.5
      vertex -56.1768 89.1358 2.5
      vertex -55.7901 89.2268 2.5
    endloop
  endfacet
  facet normal 0 0 -1
    outer loop
      vertex -57.5913 88.4315 2.5
      vertex -56.125 86.9486 2.5
      vertex -56.4463 86.7236 2.5
    endloop
  endfacet
  facet normal 0 0 -1
    outer loop
      vertex -55.7695 87.1143 2.5
      vertex -56.5533 89.0096 2.5
      vertex -56.1768 89.1358 2.5
    endloop
  endfacet
  facet normal 0 0 -1
    outer loop
      vertex -57.8969 88.1777 2.5
      vertex -56.4463 86.7236 2.5
      vertex -56.7236 86.4463 2.5
    endloop
  endfacet
  facet normal 0 0 -1
    outer loop
      vertex -55.7695 87.1143 2.5
      vertex -56.9167 88.8492 2.5
      vertex -56.5533 89.0096 2.5
    endloop
  endfacet
  facet normal 0 0 -1
    outer loop
      vertex -58.4315 87.5913 2.5
      vertex -56.7236 86.4463 2.5
      vertex -56.9486 86.125 2.5
    endloop
  endfacet
  facet normal 0 0 -1
    outer loop
      vertex -58.8492 86.9167 2.5
      vertex -56.9486 86.125 2.5
      vertex -57.1143 85.7695 2.5
    endloop
  endfacet
  facet normal 0 0 -1
    outer loop
      vertex -59.1358 86.1768 2.5
      vertex -57.1143 85.7695 2.5
      vertex -57.2158 85.3907 2.5
    endloop
  endfacet
  facet normal 0 0 -1
    outer loop
      vertex -59.2817 85.3968 2.5
      vertex -57.2158 85.3907 2.5
      vertex -57.25 85 2.5
    endloop
  endfacet
  facet normal 0 0 -1
    outer loop
      vertex -56.125 86.9486 2.5
      vertex -57.2637 88.6559 2.5
      vertex -56.9167 88.8492 2.5
    endloop
  endfacet
  facet normal -0 0 -1
    outer loop
      vertex -56.7236 83.5537 2.5
      vertex -58.4315 82.4087 2.5
      vertex -56.9486 83.875 2.5
    endloop
  endfacet
  facet normal 0 0 -1
    outer loop
      vertex -58.6559 82.7363 2.5
      vertex -56.9486 83.875 2.5
      vertex -58.4315 82.4087 2.5
    endloop
  endfacet
  facet normal 0 0 -1
    outer loop
      vertex -56.125 86.9486 2.5
      vertex -57.5913 88.4315 2.5
      vertex -57.2637 88.6559 2.5
    endloop
  endfacet
  facet normal 0 0 -1
    outer loop
      vertex -58.8492 83.0833 2.5
      vertex -56.9486 83.875 2.5
      vertex -58.6559 82.7363 2.5
    endloop
  endfacet
  facet normal 0 0 -1
    outer loop
      vertex -56.4463 86.7236 2.5
      vertex -57.8969 88.1777 2.5
      vertex -57.5913 88.4315 2.5
    endloop
  endfacet
  facet normal -0 0 -1
    outer loop
      vertex -56.9486 83.875 2.5
      vertex -58.8492 83.0833 2.5
      vertex -57.1143 84.2305 2.5
    endloop
  endfacet
  facet normal 0 0 -1
    outer loop
      vertex -56.7236 86.4463 2.5
      vertex -58.1777 87.8969 2.5
      vertex -57.8969 88.1777 2.5
    endloop
  endfacet
  facet normal 0 0 -1
    outer loop
      vertex -59.0096 83.4467 2.5
      vertex -57.1143 84.2305 2.5
      vertex -58.8492 83.0833 2.5
    endloop
  endfacet
  facet normal 0 0 -1
    outer loop
      vertex -56.7236 86.4463 2.5
      vertex -58.4315 87.5913 2.5
      vertex -58.1777 87.8969 2.5
    endloop
  endfacet
  facet normal 0 0 -1
    outer loop
      vertex -59.1358 83.8232 2.5
      vertex -57.1143 84.2305 2.5
      vertex -59.0096 83.4467 2.5
    endloop
  endfacet
  facet normal 0 0 -1
    outer loop
      vertex -56.9486 86.125 2.5
      vertex -58.6559 87.2637 2.5
      vertex -58.4315 87.5913 2.5
    endloop
  endfacet
  facet normal -0 0 -1
    outer loop
      vertex -57.1143 84.2305 2.5
      vertex -59.1358 83.8232 2.5
      vertex -57.2158 84.6093 2.5
    endloop
  endfacet
  facet normal 0 0 -1
    outer loop
      vertex -56.9486 86.125 2.5
      vertex -58.8492 86.9167 2.5
      vertex -58.6559 87.2637 2.5
    endloop
  endfacet
  facet normal 0 0 -1
    outer loop
      vertex -59.2268 84.2099 2.5
      vertex -57.2158 84.6093 2.5
      vertex -59.1358 83.8232 2.5
    endloop
  endfacet
  facet normal 0 0 -1
    outer loop
      vertex -57.1143 85.7695 2.5
      vertex -59.0096 86.5533 2.5
      vertex -58.8492 86.9167 2.5
    endloop
  endfacet
  facet normal 0 0 -1
    outer loop
      vertex -59.2817 84.6032 2.5
      vertex -57.2158 84.6093 2.5
      vertex -59.2268 84.2099 2.5
    endloop
  endfacet
  facet normal 0 0 -1
    outer loop
      vertex -57.1143 85.7695 2.5
      vertex -59.1358 86.1768 2.5
      vertex -59.0096 86.5533 2.5
    endloop
  endfacet
  facet normal -0 0 -1
    outer loop
      vertex -57.2158 84.6093 2.5
      vertex -59.2817 84.6032 2.5
      vertex -57.25 85 2.5
    endloop
  endfacet
  facet normal 0 0 -1
    outer loop
      vertex -57.2158 85.3907 2.5
      vertex -59.2268 85.7901 2.5
      vertex -59.1358 86.1768 2.5
    endloop
  endfacet
  facet normal 0 0 -1
    outer loop
      vertex -59.3 85 2.5
      vertex -57.25 85 2.5
      vertex -59.2817 84.6032 2.5
    endloop
  endfacet
  facet normal 0 0 -1
    outer loop
      vertex -57.2158 85.3907 2.5
      vertex -59.2817 85.3968 2.5
      vertex -59.2268 85.7901 2.5
    endloop
  endfacet
  facet normal 0 0 -1
    outer loop
      vertex -57.25 85 2.5
      vertex -59.3 85 2.5
      vertex -59.2817 85.3968 2.5
    endloop
  endfacet
  facet normal -0.138248 -0.990398 0
    outer loop
      vertex -54.6032 89.2817 0
      vertex -54.2099 89.2268 2.5
      vertex -54.6032 89.2817 2.5
    endloop
  endfacet
  facet normal -0.138248 -0.990398 -0
    outer loop
      vertex -54.2099 89.2268 2.5
      vertex -54.6032 89.2817 0
      vertex -54.2099 89.2268 0
    endloop
  endfacet
  facet normal 0.914847 -0.403801 0
    outer loop
      vertex -59.0096 86.5533 2.5
      vertex -58.8492 86.9167 0
      vertex -58.8492 86.9167 2.5
    endloop
  endfacet
  facet normal 0.914847 -0.403801 0
    outer loop
      vertex -58.8492 86.9167 0
      vertex -59.0096 86.5533 2.5
      vertex -59.0096 86.5533 0
    endloop
  endfacet
  facet normal -0.04607 -0.998938 0
    outer loop
      vertex -55 89.3 0
      vertex -54.6032 89.2817 2.5
      vertex -55 89.3 2.5
    endloop
  endfacet
  facet normal -0.04607 -0.998938 -0
    outer loop
      vertex -54.6032 89.2817 2.5
      vertex -55 89.3 0
      vertex -54.6032 89.2817 0
    endloop
  endfacet
  facet normal 0.990398 -0.138248 0
    outer loop
      vertex -59.2817 85.3968 2.5
      vertex -59.2268 85.7901 0
      vertex -59.2268 85.7901 2.5
    endloop
  endfacet
  facet normal 0.990398 -0.138248 0
    outer loop
      vertex -59.2268 85.7901 0
      vertex -59.2817 85.3968 2.5
      vertex -59.2817 85.3968 0
    endloop
  endfacet
  facet normal 0.998938 -0.04607 0
    outer loop
      vertex -59.3 85 2.5
      vertex -59.2817 85.3968 0
      vertex -59.2817 85.3968 2.5
    endloop
  endfacet
  facet normal 0.998938 -0.04607 0
    outer loop
      vertex -59.2817 85.3968 0
      vertex -59.3 85 2.5
      vertex -59.3 85 0
    endloop
  endfacet
  facet normal 0.565117 0.825011 -0
    outer loop
      vertex -57.2637 81.3441 0
      vertex -57.5913 81.5685 2.5
      vertex -57.2637 81.3441 2.5
    endloop
  endfacet
  facet normal 0.565117 0.825011 0
    outer loop
      vertex -57.5913 81.5685 2.5
      vertex -57.2637 81.3441 0
      vertex -57.5913 81.5685 0
    endloop
  endfacet
  facet normal 0.04607 -0.998938 0
    outer loop
      vertex -55.3968 89.2817 0
      vertex -55 89.3 2.5
      vertex -55.3968 89.2817 2.5
    endloop
  endfacet
  facet normal 0.04607 -0.998938 0
    outer loop
      vertex -55 89.3 2.5
      vertex -55.3968 89.2817 0
      vertex -55 89.3 0
    endloop
  endfacet
  facet normal 0.873599 -0.486647 0
    outer loop
      vertex -58.8492 86.9167 2.5
      vertex -58.6559 87.2637 0
      vertex -58.6559 87.2637 2.5
    endloop
  endfacet
  facet normal 0.873599 -0.486647 0
    outer loop
      vertex -58.6559 87.2637 0
      vertex -58.8492 86.9167 2.5
      vertex -58.8492 86.9167 0
    endloop
  endfacet
  facet normal 0.486647 0.873599 -0
    outer loop
      vertex -56.9167 81.1508 0
      vertex -57.2637 81.3441 2.5
      vertex -56.9167 81.1508 2.5
    endloop
  endfacet
  facet normal 0.486647 0.873599 0
    outer loop
      vertex -57.2637 81.3441 2.5
      vertex -56.9167 81.1508 0
      vertex -57.2637 81.3441 0
    endloop
  endfacet
  facet normal 0.707107 0.707107 0
    outer loop
      vertex 53.5537 -26.7236 6
      vertex 53.2764 -26.4463 2.5
      vertex 53.2764 -26.4463 6
    endloop
  endfacet
  facet normal 0.707107 0.707107 0
    outer loop
      vertex 53.2764 -26.4463 2.5
      vertex 53.5537 -26.7236 6
      vertex 53.5537 -26.7236 2.5
    endloop
  endfacet
  facet normal 0.906378 -0.422467 0
    outer loop
      vertex 52.8857 -24.2305 6
      vertex 53.0514 -23.875 2.5
      vertex 53.0514 -23.875 6
    endloop
  endfacet
  facet normal 0.906378 -0.422467 0
    outer loop
      vertex 53.0514 -23.875 2.5
      vertex 52.8857 -24.2305 6
      vertex 52.8857 -24.2305 2.5
    endloop
  endfacet
  facet normal -0.965925 -0.258821 0
    outer loop
      vertex 57.2158 -24.6093 2.5
      vertex 57.1143 -24.2305 6
      vertex 57.1143 -24.2305 2.5
    endloop
  endfacet
  facet normal -0.965925 -0.258821 0
    outer loop
      vertex 57.1143 -24.2305 6
      vertex 57.2158 -24.6093 2.5
      vertex 57.2158 -24.6093 6
    endloop
  endfacet
  facet normal -0.996191 -0.0872017 0
    outer loop
      vertex 57.25 -25 2.5
      vertex 57.2158 -24.6093 6
      vertex 57.2158 -24.6093 2.5
    endloop
  endfacet
  facet normal -0.996191 -0.0872017 0
    outer loop
      vertex 57.2158 -24.6093 6
      vertex 57.25 -25 2.5
      vertex 57.25 -25 6
    endloop
  endfacet
  facet normal -0.906378 -0.422467 0
    outer loop
      vertex 57.1143 -24.2305 2.5
      vertex 56.9486 -23.875 6
      vertex 56.9486 -23.875 2.5
    endloop
  endfacet
  facet normal -0.906378 -0.422467 0
    outer loop
      vertex 56.9486 -23.875 6
      vertex 57.1143 -24.2305 2.5
      vertex 57.1143 -24.2305 6
    endloop
  endfacet
  facet normal -0.573616 0.819124 0
    outer loop
      vertex 56.4463 -26.7236 2.5
      vertex 56.125 -26.9486 6
      vertex 56.4463 -26.7236 6
    endloop
  endfacet
  facet normal -0.573616 0.819124 0
    outer loop
      vertex 56.125 -26.9486 6
      vertex 56.4463 -26.7236 2.5
      vertex 56.125 -26.9486 2.5
    endloop
  endfacet
  facet normal 0.0872017 0.996191 -0
    outer loop
      vertex 55 -27.25 2.5
      vertex 54.6093 -27.2158 6
      vertex 55 -27.25 6
    endloop
  endfacet
  facet normal 0.0872017 0.996191 0
    outer loop
      vertex 54.6093 -27.2158 6
      vertex 55 -27.25 2.5
      vertex 54.6093 -27.2158 2.5
    endloop
  endfacet
  facet normal -0.422467 0.906378 0
    outer loop
      vertex 56.125 -26.9486 2.5
      vertex 55.7695 -27.1143 6
      vertex 56.125 -26.9486 6
    endloop
  endfacet
  facet normal -0.422467 0.906378 0
    outer loop
      vertex 55.7695 -27.1143 6
      vertex 56.125 -26.9486 2.5
      vertex 55.7695 -27.1143 2.5
    endloop
  endfacet
  facet normal 0.258821 -0.965925 0
    outer loop
      vertex 54.2305 -22.8857 2.5
      vertex 54.6093 -22.7842 6
      vertex 54.2305 -22.8857 6
    endloop
  endfacet
  facet normal 0.258821 -0.965925 0
    outer loop
      vertex 54.6093 -22.7842 6
      vertex 54.2305 -22.8857 2.5
      vertex 54.6093 -22.7842 2.5
    endloop
  endfacet
  facet normal 0.422467 -0.906378 0
    outer loop
      vertex 53.875 -23.0514 2.5
      vertex 54.2305 -22.8857 6
      vertex 53.875 -23.0514 6
    endloop
  endfacet
  facet normal 0.422467 -0.906378 0
    outer loop
      vertex 54.2305 -22.8857 6
      vertex 53.875 -23.0514 2.5
      vertex 54.2305 -22.8857 2.5
    endloop
  endfacet
  facet normal -0.0872017 0.996191 0
    outer loop
      vertex 55.3907 -27.2158 2.5
      vertex 55 -27.25 6
      vertex 55.3907 -27.2158 6
    endloop
  endfacet
  facet normal -0.0872017 0.996191 0
    outer loop
      vertex 55 -27.25 6
      vertex 55.3907 -27.2158 2.5
      vertex 55 -27.25 2.5
    endloop
  endfacet
  facet normal 0.965925 0.258821 0
    outer loop
      vertex 52.8857 -25.7695 6
      vertex 52.7842 -25.3907 2.5
      vertex 52.7842 -25.3907 6
    endloop
  endfacet
  facet normal 0.965925 0.258821 0
    outer loop
      vertex 52.7842 -25.3907 2.5
      vertex 52.8857 -25.7695 6
      vertex 52.8857 -25.7695 2.5
    endloop
  endfacet
  facet normal 0.573616 0.819124 -0
    outer loop
      vertex 53.875 -26.9486 2.5
      vertex 53.5537 -26.7236 6
      vertex 53.875 -26.9486 6
    endloop
  endfacet
  facet normal 0.573616 0.819124 0
    outer loop
      vertex 53.5537 -26.7236 6
      vertex 53.875 -26.9486 2.5
      vertex 53.5537 -26.7236 2.5
    endloop
  endfacet
  facet normal 0.819124 -0.573616 0
    outer loop
      vertex 53.0514 -23.875 6
      vertex 53.2764 -23.5537 2.5
      vertex 53.2764 -23.5537 6
    endloop
  endfacet
  facet normal 0.819124 -0.573616 0
    outer loop
      vertex 53.2764 -23.5537 2.5
      vertex 53.0514 -23.875 6
      vertex 53.0514 -23.875 2.5
    endloop
  endfacet
  facet normal -0.906378 0.422467 0
    outer loop
      vertex 56.9486 -26.125 2.5
      vertex 57.1143 -25.7695 6
      vertex 57.1143 -25.7695 2.5
    endloop
  endfacet
  facet normal -0.906378 0.422467 0
    outer loop
      vertex 57.1143 -25.7695 6
      vertex 56.9486 -26.125 2.5
      vertex 56.9486 -26.125 6
    endloop
  endfacet
  facet normal 0.819124 0.573616 0
    outer loop
      vertex 53.2764 -26.4463 6
      vertex 53.0514 -26.125 2.5
      vertex 53.0514 -26.125 6
    endloop
  endfacet
  facet normal 0.819124 0.573616 0
    outer loop
      vertex 53.0514 -26.125 2.5
      vertex 53.2764 -26.4463 6
      vertex 53.2764 -26.4463 2.5
    endloop
  endfacet
  facet normal 0.573616 -0.819124 0
    outer loop
      vertex 53.5537 -23.2764 2.5
      vertex 53.875 -23.0514 6
      vertex 53.5537 -23.2764 6
    endloop
  endfacet
  facet normal 0.573616 -0.819124 0
    outer loop
      vertex 53.875 -23.0514 6
      vertex 53.5537 -23.2764 2.5
      vertex 53.875 -23.0514 2.5
    endloop
  endfacet
  facet normal -0.819124 0.573616 0
    outer loop
      vertex 56.7236 -26.4463 2.5
      vertex 56.9486 -26.125 6
      vertex 56.9486 -26.125 2.5
    endloop
  endfacet
  facet normal -0.819124 0.573616 0
    outer loop
      vertex 56.9486 -26.125 6
      vertex 56.7236 -26.4463 2.5
      vertex 56.7236 -26.4463 6
    endloop
  endfacet
  facet normal -0.819124 -0.573616 0
    outer loop
      vertex 56.9486 -23.875 2.5
      vertex 56.7236 -23.5537 6
      vertex 56.7236 -23.5537 2.5
    endloop
  endfacet
  facet normal -0.819124 -0.573616 0
    outer loop
      vertex 56.7236 -23.5537 6
      vertex 56.9486 -23.875 2.5
      vertex 56.9486 -23.875 6
    endloop
  endfacet
  facet normal -0.965925 0.258821 0
    outer loop
      vertex 57.1143 -25.7695 2.5
      vertex 57.2158 -25.3907 6
      vertex 57.2158 -25.3907 2.5
    endloop
  endfacet
  facet normal -0.965925 0.258821 0
    outer loop
      vertex 57.2158 -25.3907 6
      vertex 57.1143 -25.7695 2.5
      vertex 57.1143 -25.7695 6
    endloop
  endfacet
  facet normal 0.996191 -0.0872017 0
    outer loop
      vertex 52.75 -25 6
      vertex 52.7842 -24.6093 2.5
      vertex 52.7842 -24.6093 6
    endloop
  endfacet
  facet normal 0.996191 -0.0872017 0
    outer loop
      vertex 52.7842 -24.6093 2.5
      vertex 52.75 -25 6
      vertex 52.75 -25 2.5
    endloop
  endfacet
  facet normal -0.422467 -0.906378 0
    outer loop
      vertex 55.7695 -22.8857 2.5
      vertex 56.125 -23.0514 6
      vertex 55.7695 -22.8857 6
    endloop
  endfacet
  facet normal -0.422467 -0.906378 -0
    outer loop
      vertex 56.125 -23.0514 6
      vertex 55.7695 -22.8857 2.5
      vertex 56.125 -23.0514 2.5
    endloop
  endfacet
  facet normal -0.707107 -0.707107 0
    outer loop
      vertex 56.7236 -23.5537 2.5
      vertex 56.4463 -23.2764 6
      vertex 56.4463 -23.2764 2.5
    endloop
  endfacet
  facet normal -0.707107 -0.707107 0
    outer loop
      vertex 56.4463 -23.2764 6
      vertex 56.7236 -23.5537 2.5
      vertex 56.7236 -23.5537 6
    endloop
  endfacet
  facet normal -0.258821 0.965925 0
    outer loop
      vertex 55.7695 -27.1143 2.5
      vertex 55.3907 -27.2158 6
      vertex 55.7695 -27.1143 6
    endloop
  endfacet
  facet normal -0.258821 0.965925 0
    outer loop
      vertex 55.3907 -27.2158 6
      vertex 55.7695 -27.1143 2.5
      vertex 55.3907 -27.2158 2.5
    endloop
  endfacet
  facet normal -0.996191 0.0872017 0
    outer loop
      vertex 57.2158 -25.3907 2.5
      vertex 57.25 -25 6
      vertex 57.25 -25 2.5
    endloop
  endfacet
  facet normal -0.996191 0.0872017 0
    outer loop
      vertex 57.25 -25 6
      vertex 57.2158 -25.3907 2.5
      vertex 57.2158 -25.3907 6
    endloop
  endfacet
  facet normal -0.573616 -0.819124 0
    outer loop
      vertex 56.125 -23.0514 2.5
      vertex 56.4463 -23.2764 6
      vertex 56.125 -23.0514 6
    endloop
  endfacet
  facet normal -0.573616 -0.819124 -0
    outer loop
      vertex 56.4463 -23.2764 6
      vertex 56.125 -23.0514 2.5
      vertex 56.4463 -23.2764 2.5
    endloop
  endfacet
  facet normal 0.422467 0.906378 -0
    outer loop
      vertex 54.2305 -27.1143 2.5
      vertex 53.875 -26.9486 6
      vertex 54.2305 -27.1143 6
    endloop
  endfacet
  facet normal 0.422467 0.906378 0
    outer loop
      vertex 53.875 -26.9486 6
      vertex 54.2305 -27.1143 2.5
      vertex 53.875 -26.9486 2.5
    endloop
  endfacet
  facet normal 0.0872017 -0.996191 0
    outer loop
      vertex 54.6093 -22.7842 2.5
      vertex 55 -22.75 6
      vertex 54.6093 -22.7842 6
    endloop
  endfacet
  facet normal 0.0872017 -0.996191 0
    outer loop
      vertex 55 -22.75 6
      vertex 54.6093 -22.7842 2.5
      vertex 55 -22.75 2.5
    endloop
  endfacet
  facet normal 0.258821 0.965925 -0
    outer loop
      vertex 54.6093 -27.2158 2.5
      vertex 54.2305 -27.1143 6
      vertex 54.6093 -27.2158 6
    endloop
  endfacet
  facet normal 0.258821 0.965925 0
    outer loop
      vertex 54.2305 -27.1143 6
      vertex 54.6093 -27.2158 2.5
      vertex 54.2305 -27.1143 2.5
    endloop
  endfacet
  facet normal 0.906378 0.422467 0
    outer loop
      vertex 53.0514 -26.125 6
      vertex 52.8857 -25.7695 2.5
      vertex 52.8857 -25.7695 6
    endloop
  endfacet
  facet normal 0.906378 0.422467 0
    outer loop
      vertex 52.8857 -25.7695 2.5
      vertex 53.0514 -26.125 6
      vertex 53.0514 -26.125 2.5
    endloop
  endfacet
  facet normal -0.0872017 -0.996191 0
    outer loop
      vertex 55 -22.75 2.5
      vertex 55.3907 -22.7842 6
      vertex 55 -22.75 6
    endloop
  endfacet
  facet normal -0.0872017 -0.996191 -0
    outer loop
      vertex 55.3907 -22.7842 6
      vertex 55 -22.75 2.5
      vertex 55.3907 -22.7842 2.5
    endloop
  endfacet
  facet normal -0.707107 0.707107 0
    outer loop
      vertex 56.4463 -26.7236 2.5
      vertex 56.7236 -26.4463 6
      vertex 56.7236 -26.4463 2.5
    endloop
  endfacet
  facet normal -0.707107 0.707107 0
    outer loop
      vertex 56.7236 -26.4463 6
      vertex 56.4463 -26.7236 2.5
      vertex 56.4463 -26.7236 6
    endloop
  endfacet
  facet normal 0.996191 0.0872017 0
    outer loop
      vertex 52.7842 -25.3907 6
      vertex 52.75 -25 2.5
      vertex 52.75 -25 6
    endloop
  endfacet
  facet normal 0.996191 0.0872017 0
    outer loop
      vertex 52.75 -25 2.5
      vertex 52.7842 -25.3907 6
      vertex 52.7842 -25.3907 2.5
    endloop
  endfacet
  facet normal -0.258821 -0.965925 0
    outer loop
      vertex 55.3907 -22.7842 2.5
      vertex 55.7695 -22.8857 6
      vertex 55.3907 -22.7842 6
    endloop
  endfacet
  facet normal -0.258821 -0.965925 -0
    outer loop
      vertex 55.7695 -22.8857 6
      vertex 55.3907 -22.7842 2.5
      vertex 55.7695 -22.8857 2.5
    endloop
  endfacet
  facet normal 0.965925 -0.258821 0
    outer loop
      vertex 52.7842 -24.6093 6
      vertex 52.8857 -24.2305 2.5
      vertex 52.8857 -24.2305 6
    endloop
  endfacet
  facet normal 0.965925 -0.258821 0
    outer loop
      vertex 52.8857 -24.2305 2.5
      vertex 52.7842 -24.6093 6
      vertex 52.7842 -24.6093 2.5
    endloop
  endfacet
  facet normal 0.707107 -0.707107 0
    outer loop
      vertex 53.2764 -23.5537 6
      vertex 53.5537 -23.2764 2.5
      vertex 53.5537 -23.2764 6
    endloop
  endfacet
  facet normal 0.707107 -0.707107 0
    outer loop
      vertex 53.5537 -23.2764 2.5
      vertex 53.2764 -23.5537 6
      vertex 53.2764 -23.5537 2.5
    endloop
  endfacet
  facet normal -0.990398 -0.138248 0
    outer loop
      vertex 59.2817 -24.6032 0
      vertex 59.2268 -24.2099 2.5
      vertex 59.2268 -24.2099 0
    endloop
  endfacet
  facet normal -0.990398 -0.138248 0
    outer loop
      vertex 59.2268 -24.2099 2.5
      vertex 59.2817 -24.6032 0
      vertex 59.2817 -24.6032 2.5
    endloop
  endfacet
  facet normal -0.998938 -0.04607 0
    outer loop
      vertex 59.3 -25 0
      vertex 59.2817 -24.6032 2.5
      vertex 59.2817 -24.6032 0
    endloop
  endfacet
  facet normal -0.998938 -0.04607 0
    outer loop
      vertex 59.2817 -24.6032 2.5
      vertex 59.3 -25 0
      vertex 59.3 -25 2.5
    endloop
  endfacet
  facet normal -0.973411 -0.229067 0
    outer loop
      vertex 59.2268 -24.2099 0
      vertex 59.1358 -23.8232 2.5
      vertex 59.1358 -23.8232 0
    endloop
  endfacet
  facet normal -0.973411 -0.229067 0
    outer loop
      vertex 59.1358 -23.8232 2.5
      vertex 59.2268 -24.2099 0
      vertex 59.2268 -24.2099 2.5
    endloop
  endfacet
  facet normal -0.317814 -0.948153 0
    outer loop
      vertex 56.1768 -20.8642 0
      vertex 56.5533 -20.9904 2.5
      vertex 56.1768 -20.8642 2.5
    endloop
  endfacet
  facet normal -0.317814 -0.948153 -0
    outer loop
      vertex 56.5533 -20.9904 2.5
      vertex 56.1768 -20.8642 0
      vertex 56.5533 -20.9904 0
    endloop
  endfacet
  facet normal -0.138248 0.990398 0
    outer loop
      vertex 55.7901 -29.2268 0
      vertex 55.3968 -29.2817 2.5
      vertex 55.7901 -29.2268 2.5
    endloop
  endfacet
  facet normal -0.138248 0.990398 0
    outer loop
      vertex 55.3968 -29.2817 2.5
      vertex 55.7901 -29.2268 0
      vertex 55.3968 -29.2817 0
    endloop
  endfacet
  facet normal 0.317814 -0.948153 0
    outer loop
      vertex 53.4467 -20.9904 0
      vertex 53.8232 -20.8642 2.5
      vertex 53.4467 -20.9904 2.5
    endloop
  endfacet
  facet normal 0.317814 -0.948153 0
    outer loop
      vertex 53.8232 -20.8642 2.5
      vertex 53.4467 -20.9904 0
      vertex 53.8232 -20.8642 0
    endloop
  endfacet
  facet normal 0.317814 0.948153 -0
    outer loop
      vertex 53.8232 -29.1358 0
      vertex 53.4467 -29.0096 2.5
      vertex 53.8232 -29.1358 2.5
    endloop
  endfacet
  facet normal 0.317814 0.948153 0
    outer loop
      vertex 53.4467 -29.0096 2.5
      vertex 53.8232 -29.1358 0
      vertex 53.4467 -29.0096 0
    endloop
  endfacet
  facet normal -0.769293 -0.638896 0
    outer loop
      vertex 58.4315 -22.4087 0
      vertex 58.1777 -22.1031 2.5
      vertex 58.1777 -22.1031 0
    endloop
  endfacet
  facet normal -0.769293 -0.638896 0
    outer loop
      vertex 58.1777 -22.1031 2.5
      vertex 58.4315 -22.4087 0
      vertex 58.4315 -22.4087 2.5
    endloop
  endfacet
  facet normal 0.998938 0.04607 0
    outer loop
      vertex 50.7183 -25.3968 2.5
      vertex 50.7 -25 0
      vertex 50.7 -25 2.5
    endloop
  endfacet
  facet normal 0.998938 0.04607 0
    outer loop
      vertex 50.7 -25 0
      vertex 50.7183 -25.3968 2.5
      vertex 50.7183 -25.3968 0
    endloop
  endfacet
  facet normal 0.229067 0.973411 -0
    outer loop
      vertex 54.2099 -29.2268 0
      vertex 53.8232 -29.1358 2.5
      vertex 54.2099 -29.2268 2.5
    endloop
  endfacet
  facet normal 0.229067 0.973411 0
    outer loop
      vertex 53.8232 -29.1358 2.5
      vertex 54.2099 -29.2268 0
      vertex 53.8232 -29.1358 0
    endloop
  endfacet
  facet normal 0.707107 -0.707107 0
    outer loop
      vertex 51.8223 -22.1031 0
      vertex 52.1031 -21.8223 2.5
      vertex 51.8223 -22.1031 2.5
    endloop
  endfacet
  facet normal 0.707107 -0.707107 0
    outer loop
      vertex 52.1031 -21.8223 2.5
      vertex 51.8223 -22.1031 0
      vertex 52.1031 -21.8223 0
    endloop
  endfacet
  facet normal -0.403801 0.914847 0
    outer loop
      vertex 56.9167 -28.8492 0
      vertex 56.5533 -29.0096 2.5
      vertex 56.9167 -28.8492 2.5
    endloop
  endfacet
  facet normal -0.403801 0.914847 0
    outer loop
      vertex 56.5533 -29.0096 2.5
      vertex 56.9167 -28.8492 0
      vertex 56.5533 -29.0096 0
    endloop
  endfacet
  facet normal 0.403801 0.914847 -0
    outer loop
      vertex 53.4467 -29.0096 0
      vertex 53.0833 -28.8492 2.5
      vertex 53.4467 -29.0096 2.5
    endloop
  endfacet
  facet normal 0.403801 0.914847 0
    outer loop
      vertex 53.0833 -28.8492 2.5
      vertex 53.4467 -29.0096 0
      vertex 53.0833 -28.8492 0
    endloop
  endfacet
  facet normal 0.486647 -0.873599 0
    outer loop
      vertex 52.7363 -21.3441 0
      vertex 53.0833 -21.1508 2.5
      vertex 52.7363 -21.3441 2.5
    endloop
  endfacet
  facet normal 0.486647 -0.873599 0
    outer loop
      vertex 53.0833 -21.1508 2.5
      vertex 52.7363 -21.3441 0
      vertex 53.0833 -21.1508 0
    endloop
  endfacet
  facet normal -0.317814 0.948153 0
    outer loop
      vertex 56.5533 -29.0096 0
      vertex 56.1768 -29.1358 2.5
      vertex 56.5533 -29.0096 2.5
    endloop
  endfacet
  facet normal -0.317814 0.948153 0
    outer loop
      vertex 56.1768 -29.1358 2.5
      vertex 56.5533 -29.0096 0
      vertex 56.1768 -29.1358 0
    endloop
  endfacet
  facet normal 0.948153 0.317814 0
    outer loop
      vertex 50.9904 -26.5533 2.5
      vertex 50.8642 -26.1768 0
      vertex 50.8642 -26.1768 2.5
    endloop
  endfacet
  facet normal 0.948153 0.317814 0
    outer loop
      vertex 50.8642 -26.1768 0
      vertex 50.9904 -26.5533 2.5
      vertex 50.9904 -26.5533 0
    endloop
  endfacet
  facet normal -0.565117 0.825011 0
    outer loop
      vertex 57.5913 -28.4315 0
      vertex 57.2637 -28.6559 2.5
      vertex 57.5913 -28.4315 2.5
    endloop
  endfacet
  facet normal -0.565117 0.825011 0
    outer loop
      vertex 57.2637 -28.6559 2.5
      vertex 57.5913 -28.4315 0
      vertex 57.2637 -28.6559 0
    endloop
  endfacet
  facet normal -0.638896 -0.769293 0
    outer loop
      vertex 57.5913 -21.5685 0
      vertex 57.8969 -21.8223 2.5
      vertex 57.5913 -21.5685 2.5
    endloop
  endfacet
  facet normal -0.638896 -0.769293 -0
    outer loop
      vertex 57.8969 -21.8223 2.5
      vertex 57.5913 -21.5685 0
      vertex 57.8969 -21.8223 0
    endloop
  endfacet
  facet normal 0.825011 0.565117 0
    outer loop
      vertex 51.5685 -27.5913 2.5
      vertex 51.3441 -27.2637 0
      vertex 51.3441 -27.2637 2.5
    endloop
  endfacet
  facet normal 0.825011 0.565117 0
    outer loop
      vertex 51.3441 -27.2637 0
      vertex 51.5685 -27.5913 2.5
      vertex 51.5685 -27.5913 0
    endloop
  endfacet
  facet normal 0.403801 -0.914847 0
    outer loop
      vertex 53.0833 -21.1508 0
      vertex 53.4467 -20.9904 2.5
      vertex 53.0833 -21.1508 2.5
    endloop
  endfacet
  facet normal 0.403801 -0.914847 0
    outer loop
      vertex 53.4467 -20.9904 2.5
      vertex 53.0833 -21.1508 0
      vertex 53.4467 -20.9904 0
    endloop
  endfacet
  facet normal -0.914847 -0.403801 0
    outer loop
      vertex 59.0096 -23.4467 0
      vertex 58.8492 -23.0833 2.5
      vertex 58.8492 -23.0833 0
    endloop
  endfacet
  facet normal -0.914847 -0.403801 0
    outer loop
      vertex 58.8492 -23.0833 2.5
      vertex 59.0096 -23.4467 0
      vertex 59.0096 -23.4467 2.5
    endloop
  endfacet
  facet normal -0.990398 0.138248 0
    outer loop
      vertex 59.2268 -25.7901 0
      vertex 59.2817 -25.3968 2.5
      vertex 59.2817 -25.3968 0
    endloop
  endfacet
  facet normal -0.990398 0.138248 0
    outer loop
      vertex 59.2817 -25.3968 2.5
      vertex 59.2268 -25.7901 0
      vertex 59.2268 -25.7901 2.5
    endloop
  endfacet
  facet normal -0.04607 0.998938 0
    outer loop
      vertex 55.3968 -29.2817 0
      vertex 55 -29.3 2.5
      vertex 55.3968 -29.2817 2.5
    endloop
  endfacet
  facet normal -0.04607 0.998938 0
    outer loop
      vertex 55 -29.3 2.5
      vertex 55.3968 -29.2817 0
      vertex 55 -29.3 0
    endloop
  endfacet
  facet normal -0.948153 -0.317814 0
    outer loop
      vertex 59.1358 -23.8232 0
      vertex 59.0096 -23.4467 2.5
      vertex 59.0096 -23.4467 0
    endloop
  endfacet
  facet normal -0.948153 -0.317814 0
    outer loop
      vertex 59.0096 -23.4467 2.5
      vertex 59.1358 -23.8232 0
      vertex 59.1358 -23.8232 2.5
    endloop
  endfacet
  facet normal -0.825011 0.565117 0
    outer loop
      vertex 58.4315 -27.5913 0
      vertex 58.6559 -27.2637 2.5
      vertex 58.6559 -27.2637 0
    endloop
  endfacet
  facet normal -0.825011 0.565117 0
    outer loop
      vertex 58.6559 -27.2637 2.5
      vertex 58.4315 -27.5913 0
      vertex 58.4315 -27.5913 2.5
    endloop
  endfacet
  facet normal 0.638896 0.769293 -0
    outer loop
      vertex 52.4087 -28.4315 0
      vertex 52.1031 -28.1777 2.5
      vertex 52.4087 -28.4315 2.5
    endloop
  endfacet
  facet normal 0.638896 0.769293 0
    outer loop
      vertex 52.1031 -28.1777 2.5
      vertex 52.4087 -28.4315 0
      vertex 52.1031 -28.1777 0
    endloop
  endfacet
  facet normal 0.973411 0.229067 0
    outer loop
      vertex 50.8642 -26.1768 2.5
      vertex 50.7732 -25.7901 0
      vertex 50.7732 -25.7901 2.5
    endloop
  endfacet
  facet normal 0.973411 0.229067 0
    outer loop
      vertex 50.7732 -25.7901 0
      vertex 50.8642 -26.1768 2.5
      vertex 50.8642 -26.1768 0
    endloop
  endfacet
  facet normal -0.486647 -0.873599 0
    outer loop
      vertex 56.9167 -21.1508 0
      vertex 57.2637 -21.3441 2.5
      vertex 56.9167 -21.1508 2.5
    endloop
  endfacet
  facet normal -0.486647 -0.873599 -0
    outer loop
      vertex 57.2637 -21.3441 2.5
      vertex 56.9167 -21.1508 0
      vertex 57.2637 -21.3441 0
    endloop
  endfacet
  facet normal -0.825011 -0.565117 0
    outer loop
      vertex 58.6559 -22.7363 0
      vertex 58.4315 -22.4087 2.5
      vertex 58.4315 -22.4087 0
    endloop
  endfacet
  facet normal -0.825011 -0.565117 0
    outer loop
      vertex 58.4315 -22.4087 2.5
      vertex 58.6559 -22.7363 0
      vertex 58.6559 -22.7363 2.5
    endloop
  endfacet
  facet normal -0.914847 0.403801 0
    outer loop
      vertex 58.8492 -26.9167 0
      vertex 59.0096 -26.5533 2.5
      vertex 59.0096 -26.5533 0
    endloop
  endfacet
  facet normal -0.914847 0.403801 0
    outer loop
      vertex 59.0096 -26.5533 2.5
      vertex 58.8492 -26.9167 0
      vertex 58.8492 -26.9167 2.5
    endloop
  endfacet
  facet normal 0.873599 0.486647 0
    outer loop
      vertex 51.3441 -27.2637 2.5
      vertex 51.1508 -26.9167 0
      vertex 51.1508 -26.9167 2.5
    endloop
  endfacet
  facet normal 0.873599 0.486647 0
    outer loop
      vertex 51.1508 -26.9167 0
      vertex 51.3441 -27.2637 2.5
      vertex 51.3441 -27.2637 0
    endloop
  endfacet
  facet normal 0.825011 -0.565117 0
    outer loop
      vertex 51.3441 -22.7363 2.5
      vertex 51.5685 -22.4087 0
      vertex 51.5685 -22.4087 2.5
    endloop
  endfacet
  facet normal 0.825011 -0.565117 0
    outer loop
      vertex 51.5685 -22.4087 0
      vertex 51.3441 -22.7363 2.5
      vertex 51.3441 -22.7363 0
    endloop
  endfacet
  facet normal 0.948153 -0.317814 0
    outer loop
      vertex 50.8642 -23.8232 2.5
      vertex 50.9904 -23.4467 0
      vertex 50.9904 -23.4467 2.5
    endloop
  endfacet
  facet normal 0.948153 -0.317814 0
    outer loop
      vertex 50.9904 -23.4467 0
      vertex 50.8642 -23.8232 2.5
      vertex 50.8642 -23.8232 0
    endloop
  endfacet
  facet normal -0.229067 -0.973411 0
    outer loop
      vertex 55.7901 -20.7732 0
      vertex 56.1768 -20.8642 2.5
      vertex 55.7901 -20.7732 2.5
    endloop
  endfacet
  facet normal -0.229067 -0.973411 -0
    outer loop
      vertex 56.1768 -20.8642 2.5
      vertex 55.7901 -20.7732 0
      vertex 56.1768 -20.8642 0
    endloop
  endfacet
  facet normal -0.973411 0.229067 0
    outer loop
      vertex 59.1358 -26.1768 0
      vertex 59.2268 -25.7901 2.5
      vertex 59.2268 -25.7901 0
    endloop
  endfacet
  facet normal -0.973411 0.229067 0
    outer loop
      vertex 59.2268 -25.7901 2.5
      vertex 59.1358 -26.1768 0
      vertex 59.1358 -26.1768 2.5
    endloop
  endfacet
  facet normal 0.769293 -0.638896 0
    outer loop
      vertex 51.5685 -22.4087 2.5
      vertex 51.8223 -22.1031 0
      vertex 51.8223 -22.1031 2.5
    endloop
  endfacet
  facet normal 0.769293 -0.638896 0
    outer loop
      vertex 51.8223 -22.1031 0
      vertex 51.5685 -22.4087 2.5
      vertex 51.5685 -22.4087 0
    endloop
  endfacet
  facet normal -0.948153 0.317814 0
    outer loop
      vertex 59.0096 -26.5533 0
      vertex 59.1358 -26.1768 2.5
      vertex 59.1358 -26.1768 0
    endloop
  endfacet
  facet normal -0.948153 0.317814 0
    outer loop
      vertex 59.1358 -26.1768 2.5
      vertex 59.0096 -26.5533 0
      vertex 59.0096 -26.5533 2.5
    endloop
  endfacet
  facet normal -0.403801 -0.914847 0
    outer loop
      vertex 56.5533 -20.9904 0
      vertex 56.9167 -21.1508 2.5
      vertex 56.5533 -20.9904 2.5
    endloop
  endfacet
  facet normal -0.403801 -0.914847 -0
    outer loop
      vertex 56.9167 -21.1508 2.5
      vertex 56.5533 -20.9904 0
      vertex 56.9167 -21.1508 0
    endloop
  endfacet
  facet normal 0.769293 0.638896 0
    outer loop
      vertex 51.8223 -27.8969 2.5
      vertex 51.5685 -27.5913 0
      vertex 51.5685 -27.5913 2.5
    endloop
  endfacet
  facet normal 0.769293 0.638896 0
    outer loop
      vertex 51.5685 -27.5913 0
      vertex 51.8223 -27.8969 2.5
      vertex 51.8223 -27.8969 0
    endloop
  endfacet
  facet normal 0.973411 -0.229067 0
    outer loop
      vertex 50.7732 -24.2099 2.5
      vertex 50.8642 -23.8232 0
      vertex 50.8642 -23.8232 2.5
    endloop
  endfacet
  facet normal 0.973411 -0.229067 0
    outer loop
      vertex 50.8642 -23.8232 0
      vertex 50.7732 -24.2099 2.5
      vertex 50.7732 -24.2099 0
    endloop
  endfacet
  facet normal 0.04607 0.998938 -0
    outer loop
      vertex 55 -29.3 0
      vertex 54.6032 -29.2817 2.5
      vertex 55 -29.3 2.5
    endloop
  endfacet
  facet normal 0.04607 0.998938 0
    outer loop
      vertex 54.6032 -29.2817 2.5
      vertex 55 -29.3 0
      vertex 54.6032 -29.2817 0
    endloop
  endfacet
  facet normal -0.565117 -0.825011 0
    outer loop
      vertex 57.2637 -21.3441 0
      vertex 57.5913 -21.5685 2.5
      vertex 57.2637 -21.3441 2.5
    endloop
  endfacet
  facet normal -0.565117 -0.825011 -0
    outer loop
      vertex 57.5913 -21.5685 2.5
      vertex 57.2637 -21.3441 0
      vertex 57.5913 -21.5685 0
    endloop
  endfacet
  facet normal 0.990398 0.138248 0
    outer loop
      vertex 50.7732 -25.7901 2.5
      vertex 50.7183 -25.3968 0
      vertex 50.7183 -25.3968 2.5
    endloop
  endfacet
  facet normal 0.990398 0.138248 0
    outer loop
      vertex 50.7183 -25.3968 0
      vertex 50.7732 -25.7901 2.5
      vertex 50.7732 -25.7901 0
    endloop
  endfacet
  facet normal -0.998938 0.04607 0
    outer loop
      vertex 59.2817 -25.3968 0
      vertex 59.3 -25 2.5
      vertex 59.3 -25 0
    endloop
  endfacet
  facet normal -0.998938 0.04607 0
    outer loop
      vertex 59.3 -25 2.5
      vertex 59.2817 -25.3968 0
      vertex 59.2817 -25.3968 2.5
    endloop
  endfacet
  facet normal -0.486647 0.873599 0
    outer loop
      vertex 57.2637 -28.6559 0
      vertex 56.9167 -28.8492 2.5
      vertex 57.2637 -28.6559 2.5
    endloop
  endfacet
  facet normal -0.486647 0.873599 0
    outer loop
      vertex 56.9167 -28.8492 2.5
      vertex 57.2637 -28.6559 0
      vertex 56.9167 -28.8492 0
    endloop
  endfacet
  facet normal 0.638896 -0.769293 0
    outer loop
      vertex 52.1031 -21.8223 0
      vertex 52.4087 -21.5685 2.5
      vertex 52.1031 -21.8223 2.5
    endloop
  endfacet
  facet normal 0.638896 -0.769293 0
    outer loop
      vertex 52.4087 -21.5685 2.5
      vertex 52.1031 -21.8223 0
      vertex 52.4087 -21.5685 0
    endloop
  endfacet
  facet normal -0.873599 -0.486647 0
    outer loop
      vertex 58.8492 -23.0833 0
      vertex 58.6559 -22.7363 2.5
      vertex 58.6559 -22.7363 0
    endloop
  endfacet
  facet normal -0.873599 -0.486647 0
    outer loop
      vertex 58.6559 -22.7363 2.5
      vertex 58.8492 -23.0833 0
      vertex 58.8492 -23.0833 2.5
    endloop
  endfacet
  facet normal 0.707107 0.707107 -0
    outer loop
      vertex 52.1031 -28.1777 0
      vertex 51.8223 -27.8969 2.5
      vertex 52.1031 -28.1777 2.5
    endloop
  endfacet
  facet normal 0.707107 0.707107 0
    outer loop
      vertex 51.8223 -27.8969 2.5
      vertex 52.1031 -28.1777 0
      vertex 51.8223 -27.8969 0
    endloop
  endfacet
  facet normal -0.229067 0.973411 0
    outer loop
      vertex 56.1768 -29.1358 0
      vertex 55.7901 -29.2268 2.5
      vertex 56.1768 -29.1358 2.5
    endloop
  endfacet
  facet normal -0.229067 0.973411 0
    outer loop
      vertex 55.7901 -29.2268 2.5
      vertex 56.1768 -29.1358 0
      vertex 55.7901 -29.2268 0
    endloop
  endfacet
  facet normal -0.769293 0.638896 0
    outer loop
      vertex 58.1777 -27.8969 0
      vertex 58.4315 -27.5913 2.5
      vertex 58.4315 -27.5913 0
    endloop
  endfacet
  facet normal -0.769293 0.638896 0
    outer loop
      vertex 58.4315 -27.5913 2.5
      vertex 58.1777 -27.8969 0
      vertex 58.1777 -27.8969 2.5
    endloop
  endfacet
  facet normal -0.707107 -0.707107 0
    outer loop
      vertex 57.8969 -21.8223 0
      vertex 58.1777 -22.1031 2.5
      vertex 57.8969 -21.8223 2.5
    endloop
  endfacet
  facet normal -0.707107 -0.707107 -0
    outer loop
      vertex 58.1777 -22.1031 2.5
      vertex 57.8969 -21.8223 0
      vertex 58.1777 -22.1031 0
    endloop
  endfacet
  facet normal 0.138248 -0.990398 0
    outer loop
      vertex 54.2099 -20.7732 0
      vertex 54.6032 -20.7183 2.5
      vertex 54.2099 -20.7732 2.5
    endloop
  endfacet
  facet normal 0.138248 -0.990398 0
    outer loop
      vertex 54.6032 -20.7183 2.5
      vertex 54.2099 -20.7732 0
      vertex 54.6032 -20.7183 0
    endloop
  endfacet
  facet normal 0.998938 -0.04607 0
    outer loop
      vertex 50.7 -25 2.5
      vertex 50.7183 -24.6032 0
      vertex 50.7183 -24.6032 2.5
    endloop
  endfacet
  facet normal 0.998938 -0.04607 0
    outer loop
      vertex 50.7183 -24.6032 0
      vertex 50.7 -25 2.5
      vertex 50.7 -25 0
    endloop
  endfacet
  facet normal 0.229067 -0.973411 0
    outer loop
      vertex 53.8232 -20.8642 0
      vertex 54.2099 -20.7732 2.5
      vertex 53.8232 -20.8642 2.5
    endloop
  endfacet
  facet normal 0.229067 -0.973411 0
    outer loop
      vertex 54.2099 -20.7732 2.5
      vertex 53.8232 -20.8642 0
      vertex 54.2099 -20.7732 0
    endloop
  endfacet
  facet normal -0.873599 0.486647 0
    outer loop
      vertex 58.6559 -27.2637 0
      vertex 58.8492 -26.9167 2.5
      vertex 58.8492 -26.9167 0
    endloop
  endfacet
  facet normal -0.873599 0.486647 0
    outer loop
      vertex 58.8492 -26.9167 2.5
      vertex 58.6559 -27.2637 0
      vertex 58.6559 -27.2637 2.5
    endloop
  endfacet
  facet normal -0.638896 0.769293 0
    outer loop
      vertex 57.8969 -28.1777 0
      vertex 57.5913 -28.4315 2.5
      vertex 57.8969 -28.1777 2.5
    endloop
  endfacet
  facet normal -0.638896 0.769293 0
    outer loop
      vertex 57.5913 -28.4315 2.5
      vertex 57.8969 -28.1777 0
      vertex 57.5913 -28.4315 0
    endloop
  endfacet
  facet normal -0.707107 0.707107 0
    outer loop
      vertex 58.1777 -27.8969 0
      vertex 57.8969 -28.1777 2.5
      vertex 58.1777 -27.8969 2.5
    endloop
  endfacet
  facet normal -0.707107 0.707107 0
    outer loop
      vertex 57.8969 -28.1777 2.5
      vertex 58.1777 -27.8969 0
      vertex 57.8969 -28.1777 0
    endloop
  endfacet
  facet normal 0.565117 -0.825011 0
    outer loop
      vertex 52.4087 -21.5685 0
      vertex 52.7363 -21.3441 2.5
      vertex 52.4087 -21.5685 2.5
    endloop
  endfacet
  facet normal 0.565117 -0.825011 0
    outer loop
      vertex 52.7363 -21.3441 2.5
      vertex 52.4087 -21.5685 0
      vertex 52.7363 -21.3441 0
    endloop
  endfacet
  facet normal 0.138248 0.990398 -0
    outer loop
      vertex 54.6032 -29.2817 0
      vertex 54.2099 -29.2268 2.5
      vertex 54.6032 -29.2817 2.5
    endloop
  endfacet
  facet normal 0.138248 0.990398 0
    outer loop
      vertex 54.2099 -29.2268 2.5
      vertex 54.6032 -29.2817 0
      vertex 54.2099 -29.2268 0
    endloop
  endfacet
  facet normal 0 0 -1
    outer loop
      vertex 57.25 -25 2.5
      vertex 59.3 -25 2.5
      vertex 59.2817 -25.3968 2.5
    endloop
  endfacet
  facet normal 0 0 -1
    outer loop
      vertex 57.2158 -25.3907 2.5
      vertex 59.2817 -25.3968 2.5
      vertex 59.2268 -25.7901 2.5
    endloop
  endfacet
  facet normal 0 0 -1
    outer loop
      vertex 59.3 -25 2.5
      vertex 57.25 -25 2.5
      vertex 59.2817 -24.6032 2.5
    endloop
  endfacet
  facet normal 0 0 -1
    outer loop
      vertex 57.2158 -25.3907 2.5
      vertex 59.2268 -25.7901 2.5
      vertex 59.1358 -26.1768 2.5
    endloop
  endfacet
  facet normal 0 0 -1
    outer loop
      vertex 57.2158 -24.6093 2.5
      vertex 59.2817 -24.6032 2.5
      vertex 57.25 -25 2.5
    endloop
  endfacet
  facet normal 0 0 -1
    outer loop
      vertex 57.1143 -25.7695 2.5
      vertex 59.1358 -26.1768 2.5
      vertex 59.0096 -26.5533 2.5
    endloop
  endfacet
  facet normal -0 0 -1
    outer loop
      vertex 59.2817 -24.6032 2.5
      vertex 57.2158 -24.6093 2.5
      vertex 59.2268 -24.2099 2.5
    endloop
  endfacet
  facet normal 0 0 -1
    outer loop
      vertex 57.1143 -25.7695 2.5
      vertex 59.0096 -26.5533 2.5
      vertex 58.8492 -26.9167 2.5
    endloop
  endfacet
  facet normal -0 0 -1
    outer loop
      vertex 59.2268 -24.2099 2.5
      vertex 57.2158 -24.6093 2.5
      vertex 59.1358 -23.8232 2.5
    endloop
  endfacet
  facet normal 0 0 -1
    outer loop
      vertex 56.9486 -26.125 2.5
      vertex 58.8492 -26.9167 2.5
      vertex 58.6559 -27.2637 2.5
    endloop
  endfacet
  facet normal 0 0 -1
    outer loop
      vertex 57.1143 -24.2305 2.5
      vertex 59.1358 -23.8232 2.5
      vertex 57.2158 -24.6093 2.5
    endloop
  endfacet
  facet normal 0 0 -1
    outer loop
      vertex 56.9486 -26.125 2.5
      vertex 58.6559 -27.2637 2.5
      vertex 58.4315 -27.5913 2.5
    endloop
  endfacet
  facet normal -0 0 -1
    outer loop
      vertex 59.1358 -23.8232 2.5
      vertex 57.1143 -24.2305 2.5
      vertex 59.0096 -23.4467 2.5
    endloop
  endfacet
  facet normal 0 0 -1
    outer loop
      vertex 56.7236 -26.4463 2.5
      vertex 58.4315 -27.5913 2.5
      vertex 58.1777 -27.8969 2.5
    endloop
  endfacet
  facet normal -0 0 -1
    outer loop
      vertex 59.0096 -23.4467 2.5
      vertex 57.1143 -24.2305 2.5
      vertex 58.8492 -23.0833 2.5
    endloop
  endfacet
  facet normal 0 0 -1
    outer loop
      vertex 56.7236 -26.4463 2.5
      vertex 58.1777 -27.8969 2.5
      vertex 57.8969 -28.1777 2.5
    endloop
  endfacet
  facet normal 0 0 -1
    outer loop
      vertex 56.9486 -23.875 2.5
      vertex 58.8492 -23.0833 2.5
      vertex 57.1143 -24.2305 2.5
    endloop
  endfacet
  facet normal 0 0 -1
    outer loop
      vertex 56.4463 -26.7236 2.5
      vertex 57.8969 -28.1777 2.5
      vertex 57.5913 -28.4315 2.5
    endloop
  endfacet
  facet normal -0 0 -1
    outer loop
      vertex 58.8492 -23.0833 2.5
      vertex 56.9486 -23.875 2.5
      vertex 58.6559 -22.7363 2.5
    endloop
  endfacet
  facet normal 0 0 -1
    outer loop
      vertex 56.125 -26.9486 2.5
      vertex 57.5913 -28.4315 2.5
      vertex 57.2637 -28.6559 2.5
    endloop
  endfacet
  facet normal -0 0 -1
    outer loop
      vertex 58.6559 -22.7363 2.5
      vertex 56.9486 -23.875 2.5
      vertex 58.4315 -22.4087 2.5
    endloop
  endfacet
  facet normal 0 0 -1
    outer loop
      vertex 56.7236 -23.5537 2.5
      vertex 58.4315 -22.4087 2.5
      vertex 56.9486 -23.875 2.5
    endloop
  endfacet
  facet normal 0 0 -1
    outer loop
      vertex 59.2817 -25.3968 2.5
      vertex 57.2158 -25.3907 2.5
      vertex 57.25 -25 2.5
    endloop
  endfacet
  facet normal 0 0 -1
    outer loop
      vertex 59.1358 -26.1768 2.5
      vertex 57.1143 -25.7695 2.5
      vertex 57.2158 -25.3907 2.5
    endloop
  endfacet
  facet normal 0 0 -1
    outer loop
      vertex 58.8492 -26.9167 2.5
      vertex 56.9486 -26.125 2.5
      vertex 57.1143 -25.7695 2.5
    endloop
  endfacet
  facet normal 0 0 -1
    outer loop
      vertex 56.125 -26.9486 2.5
      vertex 57.2637 -28.6559 2.5
      vertex 56.9167 -28.8492 2.5
    endloop
  endfacet
  facet normal 0 0 -1
    outer loop
      vertex 58.4315 -27.5913 2.5
      vertex 56.7236 -26.4463 2.5
      vertex 56.9486 -26.125 2.5
    endloop
  endfacet
  facet normal 0 0 -1
    outer loop
      vertex 55.7695 -27.1143 2.5
      vertex 56.9167 -28.8492 2.5
      vertex 56.5533 -29.0096 2.5
    endloop
  endfacet
  facet normal 0 0 -1
    outer loop
      vertex 57.8969 -28.1777 2.5
      vertex 56.4463 -26.7236 2.5
      vertex 56.7236 -26.4463 2.5
    endloop
  endfacet
  facet normal 0 0 -1
    outer loop
      vertex 55.7695 -27.1143 2.5
      vertex 56.5533 -29.0096 2.5
      vertex 56.1768 -29.1358 2.5
    endloop
  endfacet
  facet normal 0 0 -1
    outer loop
      vertex 57.5913 -28.4315 2.5
      vertex 56.125 -26.9486 2.5
      vertex 56.4463 -26.7236 2.5
    endloop
  endfacet
  facet normal 0 0 -1
    outer loop
      vertex 55.3907 -27.2158 2.5
      vertex 56.1768 -29.1358 2.5
      vertex 55.7901 -29.2268 2.5
    endloop
  endfacet
  facet normal 0 0 -1
    outer loop
      vertex 56.9167 -28.8492 2.5
      vertex 55.7695 -27.1143 2.5
      vertex 56.125 -26.9486 2.5
    endloop
  endfacet
  facet normal 0 0 -1
    outer loop
      vertex 55.3907 -27.2158 2.5
      vertex 55.7901 -29.2268 2.5
      vertex 55.3968 -29.2817 2.5
    endloop
  endfacet
  facet normal 0 0 -1
    outer loop
      vertex 56.1768 -29.1358 2.5
      vertex 55.3907 -27.2158 2.5
      vertex 55.7695 -27.1143 2.5
    endloop
  endfacet
  facet normal 0 0 -1
    outer loop
      vertex 55 -27.25 2.5
      vertex 55.3968 -29.2817 2.5
      vertex 55 -29.3 2.5
    endloop
  endfacet
  facet normal 0 0 -1
    outer loop
      vertex 55.3968 -29.2817 2.5
      vertex 55 -27.25 2.5
      vertex 55.3907 -27.2158 2.5
    endloop
  endfacet
  facet normal 0 0 -1
    outer loop
      vertex 54.6032 -29.2817 2.5
      vertex 55 -27.25 2.5
      vertex 55 -29.3 2.5
    endloop
  endfacet
  facet normal -0 0 -1
    outer loop
      vertex 55 -27.25 2.5
      vertex 54.6032 -29.2817 2.5
      vertex 54.6093 -27.2158 2.5
    endloop
  endfacet
  facet normal 0 0 -1
    outer loop
      vertex 54.2099 -29.2268 2.5
      vertex 54.6093 -27.2158 2.5
      vertex 54.6032 -29.2817 2.5
    endloop
  endfacet
  facet normal 0 0 -1
    outer loop
      vertex 53.8232 -29.1358 2.5
      vertex 54.6093 -27.2158 2.5
      vertex 54.2099 -29.2268 2.5
    endloop
  endfacet
  facet normal -0 0 -1
    outer loop
      vertex 54.6093 -27.2158 2.5
      vertex 53.8232 -29.1358 2.5
      vertex 54.2305 -27.1143 2.5
    endloop
  endfacet
  facet normal 0 0 -1
    outer loop
      vertex 53.4467 -29.0096 2.5
      vertex 54.2305 -27.1143 2.5
      vertex 53.8232 -29.1358 2.5
    endloop
  endfacet
  facet normal 0 0 -1
    outer loop
      vertex 53.0833 -28.8492 2.5
      vertex 54.2305 -27.1143 2.5
      vertex 53.4467 -29.0096 2.5
    endloop
  endfacet
  facet normal -0 0 -1
    outer loop
      vertex 54.2305 -27.1143 2.5
      vertex 53.0833 -28.8492 2.5
      vertex 53.875 -26.9486 2.5
    endloop
  endfacet
  facet normal 0 0 -1
    outer loop
      vertex 52.7363 -28.6559 2.5
      vertex 53.875 -26.9486 2.5
      vertex 53.0833 -28.8492 2.5
    endloop
  endfacet
  facet normal 0 0 -1
    outer loop
      vertex 52.4087 -28.4315 2.5
      vertex 53.875 -26.9486 2.5
      vertex 52.7363 -28.6559 2.5
    endloop
  endfacet
  facet normal -0 0 -1
    outer loop
      vertex 53.875 -26.9486 2.5
      vertex 52.4087 -28.4315 2.5
      vertex 53.5537 -26.7236 2.5
    endloop
  endfacet
  facet normal 0 0 -1
    outer loop
      vertex 52.1031 -28.1777 2.5
      vertex 53.5537 -26.7236 2.5
      vertex 52.4087 -28.4315 2.5
    endloop
  endfacet
  facet normal -0 0 -1
    outer loop
      vertex 53.5537 -26.7236 2.5
      vertex 52.1031 -28.1777 2.5
      vertex 53.2764 -26.4463 2.5
    endloop
  endfacet
  facet normal 0 0 -1
    outer loop
      vertex 51.8223 -27.8969 2.5
      vertex 53.2764 -26.4463 2.5
      vertex 52.1031 -28.1777 2.5
    endloop
  endfacet
  facet normal 0 0 -1
    outer loop
      vertex 51.5685 -27.5913 2.5
      vertex 53.2764 -26.4463 2.5
      vertex 51.8223 -27.8969 2.5
    endloop
  endfacet
  facet normal -0 0 -1
    outer loop
      vertex 58.4315 -22.4087 2.5
      vertex 56.7236 -23.5537 2.5
      vertex 58.1777 -22.1031 2.5
    endloop
  endfacet
  facet normal -0 0 -1
    outer loop
      vertex 58.1777 -22.1031 2.5
      vertex 56.7236 -23.5537 2.5
      vertex 57.8969 -21.8223 2.5
    endloop
  endfacet
  facet normal 0 0 -1
    outer loop
      vertex 56.4463 -23.2764 2.5
      vertex 57.8969 -21.8223 2.5
      vertex 56.7236 -23.5537 2.5
    endloop
  endfacet
  facet normal -0 0 -1
    outer loop
      vertex 57.8969 -21.8223 2.5
      vertex 56.4463 -23.2764 2.5
      vertex 57.5913 -21.5685 2.5
    endloop
  endfacet
  facet normal 0 0 -1
    outer loop
      vertex 56.125 -23.0514 2.5
      vertex 57.5913 -21.5685 2.5
      vertex 56.4463 -23.2764 2.5
    endloop
  endfacet
  facet normal -0 0 -1
    outer loop
      vertex 57.5913 -21.5685 2.5
      vertex 56.125 -23.0514 2.5
      vertex 57.2637 -21.3441 2.5
    endloop
  endfacet
  facet normal -0 0 -1
    outer loop
      vertex 57.2637 -21.3441 2.5
      vertex 56.125 -23.0514 2.5
      vertex 56.9167 -21.1508 2.5
    endloop
  endfacet
  facet normal 0 0 -1
    outer loop
      vertex 55.7695 -22.8857 2.5
      vertex 56.9167 -21.1508 2.5
      vertex 56.125 -23.0514 2.5
    endloop
  endfacet
  facet normal -0 0 -1
    outer loop
      vertex 56.9167 -21.1508 2.5
      vertex 55.7695 -22.8857 2.5
      vertex 56.5533 -20.9904 2.5
    endloop
  endfacet
  facet normal -0 0 -1
    outer loop
      vertex 56.5533 -20.9904 2.5
      vertex 55.7695 -22.8857 2.5
      vertex 56.1768 -20.8642 2.5
    endloop
  endfacet
  facet normal 0 0 -1
    outer loop
      vertex 55.3907 -22.7842 2.5
      vertex 56.1768 -20.8642 2.5
      vertex 55.7695 -22.8857 2.5
    endloop
  endfacet
  facet normal -0 0 -1
    outer loop
      vertex 56.1768 -20.8642 2.5
      vertex 55.3907 -22.7842 2.5
      vertex 55.7901 -20.7732 2.5
    endloop
  endfacet
  facet normal -0 0 -1
    outer loop
      vertex 55.7901 -20.7732 2.5
      vertex 55.3907 -22.7842 2.5
      vertex 55.3968 -20.7183 2.5
    endloop
  endfacet
  facet normal 0 0 -1
    outer loop
      vertex 55 -22.75 2.5
      vertex 55.3968 -20.7183 2.5
      vertex 55.3907 -22.7842 2.5
    endloop
  endfacet
  facet normal 0 0 -1
    outer loop
      vertex 55 -22.75 2.5
      vertex 55 -20.7 2.5
      vertex 55.3968 -20.7183 2.5
    endloop
  endfacet
  facet normal 0 0 -1
    outer loop
      vertex 54.6032 -20.7183 2.5
      vertex 55 -22.75 2.5
      vertex 54.6093 -22.7842 2.5
    endloop
  endfacet
  facet normal 0 0 -1
    outer loop
      vertex 55 -22.75 2.5
      vertex 54.6032 -20.7183 2.5
      vertex 55 -20.7 2.5
    endloop
  endfacet
  facet normal 0 0 -1
    outer loop
      vertex 53.8232 -20.8642 2.5
      vertex 54.6093 -22.7842 2.5
      vertex 54.2305 -22.8857 2.5
    endloop
  endfacet
  facet normal 0 0 -1
    outer loop
      vertex 54.6093 -22.7842 2.5
      vertex 54.2099 -20.7732 2.5
      vertex 54.6032 -20.7183 2.5
    endloop
  endfacet
  facet normal 0 0 -1
    outer loop
      vertex 53.0833 -21.1508 2.5
      vertex 54.2305 -22.8857 2.5
      vertex 53.875 -23.0514 2.5
    endloop
  endfacet
  facet normal 0 0 -1
    outer loop
      vertex 54.6093 -22.7842 2.5
      vertex 53.8232 -20.8642 2.5
      vertex 54.2099 -20.7732 2.5
    endloop
  endfacet
  facet normal 0 0 -1
    outer loop
      vertex 52.4087 -21.5685 2.5
      vertex 53.875 -23.0514 2.5
      vertex 53.5537 -23.2764 2.5
    endloop
  endfacet
  facet normal 0 0 -1
    outer loop
      vertex 54.2305 -22.8857 2.5
      vertex 53.4467 -20.9904 2.5
      vertex 53.8232 -20.8642 2.5
    endloop
  endfacet
  facet normal 0 0 -1
    outer loop
      vertex 52.1031 -21.8223 2.5
      vertex 53.5537 -23.2764 2.5
      vertex 53.2764 -23.5537 2.5
    endloop
  endfacet
  facet normal 0 0 -1
    outer loop
      vertex 54.2305 -22.8857 2.5
      vertex 53.0833 -21.1508 2.5
      vertex 53.4467 -20.9904 2.5
    endloop
  endfacet
  facet normal 0 0 -1
    outer loop
      vertex 51.5685 -22.4087 2.5
      vertex 53.2764 -23.5537 2.5
      vertex 53.0514 -23.875 2.5
    endloop
  endfacet
  facet normal 0 0 -1
    outer loop
      vertex 51.1508 -23.0833 2.5
      vertex 53.0514 -23.875 2.5
      vertex 52.8857 -24.2305 2.5
    endloop
  endfacet
  facet normal 0 0 -1
    outer loop
      vertex 50.8642 -23.8232 2.5
      vertex 52.8857 -24.2305 2.5
      vertex 52.7842 -24.6093 2.5
    endloop
  endfacet
  facet normal 0 0 -1
    outer loop
      vertex 50.7183 -24.6032 2.5
      vertex 52.7842 -24.6093 2.5
      vertex 52.75 -25 2.5
    endloop
  endfacet
  facet normal 0 0 -1
    outer loop
      vertex 53.875 -23.0514 2.5
      vertex 52.7363 -21.3441 2.5
      vertex 53.0833 -21.1508 2.5
    endloop
  endfacet
  facet normal -0 0 -1
    outer loop
      vertex 53.2764 -26.4463 2.5
      vertex 51.5685 -27.5913 2.5
      vertex 53.0514 -26.125 2.5
    endloop
  endfacet
  facet normal 0 0 -1
    outer loop
      vertex 51.3441 -27.2637 2.5
      vertex 53.0514 -26.125 2.5
      vertex 51.5685 -27.5913 2.5
    endloop
  endfacet
  facet normal 0 0 -1
    outer loop
      vertex 53.875 -23.0514 2.5
      vertex 52.4087 -21.5685 2.5
      vertex 52.7363 -21.3441 2.5
    endloop
  endfacet
  facet normal 0 0 -1
    outer loop
      vertex 51.1508 -26.9167 2.5
      vertex 53.0514 -26.125 2.5
      vertex 51.3441 -27.2637 2.5
    endloop
  endfacet
  facet normal 0 0 -1
    outer loop
      vertex 53.5537 -23.2764 2.5
      vertex 52.1031 -21.8223 2.5
      vertex 52.4087 -21.5685 2.5
    endloop
  endfacet
  facet normal -0 0 -1
    outer loop
      vertex 53.0514 -26.125 2.5
      vertex 51.1508 -26.9167 2.5
      vertex 52.8857 -25.7695 2.5
    endloop
  endfacet
  facet normal 0 0 -1
    outer loop
      vertex 53.2764 -23.5537 2.5
      vertex 51.8223 -22.1031 2.5
      vertex 52.1031 -21.8223 2.5
    endloop
  endfacet
  facet normal 0 0 -1
    outer loop
      vertex 50.9904 -26.5533 2.5
      vertex 52.8857 -25.7695 2.5
      vertex 51.1508 -26.9167 2.5
    endloop
  endfacet
  facet normal 0 0 -1
    outer loop
      vertex 53.2764 -23.5537 2.5
      vertex 51.5685 -22.4087 2.5
      vertex 51.8223 -22.1031 2.5
    endloop
  endfacet
  facet normal 0 0 -1
    outer loop
      vertex 50.8642 -26.1768 2.5
      vertex 52.8857 -25.7695 2.5
      vertex 50.9904 -26.5533 2.5
    endloop
  endfacet
  facet normal 0 0 -1
    outer loop
      vertex 53.0514 -23.875 2.5
      vertex 51.3441 -22.7363 2.5
      vertex 51.5685 -22.4087 2.5
    endloop
  endfacet
  facet normal -0 0 -1
    outer loop
      vertex 52.8857 -25.7695 2.5
      vertex 50.8642 -26.1768 2.5
      vertex 52.7842 -25.3907 2.5
    endloop
  endfacet
  facet normal 0 0 -1
    outer loop
      vertex 53.0514 -23.875 2.5
      vertex 51.1508 -23.0833 2.5
      vertex 51.3441 -22.7363 2.5
    endloop
  endfacet
  facet normal 0 0 -1
    outer loop
      vertex 50.7732 -25.7901 2.5
      vertex 52.7842 -25.3907 2.5
      vertex 50.8642 -26.1768 2.5
    endloop
  endfacet
  facet normal 0 0 -1
    outer loop
      vertex 52.8857 -24.2305 2.5
      vertex 50.9904 -23.4467 2.5
      vertex 51.1508 -23.0833 2.5
    endloop
  endfacet
  facet normal 0 0 -1
    outer loop
      vertex 50.7183 -25.3968 2.5
      vertex 52.7842 -25.3907 2.5
      vertex 50.7732 -25.7901 2.5
    endloop
  endfacet
  facet normal 0 0 -1
    outer loop
      vertex 52.8857 -24.2305 2.5
      vertex 50.8642 -23.8232 2.5
      vertex 50.9904 -23.4467 2.5
    endloop
  endfacet
  facet normal -0 0 -1
    outer loop
      vertex 52.7842 -25.3907 2.5
      vertex 50.7183 -25.3968 2.5
      vertex 52.75 -25 2.5
    endloop
  endfacet
  facet normal 0 0 -1
    outer loop
      vertex 52.7842 -24.6093 2.5
      vertex 50.7732 -24.2099 2.5
      vertex 50.8642 -23.8232 2.5
    endloop
  endfacet
  facet normal 0 0 -1
    outer loop
      vertex 50.7 -25 2.5
      vertex 52.75 -25 2.5
      vertex 50.7183 -25.3968 2.5
    endloop
  endfacet
  facet normal 0 0 -1
    outer loop
      vertex 52.7842 -24.6093 2.5
      vertex 50.7183 -24.6032 2.5
      vertex 50.7732 -24.2099 2.5
    endloop
  endfacet
  facet normal 0 0 -1
    outer loop
      vertex 52.75 -25 2.5
      vertex 50.7 -25 2.5
      vertex 50.7183 -24.6032 2.5
    endloop
  endfacet
  facet normal -0.138248 -0.990398 0
    outer loop
      vertex 55.3968 -20.7183 0
      vertex 55.7901 -20.7732 2.5
      vertex 55.3968 -20.7183 2.5
    endloop
  endfacet
  facet normal -0.138248 -0.990398 -0
    outer loop
      vertex 55.7901 -20.7732 2.5
      vertex 55.3968 -20.7183 0
      vertex 55.7901 -20.7732 0
    endloop
  endfacet
  facet normal 0.914847 -0.403801 0
    outer loop
      vertex 50.9904 -23.4467 2.5
      vertex 51.1508 -23.0833 0
      vertex 51.1508 -23.0833 2.5
    endloop
  endfacet
  facet normal 0.914847 -0.403801 0
    outer loop
      vertex 51.1508 -23.0833 0
      vertex 50.9904 -23.4467 2.5
      vertex 50.9904 -23.4467 0
    endloop
  endfacet
  facet normal -0.04607 -0.998938 0
    outer loop
      vertex 55 -20.7 0
      vertex 55.3968 -20.7183 2.5
      vertex 55 -20.7 2.5
    endloop
  endfacet
  facet normal -0.04607 -0.998938 -0
    outer loop
      vertex 55.3968 -20.7183 2.5
      vertex 55 -20.7 0
      vertex 55.3968 -20.7183 0
    endloop
  endfacet
  facet normal 0.914847 0.403801 0
    outer loop
      vertex 51.1508 -26.9167 2.5
      vertex 50.9904 -26.5533 0
      vertex 50.9904 -26.5533 2.5
    endloop
  endfacet
  facet normal 0.914847 0.403801 0
    outer loop
      vertex 50.9904 -26.5533 0
      vertex 51.1508 -26.9167 2.5
      vertex 51.1508 -26.9167 0
    endloop
  endfacet
  facet normal 0.990398 -0.138248 0
    outer loop
      vertex 50.7183 -24.6032 2.5
      vertex 50.7732 -24.2099 0
      vertex 50.7732 -24.2099 2.5
    endloop
  endfacet
  facet normal 0.990398 -0.138248 0
    outer loop
      vertex 50.7732 -24.2099 0
      vertex 50.7183 -24.6032 2.5
      vertex 50.7183 -24.6032 0
    endloop
  endfacet
  facet normal 0.565117 0.825011 -0
    outer loop
      vertex 52.7363 -28.6559 0
      vertex 52.4087 -28.4315 2.5
      vertex 52.7363 -28.6559 2.5
    endloop
  endfacet
  facet normal 0.565117 0.825011 0
    outer loop
      vertex 52.4087 -28.4315 2.5
      vertex 52.7363 -28.6559 0
      vertex 52.4087 -28.4315 0
    endloop
  endfacet
  facet normal 0.04607 -0.998938 0
    outer loop
      vertex 54.6032 -20.7183 0
      vertex 55 -20.7 2.5
      vertex 54.6032 -20.7183 2.5
    endloop
  endfacet
  facet normal 0.04607 -0.998938 0
    outer loop
      vertex 55 -20.7 2.5
      vertex 54.6032 -20.7183 0
      vertex 55 -20.7 0
    endloop
  endfacet
  facet normal 0.873599 -0.486647 0
    outer loop
      vertex 51.1508 -23.0833 2.5
      vertex 51.3441 -22.7363 0
      vertex 51.3441 -22.7363 2.5
    endloop
  endfacet
  facet normal 0.873599 -0.486647 0
    outer loop
      vertex 51.3441 -22.7363 0
      vertex 51.1508 -23.0833 2.5
      vertex 51.1508 -23.0833 0
    endloop
  endfacet
  facet normal 0.486647 0.873599 -0
    outer loop
      vertex 53.0833 -28.8492 0
      vertex 52.7363 -28.6559 2.5
      vertex 53.0833 -28.8492 2.5
    endloop
  endfacet
  facet normal 0.486647 0.873599 0
    outer loop
      vertex 52.7363 -28.6559 2.5
      vertex 53.0833 -28.8492 0
      vertex 52.7363 -28.6559 0
    endloop
  endfacet
  facet normal 0.707107 0.707107 0
    outer loop
      vertex 53.5537 83.2764 6
      vertex 53.2764 83.5537 2.5
      vertex 53.2764 83.5537 6
    endloop
  endfacet
  facet normal 0.707107 0.707107 0
    outer loop
      vertex 53.2764 83.5537 2.5
      vertex 53.5537 83.2764 6
      vertex 53.5537 83.2764 2.5
    endloop
  endfacet
  facet normal 0.906378 -0.422467 0
    outer loop
      vertex 52.8857 85.7695 6
      vertex 53.0514 86.125 2.5
      vertex 53.0514 86.125 6
    endloop
  endfacet
  facet normal 0.906378 -0.422467 0
    outer loop
      vertex 53.0514 86.125 2.5
      vertex 52.8857 85.7695 6
      vertex 52.8857 85.7695 2.5
    endloop
  endfacet
  facet normal -0.965925 -0.258821 0
    outer loop
      vertex 57.2158 85.3907 2.5
      vertex 57.1143 85.7695 6
      vertex 57.1143 85.7695 2.5
    endloop
  endfacet
  facet normal -0.965925 -0.258821 0
    outer loop
      vertex 57.1143 85.7695 6
      vertex 57.2158 85.3907 2.5
      vertex 57.2158 85.3907 6
    endloop
  endfacet
  facet normal -0.996191 -0.0872017 0
    outer loop
      vertex 57.25 85 2.5
      vertex 57.2158 85.3907 6
      vertex 57.2158 85.3907 2.5
    endloop
  endfacet
  facet normal -0.996191 -0.0872017 0
    outer loop
      vertex 57.2158 85.3907 6
      vertex 57.25 85 2.5
      vertex 57.25 85 6
    endloop
  endfacet
  facet normal -0.906378 -0.422467 0
    outer loop
      vertex 57.1143 85.7695 2.5
      vertex 56.9486 86.125 6
      vertex 56.9486 86.125 2.5
    endloop
  endfacet
  facet normal -0.906378 -0.422467 0
    outer loop
      vertex 56.9486 86.125 6
      vertex 57.1143 85.7695 2.5
      vertex 57.1143 85.7695 6
    endloop
  endfacet
  facet normal -0.573616 0.819124 0
    outer loop
      vertex 56.4463 83.2764 2.5
      vertex 56.125 83.0514 6
      vertex 56.4463 83.2764 6
    endloop
  endfacet
  facet normal -0.573616 0.819124 0
    outer loop
      vertex 56.125 83.0514 6
      vertex 56.4463 83.2764 2.5
      vertex 56.125 83.0514 2.5
    endloop
  endfacet
  facet normal 0.0872017 0.996191 -0
    outer loop
      vertex 55 82.75 2.5
      vertex 54.6093 82.7842 6
      vertex 55 82.75 6
    endloop
  endfacet
  facet normal 0.0872017 0.996191 0
    outer loop
      vertex 54.6093 82.7842 6
      vertex 55 82.75 2.5
      vertex 54.6093 82.7842 2.5
    endloop
  endfacet
  facet normal -0.707107 0.707107 0
    outer loop
      vertex 56.4463 83.2764 2.5
      vertex 56.7236 83.5537 6
      vertex 56.7236 83.5537 2.5
    endloop
  endfacet
  facet normal -0.707107 0.707107 0
    outer loop
      vertex 56.7236 83.5537 6
      vertex 56.4463 83.2764 2.5
      vertex 56.4463 83.2764 6
    endloop
  endfacet
  facet normal -0.422467 0.906378 0
    outer loop
      vertex 56.125 83.0514 2.5
      vertex 55.7695 82.8857 6
      vertex 56.125 83.0514 6
    endloop
  endfacet
  facet normal -0.422467 0.906378 0
    outer loop
      vertex 55.7695 82.8857 6
      vertex 56.125 83.0514 2.5
      vertex 55.7695 82.8857 2.5
    endloop
  endfacet
  facet normal 0.258821 -0.965925 0
    outer loop
      vertex 54.2305 87.1143 2.5
      vertex 54.6093 87.2158 6
      vertex 54.2305 87.1143 6
    endloop
  endfacet
  facet normal 0.258821 -0.965925 0
    outer loop
      vertex 54.6093 87.2158 6
      vertex 54.2305 87.1143 2.5
      vertex 54.6093 87.2158 2.5
    endloop
  endfacet
  facet normal 0.422467 -0.906378 0
    outer loop
      vertex 53.875 86.9486 2.5
      vertex 54.2305 87.1143 6
      vertex 53.875 86.9486 6
    endloop
  endfacet
  facet normal 0.422467 -0.906378 0
    outer loop
      vertex 54.2305 87.1143 6
      vertex 53.875 86.9486 2.5
      vertex 54.2305 87.1143 2.5
    endloop
  endfacet
  facet normal -0.0872017 0.996191 0
    outer loop
      vertex 55.3907 82.7842 2.5
      vertex 55 82.75 6
      vertex 55.3907 82.7842 6
    endloop
  endfacet
  facet normal -0.0872017 0.996191 0
    outer loop
      vertex 55 82.75 6
      vertex 55.3907 82.7842 2.5
      vertex 55 82.75 2.5
    endloop
  endfacet
  facet normal 0.965925 0.258821 0
    outer loop
      vertex 52.8857 84.2305 6
      vertex 52.7842 84.6093 2.5
      vertex 52.7842 84.6093 6
    endloop
  endfacet
  facet normal 0.965925 0.258821 0
    outer loop
      vertex 52.7842 84.6093 2.5
      vertex 52.8857 84.2305 6
      vertex 52.8857 84.2305 2.5
    endloop
  endfacet
  facet normal 0.573616 0.819124 -0
    outer loop
      vertex 53.875 83.0514 2.5
      vertex 53.5537 83.2764 6
      vertex 53.875 83.0514 6
    endloop
  endfacet
  facet normal 0.573616 0.819124 0
    outer loop
      vertex 53.5537 83.2764 6
      vertex 53.875 83.0514 2.5
      vertex 53.5537 83.2764 2.5
    endloop
  endfacet
  facet normal 0.819124 -0.573616 0
    outer loop
      vertex 53.0514 86.125 6
      vertex 53.2764 86.4463 2.5
      vertex 53.2764 86.4463 6
    endloop
  endfacet
  facet normal 0.819124 -0.573616 0
    outer loop
      vertex 53.2764 86.4463 2.5
      vertex 53.0514 86.125 6
      vertex 53.0514 86.125 2.5
    endloop
  endfacet
  facet normal -0.906378 0.422467 0
    outer loop
      vertex 56.9486 83.875 2.5
      vertex 57.1143 84.2305 6
      vertex 57.1143 84.2305 2.5
    endloop
  endfacet
  facet normal -0.906378 0.422467 0
    outer loop
      vertex 57.1143 84.2305 6
      vertex 56.9486 83.875 2.5
      vertex 56.9486 83.875 6
    endloop
  endfacet
  facet normal 0.819124 0.573616 0
    outer loop
      vertex 53.2764 83.5537 6
      vertex 53.0514 83.875 2.5
      vertex 53.0514 83.875 6
    endloop
  endfacet
  facet normal 0.819124 0.573616 0
    outer loop
      vertex 53.0514 83.875 2.5
      vertex 53.2764 83.5537 6
      vertex 53.2764 83.5537 2.5
    endloop
  endfacet
  facet normal 0.573616 -0.819124 0
    outer loop
      vertex 53.5537 86.7236 2.5
      vertex 53.875 86.9486 6
      vertex 53.5537 86.7236 6
    endloop
  endfacet
  facet normal 0.573616 -0.819124 0
    outer loop
      vertex 53.875 86.9486 6
      vertex 53.5537 86.7236 2.5
      vertex 53.875 86.9486 2.5
    endloop
  endfacet
  facet normal -0.819124 0.573616 0
    outer loop
      vertex 56.7236 83.5537 2.5
      vertex 56.9486 83.875 6
      vertex 56.9486 83.875 2.5
    endloop
  endfacet
  facet normal -0.819124 0.573616 0
    outer loop
      vertex 56.9486 83.875 6
      vertex 56.7236 83.5537 2.5
      vertex 56.7236 83.5537 6
    endloop
  endfacet
  facet normal -0.819124 -0.573616 0
    outer loop
      vertex 56.9486 86.125 2.5
      vertex 56.7236 86.4463 6
      vertex 56.7236 86.4463 2.5
    endloop
  endfacet
  facet normal -0.819124 -0.573616 0
    outer loop
      vertex 56.7236 86.4463 6
      vertex 56.9486 86.125 2.5
      vertex 56.9486 86.125 6
    endloop
  endfacet
  facet normal -0.965925 0.258821 0
    outer loop
      vertex 57.1143 84.2305 2.5
      vertex 57.2158 84.6093 6
      vertex 57.2158 84.6093 2.5
    endloop
  endfacet
  facet normal -0.965925 0.258821 0
    outer loop
      vertex 57.2158 84.6093 6
      vertex 57.1143 84.2305 2.5
      vertex 57.1143 84.2305 6
    endloop
  endfacet
  facet normal 0.996191 -0.0872017 0
    outer loop
      vertex 52.75 85 6
      vertex 52.7842 85.3907 2.5
      vertex 52.7842 85.3907 6
    endloop
  endfacet
  facet normal 0.996191 -0.0872017 0
    outer loop
      vertex 52.7842 85.3907 2.5
      vertex 52.75 85 6
      vertex 52.75 85 2.5
    endloop
  endfacet
  facet normal -0.422467 -0.906378 0
    outer loop
      vertex 55.7695 87.1143 2.5
      vertex 56.125 86.9486 6
      vertex 55.7695 87.1143 6
    endloop
  endfacet
  facet normal -0.422467 -0.906378 -0
    outer loop
      vertex 56.125 86.9486 6
      vertex 55.7695 87.1143 2.5
      vertex 56.125 86.9486 2.5
    endloop
  endfacet
  facet normal -0.707107 -0.707107 0
    outer loop
      vertex 56.7236 86.4463 2.5
      vertex 56.4463 86.7236 6
      vertex 56.4463 86.7236 2.5
    endloop
  endfacet
  facet normal -0.707107 -0.707107 0
    outer loop
      vertex 56.4463 86.7236 6
      vertex 56.7236 86.4463 2.5
      vertex 56.7236 86.4463 6
    endloop
  endfacet
  facet normal -0.258821 0.965925 0
    outer loop
      vertex 55.7695 82.8857 2.5
      vertex 55.3907 82.7842 6
      vertex 55.7695 82.8857 6
    endloop
  endfacet
  facet normal -0.258821 0.965925 0
    outer loop
      vertex 55.3907 82.7842 6
      vertex 55.7695 82.8857 2.5
      vertex 55.3907 82.7842 2.5
    endloop
  endfacet
  facet normal -0.996191 0.0872017 0
    outer loop
      vertex 57.2158 84.6093 2.5
      vertex 57.25 85 6
      vertex 57.25 85 2.5
    endloop
  endfacet
  facet normal -0.996191 0.0872017 0
    outer loop
      vertex 57.25 85 6
      vertex 57.2158 84.6093 2.5
      vertex 57.2158 84.6093 6
    endloop
  endfacet
  facet normal -0.573616 -0.819124 0
    outer loop
      vertex 56.125 86.9486 2.5
      vertex 56.4463 86.7236 6
      vertex 56.125 86.9486 6
    endloop
  endfacet
  facet normal -0.573616 -0.819124 -0
    outer loop
      vertex 56.4463 86.7236 6
      vertex 56.125 86.9486 2.5
      vertex 56.4463 86.7236 2.5
    endloop
  endfacet
  facet normal 0.0872017 -0.996191 0
    outer loop
      vertex 54.6093 87.2158 2.5
      vertex 55 87.25 6
      vertex 54.6093 87.2158 6
    endloop
  endfacet
  facet normal 0.0872017 -0.996191 0
    outer loop
      vertex 55 87.25 6
      vertex 54.6093 87.2158 2.5
      vertex 55 87.25 2.5
    endloop
  endfacet
  facet normal 0.258821 0.965925 -0
    outer loop
      vertex 54.6093 82.7842 2.5
      vertex 54.2305 82.8857 6
      vertex 54.6093 82.7842 6
    endloop
  endfacet
  facet normal 0.258821 0.965925 0
    outer loop
      vertex 54.2305 82.8857 6
      vertex 54.6093 82.7842 2.5
      vertex 54.2305 82.8857 2.5
    endloop
  endfacet
  facet normal 0.906378 0.422467 0
    outer loop
      vertex 53.0514 83.875 6
      vertex 52.8857 84.2305 2.5
      vertex 52.8857 84.2305 6
    endloop
  endfacet
  facet normal 0.906378 0.422467 0
    outer loop
      vertex 52.8857 84.2305 2.5
      vertex 53.0514 83.875 6
      vertex 53.0514 83.875 2.5
    endloop
  endfacet
  facet normal -0.0872017 -0.996191 0
    outer loop
      vertex 55 87.25 2.5
      vertex 55.3907 87.2158 6
      vertex 55 87.25 6
    endloop
  endfacet
  facet normal -0.0872017 -0.996191 -0
    outer loop
      vertex 55.3907 87.2158 6
      vertex 55 87.25 2.5
      vertex 55.3907 87.2158 2.5
    endloop
  endfacet
  facet normal 0.996191 0.0872017 0
    outer loop
      vertex 52.7842 84.6093 6
      vertex 52.75 85 2.5
      vertex 52.75 85 6
    endloop
  endfacet
  facet normal 0.996191 0.0872017 0
    outer loop
      vertex 52.75 85 2.5
      vertex 52.7842 84.6093 6
      vertex 52.7842 84.6093 2.5
    endloop
  endfacet
  facet normal -0.258821 -0.965925 0
    outer loop
      vertex 55.3907 87.2158 2.5
      vertex 55.7695 87.1143 6
      vertex 55.3907 87.2158 6
    endloop
  endfacet
  facet normal -0.258821 -0.965925 -0
    outer loop
      vertex 55.7695 87.1143 6
      vertex 55.3907 87.2158 2.5
      vertex 55.7695 87.1143 2.5
    endloop
  endfacet
  facet normal 0.965925 -0.258821 0
    outer loop
      vertex 52.7842 85.3907 6
      vertex 52.8857 85.7695 2.5
      vertex 52.8857 85.7695 6
    endloop
  endfacet
  facet normal 0.965925 -0.258821 0
    outer loop
      vertex 52.8857 85.7695 2.5
      vertex 52.7842 85.3907 6
      vertex 52.7842 85.3907 2.5
    endloop
  endfacet
  facet normal 0.422467 0.906378 -0
    outer loop
      vertex 54.2305 82.8857 2.5
      vertex 53.875 83.0514 6
      vertex 54.2305 82.8857 6
    endloop
  endfacet
  facet normal 0.422467 0.906378 0
    outer loop
      vertex 53.875 83.0514 6
      vertex 54.2305 82.8857 2.5
      vertex 53.875 83.0514 2.5
    endloop
  endfacet
  facet normal 0.707107 -0.707107 0
    outer loop
      vertex 53.2764 86.4463 6
      vertex 53.5537 86.7236 2.5
      vertex 53.5537 86.7236 6
    endloop
  endfacet
  facet normal 0.707107 -0.707107 0
    outer loop
      vertex 53.5537 86.7236 2.5
      vertex 53.2764 86.4463 6
      vertex 53.2764 86.4463 2.5
    endloop
  endfacet
  facet normal -0.990398 -0.138248 0
    outer loop
      vertex 59.2817 85.3968 0
      vertex 59.2268 85.7901 2.5
      vertex 59.2268 85.7901 0
    endloop
  endfacet
  facet normal -0.990398 -0.138248 0
    outer loop
      vertex 59.2268 85.7901 2.5
      vertex 59.2817 85.3968 0
      vertex 59.2817 85.3968 2.5
    endloop
  endfacet
  facet normal -0.998938 -0.04607 0
    outer loop
      vertex 59.3 85 0
      vertex 59.2817 85.3968 2.5
      vertex 59.2817 85.3968 0
    endloop
  endfacet
  facet normal -0.998938 -0.04607 0
    outer loop
      vertex 59.2817 85.3968 2.5
      vertex 59.3 85 0
      vertex 59.3 85 2.5
    endloop
  endfacet
  facet normal -0.973411 -0.229067 0
    outer loop
      vertex 59.2268 85.7901 0
      vertex 59.1358 86.1768 2.5
      vertex 59.1358 86.1768 0
    endloop
  endfacet
  facet normal -0.973411 -0.229067 0
    outer loop
      vertex 59.1358 86.1768 2.5
      vertex 59.2268 85.7901 0
      vertex 59.2268 85.7901 2.5
    endloop
  endfacet
  facet normal -0.317814 -0.948153 0
    outer loop
      vertex 56.1768 89.1358 0
      vertex 56.5533 89.0096 2.5
      vertex 56.1768 89.1358 2.5
    endloop
  endfacet
  facet normal -0.317814 -0.948153 -0
    outer loop
      vertex 56.5533 89.0096 2.5
      vertex 56.1768 89.1358 0
      vertex 56.5533 89.0096 0
    endloop
  endfacet
  facet normal -0.138248 0.990398 0
    outer loop
      vertex 55.7901 80.7732 0
      vertex 55.3968 80.7183 2.5
      vertex 55.7901 80.7732 2.5
    endloop
  endfacet
  facet normal -0.138248 0.990398 0
    outer loop
      vertex 55.3968 80.7183 2.5
      vertex 55.7901 80.7732 0
      vertex 55.3968 80.7183 0
    endloop
  endfacet
  facet normal 0.317814 -0.948153 0
    outer loop
      vertex 53.4467 89.0096 0
      vertex 53.8232 89.1358 2.5
      vertex 53.4467 89.0096 2.5
    endloop
  endfacet
  facet normal 0.317814 -0.948153 0
    outer loop
      vertex 53.8232 89.1358 2.5
      vertex 53.4467 89.0096 0
      vertex 53.8232 89.1358 0
    endloop
  endfacet
  facet normal -0.769293 -0.638896 0
    outer loop
      vertex 58.4315 87.5913 0
      vertex 58.1777 87.8969 2.5
      vertex 58.1777 87.8969 0
    endloop
  endfacet
  facet normal -0.769293 -0.638896 0
    outer loop
      vertex 58.1777 87.8969 2.5
      vertex 58.4315 87.5913 0
      vertex 58.4315 87.5913 2.5
    endloop
  endfacet
  facet normal 0.998938 0.04607 0
    outer loop
      vertex 50.7183 84.6032 2.5
      vertex 50.7 85 0
      vertex 50.7 85 2.5
    endloop
  endfacet
  facet normal 0.998938 0.04607 0
    outer loop
      vertex 50.7 85 0
      vertex 50.7183 84.6032 2.5
      vertex 50.7183 84.6032 0
    endloop
  endfacet
  facet normal 0.229067 0.973411 -0
    outer loop
      vertex 54.2099 80.7732 0
      vertex 53.8232 80.8642 2.5
      vertex 54.2099 80.7732 2.5
    endloop
  endfacet
  facet normal 0.229067 0.973411 0
    outer loop
      vertex 53.8232 80.8642 2.5
      vertex 54.2099 80.7732 0
      vertex 53.8232 80.8642 0
    endloop
  endfacet
  facet normal 0.565117 -0.825011 0
    outer loop
      vertex 52.4087 88.4315 0
      vertex 52.7363 88.6559 2.5
      vertex 52.4087 88.4315 2.5
    endloop
  endfacet
  facet normal 0.565117 -0.825011 0
    outer loop
      vertex 52.7363 88.6559 2.5
      vertex 52.4087 88.4315 0
      vertex 52.7363 88.6559 0
    endloop
  endfacet
  facet normal 0.707107 -0.707107 0
    outer loop
      vertex 51.8223 87.8969 0
      vertex 52.1031 88.1777 2.5
      vertex 51.8223 87.8969 2.5
    endloop
  endfacet
  facet normal 0.707107 -0.707107 0
    outer loop
      vertex 52.1031 88.1777 2.5
      vertex 51.8223 87.8969 0
      vertex 52.1031 88.1777 0
    endloop
  endfacet
  facet normal -0.403801 0.914847 0
    outer loop
      vertex 56.9167 81.1508 0
      vertex 56.5533 80.9904 2.5
      vertex 56.9167 81.1508 2.5
    endloop
  endfacet
  facet normal -0.403801 0.914847 0
    outer loop
      vertex 56.5533 80.9904 2.5
      vertex 56.9167 81.1508 0
      vertex 56.5533 80.9904 0
    endloop
  endfacet
  facet normal 0.403801 0.914847 -0
    outer loop
      vertex 53.4467 80.9904 0
      vertex 53.0833 81.1508 2.5
      vertex 53.4467 80.9904 2.5
    endloop
  endfacet
  facet normal 0.403801 0.914847 0
    outer loop
      vertex 53.0833 81.1508 2.5
      vertex 53.4467 80.9904 0
      vertex 53.0833 81.1508 0
    endloop
  endfacet
  facet normal 0.486647 -0.873599 0
    outer loop
      vertex 52.7363 88.6559 0
      vertex 53.0833 88.8492 2.5
      vertex 52.7363 88.6559 2.5
    endloop
  endfacet
  facet normal 0.486647 -0.873599 0
    outer loop
      vertex 53.0833 88.8492 2.5
      vertex 52.7363 88.6559 0
      vertex 53.0833 88.8492 0
    endloop
  endfacet
  facet normal -0.317814 0.948153 0
    outer loop
      vertex 56.5533 80.9904 0
      vertex 56.1768 80.8642 2.5
      vertex 56.5533 80.9904 2.5
    endloop
  endfacet
  facet normal -0.317814 0.948153 0
    outer loop
      vertex 56.1768 80.8642 2.5
      vertex 56.5533 80.9904 0
      vertex 56.1768 80.8642 0
    endloop
  endfacet
  facet normal 0.948153 0.317814 0
    outer loop
      vertex 50.9904 83.4467 2.5
      vertex 50.8642 83.8232 0
      vertex 50.8642 83.8232 2.5
    endloop
  endfacet
  facet normal 0.948153 0.317814 0
    outer loop
      vertex 50.8642 83.8232 0
      vertex 50.9904 83.4467 2.5
      vertex 50.9904 83.4467 0
    endloop
  endfacet
  facet normal 0.990398 0.138248 0
    outer loop
      vertex 50.7732 84.2099 2.5
      vertex 50.7183 84.6032 0
      vertex 50.7183 84.6032 2.5
    endloop
  endfacet
  facet normal 0.990398 0.138248 0
    outer loop
      vertex 50.7183 84.6032 0
      vertex 50.7732 84.2099 2.5
      vertex 50.7732 84.2099 0
    endloop
  endfacet
  facet normal -0.565117 0.825011 0
    outer loop
      vertex 57.5913 81.5685 0
      vertex 57.2637 81.3441 2.5
      vertex 57.5913 81.5685 2.5
    endloop
  endfacet
  facet normal -0.565117 0.825011 0
    outer loop
      vertex 57.2637 81.3441 2.5
      vertex 57.5913 81.5685 0
      vertex 57.2637 81.3441 0
    endloop
  endfacet
  facet normal -0.638896 -0.769293 0
    outer loop
      vertex 57.5913 88.4315 0
      vertex 57.8969 88.1777 2.5
      vertex 57.5913 88.4315 2.5
    endloop
  endfacet
  facet normal -0.638896 -0.769293 -0
    outer loop
      vertex 57.8969 88.1777 2.5
      vertex 57.5913 88.4315 0
      vertex 57.8969 88.1777 0
    endloop
  endfacet
  facet normal 0.825011 0.565117 0
    outer loop
      vertex 51.5685 82.4087 2.5
      vertex 51.3441 82.7363 0
      vertex 51.3441 82.7363 2.5
    endloop
  endfacet
  facet normal 0.825011 0.565117 0
    outer loop
      vertex 51.3441 82.7363 0
      vertex 51.5685 82.4087 2.5
      vertex 51.5685 82.4087 0
    endloop
  endfacet
  facet normal 0.403801 -0.914847 0
    outer loop
      vertex 53.0833 88.8492 0
      vertex 53.4467 89.0096 2.5
      vertex 53.0833 88.8492 2.5
    endloop
  endfacet
  facet normal 0.403801 -0.914847 0
    outer loop
      vertex 53.4467 89.0096 2.5
      vertex 53.0833 88.8492 0
      vertex 53.4467 89.0096 0
    endloop
  endfacet
  facet normal -0.914847 -0.403801 0
    outer loop
      vertex 59.0096 86.5533 0
      vertex 58.8492 86.9167 2.5
      vertex 58.8492 86.9167 0
    endloop
  endfacet
  facet normal -0.914847 -0.403801 0
    outer loop
      vertex 58.8492 86.9167 2.5
      vertex 59.0096 86.5533 0
      vertex 59.0096 86.5533 2.5
    endloop
  endfacet
  facet normal -0.990398 0.138248 0
    outer loop
      vertex 59.2268 84.2099 0
      vertex 59.2817 84.6032 2.5
      vertex 59.2817 84.6032 0
    endloop
  endfacet
  facet normal -0.990398 0.138248 0
    outer loop
      vertex 59.2817 84.6032 2.5
      vertex 59.2268 84.2099 0
      vertex 59.2268 84.2099 2.5
    endloop
  endfacet
  facet normal -0.04607 0.998938 0
    outer loop
      vertex 55.3968 80.7183 0
      vertex 55 80.7 2.5
      vertex 55.3968 80.7183 2.5
    endloop
  endfacet
  facet normal -0.04607 0.998938 0
    outer loop
      vertex 55 80.7 2.5
      vertex 55.3968 80.7183 0
      vertex 55 80.7 0
    endloop
  endfacet
  facet normal 0.914847 0.403801 0
    outer loop
      vertex 51.1508 83.0833 2.5
      vertex 50.9904 83.4467 0
      vertex 50.9904 83.4467 2.5
    endloop
  endfacet
  facet normal 0.914847 0.403801 0
    outer loop
      vertex 50.9904 83.4467 0
      vertex 51.1508 83.0833 2.5
      vertex 51.1508 83.0833 0
    endloop
  endfacet
  facet normal -0.948153 -0.317814 0
    outer loop
      vertex 59.1358 86.1768 0
      vertex 59.0096 86.5533 2.5
      vertex 59.0096 86.5533 0
    endloop
  endfacet
  facet normal -0.948153 -0.317814 0
    outer loop
      vertex 59.0096 86.5533 2.5
      vertex 59.1358 86.1768 0
      vertex 59.1358 86.1768 2.5
    endloop
  endfacet
  facet normal -0.825011 0.565117 0
    outer loop
      vertex 58.4315 82.4087 0
      vertex 58.6559 82.7363 2.5
      vertex 58.6559 82.7363 0
    endloop
  endfacet
  facet normal -0.825011 0.565117 0
    outer loop
      vertex 58.6559 82.7363 2.5
      vertex 58.4315 82.4087 0
      vertex 58.4315 82.4087 2.5
    endloop
  endfacet
  facet normal 0.638896 0.769293 -0
    outer loop
      vertex 52.4087 81.5685 0
      vertex 52.1031 81.8223 2.5
      vertex 52.4087 81.5685 2.5
    endloop
  endfacet
  facet normal 0.638896 0.769293 0
    outer loop
      vertex 52.1031 81.8223 2.5
      vertex 52.4087 81.5685 0
      vertex 52.1031 81.8223 0
    endloop
  endfacet
  facet normal 0.973411 0.229067 0
    outer loop
      vertex 50.8642 83.8232 2.5
      vertex 50.7732 84.2099 0
      vertex 50.7732 84.2099 2.5
    endloop
  endfacet
  facet normal 0.973411 0.229067 0
    outer loop
      vertex 50.7732 84.2099 0
      vertex 50.8642 83.8232 2.5
      vertex 50.8642 83.8232 0
    endloop
  endfacet
  facet normal -0.486647 -0.873599 0
    outer loop
      vertex 56.9167 88.8492 0
      vertex 57.2637 88.6559 2.5
      vertex 56.9167 88.8492 2.5
    endloop
  endfacet
  facet normal -0.486647 -0.873599 -0
    outer loop
      vertex 57.2637 88.6559 2.5
      vertex 56.9167 88.8492 0
      vertex 57.2637 88.6559 0
    endloop
  endfacet
  facet normal -0.825011 -0.565117 0
    outer loop
      vertex 58.6559 87.2637 0
      vertex 58.4315 87.5913 2.5
      vertex 58.4315 87.5913 0
    endloop
  endfacet
  facet normal -0.825011 -0.565117 0
    outer loop
      vertex 58.4315 87.5913 2.5
      vertex 58.6559 87.2637 0
      vertex 58.6559 87.2637 2.5
    endloop
  endfacet
  facet normal -0.914847 0.403801 0
    outer loop
      vertex 58.8492 83.0833 0
      vertex 59.0096 83.4467 2.5
      vertex 59.0096 83.4467 0
    endloop
  endfacet
  facet normal -0.914847 0.403801 0
    outer loop
      vertex 59.0096 83.4467 2.5
      vertex 58.8492 83.0833 0
      vertex 58.8492 83.0833 2.5
    endloop
  endfacet
  facet normal 0.873599 0.486647 0
    outer loop
      vertex 51.3441 82.7363 2.5
      vertex 51.1508 83.0833 0
      vertex 51.1508 83.0833 2.5
    endloop
  endfacet
  facet normal 0.873599 0.486647 0
    outer loop
      vertex 51.1508 83.0833 0
      vertex 51.3441 82.7363 2.5
      vertex 51.3441 82.7363 0
    endloop
  endfacet
  facet normal 0.825011 -0.565117 0
    outer loop
      vertex 51.3441 87.2637 2.5
      vertex 51.5685 87.5913 0
      vertex 51.5685 87.5913 2.5
    endloop
  endfacet
  facet normal 0.825011 -0.565117 0
    outer loop
      vertex 51.5685 87.5913 0
      vertex 51.3441 87.2637 2.5
      vertex 51.3441 87.2637 0
    endloop
  endfacet
  facet normal 0.948153 -0.317814 0
    outer loop
      vertex 50.8642 86.1768 2.5
      vertex 50.9904 86.5533 0
      vertex 50.9904 86.5533 2.5
    endloop
  endfacet
  facet normal 0.948153 -0.317814 0
    outer loop
      vertex 50.9904 86.5533 0
      vertex 50.8642 86.1768 2.5
      vertex 50.8642 86.1768 0
    endloop
  endfacet
  facet normal -0.229067 -0.973411 0
    outer loop
      vertex 55.7901 89.2268 0
      vertex 56.1768 89.1358 2.5
      vertex 55.7901 89.2268 2.5
    endloop
  endfacet
  facet normal -0.229067 -0.973411 -0
    outer loop
      vertex 56.1768 89.1358 2.5
      vertex 55.7901 89.2268 0
      vertex 56.1768 89.1358 0
    endloop
  endfacet
  facet normal -0.973411 0.229067 0
    outer loop
      vertex 59.1358 83.8232 0
      vertex 59.2268 84.2099 2.5
      vertex 59.2268 84.2099 0
    endloop
  endfacet
  facet normal -0.973411 0.229067 0
    outer loop
      vertex 59.2268 84.2099 2.5
      vertex 59.1358 83.8232 0
      vertex 59.1358 83.8232 2.5
    endloop
  endfacet
  facet normal 0.769293 -0.638896 0
    outer loop
      vertex 51.5685 87.5913 2.5
      vertex 51.8223 87.8969 0
      vertex 51.8223 87.8969 2.5
    endloop
  endfacet
  facet normal 0.769293 -0.638896 0
    outer loop
      vertex 51.8223 87.8969 0
      vertex 51.5685 87.5913 2.5
      vertex 51.5685 87.5913 0
    endloop
  endfacet
  facet normal -0.948153 0.317814 0
    outer loop
      vertex 59.0096 83.4467 0
      vertex 59.1358 83.8232 2.5
      vertex 59.1358 83.8232 0
    endloop
  endfacet
  facet normal -0.948153 0.317814 0
    outer loop
      vertex 59.1358 83.8232 2.5
      vertex 59.0096 83.4467 0
      vertex 59.0096 83.4467 2.5
    endloop
  endfacet
  facet normal -0.403801 -0.914847 0
    outer loop
      vertex 56.5533 89.0096 0
      vertex 56.9167 88.8492 2.5
      vertex 56.5533 89.0096 2.5
    endloop
  endfacet
  facet normal -0.403801 -0.914847 -0
    outer loop
      vertex 56.9167 88.8492 2.5
      vertex 56.5533 89.0096 0
      vertex 56.9167 88.8492 0
    endloop
  endfacet
  facet normal 0.769293 0.638896 0
    outer loop
      vertex 51.8223 82.1031 2.5
      vertex 51.5685 82.4087 0
      vertex 51.5685 82.4087 2.5
    endloop
  endfacet
  facet normal 0.769293 0.638896 0
    outer loop
      vertex 51.5685 82.4087 0
      vertex 51.8223 82.1031 2.5
      vertex 51.8223 82.1031 0
    endloop
  endfacet
  facet normal 0.973411 -0.229067 0
    outer loop
      vertex 50.7732 85.7901 2.5
      vertex 50.8642 86.1768 0
      vertex 50.8642 86.1768 2.5
    endloop
  endfacet
  facet normal 0.973411 -0.229067 0
    outer loop
      vertex 50.8642 86.1768 0
      vertex 50.7732 85.7901 2.5
      vertex 50.7732 85.7901 0
    endloop
  endfacet
  facet normal 0.04607 0.998938 -0
    outer loop
      vertex 55 80.7 0
      vertex 54.6032 80.7183 2.5
      vertex 55 80.7 2.5
    endloop
  endfacet
  facet normal 0.04607 0.998938 0
    outer loop
      vertex 54.6032 80.7183 2.5
      vertex 55 80.7 0
      vertex 54.6032 80.7183 0
    endloop
  endfacet
  facet normal -0.565117 -0.825011 0
    outer loop
      vertex 57.2637 88.6559 0
      vertex 57.5913 88.4315 2.5
      vertex 57.2637 88.6559 2.5
    endloop
  endfacet
  facet normal -0.565117 -0.825011 -0
    outer loop
      vertex 57.5913 88.4315 2.5
      vertex 57.2637 88.6559 0
      vertex 57.5913 88.4315 0
    endloop
  endfacet
  facet normal -0.998938 0.04607 0
    outer loop
      vertex 59.2817 84.6032 0
      vertex 59.3 85 2.5
      vertex 59.3 85 0
    endloop
  endfacet
  facet normal -0.998938 0.04607 0
    outer loop
      vertex 59.3 85 2.5
      vertex 59.2817 84.6032 0
      vertex 59.2817 84.6032 2.5
    endloop
  endfacet
  facet normal -0.486647 0.873599 0
    outer loop
      vertex 57.2637 81.3441 0
      vertex 56.9167 81.1508 2.5
      vertex 57.2637 81.3441 2.5
    endloop
  endfacet
  facet normal -0.486647 0.873599 0
    outer loop
      vertex 56.9167 81.1508 2.5
      vertex 57.2637 81.3441 0
      vertex 56.9167 81.1508 0
    endloop
  endfacet
  facet normal 0.638896 -0.769293 0
    outer loop
      vertex 52.1031 88.1777 0
      vertex 52.4087 88.4315 2.5
      vertex 52.1031 88.1777 2.5
    endloop
  endfacet
  facet normal 0.638896 -0.769293 0
    outer loop
      vertex 52.4087 88.4315 2.5
      vertex 52.1031 88.1777 0
      vertex 52.4087 88.4315 0
    endloop
  endfacet
  facet normal -0.873599 -0.486647 0
    outer loop
      vertex 58.8492 86.9167 0
      vertex 58.6559 87.2637 2.5
      vertex 58.6559 87.2637 0
    endloop
  endfacet
  facet normal -0.873599 -0.486647 0
    outer loop
      vertex 58.6559 87.2637 2.5
      vertex 58.8492 86.9167 0
      vertex 58.8492 86.9167 2.5
    endloop
  endfacet
  facet normal 0.707107 0.707107 -0
    outer loop
      vertex 52.1031 81.8223 0
      vertex 51.8223 82.1031 2.5
      vertex 52.1031 81.8223 2.5
    endloop
  endfacet
  facet normal 0.707107 0.707107 0
    outer loop
      vertex 51.8223 82.1031 2.5
      vertex 52.1031 81.8223 0
      vertex 51.8223 82.1031 0
    endloop
  endfacet
  facet normal -0.229067 0.973411 0
    outer loop
      vertex 56.1768 80.8642 0
      vertex 55.7901 80.7732 2.5
      vertex 56.1768 80.8642 2.5
    endloop
  endfacet
  facet normal -0.229067 0.973411 0
    outer loop
      vertex 55.7901 80.7732 2.5
      vertex 56.1768 80.8642 0
      vertex 55.7901 80.7732 0
    endloop
  endfacet
  facet normal -0.769293 0.638896 0
    outer loop
      vertex 58.1777 82.1031 0
      vertex 58.4315 82.4087 2.5
      vertex 58.4315 82.4087 0
    endloop
  endfacet
  facet normal -0.769293 0.638896 0
    outer loop
      vertex 58.4315 82.4087 2.5
      vertex 58.1777 82.1031 0
      vertex 58.1777 82.1031 2.5
    endloop
  endfacet
  facet normal -0.707107 -0.707107 0
    outer loop
      vertex 57.8969 88.1777 0
      vertex 58.1777 87.8969 2.5
      vertex 57.8969 88.1777 2.5
    endloop
  endfacet
  facet normal -0.707107 -0.707107 -0
    outer loop
      vertex 58.1777 87.8969 2.5
      vertex 57.8969 88.1777 0
      vertex 58.1777 87.8969 0
    endloop
  endfacet
  facet normal 0.138248 -0.990398 0
    outer loop
      vertex 54.2099 89.2268 0
      vertex 54.6032 89.2817 2.5
      vertex 54.2099 89.2268 2.5
    endloop
  endfacet
  facet normal 0.138248 -0.990398 0
    outer loop
      vertex 54.6032 89.2817 2.5
      vertex 54.2099 89.2268 0
      vertex 54.6032 89.2817 0
    endloop
  endfacet
  facet normal 0.229067 -0.973411 0
    outer loop
      vertex 53.8232 89.1358 0
      vertex 54.2099 89.2268 2.5
      vertex 53.8232 89.1358 2.5
    endloop
  endfacet
  facet normal 0.229067 -0.973411 0
    outer loop
      vertex 54.2099 89.2268 2.5
      vertex 53.8232 89.1358 0
      vertex 54.2099 89.2268 0
    endloop
  endfacet
  facet normal -0.873599 0.486647 0
    outer loop
      vertex 58.6559 82.7363 0
      vertex 58.8492 83.0833 2.5
      vertex 58.8492 83.0833 0
    endloop
  endfacet
  facet normal -0.873599 0.486647 0
    outer loop
      vertex 58.8492 83.0833 2.5
      vertex 58.6559 82.7363 0
      vertex 58.6559 82.7363 2.5
    endloop
  endfacet
  facet normal -0.638896 0.769293 0
    outer loop
      vertex 57.8969 81.8223 0
      vertex 57.5913 81.5685 2.5
      vertex 57.8969 81.8223 2.5
    endloop
  endfacet
  facet normal -0.638896 0.769293 0
    outer loop
      vertex 57.5913 81.5685 2.5
      vertex 57.8969 81.8223 0
      vertex 57.5913 81.5685 0
    endloop
  endfacet
  facet normal -0.707107 0.707107 0
    outer loop
      vertex 58.1777 82.1031 0
      vertex 57.8969 81.8223 2.5
      vertex 58.1777 82.1031 2.5
    endloop
  endfacet
  facet normal -0.707107 0.707107 0
    outer loop
      vertex 57.8969 81.8223 2.5
      vertex 58.1777 82.1031 0
      vertex 57.8969 81.8223 0
    endloop
  endfacet
  facet normal 0.138248 0.990398 -0
    outer loop
      vertex 54.6032 80.7183 0
      vertex 54.2099 80.7732 2.5
      vertex 54.6032 80.7183 2.5
    endloop
  endfacet
  facet normal 0.138248 0.990398 0
    outer loop
      vertex 54.2099 80.7732 2.5
      vertex 54.6032 80.7183 0
      vertex 54.2099 80.7732 0
    endloop
  endfacet
  facet normal 0 0 -1
    outer loop
      vertex 57.25 85 2.5
      vertex 59.3 85 2.5
      vertex 59.2817 84.6032 2.5
    endloop
  endfacet
  facet normal 0 0 -1
    outer loop
      vertex 57.2158 84.6093 2.5
      vertex 59.2817 84.6032 2.5
      vertex 59.2268 84.2099 2.5
    endloop
  endfacet
  facet normal 0 0 -1
    outer loop
      vertex 59.3 85 2.5
      vertex 57.25 85 2.5
      vertex 59.2817 85.3968 2.5
    endloop
  endfacet
  facet normal 0 0 -1
    outer loop
      vertex 57.2158 84.6093 2.5
      vertex 59.2268 84.2099 2.5
      vertex 59.1358 83.8232 2.5
    endloop
  endfacet
  facet normal 0 0 -1
    outer loop
      vertex 57.2158 85.3907 2.5
      vertex 59.2817 85.3968 2.5
      vertex 57.25 85 2.5
    endloop
  endfacet
  facet normal 0 0 -1
    outer loop
      vertex 57.1143 84.2305 2.5
      vertex 59.1358 83.8232 2.5
      vertex 59.0096 83.4467 2.5
    endloop
  endfacet
  facet normal -0 0 -1
    outer loop
      vertex 59.2817 85.3968 2.5
      vertex 57.2158 85.3907 2.5
      vertex 59.2268 85.7901 2.5
    endloop
  endfacet
  facet normal 0 0 -1
    outer loop
      vertex 57.1143 84.2305 2.5
      vertex 59.0096 83.4467 2.5
      vertex 58.8492 83.0833 2.5
    endloop
  endfacet
  facet normal -0 0 -1
    outer loop
      vertex 59.2268 85.7901 2.5
      vertex 57.2158 85.3907 2.5
      vertex 59.1358 86.1768 2.5
    endloop
  endfacet
  facet normal 0 0 -1
    outer loop
      vertex 56.9486 83.875 2.5
      vertex 58.8492 83.0833 2.5
      vertex 58.6559 82.7363 2.5
    endloop
  endfacet
  facet normal 0 0 -1
    outer loop
      vertex 57.1143 85.7695 2.5
      vertex 59.1358 86.1768 2.5
      vertex 57.2158 85.3907 2.5
    endloop
  endfacet
  facet normal 0 0 -1
    outer loop
      vertex 56.9486 83.875 2.5
      vertex 58.6559 82.7363 2.5
      vertex 58.4315 82.4087 2.5
    endloop
  endfacet
  facet normal -0 0 -1
    outer loop
      vertex 59.1358 86.1768 2.5
      vertex 57.1143 85.7695 2.5
      vertex 59.0096 86.5533 2.5
    endloop
  endfacet
  facet normal 0 0 -1
    outer loop
      vertex 56.7236 83.5537 2.5
      vertex 58.4315 82.4087 2.5
      vertex 58.1777 82.1031 2.5
    endloop
  endfacet
  facet normal -0 0 -1
    outer loop
      vertex 59.0096 86.5533 2.5
      vertex 57.1143 85.7695 2.5
      vertex 58.8492 86.9167 2.5
    endloop
  endfacet
  facet normal 0 0 -1
    outer loop
      vertex 56.7236 83.5537 2.5
      vertex 58.1777 82.1031 2.5
      vertex 57.8969 81.8223 2.5
    endloop
  endfacet
  facet normal 0 0 -1
    outer loop
      vertex 56.9486 86.125 2.5
      vertex 58.8492 86.9167 2.5
      vertex 57.1143 85.7695 2.5
    endloop
  endfacet
  facet normal 0 0 -1
    outer loop
      vertex 56.4463 83.2764 2.5
      vertex 57.8969 81.8223 2.5
      vertex 57.5913 81.5685 2.5
    endloop
  endfacet
  facet normal -0 0 -1
    outer loop
      vertex 58.8492 86.9167 2.5
      vertex 56.9486 86.125 2.5
      vertex 58.6559 87.2637 2.5
    endloop
  endfacet
  facet normal 0 0 -1
    outer loop
      vertex 56.125 83.0514 2.5
      vertex 57.5913 81.5685 2.5
      vertex 57.2637 81.3441 2.5
    endloop
  endfacet
  facet normal -0 0 -1
    outer loop
      vertex 58.6559 87.2637 2.5
      vertex 56.9486 86.125 2.5
      vertex 58.4315 87.5913 2.5
    endloop
  endfacet
  facet normal 0 0 -1
    outer loop
      vertex 56.7236 86.4463 2.5
      vertex 58.4315 87.5913 2.5
      vertex 56.9486 86.125 2.5
    endloop
  endfacet
  facet normal 0 0 -1
    outer loop
      vertex 59.2817 84.6032 2.5
      vertex 57.2158 84.6093 2.5
      vertex 57.25 85 2.5
    endloop
  endfacet
  facet normal 0 0 -1
    outer loop
      vertex 59.1358 83.8232 2.5
      vertex 57.1143 84.2305 2.5
      vertex 57.2158 84.6093 2.5
    endloop
  endfacet
  facet normal 0 0 -1
    outer loop
      vertex 58.8492 83.0833 2.5
      vertex 56.9486 83.875 2.5
      vertex 57.1143 84.2305 2.5
    endloop
  endfacet
  facet normal 0 0 -1
    outer loop
      vertex 56.125 83.0514 2.5
      vertex 57.2637 81.3441 2.5
      vertex 56.9167 81.1508 2.5
    endloop
  endfacet
  facet normal 0 0 -1
    outer loop
      vertex 58.4315 82.4087 2.5
      vertex 56.7236 83.5537 2.5
      vertex 56.9486 83.875 2.5
    endloop
  endfacet
  facet normal 0 0 -1
    outer loop
      vertex 55.7695 82.8857 2.5
      vertex 56.9167 81.1508 2.5
      vertex 56.5533 80.9904 2.5
    endloop
  endfacet
  facet normal 0 0 -1
    outer loop
      vertex 57.8969 81.8223 2.5
      vertex 56.4463 83.2764 2.5
      vertex 56.7236 83.5537 2.5
    endloop
  endfacet
  facet normal 0 0 -1
    outer loop
      vertex 55.7695 82.8857 2.5
      vertex 56.5533 80.9904 2.5
      vertex 56.1768 80.8642 2.5
    endloop
  endfacet
  facet normal 0 0 -1
    outer loop
      vertex 57.5913 81.5685 2.5
      vertex 56.125 83.0514 2.5
      vertex 56.4463 83.2764 2.5
    endloop
  endfacet
  facet normal 0 0 -1
    outer loop
      vertex 55.3907 82.7842 2.5
      vertex 56.1768 80.8642 2.5
      vertex 55.7901 80.7732 2.5
    endloop
  endfacet
  facet normal 0 0 -1
    outer loop
      vertex 56.9167 81.1508 2.5
      vertex 55.7695 82.8857 2.5
      vertex 56.125 83.0514 2.5
    endloop
  endfacet
  facet normal 0 0 -1
    outer loop
      vertex 55.3907 82.7842 2.5
      vertex 55.7901 80.7732 2.5
      vertex 55.3968 80.7183 2.5
    endloop
  endfacet
  facet normal 0 0 -1
    outer loop
      vertex 56.1768 80.8642 2.5
      vertex 55.3907 82.7842 2.5
      vertex 55.7695 82.8857 2.5
    endloop
  endfacet
  facet normal 0 0 -1
    outer loop
      vertex 55 82.75 2.5
      vertex 55.3968 80.7183 2.5
      vertex 55 80.7 2.5
    endloop
  endfacet
  facet normal 0 0 -1
    outer loop
      vertex 55.3968 80.7183 2.5
      vertex 55 82.75 2.5
      vertex 55.3907 82.7842 2.5
    endloop
  endfacet
  facet normal 0 0 -1
    outer loop
      vertex 54.6032 80.7183 2.5
      vertex 55 82.75 2.5
      vertex 55 80.7 2.5
    endloop
  endfacet
  facet normal -0 0 -1
    outer loop
      vertex 55 82.75 2.5
      vertex 54.6032 80.7183 2.5
      vertex 54.6093 82.7842 2.5
    endloop
  endfacet
  facet normal 0 0 -1
    outer loop
      vertex 54.2099 80.7732 2.5
      vertex 54.6093 82.7842 2.5
      vertex 54.6032 80.7183 2.5
    endloop
  endfacet
  facet normal 0 0 -1
    outer loop
      vertex 53.8232 80.8642 2.5
      vertex 54.6093 82.7842 2.5
      vertex 54.2099 80.7732 2.5
    endloop
  endfacet
  facet normal -0 0 -1
    outer loop
      vertex 54.6093 82.7842 2.5
      vertex 53.8232 80.8642 2.5
      vertex 54.2305 82.8857 2.5
    endloop
  endfacet
  facet normal 0 0 -1
    outer loop
      vertex 53.4467 80.9904 2.5
      vertex 54.2305 82.8857 2.5
      vertex 53.8232 80.8642 2.5
    endloop
  endfacet
  facet normal 0 0 -1
    outer loop
      vertex 53.0833 81.1508 2.5
      vertex 54.2305 82.8857 2.5
      vertex 53.4467 80.9904 2.5
    endloop
  endfacet
  facet normal -0 0 -1
    outer loop
      vertex 54.2305 82.8857 2.5
      vertex 53.0833 81.1508 2.5
      vertex 53.875 83.0514 2.5
    endloop
  endfacet
  facet normal 0 0 -1
    outer loop
      vertex 52.7363 81.3441 2.5
      vertex 53.875 83.0514 2.5
      vertex 53.0833 81.1508 2.5
    endloop
  endfacet
  facet normal 0 0 -1
    outer loop
      vertex 52.4087 81.5685 2.5
      vertex 53.875 83.0514 2.5
      vertex 52.7363 81.3441 2.5
    endloop
  endfacet
  facet normal -0 0 -1
    outer loop
      vertex 53.875 83.0514 2.5
      vertex 52.4087 81.5685 2.5
      vertex 53.5537 83.2764 2.5
    endloop
  endfacet
  facet normal 0 0 -1
    outer loop
      vertex 52.1031 81.8223 2.5
      vertex 53.5537 83.2764 2.5
      vertex 52.4087 81.5685 2.5
    endloop
  endfacet
  facet normal -0 0 -1
    outer loop
      vertex 53.5537 83.2764 2.5
      vertex 52.1031 81.8223 2.5
      vertex 53.2764 83.5537 2.5
    endloop
  endfacet
  facet normal 0 0 -1
    outer loop
      vertex 51.8223 82.1031 2.5
      vertex 53.2764 83.5537 2.5
      vertex 52.1031 81.8223 2.5
    endloop
  endfacet
  facet normal 0 0 -1
    outer loop
      vertex 51.5685 82.4087 2.5
      vertex 53.2764 83.5537 2.5
      vertex 51.8223 82.1031 2.5
    endloop
  endfacet
  facet normal -0 0 -1
    outer loop
      vertex 58.4315 87.5913 2.5
      vertex 56.7236 86.4463 2.5
      vertex 58.1777 87.8969 2.5
    endloop
  endfacet
  facet normal -0 0 -1
    outer loop
      vertex 58.1777 87.8969 2.5
      vertex 56.7236 86.4463 2.5
      vertex 57.8969 88.1777 2.5
    endloop
  endfacet
  facet normal 0 0 -1
    outer loop
      vertex 56.4463 86.7236 2.5
      vertex 57.8969 88.1777 2.5
      vertex 56.7236 86.4463 2.5
    endloop
  endfacet
  facet normal -0 0 -1
    outer loop
      vertex 57.8969 88.1777 2.5
      vertex 56.4463 86.7236 2.5
      vertex 57.5913 88.4315 2.5
    endloop
  endfacet
  facet normal 0 0 -1
    outer loop
      vertex 56.125 86.9486 2.5
      vertex 57.5913 88.4315 2.5
      vertex 56.4463 86.7236 2.5
    endloop
  endfacet
  facet normal -0 0 -1
    outer loop
      vertex 57.5913 88.4315 2.5
      vertex 56.125 86.9486 2.5
      vertex 57.2637 88.6559 2.5
    endloop
  endfacet
  facet normal -0 0 -1
    outer loop
      vertex 57.2637 88.6559 2.5
      vertex 56.125 86.9486 2.5
      vertex 56.9167 88.8492 2.5
    endloop
  endfacet
  facet normal 0 0 -1
    outer loop
      vertex 55.7695 87.1143 2.5
      vertex 56.9167 88.8492 2.5
      vertex 56.125 86.9486 2.5
    endloop
  endfacet
  facet normal -0 0 -1
    outer loop
      vertex 56.9167 88.8492 2.5
      vertex 55.7695 87.1143 2.5
      vertex 56.5533 89.0096 2.5
    endloop
  endfacet
  facet normal -0 0 -1
    outer loop
      vertex 56.5533 89.0096 2.5
      vertex 55.7695 87.1143 2.5
      vertex 56.1768 89.1358 2.5
    endloop
  endfacet
  facet normal 0 0 -1
    outer loop
      vertex 55.3907 87.2158 2.5
      vertex 56.1768 89.1358 2.5
      vertex 55.7695 87.1143 2.5
    endloop
  endfacet
  facet normal -0 0 -1
    outer loop
      vertex 56.1768 89.1358 2.5
      vertex 55.3907 87.2158 2.5
      vertex 55.7901 89.2268 2.5
    endloop
  endfacet
  facet normal -0 0 -1
    outer loop
      vertex 55.7901 89.2268 2.5
      vertex 55.3907 87.2158 2.5
      vertex 55.3968 89.2817 2.5
    endloop
  endfacet
  facet normal 0 0 -1
    outer loop
      vertex 55 87.25 2.5
      vertex 55.3968 89.2817 2.5
      vertex 55.3907 87.2158 2.5
    endloop
  endfacet
  facet normal 0 0 -1
    outer loop
      vertex 55 87.25 2.5
      vertex 55 89.3 2.5
      vertex 55.3968 89.2817 2.5
    endloop
  endfacet
  facet normal 0 0 -1
    outer loop
      vertex 54.6032 89.2817 2.5
      vertex 55 87.25 2.5
      vertex 54.6093 87.2158 2.5
    endloop
  endfacet
  facet normal 0 0 -1
    outer loop
      vertex 55 87.25 2.5
      vertex 54.6032 89.2817 2.5
      vertex 55 89.3 2.5
    endloop
  endfacet
  facet normal 0 0 -1
    outer loop
      vertex 53.8232 89.1358 2.5
      vertex 54.6093 87.2158 2.5
      vertex 54.2305 87.1143 2.5
    endloop
  endfacet
  facet normal 0 0 -1
    outer loop
      vertex 54.6093 87.2158 2.5
      vertex 54.2099 89.2268 2.5
      vertex 54.6032 89.2817 2.5
    endloop
  endfacet
  facet normal 0 0 -1
    outer loop
      vertex 53.0833 88.8492 2.5
      vertex 54.2305 87.1143 2.5
      vertex 53.875 86.9486 2.5
    endloop
  endfacet
  facet normal 0 0 -1
    outer loop
      vertex 54.6093 87.2158 2.5
      vertex 53.8232 89.1358 2.5
      vertex 54.2099 89.2268 2.5
    endloop
  endfacet
  facet normal 0 0 -1
    outer loop
      vertex 52.4087 88.4315 2.5
      vertex 53.875 86.9486 2.5
      vertex 53.5537 86.7236 2.5
    endloop
  endfacet
  facet normal 0 0 -1
    outer loop
      vertex 54.2305 87.1143 2.5
      vertex 53.4467 89.0096 2.5
      vertex 53.8232 89.1358 2.5
    endloop
  endfacet
  facet normal 0 0 -1
    outer loop
      vertex 52.1031 88.1777 2.5
      vertex 53.5537 86.7236 2.5
      vertex 53.2764 86.4463 2.5
    endloop
  endfacet
  facet normal 0 0 -1
    outer loop
      vertex 54.2305 87.1143 2.5
      vertex 53.0833 88.8492 2.5
      vertex 53.4467 89.0096 2.5
    endloop
  endfacet
  facet normal 0 0 -1
    outer loop
      vertex 51.5685 87.5913 2.5
      vertex 53.2764 86.4463 2.5
      vertex 53.0514 86.125 2.5
    endloop
  endfacet
  facet normal 0 0 -1
    outer loop
      vertex 51.1508 86.9167 2.5
      vertex 53.0514 86.125 2.5
      vertex 52.8857 85.7695 2.5
    endloop
  endfacet
  facet normal 0 0 -1
    outer loop
      vertex 50.8642 86.1768 2.5
      vertex 52.8857 85.7695 2.5
      vertex 52.7842 85.3907 2.5
    endloop
  endfacet
  facet normal 0 0 -1
    outer loop
      vertex 50.7183 85.3968 2.5
      vertex 52.7842 85.3907 2.5
      vertex 52.75 85 2.5
    endloop
  endfacet
  facet normal 0 0 -1
    outer loop
      vertex 53.875 86.9486 2.5
      vertex 52.7363 88.6559 2.5
      vertex 53.0833 88.8492 2.5
    endloop
  endfacet
  facet normal -0 0 -1
    outer loop
      vertex 53.2764 83.5537 2.5
      vertex 51.5685 82.4087 2.5
      vertex 53.0514 83.875 2.5
    endloop
  endfacet
  facet normal 0 0 -1
    outer loop
      vertex 51.3441 82.7363 2.5
      vertex 53.0514 83.875 2.5
      vertex 51.5685 82.4087 2.5
    endloop
  endfacet
  facet normal 0 0 -1
    outer loop
      vertex 53.875 86.9486 2.5
      vertex 52.4087 88.4315 2.5
      vertex 52.7363 88.6559 2.5
    endloop
  endfacet
  facet normal 0 0 -1
    outer loop
      vertex 51.1508 83.0833 2.5
      vertex 53.0514 83.875 2.5
      vertex 51.3441 82.7363 2.5
    endloop
  endfacet
  facet normal 0 0 -1
    outer loop
      vertex 53.5537 86.7236 2.5
      vertex 52.1031 88.1777 2.5
      vertex 52.4087 88.4315 2.5
    endloop
  endfacet
  facet normal -0 0 -1
    outer loop
      vertex 53.0514 83.875 2.5
      vertex 51.1508 83.0833 2.5
      vertex 52.8857 84.2305 2.5
    endloop
  endfacet
  facet normal 0 0 -1
    outer loop
      vertex 53.2764 86.4463 2.5
      vertex 51.8223 87.8969 2.5
      vertex 52.1031 88.1777 2.5
    endloop
  endfacet
  facet normal 0 0 -1
    outer loop
      vertex 50.9904 83.4467 2.5
      vertex 52.8857 84.2305 2.5
      vertex 51.1508 83.0833 2.5
    endloop
  endfacet
  facet normal 0 0 -1
    outer loop
      vertex 53.2764 86.4463 2.5
      vertex 51.5685 87.5913 2.5
      vertex 51.8223 87.8969 2.5
    endloop
  endfacet
  facet normal 0 0 -1
    outer loop
      vertex 50.8642 83.8232 2.5
      vertex 52.8857 84.2305 2.5
      vertex 50.9904 83.4467 2.5
    endloop
  endfacet
  facet normal 0 0 -1
    outer loop
      vertex 53.0514 86.125 2.5
      vertex 51.3441 87.2637 2.5
      vertex 51.5685 87.5913 2.5
    endloop
  endfacet
  facet normal -0 0 -1
    outer loop
      vertex 52.8857 84.2305 2.5
      vertex 50.8642 83.8232 2.5
      vertex 52.7842 84.6093 2.5
    endloop
  endfacet
  facet normal 0 0 -1
    outer loop
      vertex 53.0514 86.125 2.5
      vertex 51.1508 86.9167 2.5
      vertex 51.3441 87.2637 2.5
    endloop
  endfacet
  facet normal 0 0 -1
    outer loop
      vertex 50.7732 84.2099 2.5
      vertex 52.7842 84.6093 2.5
      vertex 50.8642 83.8232 2.5
    endloop
  endfacet
  facet normal 0 0 -1
    outer loop
      vertex 52.8857 85.7695 2.5
      vertex 50.9904 86.5533 2.5
      vertex 51.1508 86.9167 2.5
    endloop
  endfacet
  facet normal 0 0 -1
    outer loop
      vertex 50.7183 84.6032 2.5
      vertex 52.7842 84.6093 2.5
      vertex 50.7732 84.2099 2.5
    endloop
  endfacet
  facet normal 0 0 -1
    outer loop
      vertex 52.8857 85.7695 2.5
      vertex 50.8642 86.1768 2.5
      vertex 50.9904 86.5533 2.5
    endloop
  endfacet
  facet normal -0 0 -1
    outer loop
      vertex 52.7842 84.6093 2.5
      vertex 50.7183 84.6032 2.5
      vertex 52.75 85 2.5
    endloop
  endfacet
  facet normal 0 0 -1
    outer loop
      vertex 52.7842 85.3907 2.5
      vertex 50.7732 85.7901 2.5
      vertex 50.8642 86.1768 2.5
    endloop
  endfacet
  facet normal 0 0 -1
    outer loop
      vertex 50.7 85 2.5
      vertex 52.75 85 2.5
      vertex 50.7183 84.6032 2.5
    endloop
  endfacet
  facet normal 0 0 -1
    outer loop
      vertex 52.7842 85.3907 2.5
      vertex 50.7183 85.3968 2.5
      vertex 50.7732 85.7901 2.5
    endloop
  endfacet
  facet normal 0 0 -1
    outer loop
      vertex 52.75 85 2.5
      vertex 50.7 85 2.5
      vertex 50.7183 85.3968 2.5
    endloop
  endfacet
  facet normal -0.138248 -0.990398 0
    outer loop
      vertex 55.3968 89.2817 0
      vertex 55.7901 89.2268 2.5
      vertex 55.3968 89.2817 2.5
    endloop
  endfacet
  facet normal -0.138248 -0.990398 -0
    outer loop
      vertex 55.7901 89.2268 2.5
      vertex 55.3968 89.2817 0
      vertex 55.7901 89.2268 0
    endloop
  endfacet
  facet normal 0.914847 -0.403801 0
    outer loop
      vertex 50.9904 86.5533 2.5
      vertex 51.1508 86.9167 0
      vertex 51.1508 86.9167 2.5
    endloop
  endfacet
  facet normal 0.914847 -0.403801 0
    outer loop
      vertex 51.1508 86.9167 0
      vertex 50.9904 86.5533 2.5
      vertex 50.9904 86.5533 0
    endloop
  endfacet
  facet normal -0.04607 -0.998938 0
    outer loop
      vertex 55 89.3 0
      vertex 55.3968 89.2817 2.5
      vertex 55 89.3 2.5
    endloop
  endfacet
  facet normal -0.04607 -0.998938 -0
    outer loop
      vertex 55.3968 89.2817 2.5
      vertex 55 89.3 0
      vertex 55.3968 89.2817 0
    endloop
  endfacet
  facet normal 0.990398 -0.138248 0
    outer loop
      vertex 50.7183 85.3968 2.5
      vertex 50.7732 85.7901 0
      vertex 50.7732 85.7901 2.5
    endloop
  endfacet
  facet normal 0.990398 -0.138248 0
    outer loop
      vertex 50.7732 85.7901 0
      vertex 50.7183 85.3968 2.5
      vertex 50.7183 85.3968 0
    endloop
  endfacet
  facet normal 0.998938 -0.04607 0
    outer loop
      vertex 50.7 85 2.5
      vertex 50.7183 85.3968 0
      vertex 50.7183 85.3968 2.5
    endloop
  endfacet
  facet normal 0.998938 -0.04607 0
    outer loop
      vertex 50.7183 85.3968 0
      vertex 50.7 85 2.5
      vertex 50.7 85 0
    endloop
  endfacet
  facet normal 0.317814 0.948153 -0
    outer loop
      vertex 53.8232 80.8642 0
      vertex 53.4467 80.9904 2.5
      vertex 53.8232 80.8642 2.5
    endloop
  endfacet
  facet normal 0.317814 0.948153 0
    outer loop
      vertex 53.4467 80.9904 2.5
      vertex 53.8232 80.8642 0
      vertex 53.4467 80.9904 0
    endloop
  endfacet
  facet normal 0.565117 0.825011 -0
    outer loop
      vertex 52.7363 81.3441 0
      vertex 52.4087 81.5685 2.5
      vertex 52.7363 81.3441 2.5
    endloop
  endfacet
  facet normal 0.565117 0.825011 0
    outer loop
      vertex 52.4087 81.5685 2.5
      vertex 52.7363 81.3441 0
      vertex 52.4087 81.5685 0
    endloop
  endfacet
  facet normal 0.04607 -0.998938 0
    outer loop
      vertex 54.6032 89.2817 0
      vertex 55 89.3 2.5
      vertex 54.6032 89.2817 2.5
    endloop
  endfacet
  facet normal 0.04607 -0.998938 0
    outer loop
      vertex 55 89.3 2.5
      vertex 54.6032 89.2817 0
      vertex 55 89.3 0
    endloop
  endfacet
  facet normal 0.873599 -0.486647 0
    outer loop
      vertex 51.1508 86.9167 2.5
      vertex 51.3441 87.2637 0
      vertex 51.3441 87.2637 2.5
    endloop
  endfacet
  facet normal 0.873599 -0.486647 0
    outer loop
      vertex 51.3441 87.2637 0
      vertex 51.1508 86.9167 2.5
      vertex 51.1508 86.9167 0
    endloop
  endfacet
  facet normal 0.486647 0.873599 -0
    outer loop
      vertex 53.0833 81.1508 0
      vertex 52.7363 81.3441 2.5
      vertex 53.0833 81.1508 2.5
    endloop
  endfacet
  facet normal 0.486647 0.873599 0
    outer loop
      vertex 52.7363 81.3441 2.5
      vertex 53.0833 81.1508 0
      vertex 52.7363 81.3441 0
    endloop
  endfacet
  facet normal 1 -0 0
    outer loop
      vertex -17.725 -17.725 68
      vertex -17.725 17.725 0
      vertex -17.725 17.725 68
    endloop
  endfacet
  facet normal 1 0 0
    outer loop
      vertex -17.725 17.725 0
      vertex -17.725 -17.725 68
      vertex -17.725 -17.725 0
    endloop
  endfacet
  facet normal 0 -1 0
    outer loop
      vertex -17.725 17.725 0
      vertex 17.725 17.725 68
      vertex -17.725 17.725 68
    endloop
  endfacet
  facet normal 0 -1 -0
    outer loop
      vertex 17.725 17.725 68
      vertex -17.725 17.725 0
      vertex 17.725 17.725 0
    endloop
  endfacet
  facet normal -1 0 0
    outer loop
      vertex 17.725 1.56097 49.3267
      vertex 17.725 17.725 68
      vertex 17.725 17.725 0
    endloop
  endfacet
  facet normal -1 0 0
    outer loop
      vertex 17.725 17.725 68
      vertex 17.725 1.67417 49.7048
      vertex 17.725 1.69712 50.0988
    endloop
  endfacet
  facet normal -1 0 0
    outer loop
      vertex 17.725 17.725 68
      vertex 17.725 1.56097 49.3267
      vertex 17.725 1.67417 49.7048
    endloop
  endfacet
  facet normal -1 0 0
    outer loop
      vertex 17.725 17.725 0
      vertex 17.725 1.36361 48.9848
      vertex 17.725 1.56097 49.3267
    endloop
  endfacet
  facet normal -1 0 0
    outer loop
      vertex 17.725 17.725 0
      vertex 17.725 1.09274 48.6977
      vertex 17.725 1.36361 48.9848
    endloop
  endfacet
  facet normal -1 0 0
    outer loop
      vertex 17.725 17.725 0
      vertex 17.725 0.762959 48.4808
      vertex 17.725 1.09274 48.6977
    endloop
  endfacet
  facet normal -1 0 0
    outer loop
      vertex 17.725 17.725 0
      vertex 17.725 0.392047 48.3458
      vertex 17.725 0.762959 48.4808
    endloop
  endfacet
  facet normal -1 0 0
    outer loop
      vertex 17.725 17.725 0
      vertex 17.725 0 48.3
      vertex 17.725 0.392047 48.3458
    endloop
  endfacet
  facet normal -1 0 0
    outer loop
      vertex 17.725 -17.725 0
      vertex 17.725 0 48.3
      vertex 17.725 17.725 0
    endloop
  endfacet
  facet normal -1 -0 0
    outer loop
      vertex 17.725 0 48.3
      vertex 17.725 -17.725 0
      vertex 17.725 -0.392047 48.3458
    endloop
  endfacet
  facet normal -1 -0 0
    outer loop
      vertex 17.725 -0.392047 48.3458
      vertex 17.725 -17.725 0
      vertex 17.725 -0.762959 48.4808
    endloop
  endfacet
  facet normal -1 -0 0
    outer loop
      vertex 17.725 -0.762959 48.4808
      vertex 17.725 -17.725 0
      vertex 17.725 -1.09274 48.6977
    endloop
  endfacet
  facet normal -1 -0 0
    outer loop
      vertex 17.725 -1.09274 48.6977
      vertex 17.725 -17.725 0
      vertex 17.725 -1.36361 48.9848
    endloop
  endfacet
  facet normal -1 0 0
    outer loop
      vertex 17.725 -1.56097 49.3267
      vertex 17.725 -17.725 68
      vertex 17.725 -1.67417 49.7048
    endloop
  endfacet
  facet normal -1 0 0
    outer loop
      vertex 17.725 -17.725 68
      vertex 17.725 -1.56097 49.3267
      vertex 17.725 -17.725 0
    endloop
  endfacet
  facet normal -1 -0 0
    outer loop
      vertex 17.725 -1.36361 48.9848
      vertex 17.725 -17.725 0
      vertex 17.725 -1.56097 49.3267
    endloop
  endfacet
  facet normal -1 0 0
    outer loop
      vertex 17.725 1.62858 50.4876
      vertex 17.725 17.725 68
      vertex 17.725 1.69712 50.0988
    endloop
  endfacet
  facet normal -1 0 0
    outer loop
      vertex 17.725 1.47224 50.85
      vertex 17.725 17.725 68
      vertex 17.725 1.62858 50.4876
    endloop
  endfacet
  facet normal -1 0 0
    outer loop
      vertex 17.725 1.23654 51.1666
      vertex 17.725 17.725 68
      vertex 17.725 1.47224 50.85
    endloop
  endfacet
  facet normal -1 0 0
    outer loop
      vertex 17.725 0.934165 51.4203
      vertex 17.725 17.725 68
      vertex 17.725 1.23654 51.1666
    endloop
  endfacet
  facet normal -1 0 0
    outer loop
      vertex 17.725 0.581433 51.5975
      vertex 17.725 17.725 68
      vertex 17.725 0.934165 51.4203
    endloop
  endfacet
  facet normal -1 0 0
    outer loop
      vertex 17.725 0.197357 51.6885
      vertex 17.725 17.725 68
      vertex 17.725 0.581433 51.5975
    endloop
  endfacet
  facet normal -1 0 0
    outer loop
      vertex 17.725 -0.197357 51.6885
      vertex 17.725 17.725 68
      vertex 17.725 0.197357 51.6885
    endloop
  endfacet
  facet normal -1 0 0
    outer loop
      vertex 17.725 -17.725 68
      vertex 17.725 -0.197357 51.6885
      vertex 17.725 -0.581433 51.5975
    endloop
  endfacet
  facet normal -1 0 0
    outer loop
      vertex 17.725 -17.725 68
      vertex 17.725 -0.581433 51.5975
      vertex 17.725 -0.934165 51.4203
    endloop
  endfacet
  facet normal -1 0 0
    outer loop
      vertex 17.725 -17.725 68
      vertex 17.725 -0.934165 51.4203
      vertex 17.725 -1.23654 51.1666
    endloop
  endfacet
  facet normal -1 0 0
    outer loop
      vertex 17.725 -1.67417 49.7048
      vertex 17.725 -17.725 68
      vertex 17.725 -1.69712 50.0988
    endloop
  endfacet
  facet normal -1 0 0
    outer loop
      vertex 17.725 -0.197357 51.6885
      vertex 17.725 -17.725 68
      vertex 17.725 17.725 68
    endloop
  endfacet
  facet normal -1 0 0
    outer loop
      vertex 17.725 -1.47224 50.85
      vertex 17.725 -17.725 68
      vertex 17.725 -1.23654 51.1666
    endloop
  endfacet
  facet normal -1 0 0
    outer loop
      vertex 17.725 -1.62858 50.4876
      vertex 17.725 -17.725 68
      vertex 17.725 -1.47224 50.85
    endloop
  endfacet
  facet normal -1 0 0
    outer loop
      vertex 17.725 -1.69712 50.0988
      vertex 17.725 -17.725 68
      vertex 17.725 -1.62858 50.4876
    endloop
  endfacet
  facet normal 0 1 -0
    outer loop
      vertex 17.725 -17.725 0
      vertex -17.725 -17.725 68
      vertex 17.725 -17.725 68
    endloop
  endfacet
  facet normal 0 1 0
    outer loop
      vertex -17.725 -17.725 68
      vertex 17.725 -17.725 0
      vertex -17.725 -17.725 0
    endloop
  endfacet
  facet normal 0 0.957987 0.286813
    outer loop
      vertex 31.725 -1.56097 49.3267
      vertex 17.725 -1.67417 49.7048
      vertex 31.725 -1.67417 49.7048
    endloop
  endfacet
  facet normal 0 0.957987 0.286813
    outer loop
      vertex 17.725 -1.67417 49.7048
      vertex 31.725 -1.56097 49.3267
      vertex 17.725 -1.56097 49.3267
    endloop
  endfacet
  facet normal 0 0 -1
    outer loop
      vertex 17.725 -0.197357 51.6885
      vertex 31.725 0.197357 51.6885
      vertex 31.725 -0.197357 51.6885
    endloop
  endfacet
  facet normal -0 0 -1
    outer loop
      vertex 31.725 0.197357 51.6885
      vertex 17.725 -0.197357 51.6885
      vertex 17.725 0.197357 51.6885
    endloop
  endfacet
  facet normal 0 -0.116034 0.993245
    outer loop
      vertex 17.725 0.392047 48.3458
      vertex 31.725 0 48.3
      vertex 31.725 0.392047 48.3458
    endloop
  endfacet
  facet normal 0 -0.116034 0.993245
    outer loop
      vertex 31.725 0 48.3
      vertex 17.725 0.392047 48.3458
      vertex 17.725 0 48.3
    endloop
  endfacet
  facet normal 0 -0.642754 -0.766073
    outer loop
      vertex 17.725 0.934165 51.4203
      vertex 31.725 1.23654 51.1666
      vertex 31.725 0.934165 51.4203
    endloop
  endfacet
  facet normal -0 -0.642754 -0.766073
    outer loop
      vertex 31.725 1.23654 51.1666
      vertex 17.725 0.934165 51.4203
      vertex 17.725 1.23654 51.1666
    endloop
  endfacet
  facet normal -0 0.116034 0.993245
    outer loop
      vertex 17.725 0 48.3
      vertex 31.725 -0.392047 48.3458
      vertex 31.725 0 48.3
    endloop
  endfacet
  facet normal 0 0.116034 0.993245
    outer loop
      vertex 31.725 -0.392047 48.3458
      vertex 17.725 0 48.3
      vertex 17.725 -0.392047 48.3458
    endloop
  endfacet
  facet normal 0 -0.998308 0.0581502
    outer loop
      vertex 17.725 1.67417 49.7048
      vertex 31.725 1.69712 50.0988
      vertex 17.725 1.69712 50.0988
    endloop
  endfacet
  facet normal 0 -0.998308 0.0581502
    outer loop
      vertex 31.725 1.69712 50.0988
      vertex 17.725 1.67417 49.7048
      vertex 31.725 1.67417 49.7048
    endloop
  endfacet
  facet normal 0 0.727367 0.686249
    outer loop
      vertex 31.725 -1.09274 48.6977
      vertex 17.725 -1.36361 48.9848
      vertex 31.725 -1.36361 48.9848
    endloop
  endfacet
  facet normal 0 0.727367 0.686249
    outer loop
      vertex 17.725 -1.36361 48.9848
      vertex 31.725 -1.09274 48.6977
      vertex 17.725 -1.09274 48.6977
    endloop
  endfacet
  facet normal 0 -0.727367 0.686249
    outer loop
      vertex 17.725 1.09274 48.6977
      vertex 31.725 1.36361 48.9848
      vertex 17.725 1.36361 48.9848
    endloop
  endfacet
  facet normal 0 -0.727367 0.686249
    outer loop
      vertex 31.725 1.36361 48.9848
      vertex 17.725 1.09274 48.6977
      vertex 31.725 1.09274 48.6977
    endloop
  endfacet
  facet normal 0 -0.342018 0.939693
    outer loop
      vertex 17.725 0.762959 48.4808
      vertex 31.725 0.392047 48.3458
      vertex 31.725 0.762959 48.4808
    endloop
  endfacet
  facet normal 0 -0.342018 0.939693
    outer loop
      vertex 31.725 0.392047 48.3458
      vertex 17.725 0.762959 48.4808
      vertex 17.725 0.392047 48.3458
    endloop
  endfacet
  facet normal 0 0.918201 -0.396114
    outer loop
      vertex 31.725 -1.62858 50.4876
      vertex 17.725 -1.47224 50.85
      vertex 31.725 -1.47224 50.85
    endloop
  endfacet
  facet normal 0 0.918201 -0.396114
    outer loop
      vertex 17.725 -1.47224 50.85
      vertex 31.725 -1.62858 50.4876
      vertex 17.725 -1.62858 50.4876
    endloop
  endfacet
  facet normal 0 -0.957987 0.286813
    outer loop
      vertex 17.725 1.56097 49.3267
      vertex 31.725 1.67417 49.7048
      vertex 17.725 1.67417 49.7048
    endloop
  endfacet
  facet normal 0 -0.957987 0.286813
    outer loop
      vertex 31.725 1.67417 49.7048
      vertex 17.725 1.56097 49.3267
      vertex 31.725 1.56097 49.3267
    endloop
  endfacet
  facet normal 0 0.984815 -0.173609
    outer loop
      vertex 31.725 -1.69712 50.0988
      vertex 17.725 -1.62858 50.4876
      vertex 31.725 -1.62858 50.4876
    endloop
  endfacet
  facet normal 0 0.984815 -0.173609
    outer loop
      vertex 17.725 -1.62858 50.4876
      vertex 31.725 -1.69712 50.0988
      vertex 17.725 -1.69712 50.0988
    endloop
  endfacet
  facet normal 0 -0.918201 -0.396114
    outer loop
      vertex 17.725 1.62858 50.4876
      vertex 31.725 1.47224 50.85
      vertex 17.725 1.47224 50.85
    endloop
  endfacet
  facet normal 0 -0.918201 -0.396114
    outer loop
      vertex 31.725 1.47224 50.85
      vertex 17.725 1.62858 50.4876
      vertex 31.725 1.62858 50.4876
    endloop
  endfacet
  facet normal 0 -0.448903 -0.89358
    outer loop
      vertex 17.725 0.581433 51.5975
      vertex 31.725 0.934165 51.4203
      vertex 31.725 0.581433 51.5975
    endloop
  endfacet
  facet normal -0 -0.448903 -0.89358
    outer loop
      vertex 31.725 0.934165 51.4203
      vertex 17.725 0.581433 51.5975
      vertex 17.725 0.934165 51.4203
    endloop
  endfacet
  facet normal -0 0.342018 0.939693
    outer loop
      vertex 17.725 -0.392047 48.3458
      vertex 31.725 -0.762959 48.4808
      vertex 31.725 -0.392047 48.3458
    endloop
  endfacet
  facet normal 0 0.342018 0.939693
    outer loop
      vertex 31.725 -0.762959 48.4808
      vertex 17.725 -0.392047 48.3458
      vertex 17.725 -0.762959 48.4808
    endloop
  endfacet
  facet normal -0 0.549508 0.835488
    outer loop
      vertex 17.725 -0.762959 48.4808
      vertex 31.725 -1.09274 48.6977
      vertex 31.725 -0.762959 48.4808
    endloop
  endfacet
  facet normal 0 0.549508 0.835488
    outer loop
      vertex 31.725 -1.09274 48.6977
      vertex 17.725 -0.762959 48.4808
      vertex 17.725 -1.09274 48.6977
    endloop
  endfacet
  facet normal 0 0.998308 0.0581502
    outer loop
      vertex 31.725 -1.67417 49.7048
      vertex 17.725 -1.69712 50.0988
      vertex 31.725 -1.69712 50.0988
    endloop
  endfacet
  facet normal 0 0.998308 0.0581502
    outer loop
      vertex 17.725 -1.69712 50.0988
      vertex 31.725 -1.67417 49.7048
      vertex 17.725 -1.67417 49.7048
    endloop
  endfacet
  facet normal 0 0.802123 -0.597159
    outer loop
      vertex 31.725 -1.47224 50.85
      vertex 17.725 -1.23654 51.1666
      vertex 31.725 -1.23654 51.1666
    endloop
  endfacet
  facet normal 0 0.802123 -0.597159
    outer loop
      vertex 17.725 -1.23654 51.1666
      vertex 31.725 -1.47224 50.85
      vertex 17.725 -1.47224 50.85
    endloop
  endfacet
  facet normal 0 0.642754 -0.766073
    outer loop
      vertex 17.725 -1.23654 51.1666
      vertex 31.725 -0.934165 51.4203
      vertex 31.725 -1.23654 51.1666
    endloop
  endfacet
  facet normal 0 0.642754 -0.766073
    outer loop
      vertex 31.725 -0.934165 51.4203
      vertex 17.725 -1.23654 51.1666
      vertex 17.725 -0.934165 51.4203
    endloop
  endfacet
  facet normal 0 -0.984815 -0.173609
    outer loop
      vertex 17.725 1.69712 50.0988
      vertex 31.725 1.62858 50.4876
      vertex 17.725 1.62858 50.4876
    endloop
  endfacet
  facet normal 0 -0.984815 -0.173609
    outer loop
      vertex 31.725 1.62858 50.4876
      vertex 17.725 1.69712 50.0988
      vertex 31.725 1.69712 50.0988
    endloop
  endfacet
  facet normal 0 -0.866065 0.499931
    outer loop
      vertex 17.725 1.36361 48.9848
      vertex 31.725 1.56097 49.3267
      vertex 17.725 1.56097 49.3267
    endloop
  endfacet
  facet normal 0 -0.866065 0.499931
    outer loop
      vertex 31.725 1.56097 49.3267
      vertex 17.725 1.36361 48.9848
      vertex 31.725 1.36361 48.9848
    endloop
  endfacet
  facet normal 0 0.866065 0.499931
    outer loop
      vertex 31.725 -1.36361 48.9848
      vertex 17.725 -1.56097 49.3267
      vertex 31.725 -1.56097 49.3267
    endloop
  endfacet
  facet normal 0 0.866065 0.499931
    outer loop
      vertex 17.725 -1.56097 49.3267
      vertex 31.725 -1.36361 48.9848
      vertex 17.725 -1.36361 48.9848
    endloop
  endfacet
  facet normal 0 -0.549508 0.835488
    outer loop
      vertex 17.725 1.09274 48.6977
      vertex 31.725 0.762959 48.4808
      vertex 31.725 1.09274 48.6977
    endloop
  endfacet
  facet normal 0 -0.549508 0.835488
    outer loop
      vertex 31.725 0.762959 48.4808
      vertex 17.725 1.09274 48.6977
      vertex 17.725 0.762959 48.4808
    endloop
  endfacet
  facet normal 0 -0.802123 -0.597159
    outer loop
      vertex 17.725 1.47224 50.85
      vertex 31.725 1.23654 51.1666
      vertex 17.725 1.23654 51.1666
    endloop
  endfacet
  facet normal 0 -0.802123 -0.597159
    outer loop
      vertex 31.725 1.23654 51.1666
      vertex 17.725 1.47224 50.85
      vertex 31.725 1.47224 50.85
    endloop
  endfacet
  facet normal 0 0.230549 -0.973061
    outer loop
      vertex 17.725 -0.581433 51.5975
      vertex 31.725 -0.197357 51.6885
      vertex 31.725 -0.581433 51.5975
    endloop
  endfacet
  facet normal 0 0.230549 -0.973061
    outer loop
      vertex 31.725 -0.197357 51.6885
      vertex 17.725 -0.581433 51.5975
      vertex 17.725 -0.197357 51.6885
    endloop
  endfacet
  facet normal 0 0.448903 -0.89358
    outer loop
      vertex 17.725 -0.934165 51.4203
      vertex 31.725 -0.581433 51.5975
      vertex 31.725 -0.934165 51.4203
    endloop
  endfacet
  facet normal 0 0.448903 -0.89358
    outer loop
      vertex 31.725 -0.581433 51.5975
      vertex 17.725 -0.934165 51.4203
      vertex 17.725 -0.581433 51.5975
    endloop
  endfacet
  facet normal 0 -0.230549 -0.973061
    outer loop
      vertex 17.725 0.197357 51.6885
      vertex 31.725 0.581433 51.5975
      vertex 31.725 0.197357 51.6885
    endloop
  endfacet
  facet normal -0 -0.230549 -0.973061
    outer loop
      vertex 31.725 0.581433 51.5975
      vertex 17.725 0.197357 51.6885
      vertex 17.725 0.581433 51.5975
    endloop
  endfacet
endsolid OpenSCAD_Model
