solid OpenSCAD_Model
  facet normal 0 0 -1
    outer loop
      vertex 33.2496 0 0
      vertex 38.75 0 0
      vertex 38.738 -0.689255 0
    endloop
  endfacet
  facet normal 0 0 -1
    outer loop
      vertex 33.2409 -0.497391 0
      vertex 38.738 -0.689255 0
      vertex 38.7019 -1.37769 0
    endloop
  endfacet
  facet normal 0 0 -1
    outer loop
      vertex 38.75 0 0
      vertex 33.2496 0 0
      vertex 38.738 0.689255 0
    endloop
  endfacet
  facet normal 0 0 -1
    outer loop
      vertex 33.2149 -0.993713 0
      vertex 38.7019 -1.37769 0
      vertex 38.6418 -2.06442 0
    endloop
  endfacet
  facet normal 0 0 -1
    outer loop
      vertex 33.2409 0.497391 0
      vertex 38.738 0.689255 0
      vertex 33.2496 0 0
    endloop
  endfacet
  facet normal 0 0 -1
    outer loop
      vertex 33.1716 -1.48941 0
      vertex 38.6418 -2.06442 0
      vertex 38.5578 -2.74866 0
    endloop
  endfacet
  facet normal -0 0 -1
    outer loop
      vertex 38.738 0.689255 0
      vertex 33.2409 0.497391 0
      vertex 38.7019 1.37769 0
    endloop
  endfacet
  facet normal 0 0 -1
    outer loop
      vertex 33.1109 -1.98361 0
      vertex 38.5578 -2.74866 0
      vertex 38.45 -3.42955 0
    endloop
  endfacet
  facet normal 0 0 -1
    outer loop
      vertex 33.2149 0.993713 0
      vertex 38.7019 1.37769 0
      vertex 33.2409 0.497391 0
    endloop
  endfacet
  facet normal 0 0 -1
    outer loop
      vertex 33.0332 -2.47415 0
      vertex 38.45 -3.42955 0
      vertex 38.3184 -4.10625 0
    endloop
  endfacet
  facet normal -0 0 -1
    outer loop
      vertex 38.7019 1.37769 0
      vertex 33.2149 0.993713 0
      vertex 38.6418 2.06442 0
    endloop
  endfacet
  facet normal 0 0 -1
    outer loop
      vertex 32.9382 -2.96274 0
      vertex 38.3184 -4.10625 0
      vertex 38.1633 -4.77795 0
    endloop
  endfacet
  facet normal 0 0 -1
    outer loop
      vertex 33.1716 1.48941 0
      vertex 38.6418 2.06442 0
      vertex 33.2149 0.993713 0
    endloop
  endfacet
  facet normal 0 0 -1
    outer loop
      vertex 32.8264 -3.44722 0
      vertex 38.1633 -4.77795 0
      vertex 37.9849 -5.44383 0
    endloop
  endfacet
  facet normal -0 0 -1
    outer loop
      vertex 38.6418 2.06442 0
      vertex 33.1716 1.48941 0
      vertex 38.5578 2.74866 0
    endloop
  endfacet
  facet normal 0 0 -1
    outer loop
      vertex 32.6976 -3.92758 0
      vertex 37.9849 -5.44383 0
      vertex 37.7834 -6.10307 0
    endloop
  endfacet
  facet normal 0 0 -1
    outer loop
      vertex 33.1109 1.98361 0
      vertex 38.5578 2.74866 0
      vertex 33.1716 1.48941 0
    endloop
  endfacet
  facet normal 0 0 -1
    outer loop
      vertex 32.5521 -4.40369 0
      vertex 37.7834 -6.10307 0
      vertex 37.5589 -6.75488 0
    endloop
  endfacet
  facet normal -0 0 -1
    outer loop
      vertex 38.5578 2.74866 0
      vertex 33.1109 1.98361 0
      vertex 38.45 3.42955 0
    endloop
  endfacet
  facet normal 0 0 -1
    outer loop
      vertex 32.3903 -4.87355 0
      vertex 37.5589 -6.75488 0
      vertex 37.3119 -7.39847 0
    endloop
  endfacet
  facet normal 0 0 -1
    outer loop
      vertex 33.0332 2.47415 0
      vertex 38.45 3.42955 0
      vertex 33.1109 1.98361 0
    endloop
  endfacet
  facet normal 0 0 -1
    outer loop
      vertex 32.2121 -5.33781 0
      vertex 37.3119 -7.39847 0
      vertex 37.0425 -8.03304 0
    endloop
  endfacet
  facet normal -0 0 -1
    outer loop
      vertex 38.45 3.42955 0
      vertex 33.0332 2.47415 0
      vertex 38.3184 4.10625 0
    endloop
  endfacet
  facet normal 0 0 -1
    outer loop
      vertex 32.0175 -5.7961 0
      vertex 37.0425 -8.03304 0
      vertex 36.7512 -8.65782 0
    endloop
  endfacet
  facet normal 0 0 -1
    outer loop
      vertex 32.9382 2.96274 0
      vertex 38.3184 4.10625 0
      vertex 33.0332 2.47415 0
    endloop
  endfacet
  facet normal 0 0 -1
    outer loop
      vertex 31.8075 -6.24646 0
      vertex 36.7512 -8.65782 0
      vertex 36.4382 -9.27205 0
    endloop
  endfacet
  facet normal -0 0 -1
    outer loop
      vertex 38.3184 4.10625 0
      vertex 32.9382 2.96274 0
      vertex 38.1633 4.77795 0
    endloop
  endfacet
  facet normal 0 0 -1
    outer loop
      vertex 31.5817 -6.68976 0
      vertex 36.4382 -9.27205 0
      vertex 36.104 -9.875 0
    endloop
  endfacet
  facet normal 0 0 -1
    outer loop
      vertex 32.8264 3.44722 0
      vertex 38.1633 4.77795 0
      vertex 32.9382 2.96274 0
    endloop
  endfacet
  facet normal 0 0 -1
    outer loop
      vertex 31.3405 -7.12494 0
      vertex 36.104 -9.875 0
      vertex 35.7489 -10.4659 0
    endloop
  endfacet
  facet normal -0 0 -1
    outer loop
      vertex 38.1633 4.77795 0
      vertex 32.8264 3.44722 0
      vertex 37.9849 5.44383 0
    endloop
  endfacet
  facet normal 0 0 -1
    outer loop
      vertex 31.0844 -7.55115 0
      vertex 35.7489 -10.4659 0
      vertex 35.3735 -11.0441 0
    endloop
  endfacet
  facet normal 0 0 -1
    outer loop
      vertex 32.6976 3.92758 0
      vertex 37.9849 5.44383 0
      vertex 32.8264 3.44722 0
    endloop
  endfacet
  facet normal 0 0 -1
    outer loop
      vertex 30.8136 -7.968 0
      vertex 35.3735 -11.0441 0
      vertex 34.9781 -11.6087 0
    endloop
  endfacet
  facet normal -0 0 -1
    outer loop
      vertex 37.9849 5.44383 0
      vertex 32.6976 3.92758 0
      vertex 37.7834 6.10307 0
    endloop
  endfacet
  facet normal 0 0 -1
    outer loop
      vertex 30.528 -8.37587 0
      vertex 34.9781 -11.6087 0
      vertex 34.5632 -12.1593 0
    endloop
  endfacet
  facet normal 0 0 -1
    outer loop
      vertex 32.5521 4.40369 0
      vertex 37.7834 6.10307 0
      vertex 32.6976 3.92758 0
    endloop
  endfacet
  facet normal 0 0 -1
    outer loop
      vertex 30.2287 -8.77306 0
      vertex 34.5632 -12.1593 0
      vertex 34.1294 -12.6951 0
    endloop
  endfacet
  facet normal -0 0 -1
    outer loop
      vertex 37.7834 6.10307 0
      vertex 32.5521 4.40369 0
      vertex 37.5589 6.75488 0
    endloop
  endfacet
  facet normal 0 0 -1
    outer loop
      vertex 29.9161 -9.15918 0
      vertex 34.1294 -12.6951 0
      vertex 33.6771 -13.2153 0
    endloop
  endfacet
  facet normal 0 0 -1
    outer loop
      vertex 32.3903 4.87355 0
      vertex 37.5589 6.75488 0
      vertex 32.5521 4.40369 0
    endloop
  endfacet
  facet normal -0 0 -1
    outer loop
      vertex 37.5589 6.75488 0
      vertex 32.3903 4.87355 0
      vertex 37.3119 7.39847 0
    endloop
  endfacet
  facet normal 0 0 -1
    outer loop
      vertex 38.738 -0.689255 0
      vertex 33.2409 -0.497391 0
      vertex 33.2496 0 0
    endloop
  endfacet
  facet normal 0 0 -1
    outer loop
      vertex 38.7019 -1.37769 0
      vertex 33.2149 -0.993713 0
      vertex 33.2409 -0.497391 0
    endloop
  endfacet
  facet normal 0 0 -1
    outer loop
      vertex 29.5894 -9.53491 0
      vertex 33.6771 -13.2153 0
      vertex 33.207 -13.7195 0
    endloop
  endfacet
  facet normal 0 0 -1
    outer loop
      vertex 38.6418 -2.06442 0
      vertex 33.1716 -1.48941 0
      vertex 33.2149 -0.993713 0
    endloop
  endfacet
  facet normal 0 0 -1
    outer loop
      vertex 38.5578 -2.74866 0
      vertex 33.1109 -1.98361 0
      vertex 33.1716 -1.48941 0
    endloop
  endfacet
  facet normal 0 0 -1
    outer loop
      vertex 38.45 -3.42955 0
      vertex 33.0332 -2.47415 0
      vertex 33.1109 -1.98361 0
    endloop
  endfacet
  facet normal 0 0 -1
    outer loop
      vertex 38.3184 -4.10625 0
      vertex 32.9382 -2.96274 0
      vertex 33.0332 -2.47415 0
    endloop
  endfacet
  facet normal 0 0 -1
    outer loop
      vertex 38.1633 -4.77795 0
      vertex 32.8264 -3.44722 0
      vertex 32.9382 -2.96274 0
    endloop
  endfacet
  facet normal 0 0 -1
    outer loop
      vertex 29.2501 -9.89885 0
      vertex 33.207 -13.7195 0
      vertex 32.7195 -14.207 0
    endloop
  endfacet
  facet normal 0 0 -1
    outer loop
      vertex 37.9849 -5.44383 0
      vertex 32.6976 -3.92758 0
      vertex 32.8264 -3.44722 0
    endloop
  endfacet
  facet normal 0 0 -1
    outer loop
      vertex 37.7834 -6.10307 0
      vertex 32.5521 -4.40369 0
      vertex 32.6976 -3.92758 0
    endloop
  endfacet
  facet normal 0 0 -1
    outer loop
      vertex 37.5589 -6.75488 0
      vertex 32.3903 -4.87355 0
      vertex 32.5521 -4.40369 0
    endloop
  endfacet
  facet normal 0 0 -1
    outer loop
      vertex 28.8988 -10.2501 0
      vertex 32.7195 -14.207 0
      vertex 32.2153 -14.6771 0
    endloop
  endfacet
  facet normal 0 0 -1
    outer loop
      vertex 37.3119 -7.39847 0
      vertex 32.2121 -5.33781 0
      vertex 32.3903 -4.87355 0
    endloop
  endfacet
  facet normal 0 0 -1
    outer loop
      vertex 37.0425 -8.03304 0
      vertex 32.0175 -5.7961 0
      vertex 32.2121 -5.33781 0
    endloop
  endfacet
  facet normal 0 0 -1
    outer loop
      vertex 36.7512 -8.65782 0
      vertex 31.8075 -6.24646 0
      vertex 32.0175 -5.7961 0
    endloop
  endfacet
  facet normal 0 0 -1
    outer loop
      vertex 28.5349 -10.5894 0
      vertex 32.2153 -14.6771 0
      vertex 31.6951 -15.1294 0
    endloop
  endfacet
  facet normal 0 0 -1
    outer loop
      vertex 36.4382 -9.27205 0
      vertex 31.5817 -6.68976 0
      vertex 31.8075 -6.24646 0
    endloop
  endfacet
  facet normal 0 0 -1
    outer loop
      vertex 36.104 -9.875 0
      vertex 31.3405 -7.12494 0
      vertex 31.5817 -6.68976 0
    endloop
  endfacet
  facet normal 0 0 -1
    outer loop
      vertex 28.1592 -10.9161 0
      vertex 31.6951 -15.1294 0
      vertex 31.1593 -15.5632 0
    endloop
  endfacet
  facet normal 0 0 -1
    outer loop
      vertex 35.7489 -10.4659 0
      vertex 31.0844 -7.55115 0
      vertex 31.3405 -7.12494 0
    endloop
  endfacet
  facet normal 0 0 -1
    outer loop
      vertex 35.3735 -11.0441 0
      vertex 30.8136 -7.968 0
      vertex 31.0844 -7.55115 0
    endloop
  endfacet
  facet normal 0 0 -1
    outer loop
      vertex 27.7731 -11.2287 0
      vertex 31.1593 -15.5632 0
      vertex 30.6087 -15.9781 0
    endloop
  endfacet
  facet normal 0 0 -1
    outer loop
      vertex 34.9781 -11.6087 0
      vertex 30.528 -8.37587 0
      vertex 30.8136 -7.968 0
    endloop
  endfacet
  facet normal 0 0 -1
    outer loop
      vertex 34.5632 -12.1593 0
      vertex 30.2287 -8.77306 0
      vertex 30.528 -8.37587 0
    endloop
  endfacet
  facet normal 0 0 -1
    outer loop
      vertex 27.3759 -11.528 0
      vertex 30.6087 -15.9781 0
      vertex 30.0441 -16.3735 0
    endloop
  endfacet
  facet normal 0 0 -1
    outer loop
      vertex 34.1294 -12.6951 0
      vertex 29.9161 -9.15918 0
      vertex 30.2287 -8.77306 0
    endloop
  endfacet
  facet normal 0 0 -1
    outer loop
      vertex 33.6771 -13.2153 0
      vertex 29.5894 -9.53491 0
      vertex 29.9161 -9.15918 0
    endloop
  endfacet
  facet normal 0 0 -1
    outer loop
      vertex 26.968 -11.8136 0
      vertex 30.0441 -16.3735 0
      vertex 29.4659 -16.7489 0
    endloop
  endfacet
  facet normal 0 0 -1
    outer loop
      vertex 33.207 -13.7195 0
      vertex 29.2501 -9.89885 0
      vertex 29.5894 -9.53491 0
    endloop
  endfacet
  facet normal 0 0 -1
    outer loop
      vertex 32.7195 -14.207 0
      vertex 28.8988 -10.2501 0
      vertex 29.2501 -9.89885 0
    endloop
  endfacet
  facet normal 0 0 -1
    outer loop
      vertex 26.5511 -12.0844 0
      vertex 29.4659 -16.7489 0
      vertex 28.875 -17.104 0
    endloop
  endfacet
  facet normal 0 0 -1
    outer loop
      vertex 32.2153 -14.6771 0
      vertex 28.5349 -10.5894 0
      vertex 28.8988 -10.2501 0
    endloop
  endfacet
  facet normal 0 0 -1
    outer loop
      vertex 26.1249 -12.3405 0
      vertex 28.875 -17.104 0
      vertex 28.272 -17.4382 0
    endloop
  endfacet
  facet normal 0 0 -1
    outer loop
      vertex 31.6951 -15.1294 0
      vertex 28.1592 -10.9161 0
      vertex 28.5349 -10.5894 0
    endloop
  endfacet
  facet normal 0 0 -1
    outer loop
      vertex 31.1593 -15.5632 0
      vertex 27.7731 -11.2287 0
      vertex 28.1592 -10.9161 0
    endloop
  endfacet
  facet normal 0 0 -1
    outer loop
      vertex 25.6898 -12.5817 0
      vertex 28.272 -17.4382 0
      vertex 27.6578 -17.7512 0
    endloop
  endfacet
  facet normal 0 0 -1
    outer loop
      vertex 30.6087 -15.9781 0
      vertex 27.3759 -11.528 0
      vertex 27.7731 -11.2287 0
    endloop
  endfacet
  facet normal 0 0 -1
    outer loop
      vertex 25.2465 -12.8075 0
      vertex 27.6578 -17.7512 0
      vertex 27.033 -18.0425 0
    endloop
  endfacet
  facet normal 0 0 -1
    outer loop
      vertex 30.0441 -16.3735 0
      vertex 26.968 -11.8136 0
      vertex 27.3759 -11.528 0
    endloop
  endfacet
  facet normal 0 0 -1
    outer loop
      vertex 29.4659 -16.7489 0
      vertex 26.5511 -12.0844 0
      vertex 26.968 -11.8136 0
    endloop
  endfacet
  facet normal 0 0 -1
    outer loop
      vertex 24.7961 -13.0175 0
      vertex 27.033 -18.0425 0
      vertex 26.3985 -18.3119 0
    endloop
  endfacet
  facet normal 0 0 -1
    outer loop
      vertex 28.875 -17.104 0
      vertex 26.1249 -12.3405 0
      vertex 26.5511 -12.0844 0
    endloop
  endfacet
  facet normal 0 0 -1
    outer loop
      vertex 24.3378 -13.2121 0
      vertex 26.3985 -18.3119 0
      vertex 25.7549 -18.5589 0
    endloop
  endfacet
  facet normal 0 0 -1
    outer loop
      vertex 28.272 -17.4382 0
      vertex 25.6898 -12.5817 0
      vertex 26.1249 -12.3405 0
    endloop
  endfacet
  facet normal 0 0 -1
    outer loop
      vertex 27.6578 -17.7512 0
      vertex 25.2465 -12.8075 0
      vertex 25.6898 -12.5817 0
    endloop
  endfacet
  facet normal 0 0 -1
    outer loop
      vertex 23.8736 -13.3903 0
      vertex 25.7549 -18.5589 0
      vertex 25.1031 -18.7834 0
    endloop
  endfacet
  facet normal 0 0 -1
    outer loop
      vertex 27.033 -18.0425 0
      vertex 24.7961 -13.0175 0
      vertex 25.2465 -12.8075 0
    endloop
  endfacet
  facet normal 0 0 -1
    outer loop
      vertex 23.4037 -13.5521 0
      vertex 25.1031 -18.7834 0
      vertex 24.4438 -18.9849 0
    endloop
  endfacet
  facet normal 0 0 -1
    outer loop
      vertex 26.3985 -18.3119 0
      vertex 24.3378 -13.2121 0
      vertex 24.7961 -13.0175 0
    endloop
  endfacet
  facet normal 0 0 -1
    outer loop
      vertex 25.7549 -18.5589 0
      vertex 23.8736 -13.3903 0
      vertex 24.3378 -13.2121 0
    endloop
  endfacet
  facet normal 0 0 -1
    outer loop
      vertex 22.9276 -13.6976 0
      vertex 24.4438 -18.9849 0
      vertex 23.778 -19.1633 0
    endloop
  endfacet
  facet normal 0 0 -1
    outer loop
      vertex 25.1031 -18.7834 0
      vertex 23.4037 -13.5521 0
      vertex 23.8736 -13.3903 0
    endloop
  endfacet
  facet normal 0 0 -1
    outer loop
      vertex 22.4472 -13.8264 0
      vertex 23.778 -19.1633 0
      vertex 23.1062 -19.3184 0
    endloop
  endfacet
  facet normal 0 0 -1
    outer loop
      vertex 24.4438 -18.9849 0
      vertex 22.9276 -13.6976 0
      vertex 23.4037 -13.5521 0
    endloop
  endfacet
  facet normal 0 0 -1
    outer loop
      vertex 23.778 -19.1633 0
      vertex 22.4472 -13.8264 0
      vertex 22.9276 -13.6976 0
    endloop
  endfacet
  facet normal 0 0 -1
    outer loop
      vertex 21.9627 -13.9382 0
      vertex 23.1062 -19.3184 0
      vertex 22.4296 -19.45 0
    endloop
  endfacet
  facet normal 0 0 -1
    outer loop
      vertex 23.1062 -19.3184 0
      vertex 21.9627 -13.9382 0
      vertex 22.4472 -13.8264 0
    endloop
  endfacet
  facet normal 0 0 -1
    outer loop
      vertex 21.4742 -14.0332 0
      vertex 22.4296 -19.45 0
      vertex 21.7487 -19.5578 0
    endloop
  endfacet
  facet normal 0 0 -1
    outer loop
      vertex 22.4296 -19.45 0
      vertex 21.4742 -14.0332 0
      vertex 21.9627 -13.9382 0
    endloop
  endfacet
  facet normal 0 0 -1
    outer loop
      vertex 20.9836 -14.1109 0
      vertex 21.7487 -19.5578 0
      vertex 21.0644 -19.6418 0
    endloop
  endfacet
  facet normal 0 0 -1
    outer loop
      vertex 21.7487 -19.5578 0
      vertex 20.9836 -14.1109 0
      vertex 21.4742 -14.0332 0
    endloop
  endfacet
  facet normal 0 0 -1
    outer loop
      vertex 21.0644 -19.6418 0
      vertex 20.4894 -14.1716 0
      vertex 20.9836 -14.1109 0
    endloop
  endfacet
  facet normal 0 0 -1
    outer loop
      vertex 20.3777 -19.7019 0
      vertex 20.4894 -14.1716 0
      vertex 21.0644 -19.6418 0
    endloop
  endfacet
  facet normal 0 0 -1
    outer loop
      vertex 20.3777 -19.7019 0
      vertex 19.9937 -14.2149 0
      vertex 20.4894 -14.1716 0
    endloop
  endfacet
  facet normal 0 0 -1
    outer loop
      vertex 19.6893 -19.738 0
      vertex 19.9937 -14.2149 0
      vertex 20.3777 -19.7019 0
    endloop
  endfacet
  facet normal 0 0 -1
    outer loop
      vertex 19.6893 -19.738 0
      vertex 19.4974 -14.2409 0
      vertex 19.9937 -14.2149 0
    endloop
  endfacet
  facet normal 0 0 -1
    outer loop
      vertex 19 -19.75 0
      vertex 19.4974 -14.2409 0
      vertex 19.6893 -19.738 0
    endloop
  endfacet
  facet normal 0 0 -1
    outer loop
      vertex 19 -19.75 0
      vertex 18.9782 -14.25 0
      vertex 19.4974 -14.2409 0
    endloop
  endfacet
  facet normal 0 0 -1
    outer loop
      vertex 13 -19.75 0
      vertex 18.9782 -14.25 0
      vertex 19 -19.75 0
    endloop
  endfacet
  facet normal -0 0 -1
    outer loop
      vertex 18.9782 -14.25 0
      vertex 13 -19.75 0
      vertex 13 -14.25 0
    endloop
  endfacet
  facet normal 0 0 -1
    outer loop
      vertex 32.2121 5.33781 0
      vertex 37.3119 7.39847 0
      vertex 32.3903 4.87355 0
    endloop
  endfacet
  facet normal -0 0 -1
    outer loop
      vertex 37.3119 7.39847 0
      vertex 32.2121 5.33781 0
      vertex 37.0425 8.03304 0
    endloop
  endfacet
  facet normal 0 0 -1
    outer loop
      vertex 32.0175 5.7961 0
      vertex 37.0425 8.03304 0
      vertex 32.2121 5.33781 0
    endloop
  endfacet
  facet normal -0 0 -1
    outer loop
      vertex 37.0425 8.03304 0
      vertex 32.0175 5.7961 0
      vertex 36.7512 8.65782 0
    endloop
  endfacet
  facet normal 0 0 -1
    outer loop
      vertex 31.8075 6.24646 0
      vertex 36.7512 8.65782 0
      vertex 32.0175 5.7961 0
    endloop
  endfacet
  facet normal -0 0 -1
    outer loop
      vertex 36.7512 8.65782 0
      vertex 31.8075 6.24646 0
      vertex 36.4382 9.27205 0
    endloop
  endfacet
  facet normal 0 0 -1
    outer loop
      vertex 31.5817 6.68976 0
      vertex 36.4382 9.27205 0
      vertex 31.8075 6.24646 0
    endloop
  endfacet
  facet normal -0 0 -1
    outer loop
      vertex 36.4382 9.27205 0
      vertex 31.5817 6.68976 0
      vertex 36.104 9.875 0
    endloop
  endfacet
  facet normal 0 0 -1
    outer loop
      vertex 31.3405 7.12494 0
      vertex 36.104 9.875 0
      vertex 31.5817 6.68976 0
    endloop
  endfacet
  facet normal -0 0 -1
    outer loop
      vertex 36.104 9.875 0
      vertex 31.3405 7.12494 0
      vertex 35.7489 10.4659 0
    endloop
  endfacet
  facet normal 0 0 -1
    outer loop
      vertex 31.0844 7.55115 0
      vertex 35.7489 10.4659 0
      vertex 31.3405 7.12494 0
    endloop
  endfacet
  facet normal -0 0 -1
    outer loop
      vertex 35.7489 10.4659 0
      vertex 31.0844 7.55115 0
      vertex 35.3735 11.0441 0
    endloop
  endfacet
  facet normal 0 0 -1
    outer loop
      vertex 30.8136 7.968 0
      vertex 35.3735 11.0441 0
      vertex 31.0844 7.55115 0
    endloop
  endfacet
  facet normal -0 0 -1
    outer loop
      vertex 35.3735 11.0441 0
      vertex 30.8136 7.968 0
      vertex 34.9781 11.6087 0
    endloop
  endfacet
  facet normal 0 0 -1
    outer loop
      vertex 30.528 8.37587 0
      vertex 34.9781 11.6087 0
      vertex 30.8136 7.968 0
    endloop
  endfacet
  facet normal -0 0 -1
    outer loop
      vertex 34.9781 11.6087 0
      vertex 30.528 8.37587 0
      vertex 34.5632 12.1593 0
    endloop
  endfacet
  facet normal 0 0 -1
    outer loop
      vertex 30.2287 8.77306 0
      vertex 34.5632 12.1593 0
      vertex 30.528 8.37587 0
    endloop
  endfacet
  facet normal -0 0 -1
    outer loop
      vertex 34.5632 12.1593 0
      vertex 30.2287 8.77306 0
      vertex 34.1294 12.6951 0
    endloop
  endfacet
  facet normal 0 0 -1
    outer loop
      vertex 29.9161 9.15918 0
      vertex 34.1294 12.6951 0
      vertex 30.2287 8.77306 0
    endloop
  endfacet
  facet normal -0 0 -1
    outer loop
      vertex 34.1294 12.6951 0
      vertex 29.9161 9.15918 0
      vertex 33.6771 13.2153 0
    endloop
  endfacet
  facet normal 0 0 -1
    outer loop
      vertex 29.5894 9.53491 0
      vertex 33.6771 13.2153 0
      vertex 29.9161 9.15918 0
    endloop
  endfacet
  facet normal -0 0 -1
    outer loop
      vertex 33.6771 13.2153 0
      vertex 29.5894 9.53491 0
      vertex 33.207 13.7195 0
    endloop
  endfacet
  facet normal 0 0 -1
    outer loop
      vertex 29.2501 9.89885 0
      vertex 33.207 13.7195 0
      vertex 29.5894 9.53491 0
    endloop
  endfacet
  facet normal -0 0 -1
    outer loop
      vertex 33.207 13.7195 0
      vertex 29.2501 9.89885 0
      vertex 32.7195 14.207 0
    endloop
  endfacet
  facet normal 0 0 -1
    outer loop
      vertex 28.8988 10.2501 0
      vertex 32.7195 14.207 0
      vertex 29.2501 9.89885 0
    endloop
  endfacet
  facet normal -0 0 -1
    outer loop
      vertex 32.7195 14.207 0
      vertex 28.8988 10.2501 0
      vertex 32.2153 14.6771 0
    endloop
  endfacet
  facet normal 0 0 -1
    outer loop
      vertex 28.5349 10.5894 0
      vertex 32.2153 14.6771 0
      vertex 28.8988 10.2501 0
    endloop
  endfacet
  facet normal -0 0 -1
    outer loop
      vertex 32.2153 14.6771 0
      vertex 28.5349 10.5894 0
      vertex 31.6951 15.1294 0
    endloop
  endfacet
  facet normal 0 0 -1
    outer loop
      vertex 28.1592 10.9161 0
      vertex 31.6951 15.1294 0
      vertex 28.5349 10.5894 0
    endloop
  endfacet
  facet normal -0 0 -1
    outer loop
      vertex 31.6951 15.1294 0
      vertex 28.1592 10.9161 0
      vertex 31.1593 15.5632 0
    endloop
  endfacet
  facet normal 0 0 -1
    outer loop
      vertex 27.7731 11.2287 0
      vertex 31.1593 15.5632 0
      vertex 28.1592 10.9161 0
    endloop
  endfacet
  facet normal -0 0 -1
    outer loop
      vertex 31.1593 15.5632 0
      vertex 27.7731 11.2287 0
      vertex 30.6087 15.9781 0
    endloop
  endfacet
  facet normal 0 0 -1
    outer loop
      vertex 27.3759 11.528 0
      vertex 30.6087 15.9781 0
      vertex 27.7731 11.2287 0
    endloop
  endfacet
  facet normal -0 0 -1
    outer loop
      vertex 30.6087 15.9781 0
      vertex 27.3759 11.528 0
      vertex 30.0441 16.3735 0
    endloop
  endfacet
  facet normal 0 0 -1
    outer loop
      vertex 26.968 11.8136 0
      vertex 30.0441 16.3735 0
      vertex 27.3759 11.528 0
    endloop
  endfacet
  facet normal -0 0 -1
    outer loop
      vertex 30.0441 16.3735 0
      vertex 26.968 11.8136 0
      vertex 29.4659 16.7489 0
    endloop
  endfacet
  facet normal 0 0 -1
    outer loop
      vertex 26.5511 12.0844 0
      vertex 29.4659 16.7489 0
      vertex 26.968 11.8136 0
    endloop
  endfacet
  facet normal -0 0 -1
    outer loop
      vertex 29.4659 16.7489 0
      vertex 26.5511 12.0844 0
      vertex 28.875 17.104 0
    endloop
  endfacet
  facet normal 0 0 -1
    outer loop
      vertex 26.1249 12.3405 0
      vertex 28.875 17.104 0
      vertex 26.5511 12.0844 0
    endloop
  endfacet
  facet normal -0 0 -1
    outer loop
      vertex 28.875 17.104 0
      vertex 26.1249 12.3405 0
      vertex 28.272 17.4382 0
    endloop
  endfacet
  facet normal 0 0 -1
    outer loop
      vertex 25.6898 12.5817 0
      vertex 28.272 17.4382 0
      vertex 26.1249 12.3405 0
    endloop
  endfacet
  facet normal -0 0 -1
    outer loop
      vertex 28.272 17.4382 0
      vertex 25.6898 12.5817 0
      vertex 27.6578 17.7512 0
    endloop
  endfacet
  facet normal 0 0 -1
    outer loop
      vertex 25.2465 12.8075 0
      vertex 27.6578 17.7512 0
      vertex 25.6898 12.5817 0
    endloop
  endfacet
  facet normal -0 0 -1
    outer loop
      vertex 27.6578 17.7512 0
      vertex 25.2465 12.8075 0
      vertex 27.033 18.0425 0
    endloop
  endfacet
  facet normal 0 0 -1
    outer loop
      vertex 24.7961 13.0175 0
      vertex 27.033 18.0425 0
      vertex 25.2465 12.8075 0
    endloop
  endfacet
  facet normal -0 0 -1
    outer loop
      vertex 27.033 18.0425 0
      vertex 24.7961 13.0175 0
      vertex 26.3985 18.3119 0
    endloop
  endfacet
  facet normal 0 0 -1
    outer loop
      vertex 24.3378 13.2121 0
      vertex 26.3985 18.3119 0
      vertex 24.7961 13.0175 0
    endloop
  endfacet
  facet normal -0 0 -1
    outer loop
      vertex 26.3985 18.3119 0
      vertex 24.3378 13.2121 0
      vertex 25.7549 18.5589 0
    endloop
  endfacet
  facet normal 0 0 -1
    outer loop
      vertex 23.8736 13.3903 0
      vertex 25.7549 18.5589 0
      vertex 24.3378 13.2121 0
    endloop
  endfacet
  facet normal -0 0 -1
    outer loop
      vertex 25.7549 18.5589 0
      vertex 23.8736 13.3903 0
      vertex 25.1031 18.7834 0
    endloop
  endfacet
  facet normal 0 0 -1
    outer loop
      vertex 23.4037 13.5521 0
      vertex 25.1031 18.7834 0
      vertex 23.8736 13.3903 0
    endloop
  endfacet
  facet normal -0 0 -1
    outer loop
      vertex 25.1031 18.7834 0
      vertex 23.4037 13.5521 0
      vertex 24.4438 18.9849 0
    endloop
  endfacet
  facet normal 0 0 -1
    outer loop
      vertex 22.9276 13.6976 0
      vertex 24.4438 18.9849 0
      vertex 23.4037 13.5521 0
    endloop
  endfacet
  facet normal -0 0 -1
    outer loop
      vertex 24.4438 18.9849 0
      vertex 22.9276 13.6976 0
      vertex 23.778 19.1633 0
    endloop
  endfacet
  facet normal 0 0 -1
    outer loop
      vertex 22.4472 13.8264 0
      vertex 23.778 19.1633 0
      vertex 22.9276 13.6976 0
    endloop
  endfacet
  facet normal -0 0 -1
    outer loop
      vertex 23.778 19.1633 0
      vertex 22.4472 13.8264 0
      vertex 23.1062 19.3184 0
    endloop
  endfacet
  facet normal 0 0 -1
    outer loop
      vertex 21.9627 13.9382 0
      vertex 23.1062 19.3184 0
      vertex 22.4472 13.8264 0
    endloop
  endfacet
  facet normal -0 0 -1
    outer loop
      vertex 23.1062 19.3184 0
      vertex 21.9627 13.9382 0
      vertex 22.4296 19.45 0
    endloop
  endfacet
  facet normal 0 0 -1
    outer loop
      vertex 21.4742 14.0332 0
      vertex 22.4296 19.45 0
      vertex 21.9627 13.9382 0
    endloop
  endfacet
  facet normal -0 0 -1
    outer loop
      vertex 22.4296 19.45 0
      vertex 21.4742 14.0332 0
      vertex 21.7487 19.5578 0
    endloop
  endfacet
  facet normal 0 0 -1
    outer loop
      vertex 20.9836 14.1109 0
      vertex 21.7487 19.5578 0
      vertex 21.4742 14.0332 0
    endloop
  endfacet
  facet normal -0 0 -1
    outer loop
      vertex 21.7487 19.5578 0
      vertex 20.9836 14.1109 0
      vertex 21.0644 19.6418 0
    endloop
  endfacet
  facet normal 0 0 -1
    outer loop
      vertex 20.4894 14.1716 0
      vertex 21.0644 19.6418 0
      vertex 20.9836 14.1109 0
    endloop
  endfacet
  facet normal 0 0 -1
    outer loop
      vertex 20.4894 14.1716 0
      vertex 20.3777 19.7019 0
      vertex 21.0644 19.6418 0
    endloop
  endfacet
  facet normal 0 0 -1
    outer loop
      vertex 19.9937 14.2149 0
      vertex 20.3777 19.7019 0
      vertex 20.4894 14.1716 0
    endloop
  endfacet
  facet normal 0 0 -1
    outer loop
      vertex 19.9937 14.2149 0
      vertex 19.6893 19.738 0
      vertex 20.3777 19.7019 0
    endloop
  endfacet
  facet normal 0 0 -1
    outer loop
      vertex 19.4974 14.2409 0
      vertex 19.6893 19.738 0
      vertex 19.9937 14.2149 0
    endloop
  endfacet
  facet normal 0 0 -1
    outer loop
      vertex 19.4974 14.2409 0
      vertex 19 19.75 0
      vertex 19.6893 19.738 0
    endloop
  endfacet
  facet normal 0 0 -1
    outer loop
      vertex 18.9782 14.25 0
      vertex 19 19.75 0
      vertex 19.4974 14.2409 0
    endloop
  endfacet
  facet normal 0 0 -1
    outer loop
      vertex 13 14.25 0
      vertex 19 19.75 0
      vertex 18.9782 14.25 0
    endloop
  endfacet
  facet normal -0 0 -1
    outer loop
      vertex 19 19.75 0
      vertex 13 14.25 0
      vertex 13 19.75 0
    endloop
  endfacet
  facet normal 0 0 -1
    outer loop
      vertex -13 -19.75 0
      vertex -18.9782 -14.25 0
      vertex -13 -14.25 0
    endloop
  endfacet
  facet normal 0 0 -1
    outer loop
      vertex -19 -19.75 0
      vertex -18.9782 -14.25 0
      vertex -13 -19.75 0
    endloop
  endfacet
  facet normal 0 0 -1
    outer loop
      vertex -19 -19.75 0
      vertex -19.4974 -14.2409 0
      vertex -18.9782 -14.25 0
    endloop
  endfacet
  facet normal 0 0 -1
    outer loop
      vertex -19.6893 -19.738 0
      vertex -19.4974 -14.2409 0
      vertex -19 -19.75 0
    endloop
  endfacet
  facet normal 0 0 -1
    outer loop
      vertex -19.6893 -19.738 0
      vertex -19.9937 -14.2149 0
      vertex -19.4974 -14.2409 0
    endloop
  endfacet
  facet normal 0 0 -1
    outer loop
      vertex -20.3777 -19.7019 0
      vertex -19.9937 -14.2149 0
      vertex -19.6893 -19.738 0
    endloop
  endfacet
  facet normal 0 0 -1
    outer loop
      vertex -20.3777 -19.7019 0
      vertex -20.4894 -14.1716 0
      vertex -19.9937 -14.2149 0
    endloop
  endfacet
  facet normal 0 0 -1
    outer loop
      vertex -21.0644 -19.6418 0
      vertex -20.4894 -14.1716 0
      vertex -20.3777 -19.7019 0
    endloop
  endfacet
  facet normal -0 0 -1
    outer loop
      vertex -20.4894 -14.1716 0
      vertex -21.0644 -19.6418 0
      vertex -20.9836 -14.1109 0
    endloop
  endfacet
  facet normal 0 0 -1
    outer loop
      vertex -21.7487 -19.5578 0
      vertex -20.9836 -14.1109 0
      vertex -21.0644 -19.6418 0
    endloop
  endfacet
  facet normal -0 0 -1
    outer loop
      vertex -20.9836 -14.1109 0
      vertex -21.7487 -19.5578 0
      vertex -21.4742 -14.0332 0
    endloop
  endfacet
  facet normal 0 0 -1
    outer loop
      vertex -22.4296 -19.45 0
      vertex -21.4742 -14.0332 0
      vertex -21.7487 -19.5578 0
    endloop
  endfacet
  facet normal -0 0 -1
    outer loop
      vertex -21.4742 -14.0332 0
      vertex -22.4296 -19.45 0
      vertex -21.9627 -13.9382 0
    endloop
  endfacet
  facet normal 0 0 -1
    outer loop
      vertex -23.1062 -19.3184 0
      vertex -21.9627 -13.9382 0
      vertex -22.4296 -19.45 0
    endloop
  endfacet
  facet normal -0 0 -1
    outer loop
      vertex -21.9627 -13.9382 0
      vertex -23.1062 -19.3184 0
      vertex -22.4472 -13.8264 0
    endloop
  endfacet
  facet normal 0 0 -1
    outer loop
      vertex -23.778 -19.1633 0
      vertex -22.4472 -13.8264 0
      vertex -23.1062 -19.3184 0
    endloop
  endfacet
  facet normal -0 0 -1
    outer loop
      vertex -22.4472 -13.8264 0
      vertex -23.778 -19.1633 0
      vertex -22.9276 -13.6976 0
    endloop
  endfacet
  facet normal 0 0 -1
    outer loop
      vertex -24.4438 -18.9849 0
      vertex -22.9276 -13.6976 0
      vertex -23.778 -19.1633 0
    endloop
  endfacet
  facet normal -0 0 -1
    outer loop
      vertex -22.9276 -13.6976 0
      vertex -24.4438 -18.9849 0
      vertex -23.4037 -13.5521 0
    endloop
  endfacet
  facet normal 0 0 -1
    outer loop
      vertex -25.1031 -18.7834 0
      vertex -23.4037 -13.5521 0
      vertex -24.4438 -18.9849 0
    endloop
  endfacet
  facet normal -0 0 -1
    outer loop
      vertex -23.4037 -13.5521 0
      vertex -25.1031 -18.7834 0
      vertex -23.8736 -13.3903 0
    endloop
  endfacet
  facet normal 0 0 -1
    outer loop
      vertex -25.7549 -18.5589 0
      vertex -23.8736 -13.3903 0
      vertex -25.1031 -18.7834 0
    endloop
  endfacet
  facet normal -0 0 -1
    outer loop
      vertex -23.8736 -13.3903 0
      vertex -25.7549 -18.5589 0
      vertex -24.3378 -13.2121 0
    endloop
  endfacet
  facet normal 0 0 -1
    outer loop
      vertex -26.3985 -18.3119 0
      vertex -24.3378 -13.2121 0
      vertex -25.7549 -18.5589 0
    endloop
  endfacet
  facet normal -0 0 -1
    outer loop
      vertex -24.3378 -13.2121 0
      vertex -26.3985 -18.3119 0
      vertex -24.7961 -13.0175 0
    endloop
  endfacet
  facet normal 0 0 -1
    outer loop
      vertex -27.033 -18.0425 0
      vertex -24.7961 -13.0175 0
      vertex -26.3985 -18.3119 0
    endloop
  endfacet
  facet normal -0 0 -1
    outer loop
      vertex -24.7961 -13.0175 0
      vertex -27.033 -18.0425 0
      vertex -25.2465 -12.8075 0
    endloop
  endfacet
  facet normal 0 0 -1
    outer loop
      vertex -27.6578 -17.7512 0
      vertex -25.2465 -12.8075 0
      vertex -27.033 -18.0425 0
    endloop
  endfacet
  facet normal -0 0 -1
    outer loop
      vertex -25.2465 -12.8075 0
      vertex -27.6578 -17.7512 0
      vertex -25.6898 -12.5817 0
    endloop
  endfacet
  facet normal 0 0 -1
    outer loop
      vertex -28.272 -17.4382 0
      vertex -25.6898 -12.5817 0
      vertex -27.6578 -17.7512 0
    endloop
  endfacet
  facet normal -0 0 -1
    outer loop
      vertex -25.6898 -12.5817 0
      vertex -28.272 -17.4382 0
      vertex -26.1249 -12.3405 0
    endloop
  endfacet
  facet normal 0 0 -1
    outer loop
      vertex -28.875 -17.104 0
      vertex -26.1249 -12.3405 0
      vertex -28.272 -17.4382 0
    endloop
  endfacet
  facet normal -0 0 -1
    outer loop
      vertex -26.1249 -12.3405 0
      vertex -28.875 -17.104 0
      vertex -26.5511 -12.0844 0
    endloop
  endfacet
  facet normal 0 0 -1
    outer loop
      vertex -29.4659 -16.7489 0
      vertex -26.5511 -12.0844 0
      vertex -28.875 -17.104 0
    endloop
  endfacet
  facet normal -0 0 -1
    outer loop
      vertex -26.5511 -12.0844 0
      vertex -29.4659 -16.7489 0
      vertex -26.968 -11.8136 0
    endloop
  endfacet
  facet normal 0 0 -1
    outer loop
      vertex -30.0441 -16.3735 0
      vertex -26.968 -11.8136 0
      vertex -29.4659 -16.7489 0
    endloop
  endfacet
  facet normal -0 0 -1
    outer loop
      vertex -26.968 -11.8136 0
      vertex -30.0441 -16.3735 0
      vertex -27.3759 -11.528 0
    endloop
  endfacet
  facet normal 0 0 -1
    outer loop
      vertex -30.6087 -15.9781 0
      vertex -27.3759 -11.528 0
      vertex -30.0441 -16.3735 0
    endloop
  endfacet
  facet normal -0 0 -1
    outer loop
      vertex -27.3759 -11.528 0
      vertex -30.6087 -15.9781 0
      vertex -27.7731 -11.2287 0
    endloop
  endfacet
  facet normal 0 0 -1
    outer loop
      vertex -31.1593 -15.5632 0
      vertex -27.7731 -11.2287 0
      vertex -30.6087 -15.9781 0
    endloop
  endfacet
  facet normal -0 0 -1
    outer loop
      vertex -27.7731 -11.2287 0
      vertex -31.1593 -15.5632 0
      vertex -28.1592 -10.9161 0
    endloop
  endfacet
  facet normal 0 0 -1
    outer loop
      vertex -31.6951 -15.1294 0
      vertex -28.1592 -10.9161 0
      vertex -31.1593 -15.5632 0
    endloop
  endfacet
  facet normal -0 0 -1
    outer loop
      vertex -28.1592 -10.9161 0
      vertex -31.6951 -15.1294 0
      vertex -28.5349 -10.5894 0
    endloop
  endfacet
  facet normal 0 0 -1
    outer loop
      vertex -32.2153 -14.6771 0
      vertex -28.5349 -10.5894 0
      vertex -31.6951 -15.1294 0
    endloop
  endfacet
  facet normal -0 0 -1
    outer loop
      vertex -28.5349 -10.5894 0
      vertex -32.2153 -14.6771 0
      vertex -28.8988 -10.2501 0
    endloop
  endfacet
  facet normal 0 0 -1
    outer loop
      vertex -32.7195 -14.207 0
      vertex -28.8988 -10.2501 0
      vertex -32.2153 -14.6771 0
    endloop
  endfacet
  facet normal -0 0 -1
    outer loop
      vertex -28.8988 -10.2501 0
      vertex -32.7195 -14.207 0
      vertex -29.2501 -9.89885 0
    endloop
  endfacet
  facet normal 0 0 -1
    outer loop
      vertex -33.207 -13.7195 0
      vertex -29.2501 -9.89885 0
      vertex -32.7195 -14.207 0
    endloop
  endfacet
  facet normal -0 0 -1
    outer loop
      vertex -29.2501 -9.89885 0
      vertex -33.207 -13.7195 0
      vertex -29.5894 -9.53491 0
    endloop
  endfacet
  facet normal 0 0 -1
    outer loop
      vertex -33.6771 -13.2153 0
      vertex -29.5894 -9.53491 0
      vertex -33.207 -13.7195 0
    endloop
  endfacet
  facet normal -0 0 -1
    outer loop
      vertex -29.5894 -9.53491 0
      vertex -33.6771 -13.2153 0
      vertex -29.9161 -9.15918 0
    endloop
  endfacet
  facet normal 0 0 -1
    outer loop
      vertex -34.1294 -12.6951 0
      vertex -29.9161 -9.15918 0
      vertex -33.6771 -13.2153 0
    endloop
  endfacet
  facet normal -0 0 -1
    outer loop
      vertex -29.9161 -9.15918 0
      vertex -34.1294 -12.6951 0
      vertex -30.2287 -8.77306 0
    endloop
  endfacet
  facet normal 0 0 -1
    outer loop
      vertex -34.5632 -12.1593 0
      vertex -30.2287 -8.77306 0
      vertex -34.1294 -12.6951 0
    endloop
  endfacet
  facet normal -0 0 -1
    outer loop
      vertex -30.2287 -8.77306 0
      vertex -34.5632 -12.1593 0
      vertex -30.528 -8.37587 0
    endloop
  endfacet
  facet normal 0 0 -1
    outer loop
      vertex -34.9781 -11.6087 0
      vertex -30.528 -8.37587 0
      vertex -34.5632 -12.1593 0
    endloop
  endfacet
  facet normal -0 0 -1
    outer loop
      vertex -30.528 -8.37587 0
      vertex -34.9781 -11.6087 0
      vertex -30.8136 -7.968 0
    endloop
  endfacet
  facet normal 0 0 -1
    outer loop
      vertex -35.3735 -11.0441 0
      vertex -30.8136 -7.968 0
      vertex -34.9781 -11.6087 0
    endloop
  endfacet
  facet normal -0 0 -1
    outer loop
      vertex -30.8136 -7.968 0
      vertex -35.3735 -11.0441 0
      vertex -31.0844 -7.55115 0
    endloop
  endfacet
  facet normal 0 0 -1
    outer loop
      vertex -35.7489 -10.4659 0
      vertex -31.0844 -7.55115 0
      vertex -35.3735 -11.0441 0
    endloop
  endfacet
  facet normal -0 0 -1
    outer loop
      vertex -31.0844 -7.55115 0
      vertex -35.7489 -10.4659 0
      vertex -31.3405 -7.12494 0
    endloop
  endfacet
  facet normal 0 0 -1
    outer loop
      vertex -36.104 -9.875 0
      vertex -31.3405 -7.12494 0
      vertex -35.7489 -10.4659 0
    endloop
  endfacet
  facet normal -0 0 -1
    outer loop
      vertex -31.3405 -7.12494 0
      vertex -36.104 -9.875 0
      vertex -31.5817 -6.68976 0
    endloop
  endfacet
  facet normal 0 0 -1
    outer loop
      vertex -36.4382 -9.27205 0
      vertex -31.5817 -6.68976 0
      vertex -36.104 -9.875 0
    endloop
  endfacet
  facet normal -0 0 -1
    outer loop
      vertex -31.5817 -6.68976 0
      vertex -36.4382 -9.27205 0
      vertex -31.8075 -6.24646 0
    endloop
  endfacet
  facet normal 0 0 -1
    outer loop
      vertex -36.7512 -8.65782 0
      vertex -31.8075 -6.24646 0
      vertex -36.4382 -9.27205 0
    endloop
  endfacet
  facet normal -0 0 -1
    outer loop
      vertex -31.8075 -6.24646 0
      vertex -36.7512 -8.65782 0
      vertex -32.0175 -5.7961 0
    endloop
  endfacet
  facet normal 0 0 -1
    outer loop
      vertex -37.0425 -8.03304 0
      vertex -32.0175 -5.7961 0
      vertex -36.7512 -8.65782 0
    endloop
  endfacet
  facet normal -0 0 -1
    outer loop
      vertex -32.0175 -5.7961 0
      vertex -37.0425 -8.03304 0
      vertex -32.2121 -5.33781 0
    endloop
  endfacet
  facet normal 0 0 -1
    outer loop
      vertex -37.3119 -7.39847 0
      vertex -32.2121 -5.33781 0
      vertex -37.0425 -8.03304 0
    endloop
  endfacet
  facet normal -0 0 -1
    outer loop
      vertex -32.2121 -5.33781 0
      vertex -37.3119 -7.39847 0
      vertex -32.3903 -4.87355 0
    endloop
  endfacet
  facet normal 0 0 -1
    outer loop
      vertex -18.9782 14.25 0
      vertex -13 19.75 0
      vertex -13 14.25 0
    endloop
  endfacet
  facet normal 0 0 -1
    outer loop
      vertex -18.9782 14.25 0
      vertex -19 19.75 0
      vertex -13 19.75 0
    endloop
  endfacet
  facet normal 0 0 -1
    outer loop
      vertex -19.4974 14.2409 0
      vertex -19 19.75 0
      vertex -18.9782 14.25 0
    endloop
  endfacet
  facet normal 0 0 -1
    outer loop
      vertex -19.4974 14.2409 0
      vertex -19.6893 19.738 0
      vertex -19 19.75 0
    endloop
  endfacet
  facet normal 0 0 -1
    outer loop
      vertex -19.9937 14.2149 0
      vertex -19.6893 19.738 0
      vertex -19.4974 14.2409 0
    endloop
  endfacet
  facet normal 0 0 -1
    outer loop
      vertex -19.9937 14.2149 0
      vertex -20.3777 19.7019 0
      vertex -19.6893 19.738 0
    endloop
  endfacet
  facet normal 0 0 -1
    outer loop
      vertex -20.4894 14.1716 0
      vertex -20.3777 19.7019 0
      vertex -19.9937 14.2149 0
    endloop
  endfacet
  facet normal 0 0 -1
    outer loop
      vertex -21.0644 19.6418 0
      vertex -20.4894 14.1716 0
      vertex -20.9836 14.1109 0
    endloop
  endfacet
  facet normal 0 0 -1
    outer loop
      vertex -20.4894 14.1716 0
      vertex -21.0644 19.6418 0
      vertex -20.3777 19.7019 0
    endloop
  endfacet
  facet normal 0 0 -1
    outer loop
      vertex -21.7487 19.5578 0
      vertex -20.9836 14.1109 0
      vertex -21.4742 14.0332 0
    endloop
  endfacet
  facet normal 0 0 -1
    outer loop
      vertex -20.9836 14.1109 0
      vertex -21.7487 19.5578 0
      vertex -21.0644 19.6418 0
    endloop
  endfacet
  facet normal 0 0 -1
    outer loop
      vertex -22.4296 19.45 0
      vertex -21.4742 14.0332 0
      vertex -21.9627 13.9382 0
    endloop
  endfacet
  facet normal 0 0 -1
    outer loop
      vertex -21.4742 14.0332 0
      vertex -22.4296 19.45 0
      vertex -21.7487 19.5578 0
    endloop
  endfacet
  facet normal 0 0 -1
    outer loop
      vertex -23.1062 19.3184 0
      vertex -21.9627 13.9382 0
      vertex -22.4472 13.8264 0
    endloop
  endfacet
  facet normal 0 0 -1
    outer loop
      vertex -23.778 19.1633 0
      vertex -22.4472 13.8264 0
      vertex -22.9276 13.6976 0
    endloop
  endfacet
  facet normal 0 0 -1
    outer loop
      vertex -21.9627 13.9382 0
      vertex -23.1062 19.3184 0
      vertex -22.4296 19.45 0
    endloop
  endfacet
  facet normal 0 0 -1
    outer loop
      vertex -24.4438 18.9849 0
      vertex -22.9276 13.6976 0
      vertex -23.4037 13.5521 0
    endloop
  endfacet
  facet normal 0 0 -1
    outer loop
      vertex -22.4472 13.8264 0
      vertex -23.778 19.1633 0
      vertex -23.1062 19.3184 0
    endloop
  endfacet
  facet normal 0 0 -1
    outer loop
      vertex -25.1031 18.7834 0
      vertex -23.4037 13.5521 0
      vertex -23.8736 13.3903 0
    endloop
  endfacet
  facet normal 0 0 -1
    outer loop
      vertex -25.7549 18.5589 0
      vertex -23.8736 13.3903 0
      vertex -24.3378 13.2121 0
    endloop
  endfacet
  facet normal 0 0 -1
    outer loop
      vertex -22.9276 13.6976 0
      vertex -24.4438 18.9849 0
      vertex -23.778 19.1633 0
    endloop
  endfacet
  facet normal 0 0 -1
    outer loop
      vertex -26.3985 18.3119 0
      vertex -24.3378 13.2121 0
      vertex -24.7961 13.0175 0
    endloop
  endfacet
  facet normal 0 0 -1
    outer loop
      vertex -23.4037 13.5521 0
      vertex -25.1031 18.7834 0
      vertex -24.4438 18.9849 0
    endloop
  endfacet
  facet normal 0 0 -1
    outer loop
      vertex -27.033 18.0425 0
      vertex -24.7961 13.0175 0
      vertex -25.2465 12.8075 0
    endloop
  endfacet
  facet normal 0 0 -1
    outer loop
      vertex -27.6578 17.7512 0
      vertex -25.2465 12.8075 0
      vertex -25.6898 12.5817 0
    endloop
  endfacet
  facet normal 0 0 -1
    outer loop
      vertex -23.8736 13.3903 0
      vertex -25.7549 18.5589 0
      vertex -25.1031 18.7834 0
    endloop
  endfacet
  facet normal 0 0 -1
    outer loop
      vertex -28.272 17.4382 0
      vertex -25.6898 12.5817 0
      vertex -26.1249 12.3405 0
    endloop
  endfacet
  facet normal 0 0 -1
    outer loop
      vertex -24.3378 13.2121 0
      vertex -26.3985 18.3119 0
      vertex -25.7549 18.5589 0
    endloop
  endfacet
  facet normal 0 0 -1
    outer loop
      vertex -28.875 17.104 0
      vertex -26.1249 12.3405 0
      vertex -26.5511 12.0844 0
    endloop
  endfacet
  facet normal 0 0 -1
    outer loop
      vertex -29.4659 16.7489 0
      vertex -26.5511 12.0844 0
      vertex -26.968 11.8136 0
    endloop
  endfacet
  facet normal 0 0 -1
    outer loop
      vertex -24.7961 13.0175 0
      vertex -27.033 18.0425 0
      vertex -26.3985 18.3119 0
    endloop
  endfacet
  facet normal 0 0 -1
    outer loop
      vertex -30.0441 16.3735 0
      vertex -26.968 11.8136 0
      vertex -27.3759 11.528 0
    endloop
  endfacet
  facet normal 0 0 -1
    outer loop
      vertex -25.2465 12.8075 0
      vertex -27.6578 17.7512 0
      vertex -27.033 18.0425 0
    endloop
  endfacet
  facet normal 0 0 -1
    outer loop
      vertex -30.6087 15.9781 0
      vertex -27.3759 11.528 0
      vertex -27.7731 11.2287 0
    endloop
  endfacet
  facet normal 0 0 -1
    outer loop
      vertex -31.1593 15.5632 0
      vertex -27.7731 11.2287 0
      vertex -28.1592 10.9161 0
    endloop
  endfacet
  facet normal 0 0 -1
    outer loop
      vertex -25.6898 12.5817 0
      vertex -28.272 17.4382 0
      vertex -27.6578 17.7512 0
    endloop
  endfacet
  facet normal 0 0 -1
    outer loop
      vertex -31.6951 15.1294 0
      vertex -28.1592 10.9161 0
      vertex -28.5349 10.5894 0
    endloop
  endfacet
  facet normal 0 0 -1
    outer loop
      vertex -26.1249 12.3405 0
      vertex -28.875 17.104 0
      vertex -28.272 17.4382 0
    endloop
  endfacet
  facet normal 0 0 -1
    outer loop
      vertex -32.2153 14.6771 0
      vertex -28.5349 10.5894 0
      vertex -28.8988 10.2501 0
    endloop
  endfacet
  facet normal 0 0 -1
    outer loop
      vertex -32.7195 14.207 0
      vertex -28.8988 10.2501 0
      vertex -29.2501 9.89885 0
    endloop
  endfacet
  facet normal 0 0 -1
    outer loop
      vertex -26.5511 12.0844 0
      vertex -29.4659 16.7489 0
      vertex -28.875 17.104 0
    endloop
  endfacet
  facet normal 0 0 -1
    outer loop
      vertex -33.207 13.7195 0
      vertex -29.2501 9.89885 0
      vertex -29.5894 9.53491 0
    endloop
  endfacet
  facet normal 0 0 -1
    outer loop
      vertex -33.6771 13.2153 0
      vertex -29.5894 9.53491 0
      vertex -29.9161 9.15918 0
    endloop
  endfacet
  facet normal 0 0 -1
    outer loop
      vertex -26.968 11.8136 0
      vertex -30.0441 16.3735 0
      vertex -29.4659 16.7489 0
    endloop
  endfacet
  facet normal 0 0 -1
    outer loop
      vertex -34.1294 12.6951 0
      vertex -29.9161 9.15918 0
      vertex -30.2287 8.77306 0
    endloop
  endfacet
  facet normal 0 0 -1
    outer loop
      vertex -34.5632 12.1593 0
      vertex -30.2287 8.77306 0
      vertex -30.528 8.37587 0
    endloop
  endfacet
  facet normal 0 0 -1
    outer loop
      vertex -27.3759 11.528 0
      vertex -30.6087 15.9781 0
      vertex -30.0441 16.3735 0
    endloop
  endfacet
  facet normal 0 0 -1
    outer loop
      vertex -34.9781 11.6087 0
      vertex -30.528 8.37587 0
      vertex -30.8136 7.968 0
    endloop
  endfacet
  facet normal 0 0 -1
    outer loop
      vertex -35.3735 11.0441 0
      vertex -30.8136 7.968 0
      vertex -31.0844 7.55115 0
    endloop
  endfacet
  facet normal 0 0 -1
    outer loop
      vertex -27.7731 11.2287 0
      vertex -31.1593 15.5632 0
      vertex -30.6087 15.9781 0
    endloop
  endfacet
  facet normal 0 0 -1
    outer loop
      vertex -35.7489 10.4659 0
      vertex -31.0844 7.55115 0
      vertex -31.3405 7.12494 0
    endloop
  endfacet
  facet normal 0 0 -1
    outer loop
      vertex -36.104 9.875 0
      vertex -31.3405 7.12494 0
      vertex -31.5817 6.68976 0
    endloop
  endfacet
  facet normal 0 0 -1
    outer loop
      vertex -28.1592 10.9161 0
      vertex -31.6951 15.1294 0
      vertex -31.1593 15.5632 0
    endloop
  endfacet
  facet normal 0 0 -1
    outer loop
      vertex -36.4382 9.27205 0
      vertex -31.5817 6.68976 0
      vertex -31.8075 6.24646 0
    endloop
  endfacet
  facet normal 0 0 -1
    outer loop
      vertex -36.7512 8.65782 0
      vertex -31.8075 6.24646 0
      vertex -32.0175 5.7961 0
    endloop
  endfacet
  facet normal 0 0 -1
    outer loop
      vertex -37.0425 8.03304 0
      vertex -32.0175 5.7961 0
      vertex -32.2121 5.33781 0
    endloop
  endfacet
  facet normal 0 0 -1
    outer loop
      vertex -28.5349 10.5894 0
      vertex -32.2153 14.6771 0
      vertex -31.6951 15.1294 0
    endloop
  endfacet
  facet normal 0 0 -1
    outer loop
      vertex -37.3119 7.39847 0
      vertex -32.2121 5.33781 0
      vertex -32.3903 4.87355 0
    endloop
  endfacet
  facet normal 0 0 -1
    outer loop
      vertex -37.5589 6.75488 0
      vertex -32.3903 4.87355 0
      vertex -32.5521 4.40369 0
    endloop
  endfacet
  facet normal 0 0 -1
    outer loop
      vertex -37.7834 6.10307 0
      vertex -32.5521 4.40369 0
      vertex -32.6976 3.92758 0
    endloop
  endfacet
  facet normal 0 0 -1
    outer loop
      vertex -28.8988 10.2501 0
      vertex -32.7195 14.207 0
      vertex -32.2153 14.6771 0
    endloop
  endfacet
  facet normal 0 0 -1
    outer loop
      vertex -37.9849 5.44383 0
      vertex -32.6976 3.92758 0
      vertex -32.8264 3.44722 0
    endloop
  endfacet
  facet normal 0 0 -1
    outer loop
      vertex -38.1633 4.77795 0
      vertex -32.8264 3.44722 0
      vertex -32.9382 2.96274 0
    endloop
  endfacet
  facet normal 0 0 -1
    outer loop
      vertex -38.3184 4.10625 0
      vertex -32.9382 2.96274 0
      vertex -33.0332 2.47415 0
    endloop
  endfacet
  facet normal 0 0 -1
    outer loop
      vertex -38.45 3.42955 0
      vertex -33.0332 2.47415 0
      vertex -33.1109 1.98361 0
    endloop
  endfacet
  facet normal 0 0 -1
    outer loop
      vertex -38.5578 2.74866 0
      vertex -33.1109 1.98361 0
      vertex -33.1716 1.48941 0
    endloop
  endfacet
  facet normal 0 0 -1
    outer loop
      vertex -29.2501 9.89885 0
      vertex -33.207 13.7195 0
      vertex -32.7195 14.207 0
    endloop
  endfacet
  facet normal 0 0 -1
    outer loop
      vertex -38.6418 2.06442 0
      vertex -33.1716 1.48941 0
      vertex -33.2149 0.993713 0
    endloop
  endfacet
  facet normal 0 0 -1
    outer loop
      vertex -38.7019 1.37769 0
      vertex -33.2149 0.993713 0
      vertex -33.2409 0.497391 0
    endloop
  endfacet
  facet normal 0 0 -1
    outer loop
      vertex -38.738 0.689255 0
      vertex -33.2409 0.497391 0
      vertex -33.2496 0 0
    endloop
  endfacet
  facet normal 0 0 -1
    outer loop
      vertex -37.5589 -6.75488 0
      vertex -32.3903 -4.87355 0
      vertex -37.3119 -7.39847 0
    endloop
  endfacet
  facet normal 0 0 -1
    outer loop
      vertex -29.5894 9.53491 0
      vertex -33.6771 13.2153 0
      vertex -33.207 13.7195 0
    endloop
  endfacet
  facet normal -0 0 -1
    outer loop
      vertex -32.3903 -4.87355 0
      vertex -37.5589 -6.75488 0
      vertex -32.5521 -4.40369 0
    endloop
  endfacet
  facet normal 0 0 -1
    outer loop
      vertex -29.9161 9.15918 0
      vertex -34.1294 12.6951 0
      vertex -33.6771 13.2153 0
    endloop
  endfacet
  facet normal 0 0 -1
    outer loop
      vertex -37.7834 -6.10307 0
      vertex -32.5521 -4.40369 0
      vertex -37.5589 -6.75488 0
    endloop
  endfacet
  facet normal 0 0 -1
    outer loop
      vertex -30.2287 8.77306 0
      vertex -34.5632 12.1593 0
      vertex -34.1294 12.6951 0
    endloop
  endfacet
  facet normal -0 0 -1
    outer loop
      vertex -32.5521 -4.40369 0
      vertex -37.7834 -6.10307 0
      vertex -32.6976 -3.92758 0
    endloop
  endfacet
  facet normal 0 0 -1
    outer loop
      vertex -30.528 8.37587 0
      vertex -34.9781 11.6087 0
      vertex -34.5632 12.1593 0
    endloop
  endfacet
  facet normal 0 0 -1
    outer loop
      vertex -37.9849 -5.44383 0
      vertex -32.6976 -3.92758 0
      vertex -37.7834 -6.10307 0
    endloop
  endfacet
  facet normal 0 0 -1
    outer loop
      vertex -30.8136 7.968 0
      vertex -35.3735 11.0441 0
      vertex -34.9781 11.6087 0
    endloop
  endfacet
  facet normal -0 0 -1
    outer loop
      vertex -32.6976 -3.92758 0
      vertex -37.9849 -5.44383 0
      vertex -32.8264 -3.44722 0
    endloop
  endfacet
  facet normal 0 0 -1
    outer loop
      vertex -31.0844 7.55115 0
      vertex -35.7489 10.4659 0
      vertex -35.3735 11.0441 0
    endloop
  endfacet
  facet normal 0 0 -1
    outer loop
      vertex -38.1633 -4.77795 0
      vertex -32.8264 -3.44722 0
      vertex -37.9849 -5.44383 0
    endloop
  endfacet
  facet normal 0 0 -1
    outer loop
      vertex -31.3405 7.12494 0
      vertex -36.104 9.875 0
      vertex -35.7489 10.4659 0
    endloop
  endfacet
  facet normal -0 0 -1
    outer loop
      vertex -32.8264 -3.44722 0
      vertex -38.1633 -4.77795 0
      vertex -32.9382 -2.96274 0
    endloop
  endfacet
  facet normal 0 0 -1
    outer loop
      vertex -31.5817 6.68976 0
      vertex -36.4382 9.27205 0
      vertex -36.104 9.875 0
    endloop
  endfacet
  facet normal 0 0 -1
    outer loop
      vertex -38.3184 -4.10625 0
      vertex -32.9382 -2.96274 0
      vertex -38.1633 -4.77795 0
    endloop
  endfacet
  facet normal 0 0 -1
    outer loop
      vertex -31.8075 6.24646 0
      vertex -36.7512 8.65782 0
      vertex -36.4382 9.27205 0
    endloop
  endfacet
  facet normal -0 0 -1
    outer loop
      vertex -32.9382 -2.96274 0
      vertex -38.3184 -4.10625 0
      vertex -33.0332 -2.47415 0
    endloop
  endfacet
  facet normal 0 0 -1
    outer loop
      vertex -32.0175 5.7961 0
      vertex -37.0425 8.03304 0
      vertex -36.7512 8.65782 0
    endloop
  endfacet
  facet normal 0 0 -1
    outer loop
      vertex -38.45 -3.42955 0
      vertex -33.0332 -2.47415 0
      vertex -38.3184 -4.10625 0
    endloop
  endfacet
  facet normal 0 0 -1
    outer loop
      vertex -32.2121 5.33781 0
      vertex -37.3119 7.39847 0
      vertex -37.0425 8.03304 0
    endloop
  endfacet
  facet normal -0 0 -1
    outer loop
      vertex -33.0332 -2.47415 0
      vertex -38.45 -3.42955 0
      vertex -33.1109 -1.98361 0
    endloop
  endfacet
  facet normal 0 0 -1
    outer loop
      vertex -32.3903 4.87355 0
      vertex -37.5589 6.75488 0
      vertex -37.3119 7.39847 0
    endloop
  endfacet
  facet normal 0 0 -1
    outer loop
      vertex -38.5578 -2.74866 0
      vertex -33.1109 -1.98361 0
      vertex -38.45 -3.42955 0
    endloop
  endfacet
  facet normal 0 0 -1
    outer loop
      vertex -32.5521 4.40369 0
      vertex -37.7834 6.10307 0
      vertex -37.5589 6.75488 0
    endloop
  endfacet
  facet normal -0 0 -1
    outer loop
      vertex -33.1109 -1.98361 0
      vertex -38.5578 -2.74866 0
      vertex -33.1716 -1.48941 0
    endloop
  endfacet
  facet normal 0 0 -1
    outer loop
      vertex -32.6976 3.92758 0
      vertex -37.9849 5.44383 0
      vertex -37.7834 6.10307 0
    endloop
  endfacet
  facet normal 0 0 -1
    outer loop
      vertex -38.6418 -2.06442 0
      vertex -33.1716 -1.48941 0
      vertex -38.5578 -2.74866 0
    endloop
  endfacet
  facet normal 0 0 -1
    outer loop
      vertex -32.8264 3.44722 0
      vertex -38.1633 4.77795 0
      vertex -37.9849 5.44383 0
    endloop
  endfacet
  facet normal -0 0 -1
    outer loop
      vertex -33.1716 -1.48941 0
      vertex -38.6418 -2.06442 0
      vertex -33.2149 -0.993713 0
    endloop
  endfacet
  facet normal 0 0 -1
    outer loop
      vertex -32.9382 2.96274 0
      vertex -38.3184 4.10625 0
      vertex -38.1633 4.77795 0
    endloop
  endfacet
  facet normal 0 0 -1
    outer loop
      vertex -38.7019 -1.37769 0
      vertex -33.2149 -0.993713 0
      vertex -38.6418 -2.06442 0
    endloop
  endfacet
  facet normal 0 0 -1
    outer loop
      vertex -33.0332 2.47415 0
      vertex -38.45 3.42955 0
      vertex -38.3184 4.10625 0
    endloop
  endfacet
  facet normal -0 0 -1
    outer loop
      vertex -33.2149 -0.993713 0
      vertex -38.7019 -1.37769 0
      vertex -33.2409 -0.497391 0
    endloop
  endfacet
  facet normal 0 0 -1
    outer loop
      vertex -33.1109 1.98361 0
      vertex -38.5578 2.74866 0
      vertex -38.45 3.42955 0
    endloop
  endfacet
  facet normal 0 0 -1
    outer loop
      vertex -38.738 -0.689255 0
      vertex -33.2409 -0.497391 0
      vertex -38.7019 -1.37769 0
    endloop
  endfacet
  facet normal 0 0 -1
    outer loop
      vertex -33.1716 1.48941 0
      vertex -38.6418 2.06442 0
      vertex -38.5578 2.74866 0
    endloop
  endfacet
  facet normal -0 0 -1
    outer loop
      vertex -33.2409 -0.497391 0
      vertex -38.738 -0.689255 0
      vertex -33.2496 0 0
    endloop
  endfacet
  facet normal 0 0 -1
    outer loop
      vertex -33.2149 0.993713 0
      vertex -38.7019 1.37769 0
      vertex -38.6418 2.06442 0
    endloop
  endfacet
  facet normal 0 0 -1
    outer loop
      vertex -38.75 0 0
      vertex -33.2496 0 0
      vertex -38.738 -0.689255 0
    endloop
  endfacet
  facet normal 0 0 -1
    outer loop
      vertex -33.2409 0.497391 0
      vertex -38.738 0.689255 0
      vertex -38.7019 1.37769 0
    endloop
  endfacet
  facet normal 0 0 -1
    outer loop
      vertex -33.2496 0 0
      vertex -38.75 0 0
      vertex -38.738 0.689255 0
    endloop
  endfacet
  facet normal 0 0 1
    outer loop
      vertex 35.75 0 14.5
      vertex 38.75 0 14.5
      vertex 38.738 0.689255 14.5
    endloop
  endfacet
  facet normal 0 0 1
    outer loop
      vertex 35.7398 0.584564 14.5
      vertex 38.738 0.689255 14.5
      vertex 38.7019 1.37769 14.5
    endloop
  endfacet
  facet normal 0 0 1
    outer loop
      vertex 38.75 0 14.5
      vertex 35.75 0 14.5
      vertex 38.738 -0.689255 14.5
    endloop
  endfacet
  facet normal 0 0 1
    outer loop
      vertex 35.7092 1.16841 14.5
      vertex 38.7019 1.37769 14.5
      vertex 38.6418 2.06442 14.5
    endloop
  endfacet
  facet normal -0 0 1
    outer loop
      vertex 35.7398 -0.584564 14.5
      vertex 38.738 -0.689255 14.5
      vertex 35.75 0 14.5
    endloop
  endfacet
  facet normal 0 0 1
    outer loop
      vertex 35.6582 1.75084 14.5
      vertex 38.6418 2.06442 14.5
      vertex 38.5578 2.74866 14.5
    endloop
  endfacet
  facet normal 0 0 1
    outer loop
      vertex 38.738 -0.689255 14.5
      vertex 35.7398 -0.584564 14.5
      vertex 38.7019 -1.37769 14.5
    endloop
  endfacet
  facet normal 0 0 1
    outer loop
      vertex 35.587 2.33115 14.5
      vertex 38.5578 2.74866 14.5
      vertex 38.45 3.42955 14.5
    endloop
  endfacet
  facet normal -0 0 1
    outer loop
      vertex 35.7092 -1.16841 14.5
      vertex 38.7019 -1.37769 14.5
      vertex 35.7398 -0.584564 14.5
    endloop
  endfacet
  facet normal 0 0 1
    outer loop
      vertex 35.4955 2.9086 14.5
      vertex 38.45 3.42955 14.5
      vertex 38.3184 4.10625 14.5
    endloop
  endfacet
  facet normal 0 0 1
    outer loop
      vertex 38.7019 -1.37769 14.5
      vertex 35.7092 -1.16841 14.5
      vertex 38.6418 -2.06442 14.5
    endloop
  endfacet
  facet normal 0 0 1
    outer loop
      vertex 35.384 3.48251 14.5
      vertex 38.3184 4.10625 14.5
      vertex 38.1633 4.77795 14.5
    endloop
  endfacet
  facet normal -0 0 1
    outer loop
      vertex 35.6582 -1.75084 14.5
      vertex 38.6418 -2.06442 14.5
      vertex 35.7092 -1.16841 14.5
    endloop
  endfacet
  facet normal 0 0 1
    outer loop
      vertex 35.2524 4.05219 14.5
      vertex 38.1633 4.77795 14.5
      vertex 37.9849 5.44383 14.5
    endloop
  endfacet
  facet normal 0 0 1
    outer loop
      vertex 38.6418 -2.06442 14.5
      vertex 35.6582 -1.75084 14.5
      vertex 38.5578 -2.74866 14.5
    endloop
  endfacet
  facet normal 0 0 1
    outer loop
      vertex 35.1011 4.61691 14.5
      vertex 37.9849 5.44383 14.5
      vertex 37.7834 6.10307 14.5
    endloop
  endfacet
  facet normal -0 0 1
    outer loop
      vertex 35.587 -2.33115 14.5
      vertex 38.5578 -2.74866 14.5
      vertex 35.6582 -1.75084 14.5
    endloop
  endfacet
  facet normal 0 0 1
    outer loop
      vertex 34.9302 5.17603 14.5
      vertex 37.7834 6.10307 14.5
      vertex 37.5589 6.75488 14.5
    endloop
  endfacet
  facet normal 0 0 1
    outer loop
      vertex 38.5578 -2.74866 14.5
      vertex 35.587 -2.33115 14.5
      vertex 38.45 -3.42955 14.5
    endloop
  endfacet
  facet normal 0 0 1
    outer loop
      vertex 34.7398 5.72884 14.5
      vertex 37.5589 6.75488 14.5
      vertex 37.3119 7.39847 14.5
    endloop
  endfacet
  facet normal -0 0 1
    outer loop
      vertex 35.4955 -2.9086 14.5
      vertex 38.45 -3.42955 14.5
      vertex 35.587 -2.33115 14.5
    endloop
  endfacet
  facet normal 0 0 1
    outer loop
      vertex 34.5303 6.27466 14.5
      vertex 37.3119 7.39847 14.5
      vertex 37.0425 8.03304 14.5
    endloop
  endfacet
  facet normal 0 0 1
    outer loop
      vertex 38.45 -3.42955 14.5
      vertex 35.4955 -2.9086 14.5
      vertex 38.3184 -4.10625 14.5
    endloop
  endfacet
  facet normal 0 0 1
    outer loop
      vertex 34.3019 6.81284 14.5
      vertex 37.0425 8.03304 14.5
      vertex 36.7512 8.65782 14.5
    endloop
  endfacet
  facet normal -0 0 1
    outer loop
      vertex 35.384 -3.48251 14.5
      vertex 38.3184 -4.10625 14.5
      vertex 35.4955 -2.9086 14.5
    endloop
  endfacet
  facet normal 0 0 1
    outer loop
      vertex 34.0548 7.34271 14.5
      vertex 36.7512 8.65782 14.5
      vertex 36.4382 9.27205 14.5
    endloop
  endfacet
  facet normal 0 0 1
    outer loop
      vertex 38.3184 -4.10625 14.5
      vertex 35.384 -3.48251 14.5
      vertex 38.1633 -4.77795 14.5
    endloop
  endfacet
  facet normal 0 0 1
    outer loop
      vertex 33.7894 7.86365 14.5
      vertex 36.4382 9.27205 14.5
      vertex 36.104 9.875 14.5
    endloop
  endfacet
  facet normal -0 0 1
    outer loop
      vertex 35.2524 -4.05219 14.5
      vertex 38.1633 -4.77795 14.5
      vertex 35.384 -3.48251 14.5
    endloop
  endfacet
  facet normal 0 0 1
    outer loop
      vertex 38.1633 -4.77795 14.5
      vertex 35.2524 -4.05219 14.5
      vertex 37.9849 -5.44383 14.5
    endloop
  endfacet
  facet normal 0 0 1
    outer loop
      vertex 33.5059 8.375 14.5
      vertex 36.104 9.875 14.5
      vertex 35.7489 10.4659 14.5
    endloop
  endfacet
  facet normal 0 0 1
    outer loop
      vertex 38.738 0.689255 14.5
      vertex 35.7398 0.584564 14.5
      vertex 35.75 0 14.5
    endloop
  endfacet
  facet normal 0 0 1
    outer loop
      vertex 38.7019 1.37769 14.5
      vertex 35.7092 1.16841 14.5
      vertex 35.7398 0.584564 14.5
    endloop
  endfacet
  facet normal 0 0 1
    outer loop
      vertex 38.6418 2.06442 14.5
      vertex 35.6582 1.75084 14.5
      vertex 35.7092 1.16841 14.5
    endloop
  endfacet
  facet normal 0 0 1
    outer loop
      vertex 38.5578 2.74866 14.5
      vertex 35.587 2.33115 14.5
      vertex 35.6582 1.75084 14.5
    endloop
  endfacet
  facet normal 0 0 1
    outer loop
      vertex 38.45 3.42955 14.5
      vertex 35.4955 2.9086 14.5
      vertex 35.587 2.33115 14.5
    endloop
  endfacet
  facet normal 0 0 1
    outer loop
      vertex 38.3184 4.10625 14.5
      vertex 35.384 3.48251 14.5
      vertex 35.4955 2.9086 14.5
    endloop
  endfacet
  facet normal 0 0 1
    outer loop
      vertex 33.2048 8.87614 14.5
      vertex 35.7489 10.4659 14.5
      vertex 35.3735 11.0441 14.5
    endloop
  endfacet
  facet normal 0 0 1
    outer loop
      vertex 38.1633 4.77795 14.5
      vertex 35.2524 4.05219 14.5
      vertex 35.384 3.48251 14.5
    endloop
  endfacet
  facet normal 0 0 1
    outer loop
      vertex 37.9849 5.44383 14.5
      vertex 35.1011 4.61691 14.5
      vertex 35.2524 4.05219 14.5
    endloop
  endfacet
  facet normal 0 0 1
    outer loop
      vertex 32.8864 9.36647 14.5
      vertex 35.3735 11.0441 14.5
      vertex 34.9781 11.6087 14.5
    endloop
  endfacet
  facet normal 0 0 1
    outer loop
      vertex 37.7834 6.10307 14.5
      vertex 34.9302 5.17603 14.5
      vertex 35.1011 4.61691 14.5
    endloop
  endfacet
  facet normal 0 0 1
    outer loop
      vertex 37.5589 6.75488 14.5
      vertex 34.7398 5.72884 14.5
      vertex 34.9302 5.17603 14.5
    endloop
  endfacet
  facet normal 0 0 1
    outer loop
      vertex 32.551 9.8454 14.5
      vertex 34.9781 11.6087 14.5
      vertex 34.5632 12.1593 14.5
    endloop
  endfacet
  facet normal 0 0 1
    outer loop
      vertex 37.3119 7.39847 14.5
      vertex 34.5303 6.27466 14.5
      vertex 34.7398 5.72884 14.5
    endloop
  endfacet
  facet normal 0 0 1
    outer loop
      vertex 37.0425 8.03304 14.5
      vertex 34.3019 6.81284 14.5
      vertex 34.5303 6.27466 14.5
    endloop
  endfacet
  facet normal 0 0 1
    outer loop
      vertex 32.1992 10.3123 14.5
      vertex 34.5632 12.1593 14.5
      vertex 34.1294 12.6951 14.5
    endloop
  endfacet
  facet normal 0 0 1
    outer loop
      vertex 36.7512 8.65782 14.5
      vertex 34.0548 7.34271 14.5
      vertex 34.3019 6.81284 14.5
    endloop
  endfacet
  facet normal 0 0 1
    outer loop
      vertex 36.4382 9.27205 14.5
      vertex 33.7894 7.86365 14.5
      vertex 34.0548 7.34271 14.5
    endloop
  endfacet
  facet normal 0 0 1
    outer loop
      vertex 31.8312 10.7667 14.5
      vertex 34.1294 12.6951 14.5
      vertex 33.6771 13.2153 14.5
    endloop
  endfacet
  facet normal 0 0 1
    outer loop
      vertex 36.104 9.875 14.5
      vertex 33.5059 8.375 14.5
      vertex 33.7894 7.86365 14.5
    endloop
  endfacet
  facet normal 0 0 1
    outer loop
      vertex 31.4477 11.2079 14.5
      vertex 33.6771 13.2153 14.5
      vertex 33.207 13.7195 14.5
    endloop
  endfacet
  facet normal 0 0 1
    outer loop
      vertex 35.7489 10.4659 14.5
      vertex 33.2048 8.87614 14.5
      vertex 33.5059 8.375 14.5
    endloop
  endfacet
  facet normal 0 0 1
    outer loop
      vertex 35.3735 11.0441 14.5
      vertex 32.8864 9.36647 14.5
      vertex 33.2048 8.87614 14.5
    endloop
  endfacet
  facet normal 0 0 1
    outer loop
      vertex 31.0489 11.6355 14.5
      vertex 33.207 13.7195 14.5
      vertex 32.7195 14.207 14.5
    endloop
  endfacet
  facet normal 0 0 1
    outer loop
      vertex 34.9781 11.6087 14.5
      vertex 32.551 9.8454 14.5
      vertex 32.8864 9.36647 14.5
    endloop
  endfacet
  facet normal 0 0 1
    outer loop
      vertex 30.6355 12.0489 14.5
      vertex 32.7195 14.207 14.5
      vertex 32.2153 14.6771 14.5
    endloop
  endfacet
  facet normal 0 0 1
    outer loop
      vertex 34.5632 12.1593 14.5
      vertex 32.1992 10.3123 14.5
      vertex 32.551 9.8454 14.5
    endloop
  endfacet
  facet normal 0 0 1
    outer loop
      vertex 34.1294 12.6951 14.5
      vertex 31.8312 10.7667 14.5
      vertex 32.1992 10.3123 14.5
    endloop
  endfacet
  facet normal 0 0 1
    outer loop
      vertex 30.2079 12.4477 14.5
      vertex 32.2153 14.6771 14.5
      vertex 31.6951 15.1294 14.5
    endloop
  endfacet
  facet normal 0 0 1
    outer loop
      vertex 33.6771 13.2153 14.5
      vertex 31.4477 11.2079 14.5
      vertex 31.8312 10.7667 14.5
    endloop
  endfacet
  facet normal 0 0 1
    outer loop
      vertex 29.7667 12.8312 14.5
      vertex 31.6951 15.1294 14.5
      vertex 31.1593 15.5632 14.5
    endloop
  endfacet
  facet normal 0 0 1
    outer loop
      vertex 33.207 13.7195 14.5
      vertex 31.0489 11.6355 14.5
      vertex 31.4477 11.2079 14.5
    endloop
  endfacet
  facet normal 0 0 1
    outer loop
      vertex 32.7195 14.207 14.5
      vertex 30.6355 12.0489 14.5
      vertex 31.0489 11.6355 14.5
    endloop
  endfacet
  facet normal 0 0 1
    outer loop
      vertex 29.3123 13.1992 14.5
      vertex 31.1593 15.5632 14.5
      vertex 30.6087 15.9781 14.5
    endloop
  endfacet
  facet normal 0 0 1
    outer loop
      vertex 32.2153 14.6771 14.5
      vertex 30.2079 12.4477 14.5
      vertex 30.6355 12.0489 14.5
    endloop
  endfacet
  facet normal 0 0 1
    outer loop
      vertex 28.8454 13.551 14.5
      vertex 30.6087 15.9781 14.5
      vertex 30.0441 16.3735 14.5
    endloop
  endfacet
  facet normal 0 0 1
    outer loop
      vertex 31.6951 15.1294 14.5
      vertex 29.7667 12.8312 14.5
      vertex 30.2079 12.4477 14.5
    endloop
  endfacet
  facet normal 0 0 1
    outer loop
      vertex 28.3665 13.8864 14.5
      vertex 30.0441 16.3735 14.5
      vertex 29.4659 16.7489 14.5
    endloop
  endfacet
  facet normal 0 0 1
    outer loop
      vertex 31.1593 15.5632 14.5
      vertex 29.3123 13.1992 14.5
      vertex 29.7667 12.8312 14.5
    endloop
  endfacet
  facet normal 0 0 1
    outer loop
      vertex 27.8761 14.2048 14.5
      vertex 29.4659 16.7489 14.5
      vertex 28.875 17.104 14.5
    endloop
  endfacet
  facet normal 0 0 1
    outer loop
      vertex 30.6087 15.9781 14.5
      vertex 28.8454 13.551 14.5
      vertex 29.3123 13.1992 14.5
    endloop
  endfacet
  facet normal 0 0 1
    outer loop
      vertex 30.0441 16.3735 14.5
      vertex 28.3665 13.8864 14.5
      vertex 28.8454 13.551 14.5
    endloop
  endfacet
  facet normal 0 0 1
    outer loop
      vertex 27.375 14.5059 14.5
      vertex 28.875 17.104 14.5
      vertex 28.272 17.4382 14.5
    endloop
  endfacet
  facet normal 0 0 1
    outer loop
      vertex 29.4659 16.7489 14.5
      vertex 27.8761 14.2048 14.5
      vertex 28.3665 13.8864 14.5
    endloop
  endfacet
  facet normal 0 0 1
    outer loop
      vertex 26.8636 14.7894 14.5
      vertex 28.272 17.4382 14.5
      vertex 27.6578 17.7512 14.5
    endloop
  endfacet
  facet normal 0 0 1
    outer loop
      vertex 28.875 17.104 14.5
      vertex 27.375 14.5059 14.5
      vertex 27.8761 14.2048 14.5
    endloop
  endfacet
  facet normal 0 0 1
    outer loop
      vertex 26.3427 15.0548 14.5
      vertex 27.6578 17.7512 14.5
      vertex 27.033 18.0425 14.5
    endloop
  endfacet
  facet normal 0 0 1
    outer loop
      vertex 28.272 17.4382 14.5
      vertex 26.8636 14.7894 14.5
      vertex 27.375 14.5059 14.5
    endloop
  endfacet
  facet normal 0 0 1
    outer loop
      vertex 25.8128 15.3019 14.5
      vertex 27.033 18.0425 14.5
      vertex 26.3985 18.3119 14.5
    endloop
  endfacet
  facet normal 0 0 1
    outer loop
      vertex 27.6578 17.7512 14.5
      vertex 26.3427 15.0548 14.5
      vertex 26.8636 14.7894 14.5
    endloop
  endfacet
  facet normal 0 0 1
    outer loop
      vertex 27.033 18.0425 14.5
      vertex 25.8128 15.3019 14.5
      vertex 26.3427 15.0548 14.5
    endloop
  endfacet
  facet normal 0 0 1
    outer loop
      vertex 25.2747 15.5303 14.5
      vertex 26.3985 18.3119 14.5
      vertex 25.7549 18.5589 14.5
    endloop
  endfacet
  facet normal 0 0 1
    outer loop
      vertex 26.3985 18.3119 14.5
      vertex 25.2747 15.5303 14.5
      vertex 25.8128 15.3019 14.5
    endloop
  endfacet
  facet normal 0 0 1
    outer loop
      vertex 24.7288 15.7398 14.5
      vertex 25.7549 18.5589 14.5
      vertex 25.1031 18.7834 14.5
    endloop
  endfacet
  facet normal 0 0 1
    outer loop
      vertex 25.7549 18.5589 14.5
      vertex 24.7288 15.7398 14.5
      vertex 25.2747 15.5303 14.5
    endloop
  endfacet
  facet normal 0 0 1
    outer loop
      vertex 24.176 15.9302 14.5
      vertex 25.1031 18.7834 14.5
      vertex 24.4438 18.9849 14.5
    endloop
  endfacet
  facet normal 0 0 1
    outer loop
      vertex 25.1031 18.7834 14.5
      vertex 24.176 15.9302 14.5
      vertex 24.7288 15.7398 14.5
    endloop
  endfacet
  facet normal 0 0 1
    outer loop
      vertex 23.6169 16.1011 14.5
      vertex 24.4438 18.9849 14.5
      vertex 23.778 19.1633 14.5
    endloop
  endfacet
  facet normal 0 0 1
    outer loop
      vertex 24.4438 18.9849 14.5
      vertex 23.6169 16.1011 14.5
      vertex 24.176 15.9302 14.5
    endloop
  endfacet
  facet normal 0 0 1
    outer loop
      vertex 23.0522 16.2524 14.5
      vertex 23.778 19.1633 14.5
      vertex 23.1062 19.3184 14.5
    endloop
  endfacet
  facet normal 0 0 1
    outer loop
      vertex 23.778 19.1633 14.5
      vertex 23.0522 16.2524 14.5
      vertex 23.6169 16.1011 14.5
    endloop
  endfacet
  facet normal 0 0 1
    outer loop
      vertex 23.1062 19.3184 14.5
      vertex 22.4825 16.384 14.5
      vertex 23.0522 16.2524 14.5
    endloop
  endfacet
  facet normal 0 0 1
    outer loop
      vertex 22.4296 19.45 14.5
      vertex 22.4825 16.384 14.5
      vertex 23.1062 19.3184 14.5
    endloop
  endfacet
  facet normal 0 0 1
    outer loop
      vertex 22.4296 19.45 14.5
      vertex 21.9086 16.4955 14.5
      vertex 22.4825 16.384 14.5
    endloop
  endfacet
  facet normal 0 0 1
    outer loop
      vertex 21.7487 19.5578 14.5
      vertex 21.9086 16.4955 14.5
      vertex 22.4296 19.45 14.5
    endloop
  endfacet
  facet normal 0 0 1
    outer loop
      vertex 21.7487 19.5578 14.5
      vertex 21.3311 16.587 14.5
      vertex 21.9086 16.4955 14.5
    endloop
  endfacet
  facet normal 0 0 1
    outer loop
      vertex 21.0644 19.6418 14.5
      vertex 21.3311 16.587 14.5
      vertex 21.7487 19.5578 14.5
    endloop
  endfacet
  facet normal 0 0 1
    outer loop
      vertex 21.0644 19.6418 14.5
      vertex 20.7508 16.6582 14.5
      vertex 21.3311 16.587 14.5
    endloop
  endfacet
  facet normal 0 0 1
    outer loop
      vertex 20.3777 19.7019 14.5
      vertex 20.7508 16.6582 14.5
      vertex 21.0644 19.6418 14.5
    endloop
  endfacet
  facet normal 0 0 1
    outer loop
      vertex 20.3777 19.7019 14.5
      vertex 20.1684 16.7092 14.5
      vertex 20.7508 16.6582 14.5
    endloop
  endfacet
  facet normal 0 0 1
    outer loop
      vertex 19.6893 19.738 14.5
      vertex 20.1684 16.7092 14.5
      vertex 20.3777 19.7019 14.5
    endloop
  endfacet
  facet normal 0 0 1
    outer loop
      vertex 19.6893 19.738 14.5
      vertex 19.5846 16.7398 14.5
      vertex 20.1684 16.7092 14.5
    endloop
  endfacet
  facet normal 0 0 1
    outer loop
      vertex 19 19.75 14.5
      vertex 19.5846 16.7398 14.5
      vertex 19.6893 19.738 14.5
    endloop
  endfacet
  facet normal 0 0 1
    outer loop
      vertex 19 19.75 14.5
      vertex 19 16.75 14.5
      vertex 19.5846 16.7398 14.5
    endloop
  endfacet
  facet normal -0 0 1
    outer loop
      vertex -19 19.75 14.5
      vertex 19 16.75 14.5
      vertex 19 19.75 14.5
    endloop
  endfacet
  facet normal 0 0 1
    outer loop
      vertex -19 19.75 14.5
      vertex -19 16.75 14.5
      vertex 19 16.75 14.5
    endloop
  endfacet
  facet normal 0 0 1
    outer loop
      vertex -19 19.75 14.5
      vertex -19.5846 16.7398 14.5
      vertex -19 16.75 14.5
    endloop
  endfacet
  facet normal -0 0 1
    outer loop
      vertex -19.6893 19.738 14.5
      vertex -19.5846 16.7398 14.5
      vertex -19 19.75 14.5
    endloop
  endfacet
  facet normal 0 0 1
    outer loop
      vertex -19.6893 19.738 14.5
      vertex -20.1684 16.7092 14.5
      vertex -19.5846 16.7398 14.5
    endloop
  endfacet
  facet normal -0 0 1
    outer loop
      vertex -20.3777 19.7019 14.5
      vertex -20.1684 16.7092 14.5
      vertex -19.6893 19.738 14.5
    endloop
  endfacet
  facet normal 0 0 1
    outer loop
      vertex -20.3777 19.7019 14.5
      vertex -20.7508 16.6582 14.5
      vertex -20.1684 16.7092 14.5
    endloop
  endfacet
  facet normal -0 0 1
    outer loop
      vertex -21.0644 19.6418 14.5
      vertex -20.7508 16.6582 14.5
      vertex -20.3777 19.7019 14.5
    endloop
  endfacet
  facet normal 0 0 1
    outer loop
      vertex -21.0644 19.6418 14.5
      vertex -21.3311 16.587 14.5
      vertex -20.7508 16.6582 14.5
    endloop
  endfacet
  facet normal -0 0 1
    outer loop
      vertex -21.7487 19.5578 14.5
      vertex -21.3311 16.587 14.5
      vertex -21.0644 19.6418 14.5
    endloop
  endfacet
  facet normal 0 0 1
    outer loop
      vertex -21.7487 19.5578 14.5
      vertex -21.9086 16.4955 14.5
      vertex -21.3311 16.587 14.5
    endloop
  endfacet
  facet normal -0 0 1
    outer loop
      vertex -22.4296 19.45 14.5
      vertex -21.9086 16.4955 14.5
      vertex -21.7487 19.5578 14.5
    endloop
  endfacet
  facet normal 0 0 1
    outer loop
      vertex -22.4296 19.45 14.5
      vertex -22.4825 16.384 14.5
      vertex -21.9086 16.4955 14.5
    endloop
  endfacet
  facet normal -0 0 1
    outer loop
      vertex -23.1062 19.3184 14.5
      vertex -22.4825 16.384 14.5
      vertex -22.4296 19.45 14.5
    endloop
  endfacet
  facet normal 0 0 1
    outer loop
      vertex -22.4825 16.384 14.5
      vertex -23.1062 19.3184 14.5
      vertex -23.0522 16.2524 14.5
    endloop
  endfacet
  facet normal -0 0 1
    outer loop
      vertex -23.778 19.1633 14.5
      vertex -23.0522 16.2524 14.5
      vertex -23.1062 19.3184 14.5
    endloop
  endfacet
  facet normal 0 0 1
    outer loop
      vertex -23.0522 16.2524 14.5
      vertex -23.778 19.1633 14.5
      vertex -23.6169 16.1011 14.5
    endloop
  endfacet
  facet normal -0 0 1
    outer loop
      vertex -24.4438 18.9849 14.5
      vertex -23.6169 16.1011 14.5
      vertex -23.778 19.1633 14.5
    endloop
  endfacet
  facet normal 0 0 1
    outer loop
      vertex -23.6169 16.1011 14.5
      vertex -24.4438 18.9849 14.5
      vertex -24.176 15.9302 14.5
    endloop
  endfacet
  facet normal -0 0 1
    outer loop
      vertex -25.1031 18.7834 14.5
      vertex -24.176 15.9302 14.5
      vertex -24.4438 18.9849 14.5
    endloop
  endfacet
  facet normal 0 0 1
    outer loop
      vertex -24.176 15.9302 14.5
      vertex -25.1031 18.7834 14.5
      vertex -24.7288 15.7398 14.5
    endloop
  endfacet
  facet normal -0 0 1
    outer loop
      vertex -25.7549 18.5589 14.5
      vertex -24.7288 15.7398 14.5
      vertex -25.1031 18.7834 14.5
    endloop
  endfacet
  facet normal 0 0 1
    outer loop
      vertex -24.7288 15.7398 14.5
      vertex -25.7549 18.5589 14.5
      vertex -25.2747 15.5303 14.5
    endloop
  endfacet
  facet normal -0 0 1
    outer loop
      vertex -26.3985 18.3119 14.5
      vertex -25.2747 15.5303 14.5
      vertex -25.7549 18.5589 14.5
    endloop
  endfacet
  facet normal 0 0 1
    outer loop
      vertex -25.2747 15.5303 14.5
      vertex -26.3985 18.3119 14.5
      vertex -25.8128 15.3019 14.5
    endloop
  endfacet
  facet normal -0 0 1
    outer loop
      vertex -27.033 18.0425 14.5
      vertex -25.8128 15.3019 14.5
      vertex -26.3985 18.3119 14.5
    endloop
  endfacet
  facet normal 0 0 1
    outer loop
      vertex -25.8128 15.3019 14.5
      vertex -27.033 18.0425 14.5
      vertex -26.3427 15.0548 14.5
    endloop
  endfacet
  facet normal -0 0 1
    outer loop
      vertex -27.6578 17.7512 14.5
      vertex -26.3427 15.0548 14.5
      vertex -27.033 18.0425 14.5
    endloop
  endfacet
  facet normal 0 0 1
    outer loop
      vertex -26.3427 15.0548 14.5
      vertex -27.6578 17.7512 14.5
      vertex -26.8636 14.7894 14.5
    endloop
  endfacet
  facet normal -0 0 1
    outer loop
      vertex -28.272 17.4382 14.5
      vertex -26.8636 14.7894 14.5
      vertex -27.6578 17.7512 14.5
    endloop
  endfacet
  facet normal 0 0 1
    outer loop
      vertex -26.8636 14.7894 14.5
      vertex -28.272 17.4382 14.5
      vertex -27.375 14.5059 14.5
    endloop
  endfacet
  facet normal -0 0 1
    outer loop
      vertex -28.875 17.104 14.5
      vertex -27.375 14.5059 14.5
      vertex -28.272 17.4382 14.5
    endloop
  endfacet
  facet normal 0 0 1
    outer loop
      vertex -27.375 14.5059 14.5
      vertex -28.875 17.104 14.5
      vertex -27.8761 14.2048 14.5
    endloop
  endfacet
  facet normal -0 0 1
    outer loop
      vertex -29.4659 16.7489 14.5
      vertex -27.8761 14.2048 14.5
      vertex -28.875 17.104 14.5
    endloop
  endfacet
  facet normal 0 0 1
    outer loop
      vertex -27.8761 14.2048 14.5
      vertex -29.4659 16.7489 14.5
      vertex -28.3665 13.8864 14.5
    endloop
  endfacet
  facet normal -0 0 1
    outer loop
      vertex -30.0441 16.3735 14.5
      vertex -28.3665 13.8864 14.5
      vertex -29.4659 16.7489 14.5
    endloop
  endfacet
  facet normal 0 0 1
    outer loop
      vertex -28.3665 13.8864 14.5
      vertex -30.0441 16.3735 14.5
      vertex -28.8454 13.551 14.5
    endloop
  endfacet
  facet normal -0 0 1
    outer loop
      vertex -30.6087 15.9781 14.5
      vertex -28.8454 13.551 14.5
      vertex -30.0441 16.3735 14.5
    endloop
  endfacet
  facet normal 0 0 1
    outer loop
      vertex -28.8454 13.551 14.5
      vertex -30.6087 15.9781 14.5
      vertex -29.3123 13.1992 14.5
    endloop
  endfacet
  facet normal -0 0 1
    outer loop
      vertex -31.1593 15.5632 14.5
      vertex -29.3123 13.1992 14.5
      vertex -30.6087 15.9781 14.5
    endloop
  endfacet
  facet normal 0 0 1
    outer loop
      vertex -29.3123 13.1992 14.5
      vertex -31.1593 15.5632 14.5
      vertex -29.7667 12.8312 14.5
    endloop
  endfacet
  facet normal -0 0 1
    outer loop
      vertex -31.6951 15.1294 14.5
      vertex -29.7667 12.8312 14.5
      vertex -31.1593 15.5632 14.5
    endloop
  endfacet
  facet normal 0 0 1
    outer loop
      vertex -29.7667 12.8312 14.5
      vertex -31.6951 15.1294 14.5
      vertex -30.2079 12.4477 14.5
    endloop
  endfacet
  facet normal -0 0 1
    outer loop
      vertex -32.2153 14.6771 14.5
      vertex -30.2079 12.4477 14.5
      vertex -31.6951 15.1294 14.5
    endloop
  endfacet
  facet normal 0 0 1
    outer loop
      vertex -30.2079 12.4477 14.5
      vertex -32.2153 14.6771 14.5
      vertex -30.6355 12.0489 14.5
    endloop
  endfacet
  facet normal -0 0 1
    outer loop
      vertex -32.7195 14.207 14.5
      vertex -30.6355 12.0489 14.5
      vertex -32.2153 14.6771 14.5
    endloop
  endfacet
  facet normal 0 0 1
    outer loop
      vertex -30.6355 12.0489 14.5
      vertex -32.7195 14.207 14.5
      vertex -31.0489 11.6355 14.5
    endloop
  endfacet
  facet normal -0 0 1
    outer loop
      vertex -33.207 13.7195 14.5
      vertex -31.0489 11.6355 14.5
      vertex -32.7195 14.207 14.5
    endloop
  endfacet
  facet normal 0 0 1
    outer loop
      vertex -31.0489 11.6355 14.5
      vertex -33.207 13.7195 14.5
      vertex -31.4477 11.2079 14.5
    endloop
  endfacet
  facet normal -0 0 1
    outer loop
      vertex -33.6771 13.2153 14.5
      vertex -31.4477 11.2079 14.5
      vertex -33.207 13.7195 14.5
    endloop
  endfacet
  facet normal 0 0 1
    outer loop
      vertex -31.4477 11.2079 14.5
      vertex -33.6771 13.2153 14.5
      vertex -31.8312 10.7667 14.5
    endloop
  endfacet
  facet normal -0 0 1
    outer loop
      vertex -34.1294 12.6951 14.5
      vertex -31.8312 10.7667 14.5
      vertex -33.6771 13.2153 14.5
    endloop
  endfacet
  facet normal 0 0 1
    outer loop
      vertex -31.8312 10.7667 14.5
      vertex -34.1294 12.6951 14.5
      vertex -32.1992 10.3123 14.5
    endloop
  endfacet
  facet normal -0 0 1
    outer loop
      vertex -34.5632 12.1593 14.5
      vertex -32.1992 10.3123 14.5
      vertex -34.1294 12.6951 14.5
    endloop
  endfacet
  facet normal 0 0 1
    outer loop
      vertex -32.1992 10.3123 14.5
      vertex -34.5632 12.1593 14.5
      vertex -32.551 9.8454 14.5
    endloop
  endfacet
  facet normal -0 0 1
    outer loop
      vertex -34.9781 11.6087 14.5
      vertex -32.551 9.8454 14.5
      vertex -34.5632 12.1593 14.5
    endloop
  endfacet
  facet normal 0 0 1
    outer loop
      vertex -32.551 9.8454 14.5
      vertex -34.9781 11.6087 14.5
      vertex -32.8864 9.36647 14.5
    endloop
  endfacet
  facet normal -0 0 1
    outer loop
      vertex -35.3735 11.0441 14.5
      vertex -32.8864 9.36647 14.5
      vertex -34.9781 11.6087 14.5
    endloop
  endfacet
  facet normal 0 0 1
    outer loop
      vertex -32.8864 9.36647 14.5
      vertex -35.3735 11.0441 14.5
      vertex -33.2048 8.87614 14.5
    endloop
  endfacet
  facet normal -0 0 1
    outer loop
      vertex -35.7489 10.4659 14.5
      vertex -33.2048 8.87614 14.5
      vertex -35.3735 11.0441 14.5
    endloop
  endfacet
  facet normal 0 0 1
    outer loop
      vertex -33.2048 8.87614 14.5
      vertex -35.7489 10.4659 14.5
      vertex -33.5059 8.375 14.5
    endloop
  endfacet
  facet normal -0 0 1
    outer loop
      vertex -36.104 9.875 14.5
      vertex -33.5059 8.375 14.5
      vertex -35.7489 10.4659 14.5
    endloop
  endfacet
  facet normal 0 0 1
    outer loop
      vertex -33.5059 8.375 14.5
      vertex -36.104 9.875 14.5
      vertex -33.7894 7.86365 14.5
    endloop
  endfacet
  facet normal -0 0 1
    outer loop
      vertex -36.4382 9.27205 14.5
      vertex -33.7894 7.86365 14.5
      vertex -36.104 9.875 14.5
    endloop
  endfacet
  facet normal 0 0 1
    outer loop
      vertex -33.7894 7.86365 14.5
      vertex -36.4382 9.27205 14.5
      vertex -34.0548 7.34271 14.5
    endloop
  endfacet
  facet normal -0 0 1
    outer loop
      vertex -36.7512 8.65782 14.5
      vertex -34.0548 7.34271 14.5
      vertex -36.4382 9.27205 14.5
    endloop
  endfacet
  facet normal 0 0 1
    outer loop
      vertex -34.0548 7.34271 14.5
      vertex -36.7512 8.65782 14.5
      vertex -34.3019 6.81284 14.5
    endloop
  endfacet
  facet normal -0 0 1
    outer loop
      vertex -37.0425 8.03304 14.5
      vertex -34.3019 6.81284 14.5
      vertex -36.7512 8.65782 14.5
    endloop
  endfacet
  facet normal 0 0 1
    outer loop
      vertex -34.3019 6.81284 14.5
      vertex -37.0425 8.03304 14.5
      vertex -34.5303 6.27466 14.5
    endloop
  endfacet
  facet normal -0 0 1
    outer loop
      vertex -37.3119 7.39847 14.5
      vertex -34.5303 6.27466 14.5
      vertex -37.0425 8.03304 14.5
    endloop
  endfacet
  facet normal 0 0 1
    outer loop
      vertex -34.5303 6.27466 14.5
      vertex -37.3119 7.39847 14.5
      vertex -34.7398 5.72884 14.5
    endloop
  endfacet
  facet normal -0 0 1
    outer loop
      vertex -37.5589 6.75488 14.5
      vertex -34.7398 5.72884 14.5
      vertex -37.3119 7.39847 14.5
    endloop
  endfacet
  facet normal 0 0 1
    outer loop
      vertex -34.7398 5.72884 14.5
      vertex -37.5589 6.75488 14.5
      vertex -34.9302 5.17603 14.5
    endloop
  endfacet
  facet normal -0 0 1
    outer loop
      vertex -37.7834 6.10307 14.5
      vertex -34.9302 5.17603 14.5
      vertex -37.5589 6.75488 14.5
    endloop
  endfacet
  facet normal 0 0 1
    outer loop
      vertex -34.9302 5.17603 14.5
      vertex -37.7834 6.10307 14.5
      vertex -35.1011 4.61691 14.5
    endloop
  endfacet
  facet normal -0 0 1
    outer loop
      vertex -37.9849 5.44383 14.5
      vertex -35.1011 4.61691 14.5
      vertex -37.7834 6.10307 14.5
    endloop
  endfacet
  facet normal 0 0 1
    outer loop
      vertex -35.1011 4.61691 14.5
      vertex -37.9849 5.44383 14.5
      vertex -35.2524 4.05219 14.5
    endloop
  endfacet
  facet normal -0 0 1
    outer loop
      vertex 35.1011 -4.61691 14.5
      vertex 37.9849 -5.44383 14.5
      vertex 35.2524 -4.05219 14.5
    endloop
  endfacet
  facet normal 0 0 1
    outer loop
      vertex 37.9849 -5.44383 14.5
      vertex 35.1011 -4.61691 14.5
      vertex 37.7834 -6.10307 14.5
    endloop
  endfacet
  facet normal -0 0 1
    outer loop
      vertex 34.9302 -5.17603 14.5
      vertex 37.7834 -6.10307 14.5
      vertex 35.1011 -4.61691 14.5
    endloop
  endfacet
  facet normal 0 0 1
    outer loop
      vertex 37.7834 -6.10307 14.5
      vertex 34.9302 -5.17603 14.5
      vertex 37.5589 -6.75488 14.5
    endloop
  endfacet
  facet normal -0 0 1
    outer loop
      vertex 34.7398 -5.72884 14.5
      vertex 37.5589 -6.75488 14.5
      vertex 34.9302 -5.17603 14.5
    endloop
  endfacet
  facet normal 0 0 1
    outer loop
      vertex 37.5589 -6.75488 14.5
      vertex 34.7398 -5.72884 14.5
      vertex 37.3119 -7.39847 14.5
    endloop
  endfacet
  facet normal -0 0 1
    outer loop
      vertex 34.5303 -6.27466 14.5
      vertex 37.3119 -7.39847 14.5
      vertex 34.7398 -5.72884 14.5
    endloop
  endfacet
  facet normal 0 0 1
    outer loop
      vertex 37.3119 -7.39847 14.5
      vertex 34.5303 -6.27466 14.5
      vertex 37.0425 -8.03304 14.5
    endloop
  endfacet
  facet normal -0 0 1
    outer loop
      vertex 34.3019 -6.81284 14.5
      vertex 37.0425 -8.03304 14.5
      vertex 34.5303 -6.27466 14.5
    endloop
  endfacet
  facet normal 0 0 1
    outer loop
      vertex 37.0425 -8.03304 14.5
      vertex 34.3019 -6.81284 14.5
      vertex 36.7512 -8.65782 14.5
    endloop
  endfacet
  facet normal -0 0 1
    outer loop
      vertex 34.0548 -7.34271 14.5
      vertex 36.7512 -8.65782 14.5
      vertex 34.3019 -6.81284 14.5
    endloop
  endfacet
  facet normal 0 0 1
    outer loop
      vertex 36.7512 -8.65782 14.5
      vertex 34.0548 -7.34271 14.5
      vertex 36.4382 -9.27205 14.5
    endloop
  endfacet
  facet normal -0 0 1
    outer loop
      vertex 33.7894 -7.86365 14.5
      vertex 36.4382 -9.27205 14.5
      vertex 34.0548 -7.34271 14.5
    endloop
  endfacet
  facet normal 0 0 1
    outer loop
      vertex 36.4382 -9.27205 14.5
      vertex 33.7894 -7.86365 14.5
      vertex 36.104 -9.875 14.5
    endloop
  endfacet
  facet normal -0 0 1
    outer loop
      vertex 33.5059 -8.375 14.5
      vertex 36.104 -9.875 14.5
      vertex 33.7894 -7.86365 14.5
    endloop
  endfacet
  facet normal 0 0 1
    outer loop
      vertex 36.104 -9.875 14.5
      vertex 33.5059 -8.375 14.5
      vertex 35.7489 -10.4659 14.5
    endloop
  endfacet
  facet normal -0 0 1
    outer loop
      vertex 33.2048 -8.87614 14.5
      vertex 35.7489 -10.4659 14.5
      vertex 33.5059 -8.375 14.5
    endloop
  endfacet
  facet normal 0 0 1
    outer loop
      vertex 35.7489 -10.4659 14.5
      vertex 33.2048 -8.87614 14.5
      vertex 35.3735 -11.0441 14.5
    endloop
  endfacet
  facet normal -0 0 1
    outer loop
      vertex 32.8864 -9.36647 14.5
      vertex 35.3735 -11.0441 14.5
      vertex 33.2048 -8.87614 14.5
    endloop
  endfacet
  facet normal 0 0 1
    outer loop
      vertex 35.3735 -11.0441 14.5
      vertex 32.8864 -9.36647 14.5
      vertex 34.9781 -11.6087 14.5
    endloop
  endfacet
  facet normal -0 0 1
    outer loop
      vertex 32.551 -9.8454 14.5
      vertex 34.9781 -11.6087 14.5
      vertex 32.8864 -9.36647 14.5
    endloop
  endfacet
  facet normal 0 0 1
    outer loop
      vertex 34.9781 -11.6087 14.5
      vertex 32.551 -9.8454 14.5
      vertex 34.5632 -12.1593 14.5
    endloop
  endfacet
  facet normal -0 0 1
    outer loop
      vertex 32.1992 -10.3123 14.5
      vertex 34.5632 -12.1593 14.5
      vertex 32.551 -9.8454 14.5
    endloop
  endfacet
  facet normal 0 0 1
    outer loop
      vertex 34.5632 -12.1593 14.5
      vertex 32.1992 -10.3123 14.5
      vertex 34.1294 -12.6951 14.5
    endloop
  endfacet
  facet normal -0 0 1
    outer loop
      vertex 31.8312 -10.7667 14.5
      vertex 34.1294 -12.6951 14.5
      vertex 32.1992 -10.3123 14.5
    endloop
  endfacet
  facet normal 0 0 1
    outer loop
      vertex 34.1294 -12.6951 14.5
      vertex 31.8312 -10.7667 14.5
      vertex 33.6771 -13.2153 14.5
    endloop
  endfacet
  facet normal -0 0 1
    outer loop
      vertex 31.4477 -11.2079 14.5
      vertex 33.6771 -13.2153 14.5
      vertex 31.8312 -10.7667 14.5
    endloop
  endfacet
  facet normal 0 0 1
    outer loop
      vertex 33.6771 -13.2153 14.5
      vertex 31.4477 -11.2079 14.5
      vertex 33.207 -13.7195 14.5
    endloop
  endfacet
  facet normal -0 0 1
    outer loop
      vertex 31.0489 -11.6355 14.5
      vertex 33.207 -13.7195 14.5
      vertex 31.4477 -11.2079 14.5
    endloop
  endfacet
  facet normal 0 0 1
    outer loop
      vertex 33.207 -13.7195 14.5
      vertex 31.0489 -11.6355 14.5
      vertex 32.7195 -14.207 14.5
    endloop
  endfacet
  facet normal -0 0 1
    outer loop
      vertex 30.6355 -12.0489 14.5
      vertex 32.7195 -14.207 14.5
      vertex 31.0489 -11.6355 14.5
    endloop
  endfacet
  facet normal 0 0 1
    outer loop
      vertex 32.7195 -14.207 14.5
      vertex 30.6355 -12.0489 14.5
      vertex 32.2153 -14.6771 14.5
    endloop
  endfacet
  facet normal -0 0 1
    outer loop
      vertex 30.2079 -12.4477 14.5
      vertex 32.2153 -14.6771 14.5
      vertex 30.6355 -12.0489 14.5
    endloop
  endfacet
  facet normal 0 0 1
    outer loop
      vertex 32.2153 -14.6771 14.5
      vertex 30.2079 -12.4477 14.5
      vertex 31.6951 -15.1294 14.5
    endloop
  endfacet
  facet normal -0 0 1
    outer loop
      vertex 29.7667 -12.8312 14.5
      vertex 31.6951 -15.1294 14.5
      vertex 30.2079 -12.4477 14.5
    endloop
  endfacet
  facet normal 0 0 1
    outer loop
      vertex 31.6951 -15.1294 14.5
      vertex 29.7667 -12.8312 14.5
      vertex 31.1593 -15.5632 14.5
    endloop
  endfacet
  facet normal -0 0 1
    outer loop
      vertex 29.3123 -13.1992 14.5
      vertex 31.1593 -15.5632 14.5
      vertex 29.7667 -12.8312 14.5
    endloop
  endfacet
  facet normal 0 0 1
    outer loop
      vertex 31.1593 -15.5632 14.5
      vertex 29.3123 -13.1992 14.5
      vertex 30.6087 -15.9781 14.5
    endloop
  endfacet
  facet normal -0 0 1
    outer loop
      vertex 28.8454 -13.551 14.5
      vertex 30.6087 -15.9781 14.5
      vertex 29.3123 -13.1992 14.5
    endloop
  endfacet
  facet normal 0 0 1
    outer loop
      vertex 30.6087 -15.9781 14.5
      vertex 28.8454 -13.551 14.5
      vertex 30.0441 -16.3735 14.5
    endloop
  endfacet
  facet normal -0 0 1
    outer loop
      vertex 28.3665 -13.8864 14.5
      vertex 30.0441 -16.3735 14.5
      vertex 28.8454 -13.551 14.5
    endloop
  endfacet
  facet normal 0 0 1
    outer loop
      vertex 30.0441 -16.3735 14.5
      vertex 28.3665 -13.8864 14.5
      vertex 29.4659 -16.7489 14.5
    endloop
  endfacet
  facet normal -0 0 1
    outer loop
      vertex 27.8761 -14.2048 14.5
      vertex 29.4659 -16.7489 14.5
      vertex 28.3665 -13.8864 14.5
    endloop
  endfacet
  facet normal 0 0 1
    outer loop
      vertex 29.4659 -16.7489 14.5
      vertex 27.8761 -14.2048 14.5
      vertex 28.875 -17.104 14.5
    endloop
  endfacet
  facet normal -0 0 1
    outer loop
      vertex 27.375 -14.5059 14.5
      vertex 28.875 -17.104 14.5
      vertex 27.8761 -14.2048 14.5
    endloop
  endfacet
  facet normal 0 0 1
    outer loop
      vertex 28.875 -17.104 14.5
      vertex 27.375 -14.5059 14.5
      vertex 28.272 -17.4382 14.5
    endloop
  endfacet
  facet normal -0 0 1
    outer loop
      vertex 26.8636 -14.7894 14.5
      vertex 28.272 -17.4382 14.5
      vertex 27.375 -14.5059 14.5
    endloop
  endfacet
  facet normal 0 0 1
    outer loop
      vertex 28.272 -17.4382 14.5
      vertex 26.8636 -14.7894 14.5
      vertex 27.6578 -17.7512 14.5
    endloop
  endfacet
  facet normal -0 0 1
    outer loop
      vertex 26.3427 -15.0548 14.5
      vertex 27.6578 -17.7512 14.5
      vertex 26.8636 -14.7894 14.5
    endloop
  endfacet
  facet normal 0 0 1
    outer loop
      vertex 27.6578 -17.7512 14.5
      vertex 26.3427 -15.0548 14.5
      vertex 27.033 -18.0425 14.5
    endloop
  endfacet
  facet normal -0 0 1
    outer loop
      vertex 25.8128 -15.3019 14.5
      vertex 27.033 -18.0425 14.5
      vertex 26.3427 -15.0548 14.5
    endloop
  endfacet
  facet normal 0 0 1
    outer loop
      vertex 27.033 -18.0425 14.5
      vertex 25.8128 -15.3019 14.5
      vertex 26.3985 -18.3119 14.5
    endloop
  endfacet
  facet normal -0 0 1
    outer loop
      vertex 25.2747 -15.5303 14.5
      vertex 26.3985 -18.3119 14.5
      vertex 25.8128 -15.3019 14.5
    endloop
  endfacet
  facet normal 0 0 1
    outer loop
      vertex 26.3985 -18.3119 14.5
      vertex 25.2747 -15.5303 14.5
      vertex 25.7549 -18.5589 14.5
    endloop
  endfacet
  facet normal -0 0 1
    outer loop
      vertex 24.7288 -15.7398 14.5
      vertex 25.7549 -18.5589 14.5
      vertex 25.2747 -15.5303 14.5
    endloop
  endfacet
  facet normal 0 0 1
    outer loop
      vertex 25.7549 -18.5589 14.5
      vertex 24.7288 -15.7398 14.5
      vertex 25.1031 -18.7834 14.5
    endloop
  endfacet
  facet normal -0 0 1
    outer loop
      vertex 24.176 -15.9302 14.5
      vertex 25.1031 -18.7834 14.5
      vertex 24.7288 -15.7398 14.5
    endloop
  endfacet
  facet normal 0 0 1
    outer loop
      vertex 25.1031 -18.7834 14.5
      vertex 24.176 -15.9302 14.5
      vertex 24.4438 -18.9849 14.5
    endloop
  endfacet
  facet normal -0 0 1
    outer loop
      vertex 23.6169 -16.1011 14.5
      vertex 24.4438 -18.9849 14.5
      vertex 24.176 -15.9302 14.5
    endloop
  endfacet
  facet normal 0 0 1
    outer loop
      vertex 24.4438 -18.9849 14.5
      vertex 23.6169 -16.1011 14.5
      vertex 23.778 -19.1633 14.5
    endloop
  endfacet
  facet normal -0 0 1
    outer loop
      vertex 23.0522 -16.2524 14.5
      vertex 23.778 -19.1633 14.5
      vertex 23.6169 -16.1011 14.5
    endloop
  endfacet
  facet normal 0 0 1
    outer loop
      vertex 23.778 -19.1633 14.5
      vertex 23.0522 -16.2524 14.5
      vertex 23.1062 -19.3184 14.5
    endloop
  endfacet
  facet normal -0 0 1
    outer loop
      vertex 22.4825 -16.384 14.5
      vertex 23.1062 -19.3184 14.5
      vertex 23.0522 -16.2524 14.5
    endloop
  endfacet
  facet normal 0 0 1
    outer loop
      vertex 22.4825 -16.384 14.5
      vertex 22.4296 -19.45 14.5
      vertex 23.1062 -19.3184 14.5
    endloop
  endfacet
  facet normal -0 0 1
    outer loop
      vertex 21.9086 -16.4955 14.5
      vertex 22.4296 -19.45 14.5
      vertex 22.4825 -16.384 14.5
    endloop
  endfacet
  facet normal 0 0 1
    outer loop
      vertex 21.9086 -16.4955 14.5
      vertex 21.7487 -19.5578 14.5
      vertex 22.4296 -19.45 14.5
    endloop
  endfacet
  facet normal -0 0 1
    outer loop
      vertex 21.3311 -16.587 14.5
      vertex 21.7487 -19.5578 14.5
      vertex 21.9086 -16.4955 14.5
    endloop
  endfacet
  facet normal 0 0 1
    outer loop
      vertex 21.3311 -16.587 14.5
      vertex 21.0644 -19.6418 14.5
      vertex 21.7487 -19.5578 14.5
    endloop
  endfacet
  facet normal -0 0 1
    outer loop
      vertex 20.7508 -16.6582 14.5
      vertex 21.0644 -19.6418 14.5
      vertex 21.3311 -16.587 14.5
    endloop
  endfacet
  facet normal 0 0 1
    outer loop
      vertex 20.7508 -16.6582 14.5
      vertex 20.3777 -19.7019 14.5
      vertex 21.0644 -19.6418 14.5
    endloop
  endfacet
  facet normal -0 0 1
    outer loop
      vertex 20.1684 -16.7092 14.5
      vertex 20.3777 -19.7019 14.5
      vertex 20.7508 -16.6582 14.5
    endloop
  endfacet
  facet normal 0 0 1
    outer loop
      vertex 20.1684 -16.7092 14.5
      vertex 19.6893 -19.738 14.5
      vertex 20.3777 -19.7019 14.5
    endloop
  endfacet
  facet normal -0 0 1
    outer loop
      vertex 19.5846 -16.7398 14.5
      vertex 19.6893 -19.738 14.5
      vertex 20.1684 -16.7092 14.5
    endloop
  endfacet
  facet normal -0 0 1
    outer loop
      vertex 19 -16.75 14.5
      vertex 19.6893 -19.738 14.5
      vertex 19.5846 -16.7398 14.5
    endloop
  endfacet
  facet normal 0 0 1
    outer loop
      vertex 19 -16.75 14.5
      vertex 19 -19.75 14.5
      vertex 19.6893 -19.738 14.5
    endloop
  endfacet
  facet normal -0 0 1
    outer loop
      vertex -19 -16.75 14.5
      vertex 19 -19.75 14.5
      vertex 19 -16.75 14.5
    endloop
  endfacet
  facet normal 0 0 1
    outer loop
      vertex -19 -16.75 14.5
      vertex -19 -19.75 14.5
      vertex 19 -19.75 14.5
    endloop
  endfacet
  facet normal 0 0 1
    outer loop
      vertex -19.5846 -16.7398 14.5
      vertex -19 -19.75 14.5
      vertex -19 -16.75 14.5
    endloop
  endfacet
  facet normal 0 0 1
    outer loop
      vertex -19.5846 -16.7398 14.5
      vertex -19.6893 -19.738 14.5
      vertex -19 -19.75 14.5
    endloop
  endfacet
  facet normal 0 0 1
    outer loop
      vertex -20.1684 -16.7092 14.5
      vertex -19.6893 -19.738 14.5
      vertex -19.5846 -16.7398 14.5
    endloop
  endfacet
  facet normal 0 0 1
    outer loop
      vertex -20.1684 -16.7092 14.5
      vertex -20.3777 -19.7019 14.5
      vertex -19.6893 -19.738 14.5
    endloop
  endfacet
  facet normal 0 0 1
    outer loop
      vertex -20.7508 -16.6582 14.5
      vertex -20.3777 -19.7019 14.5
      vertex -20.1684 -16.7092 14.5
    endloop
  endfacet
  facet normal 0 0 1
    outer loop
      vertex -20.7508 -16.6582 14.5
      vertex -21.0644 -19.6418 14.5
      vertex -20.3777 -19.7019 14.5
    endloop
  endfacet
  facet normal 0 0 1
    outer loop
      vertex -21.3311 -16.587 14.5
      vertex -21.0644 -19.6418 14.5
      vertex -20.7508 -16.6582 14.5
    endloop
  endfacet
  facet normal 0 0 1
    outer loop
      vertex -21.3311 -16.587 14.5
      vertex -21.7487 -19.5578 14.5
      vertex -21.0644 -19.6418 14.5
    endloop
  endfacet
  facet normal 0 0 1
    outer loop
      vertex -21.9086 -16.4955 14.5
      vertex -21.7487 -19.5578 14.5
      vertex -21.3311 -16.587 14.5
    endloop
  endfacet
  facet normal 0 0 1
    outer loop
      vertex -21.9086 -16.4955 14.5
      vertex -22.4296 -19.45 14.5
      vertex -21.7487 -19.5578 14.5
    endloop
  endfacet
  facet normal 0 0 1
    outer loop
      vertex -22.4825 -16.384 14.5
      vertex -22.4296 -19.45 14.5
      vertex -21.9086 -16.4955 14.5
    endloop
  endfacet
  facet normal 0 0 1
    outer loop
      vertex -23.1062 -19.3184 14.5
      vertex -22.4825 -16.384 14.5
      vertex -23.0522 -16.2524 14.5
    endloop
  endfacet
  facet normal 0 0 1
    outer loop
      vertex -22.4825 -16.384 14.5
      vertex -23.1062 -19.3184 14.5
      vertex -22.4296 -19.45 14.5
    endloop
  endfacet
  facet normal 0 0 1
    outer loop
      vertex -23.778 -19.1633 14.5
      vertex -23.0522 -16.2524 14.5
      vertex -23.6169 -16.1011 14.5
    endloop
  endfacet
  facet normal 0 0 1
    outer loop
      vertex -23.0522 -16.2524 14.5
      vertex -23.778 -19.1633 14.5
      vertex -23.1062 -19.3184 14.5
    endloop
  endfacet
  facet normal 0 0 1
    outer loop
      vertex -24.4438 -18.9849 14.5
      vertex -23.6169 -16.1011 14.5
      vertex -24.176 -15.9302 14.5
    endloop
  endfacet
  facet normal 0 0 1
    outer loop
      vertex -23.6169 -16.1011 14.5
      vertex -24.4438 -18.9849 14.5
      vertex -23.778 -19.1633 14.5
    endloop
  endfacet
  facet normal 0 0 1
    outer loop
      vertex -25.1031 -18.7834 14.5
      vertex -24.176 -15.9302 14.5
      vertex -24.7288 -15.7398 14.5
    endloop
  endfacet
  facet normal 0 0 1
    outer loop
      vertex -24.176 -15.9302 14.5
      vertex -25.1031 -18.7834 14.5
      vertex -24.4438 -18.9849 14.5
    endloop
  endfacet
  facet normal 0 0 1
    outer loop
      vertex -25.7549 -18.5589 14.5
      vertex -24.7288 -15.7398 14.5
      vertex -25.2747 -15.5303 14.5
    endloop
  endfacet
  facet normal 0 0 1
    outer loop
      vertex -24.7288 -15.7398 14.5
      vertex -25.7549 -18.5589 14.5
      vertex -25.1031 -18.7834 14.5
    endloop
  endfacet
  facet normal 0 0 1
    outer loop
      vertex -26.3985 -18.3119 14.5
      vertex -25.2747 -15.5303 14.5
      vertex -25.8128 -15.3019 14.5
    endloop
  endfacet
  facet normal 0 0 1
    outer loop
      vertex -27.033 -18.0425 14.5
      vertex -25.8128 -15.3019 14.5
      vertex -26.3427 -15.0548 14.5
    endloop
  endfacet
  facet normal 0 0 1
    outer loop
      vertex -25.2747 -15.5303 14.5
      vertex -26.3985 -18.3119 14.5
      vertex -25.7549 -18.5589 14.5
    endloop
  endfacet
  facet normal 0 0 1
    outer loop
      vertex -27.6578 -17.7512 14.5
      vertex -26.3427 -15.0548 14.5
      vertex -26.8636 -14.7894 14.5
    endloop
  endfacet
  facet normal 0 0 1
    outer loop
      vertex -25.8128 -15.3019 14.5
      vertex -27.033 -18.0425 14.5
      vertex -26.3985 -18.3119 14.5
    endloop
  endfacet
  facet normal 0 0 1
    outer loop
      vertex -28.272 -17.4382 14.5
      vertex -26.8636 -14.7894 14.5
      vertex -27.375 -14.5059 14.5
    endloop
  endfacet
  facet normal 0 0 1
    outer loop
      vertex -26.3427 -15.0548 14.5
      vertex -27.6578 -17.7512 14.5
      vertex -27.033 -18.0425 14.5
    endloop
  endfacet
  facet normal 0 0 1
    outer loop
      vertex -28.875 -17.104 14.5
      vertex -27.375 -14.5059 14.5
      vertex -27.8761 -14.2048 14.5
    endloop
  endfacet
  facet normal 0 0 1
    outer loop
      vertex -26.8636 -14.7894 14.5
      vertex -28.272 -17.4382 14.5
      vertex -27.6578 -17.7512 14.5
    endloop
  endfacet
  facet normal 0 0 1
    outer loop
      vertex -29.4659 -16.7489 14.5
      vertex -27.8761 -14.2048 14.5
      vertex -28.3665 -13.8864 14.5
    endloop
  endfacet
  facet normal 0 0 1
    outer loop
      vertex -30.0441 -16.3735 14.5
      vertex -28.3665 -13.8864 14.5
      vertex -28.8454 -13.551 14.5
    endloop
  endfacet
  facet normal 0 0 1
    outer loop
      vertex -27.375 -14.5059 14.5
      vertex -28.875 -17.104 14.5
      vertex -28.272 -17.4382 14.5
    endloop
  endfacet
  facet normal 0 0 1
    outer loop
      vertex -30.6087 -15.9781 14.5
      vertex -28.8454 -13.551 14.5
      vertex -29.3123 -13.1992 14.5
    endloop
  endfacet
  facet normal 0 0 1
    outer loop
      vertex -27.8761 -14.2048 14.5
      vertex -29.4659 -16.7489 14.5
      vertex -28.875 -17.104 14.5
    endloop
  endfacet
  facet normal 0 0 1
    outer loop
      vertex -31.1593 -15.5632 14.5
      vertex -29.3123 -13.1992 14.5
      vertex -29.7667 -12.8312 14.5
    endloop
  endfacet
  facet normal 0 0 1
    outer loop
      vertex -28.3665 -13.8864 14.5
      vertex -30.0441 -16.3735 14.5
      vertex -29.4659 -16.7489 14.5
    endloop
  endfacet
  facet normal 0 0 1
    outer loop
      vertex -31.6951 -15.1294 14.5
      vertex -29.7667 -12.8312 14.5
      vertex -30.2079 -12.4477 14.5
    endloop
  endfacet
  facet normal 0 0 1
    outer loop
      vertex -28.8454 -13.551 14.5
      vertex -30.6087 -15.9781 14.5
      vertex -30.0441 -16.3735 14.5
    endloop
  endfacet
  facet normal 0 0 1
    outer loop
      vertex -32.2153 -14.6771 14.5
      vertex -30.2079 -12.4477 14.5
      vertex -30.6355 -12.0489 14.5
    endloop
  endfacet
  facet normal 0 0 1
    outer loop
      vertex -32.7195 -14.207 14.5
      vertex -30.6355 -12.0489 14.5
      vertex -31.0489 -11.6355 14.5
    endloop
  endfacet
  facet normal 0 0 1
    outer loop
      vertex -29.3123 -13.1992 14.5
      vertex -31.1593 -15.5632 14.5
      vertex -30.6087 -15.9781 14.5
    endloop
  endfacet
  facet normal 0 0 1
    outer loop
      vertex -33.207 -13.7195 14.5
      vertex -31.0489 -11.6355 14.5
      vertex -31.4477 -11.2079 14.5
    endloop
  endfacet
  facet normal 0 0 1
    outer loop
      vertex -29.7667 -12.8312 14.5
      vertex -31.6951 -15.1294 14.5
      vertex -31.1593 -15.5632 14.5
    endloop
  endfacet
  facet normal 0 0 1
    outer loop
      vertex -33.6771 -13.2153 14.5
      vertex -31.4477 -11.2079 14.5
      vertex -31.8312 -10.7667 14.5
    endloop
  endfacet
  facet normal 0 0 1
    outer loop
      vertex -34.1294 -12.6951 14.5
      vertex -31.8312 -10.7667 14.5
      vertex -32.1992 -10.3123 14.5
    endloop
  endfacet
  facet normal 0 0 1
    outer loop
      vertex -30.2079 -12.4477 14.5
      vertex -32.2153 -14.6771 14.5
      vertex -31.6951 -15.1294 14.5
    endloop
  endfacet
  facet normal 0 0 1
    outer loop
      vertex -34.5632 -12.1593 14.5
      vertex -32.1992 -10.3123 14.5
      vertex -32.551 -9.8454 14.5
    endloop
  endfacet
  facet normal 0 0 1
    outer loop
      vertex -30.6355 -12.0489 14.5
      vertex -32.7195 -14.207 14.5
      vertex -32.2153 -14.6771 14.5
    endloop
  endfacet
  facet normal 0 0 1
    outer loop
      vertex -34.9781 -11.6087 14.5
      vertex -32.551 -9.8454 14.5
      vertex -32.8864 -9.36647 14.5
    endloop
  endfacet
  facet normal 0 0 1
    outer loop
      vertex -35.3735 -11.0441 14.5
      vertex -32.8864 -9.36647 14.5
      vertex -33.2048 -8.87614 14.5
    endloop
  endfacet
  facet normal 0 0 1
    outer loop
      vertex -31.0489 -11.6355 14.5
      vertex -33.207 -13.7195 14.5
      vertex -32.7195 -14.207 14.5
    endloop
  endfacet
  facet normal 0 0 1
    outer loop
      vertex -35.7489 -10.4659 14.5
      vertex -33.2048 -8.87614 14.5
      vertex -33.5059 -8.375 14.5
    endloop
  endfacet
  facet normal 0 0 1
    outer loop
      vertex -31.4477 -11.2079 14.5
      vertex -33.6771 -13.2153 14.5
      vertex -33.207 -13.7195 14.5
    endloop
  endfacet
  facet normal 0 0 1
    outer loop
      vertex -36.104 -9.875 14.5
      vertex -33.5059 -8.375 14.5
      vertex -33.7894 -7.86365 14.5
    endloop
  endfacet
  facet normal 0 0 1
    outer loop
      vertex -36.4382 -9.27205 14.5
      vertex -33.7894 -7.86365 14.5
      vertex -34.0548 -7.34271 14.5
    endloop
  endfacet
  facet normal 0 0 1
    outer loop
      vertex -31.8312 -10.7667 14.5
      vertex -34.1294 -12.6951 14.5
      vertex -33.6771 -13.2153 14.5
    endloop
  endfacet
  facet normal 0 0 1
    outer loop
      vertex -36.7512 -8.65782 14.5
      vertex -34.0548 -7.34271 14.5
      vertex -34.3019 -6.81284 14.5
    endloop
  endfacet
  facet normal 0 0 1
    outer loop
      vertex -37.0425 -8.03304 14.5
      vertex -34.3019 -6.81284 14.5
      vertex -34.5303 -6.27466 14.5
    endloop
  endfacet
  facet normal 0 0 1
    outer loop
      vertex -32.1992 -10.3123 14.5
      vertex -34.5632 -12.1593 14.5
      vertex -34.1294 -12.6951 14.5
    endloop
  endfacet
  facet normal 0 0 1
    outer loop
      vertex -37.3119 -7.39847 14.5
      vertex -34.5303 -6.27466 14.5
      vertex -34.7398 -5.72884 14.5
    endloop
  endfacet
  facet normal 0 0 1
    outer loop
      vertex -37.5589 -6.75488 14.5
      vertex -34.7398 -5.72884 14.5
      vertex -34.9302 -5.17603 14.5
    endloop
  endfacet
  facet normal 0 0 1
    outer loop
      vertex -32.551 -9.8454 14.5
      vertex -34.9781 -11.6087 14.5
      vertex -34.5632 -12.1593 14.5
    endloop
  endfacet
  facet normal 0 0 1
    outer loop
      vertex -37.7834 -6.10307 14.5
      vertex -34.9302 -5.17603 14.5
      vertex -35.1011 -4.61691 14.5
    endloop
  endfacet
  facet normal 0 0 1
    outer loop
      vertex -37.9849 -5.44383 14.5
      vertex -35.1011 -4.61691 14.5
      vertex -35.2524 -4.05219 14.5
    endloop
  endfacet
  facet normal 0 0 1
    outer loop
      vertex -32.8864 -9.36647 14.5
      vertex -35.3735 -11.0441 14.5
      vertex -34.9781 -11.6087 14.5
    endloop
  endfacet
  facet normal 0 0 1
    outer loop
      vertex -38.1633 -4.77795 14.5
      vertex -35.2524 -4.05219 14.5
      vertex -35.384 -3.48251 14.5
    endloop
  endfacet
  facet normal 0 0 1
    outer loop
      vertex -38.3184 -4.10625 14.5
      vertex -35.384 -3.48251 14.5
      vertex -35.4955 -2.9086 14.5
    endloop
  endfacet
  facet normal 0 0 1
    outer loop
      vertex -38.45 -3.42955 14.5
      vertex -35.4955 -2.9086 14.5
      vertex -35.587 -2.33115 14.5
    endloop
  endfacet
  facet normal 0 0 1
    outer loop
      vertex -38.5578 -2.74866 14.5
      vertex -35.587 -2.33115 14.5
      vertex -35.6582 -1.75084 14.5
    endloop
  endfacet
  facet normal 0 0 1
    outer loop
      vertex -38.6418 -2.06442 14.5
      vertex -35.6582 -1.75084 14.5
      vertex -35.7092 -1.16841 14.5
    endloop
  endfacet
  facet normal 0 0 1
    outer loop
      vertex -38.7019 -1.37769 14.5
      vertex -35.7092 -1.16841 14.5
      vertex -35.7398 -0.584564 14.5
    endloop
  endfacet
  facet normal 0 0 1
    outer loop
      vertex -33.2048 -8.87614 14.5
      vertex -35.7489 -10.4659 14.5
      vertex -35.3735 -11.0441 14.5
    endloop
  endfacet
  facet normal 0 0 1
    outer loop
      vertex -38.738 -0.689255 14.5
      vertex -35.7398 -0.584564 14.5
      vertex -35.75 0 14.5
    endloop
  endfacet
  facet normal -0 0 1
    outer loop
      vertex -38.1633 4.77795 14.5
      vertex -35.2524 4.05219 14.5
      vertex -37.9849 5.44383 14.5
    endloop
  endfacet
  facet normal 0 0 1
    outer loop
      vertex -33.5059 -8.375 14.5
      vertex -36.104 -9.875 14.5
      vertex -35.7489 -10.4659 14.5
    endloop
  endfacet
  facet normal 0 0 1
    outer loop
      vertex -35.2524 4.05219 14.5
      vertex -38.1633 4.77795 14.5
      vertex -35.384 3.48251 14.5
    endloop
  endfacet
  facet normal 0 0 1
    outer loop
      vertex -33.7894 -7.86365 14.5
      vertex -36.4382 -9.27205 14.5
      vertex -36.104 -9.875 14.5
    endloop
  endfacet
  facet normal -0 0 1
    outer loop
      vertex -38.3184 4.10625 14.5
      vertex -35.384 3.48251 14.5
      vertex -38.1633 4.77795 14.5
    endloop
  endfacet
  facet normal 0 0 1
    outer loop
      vertex -34.0548 -7.34271 14.5
      vertex -36.7512 -8.65782 14.5
      vertex -36.4382 -9.27205 14.5
    endloop
  endfacet
  facet normal 0 0 1
    outer loop
      vertex -35.384 3.48251 14.5
      vertex -38.3184 4.10625 14.5
      vertex -35.4955 2.9086 14.5
    endloop
  endfacet
  facet normal 0 0 1
    outer loop
      vertex -34.3019 -6.81284 14.5
      vertex -37.0425 -8.03304 14.5
      vertex -36.7512 -8.65782 14.5
    endloop
  endfacet
  facet normal -0 0 1
    outer loop
      vertex -38.45 3.42955 14.5
      vertex -35.4955 2.9086 14.5
      vertex -38.3184 4.10625 14.5
    endloop
  endfacet
  facet normal 0 0 1
    outer loop
      vertex -34.5303 -6.27466 14.5
      vertex -37.3119 -7.39847 14.5
      vertex -37.0425 -8.03304 14.5
    endloop
  endfacet
  facet normal 0 0 1
    outer loop
      vertex -35.4955 2.9086 14.5
      vertex -38.45 3.42955 14.5
      vertex -35.587 2.33115 14.5
    endloop
  endfacet
  facet normal 0 0 1
    outer loop
      vertex -34.7398 -5.72884 14.5
      vertex -37.5589 -6.75488 14.5
      vertex -37.3119 -7.39847 14.5
    endloop
  endfacet
  facet normal -0 0 1
    outer loop
      vertex -38.5578 2.74866 14.5
      vertex -35.587 2.33115 14.5
      vertex -38.45 3.42955 14.5
    endloop
  endfacet
  facet normal 0 0 1
    outer loop
      vertex -34.9302 -5.17603 14.5
      vertex -37.7834 -6.10307 14.5
      vertex -37.5589 -6.75488 14.5
    endloop
  endfacet
  facet normal 0 0 1
    outer loop
      vertex -35.587 2.33115 14.5
      vertex -38.5578 2.74866 14.5
      vertex -35.6582 1.75084 14.5
    endloop
  endfacet
  facet normal 0 0 1
    outer loop
      vertex -35.1011 -4.61691 14.5
      vertex -37.9849 -5.44383 14.5
      vertex -37.7834 -6.10307 14.5
    endloop
  endfacet
  facet normal -0 0 1
    outer loop
      vertex -38.6418 2.06442 14.5
      vertex -35.6582 1.75084 14.5
      vertex -38.5578 2.74866 14.5
    endloop
  endfacet
  facet normal 0 0 1
    outer loop
      vertex -35.2524 -4.05219 14.5
      vertex -38.1633 -4.77795 14.5
      vertex -37.9849 -5.44383 14.5
    endloop
  endfacet
  facet normal 0 0 1
    outer loop
      vertex -35.6582 1.75084 14.5
      vertex -38.6418 2.06442 14.5
      vertex -35.7092 1.16841 14.5
    endloop
  endfacet
  facet normal 0 0 1
    outer loop
      vertex -35.384 -3.48251 14.5
      vertex -38.3184 -4.10625 14.5
      vertex -38.1633 -4.77795 14.5
    endloop
  endfacet
  facet normal -0 0 1
    outer loop
      vertex -38.7019 1.37769 14.5
      vertex -35.7092 1.16841 14.5
      vertex -38.6418 2.06442 14.5
    endloop
  endfacet
  facet normal 0 0 1
    outer loop
      vertex -35.4955 -2.9086 14.5
      vertex -38.45 -3.42955 14.5
      vertex -38.3184 -4.10625 14.5
    endloop
  endfacet
  facet normal 0 0 1
    outer loop
      vertex -35.7092 1.16841 14.5
      vertex -38.7019 1.37769 14.5
      vertex -35.7398 0.584564 14.5
    endloop
  endfacet
  facet normal 0 0 1
    outer loop
      vertex -35.587 -2.33115 14.5
      vertex -38.5578 -2.74866 14.5
      vertex -38.45 -3.42955 14.5
    endloop
  endfacet
  facet normal -0 0 1
    outer loop
      vertex -38.738 0.689255 14.5
      vertex -35.7398 0.584564 14.5
      vertex -38.7019 1.37769 14.5
    endloop
  endfacet
  facet normal 0 0 1
    outer loop
      vertex -35.6582 -1.75084 14.5
      vertex -38.6418 -2.06442 14.5
      vertex -38.5578 -2.74866 14.5
    endloop
  endfacet
  facet normal 0 0 1
    outer loop
      vertex -35.7398 0.584564 14.5
      vertex -38.738 0.689255 14.5
      vertex -35.75 0 14.5
    endloop
  endfacet
  facet normal 0 0 1
    outer loop
      vertex -35.7092 -1.16841 14.5
      vertex -38.7019 -1.37769 14.5
      vertex -38.6418 -2.06442 14.5
    endloop
  endfacet
  facet normal 0 0 1
    outer loop
      vertex -38.75 0 14.5
      vertex -35.75 0 14.5
      vertex -38.738 0.689255 14.5
    endloop
  endfacet
  facet normal 0 0 1
    outer loop
      vertex -35.7398 -0.584564 14.5
      vertex -38.738 -0.689255 14.5
      vertex -38.7019 -1.37769 14.5
    endloop
  endfacet
  facet normal 0 0 1
    outer loop
      vertex -35.75 0 14.5
      vertex -38.75 0 14.5
      vertex -38.738 -0.689255 14.5
    endloop
  endfacet
  facet normal 0.0523685 -0.998628 0
    outer loop
      vertex 19.6893 -19.738 0
      vertex 20.3777 -19.7019 14.5
      vertex 19.6893 -19.738 14.5
    endloop
  endfacet
  facet normal 0.0523685 -0.998628 0
    outer loop
      vertex 20.3777 -19.7019 14.5
      vertex 19.6893 -19.738 0
      vertex 20.3777 -19.7019 0
    endloop
  endfacet
  facet normal 0.0871867 -0.996192 0
    outer loop
      vertex 20.3777 -19.7019 0
      vertex 21.0644 -19.6418 14.5
      vertex 20.3777 -19.7019 14.5
    endloop
  endfacet
  facet normal 0.0871867 -0.996192 0
    outer loop
      vertex 21.0644 -19.6418 14.5
      vertex 20.3777 -19.7019 0
      vertex 21.0644 -19.6418 0
    endloop
  endfacet
  facet normal 0.121839 -0.99255 0
    outer loop
      vertex 21.0644 -19.6418 0
      vertex 21.7487 -19.5578 14.5
      vertex 21.0644 -19.6418 14.5
    endloop
  endfacet
  facet normal 0.121839 -0.99255 0
    outer loop
      vertex 21.7487 -19.5578 14.5
      vertex 21.0644 -19.6418 0
      vertex 21.7487 -19.5578 0
    endloop
  endfacet
  facet normal 0.156372 -0.987698 0
    outer loop
      vertex 21.7487 -19.5578 0
      vertex 22.4296 -19.45 14.5
      vertex 21.7487 -19.5578 14.5
    endloop
  endfacet
  facet normal 0.156372 -0.987698 0
    outer loop
      vertex 22.4296 -19.45 14.5
      vertex 21.7487 -19.5578 0
      vertex 22.4296 -19.45 0
    endloop
  endfacet
  facet normal 0.190924 -0.981605 0
    outer loop
      vertex 22.4296 -19.45 0
      vertex 23.1062 -19.3184 14.5
      vertex 22.4296 -19.45 14.5
    endloop
  endfacet
  facet normal 0.190924 -0.981605 0
    outer loop
      vertex 23.1062 -19.3184 14.5
      vertex 22.4296 -19.45 0
      vertex 23.1062 -19.3184 0
    endloop
  endfacet
  facet normal 0.224955 -0.974369 0
    outer loop
      vertex 23.1062 -19.3184 0
      vertex 23.778 -19.1633 14.5
      vertex 23.1062 -19.3184 14.5
    endloop
  endfacet
  facet normal 0.224955 -0.974369 0
    outer loop
      vertex 23.778 -19.1633 14.5
      vertex 23.1062 -19.3184 0
      vertex 23.778 -19.1633 0
    endloop
  endfacet
  facet normal 0.258818 -0.965926 0
    outer loop
      vertex 23.778 -19.1633 0
      vertex 24.4438 -18.9849 14.5
      vertex 23.778 -19.1633 14.5
    endloop
  endfacet
  facet normal 0.258818 -0.965926 0
    outer loop
      vertex 24.4438 -18.9849 14.5
      vertex 23.778 -19.1633 0
      vertex 24.4438 -18.9849 0
    endloop
  endfacet
  facet normal 0.292281 -0.956332 0
    outer loop
      vertex 24.4438 -18.9849 0
      vertex 25.1031 -18.7834 14.5
      vertex 24.4438 -18.9849 14.5
    endloop
  endfacet
  facet normal 0.292281 -0.956332 0
    outer loop
      vertex 25.1031 -18.7834 14.5
      vertex 24.4438 -18.9849 0
      vertex 25.1031 -18.7834 0
    endloop
  endfacet
  facet normal 0.325655 -0.945489 0
    outer loop
      vertex 25.1031 -18.7834 0
      vertex 25.7549 -18.5589 14.5
      vertex 25.1031 -18.7834 14.5
    endloop
  endfacet
  facet normal 0.325655 -0.945489 0
    outer loop
      vertex 25.7549 -18.5589 14.5
      vertex 25.1031 -18.7834 0
      vertex 25.7549 -18.5589 0
    endloop
  endfacet
  facet normal 0.358299 -0.933607 0
    outer loop
      vertex 25.7549 -18.5589 0
      vertex 26.3985 -18.3119 14.5
      vertex 25.7549 -18.5589 14.5
    endloop
  endfacet
  facet normal 0.358299 -0.933607 0
    outer loop
      vertex 26.3985 -18.3119 14.5
      vertex 25.7549 -18.5589 0
      vertex 26.3985 -18.3119 0
    endloop
  endfacet
  facet normal 0.390818 -0.920468 0
    outer loop
      vertex 26.3985 -18.3119 0
      vertex 27.033 -18.0425 14.5
      vertex 26.3985 -18.3119 14.5
    endloop
  endfacet
  facet normal 0.390818 -0.920468 0
    outer loop
      vertex 27.033 -18.0425 14.5
      vertex 26.3985 -18.3119 0
      vertex 27.033 -18.0425 0
    endloop
  endfacet
  facet normal 0.42256 -0.906335 0
    outer loop
      vertex 27.033 -18.0425 0
      vertex 27.6578 -17.7512 14.5
      vertex 27.033 -18.0425 14.5
    endloop
  endfacet
  facet normal 0.42256 -0.906335 0
    outer loop
      vertex 27.6578 -17.7512 14.5
      vertex 27.033 -18.0425 0
      vertex 27.6578 -17.7512 0
    endloop
  endfacet
  facet normal 0.454047 -0.890977 0
    outer loop
      vertex 27.6578 -17.7512 0
      vertex 28.272 -17.4382 14.5
      vertex 27.6578 -17.7512 14.5
    endloop
  endfacet
  facet normal 0.454047 -0.890977 0
    outer loop
      vertex 28.272 -17.4382 14.5
      vertex 27.6578 -17.7512 0
      vertex 28.272 -17.4382 0
    endloop
  endfacet
  facet normal 0.484756 -0.874649 0
    outer loop
      vertex 28.272 -17.4382 0
      vertex 28.875 -17.104 14.5
      vertex 28.272 -17.4382 14.5
    endloop
  endfacet
  facet normal 0.484756 -0.874649 0
    outer loop
      vertex 28.875 -17.104 14.5
      vertex 28.272 -17.4382 0
      vertex 28.875 -17.104 0
    endloop
  endfacet
  facet normal 0.515093 -0.857134 0
    outer loop
      vertex 28.875 -17.104 0
      vertex 29.4659 -16.7489 14.5
      vertex 28.875 -17.104 14.5
    endloop
  endfacet
  facet normal 0.515093 -0.857134 0
    outer loop
      vertex 29.4659 -16.7489 14.5
      vertex 28.875 -17.104 0
      vertex 29.4659 -16.7489 0
    endloop
  endfacet
  facet normal 0.54455 -0.838729 0
    outer loop
      vertex 29.4659 -16.7489 0
      vertex 30.0441 -16.3735 14.5
      vertex 29.4659 -16.7489 14.5
    endloop
  endfacet
  facet normal 0.54455 -0.838729 0
    outer loop
      vertex 30.0441 -16.3735 14.5
      vertex 29.4659 -16.7489 0
      vertex 30.0441 -16.3735 0
    endloop
  endfacet
  facet normal 0.573638 -0.819109 0
    outer loop
      vertex 30.0441 -16.3735 0
      vertex 30.6087 -15.9781 14.5
      vertex 30.0441 -16.3735 14.5
    endloop
  endfacet
  facet normal 0.573638 -0.819109 0
    outer loop
      vertex 30.6087 -15.9781 14.5
      vertex 30.0441 -16.3735 0
      vertex 30.6087 -15.9781 0
    endloop
  endfacet
  facet normal 0.601809 -0.79864 0
    outer loop
      vertex 30.6087 -15.9781 0
      vertex 31.1593 -15.5632 14.5
      vertex 30.6087 -15.9781 14.5
    endloop
  endfacet
  facet normal 0.601809 -0.79864 0
    outer loop
      vertex 31.1593 -15.5632 14.5
      vertex 30.6087 -15.9781 0
      vertex 31.1593 -15.5632 0
    endloop
  endfacet
  facet normal 0.629248 -0.777204 0
    outer loop
      vertex 31.1593 -15.5632 0
      vertex 31.6951 -15.1294 14.5
      vertex 31.1593 -15.5632 14.5
    endloop
  endfacet
  facet normal 0.629248 -0.777204 0
    outer loop
      vertex 31.6951 -15.1294 14.5
      vertex 31.1593 -15.5632 0
      vertex 31.6951 -15.1294 0
    endloop
  endfacet
  facet normal 0.656139 -0.75464 0
    outer loop
      vertex 31.6951 -15.1294 0
      vertex 32.2153 -14.6771 14.5
      vertex 31.6951 -15.1294 14.5
    endloop
  endfacet
  facet normal 0.656139 -0.75464 0
    outer loop
      vertex 32.2153 -14.6771 14.5
      vertex 31.6951 -15.1294 0
      vertex 32.2153 -14.6771 0
    endloop
  endfacet
  facet normal 0.681941 -0.731407 0
    outer loop
      vertex 32.2153 -14.6771 0
      vertex 32.7195 -14.207 14.5
      vertex 32.2153 -14.6771 14.5
    endloop
  endfacet
  facet normal 0.681941 -0.731407 0
    outer loop
      vertex 32.7195 -14.207 14.5
      vertex 32.2153 -14.6771 0
      vertex 32.7195 -14.207 0
    endloop
  endfacet
  facet normal 0.707107 -0.707107 0
    outer loop
      vertex 32.7195 -14.207 14.5
      vertex 33.207 -13.7195 0
      vertex 33.207 -13.7195 14.5
    endloop
  endfacet
  facet normal 0.707107 -0.707107 0
    outer loop
      vertex 33.207 -13.7195 0
      vertex 32.7195 -14.207 14.5
      vertex 32.7195 -14.207 0
    endloop
  endfacet
  facet normal 0.731407 -0.681941 0
    outer loop
      vertex 33.207 -13.7195 14.5
      vertex 33.6771 -13.2153 0
      vertex 33.6771 -13.2153 14.5
    endloop
  endfacet
  facet normal 0.731407 -0.681941 0
    outer loop
      vertex 33.6771 -13.2153 0
      vertex 33.207 -13.7195 14.5
      vertex 33.207 -13.7195 0
    endloop
  endfacet
  facet normal 0.75464 -0.656139 0
    outer loop
      vertex 33.6771 -13.2153 14.5
      vertex 34.1294 -12.6951 0
      vertex 34.1294 -12.6951 14.5
    endloop
  endfacet
  facet normal 0.75464 -0.656139 0
    outer loop
      vertex 34.1294 -12.6951 0
      vertex 33.6771 -13.2153 14.5
      vertex 33.6771 -13.2153 0
    endloop
  endfacet
  facet normal 0.777204 -0.629248 0
    outer loop
      vertex 34.1294 -12.6951 14.5
      vertex 34.5632 -12.1593 0
      vertex 34.5632 -12.1593 14.5
    endloop
  endfacet
  facet normal 0.777204 -0.629248 0
    outer loop
      vertex 34.5632 -12.1593 0
      vertex 34.1294 -12.6951 14.5
      vertex 34.1294 -12.6951 0
    endloop
  endfacet
  facet normal 0.79864 -0.601809 0
    outer loop
      vertex 34.5632 -12.1593 14.5
      vertex 34.9781 -11.6087 0
      vertex 34.9781 -11.6087 14.5
    endloop
  endfacet
  facet normal 0.79864 -0.601809 0
    outer loop
      vertex 34.9781 -11.6087 0
      vertex 34.5632 -12.1593 14.5
      vertex 34.5632 -12.1593 0
    endloop
  endfacet
  facet normal 0.819109 -0.573638 0
    outer loop
      vertex 34.9781 -11.6087 14.5
      vertex 35.3735 -11.0441 0
      vertex 35.3735 -11.0441 14.5
    endloop
  endfacet
  facet normal 0.819109 -0.573638 0
    outer loop
      vertex 35.3735 -11.0441 0
      vertex 34.9781 -11.6087 14.5
      vertex 34.9781 -11.6087 0
    endloop
  endfacet
  facet normal 0.838729 -0.54455 0
    outer loop
      vertex 35.3735 -11.0441 14.5
      vertex 35.7489 -10.4659 0
      vertex 35.7489 -10.4659 14.5
    endloop
  endfacet
  facet normal 0.838729 -0.54455 0
    outer loop
      vertex 35.7489 -10.4659 0
      vertex 35.3735 -11.0441 14.5
      vertex 35.3735 -11.0441 0
    endloop
  endfacet
  facet normal 0.857134 -0.515093 0
    outer loop
      vertex 35.7489 -10.4659 14.5
      vertex 36.104 -9.875 0
      vertex 36.104 -9.875 14.5
    endloop
  endfacet
  facet normal 0.857134 -0.515093 0
    outer loop
      vertex 36.104 -9.875 0
      vertex 35.7489 -10.4659 14.5
      vertex 35.7489 -10.4659 0
    endloop
  endfacet
  facet normal 0.874632 -0.484787 0
    outer loop
      vertex 36.104 -9.875 14.5
      vertex 36.4382 -9.27205 0
      vertex 36.4382 -9.27205 14.5
    endloop
  endfacet
  facet normal 0.874632 -0.484787 0
    outer loop
      vertex 36.4382 -9.27205 0
      vertex 36.104 -9.875 14.5
      vertex 36.104 -9.875 0
    endloop
  endfacet
  facet normal 0.890986 -0.45403 0
    outer loop
      vertex 36.4382 -9.27205 14.5
      vertex 36.7512 -8.65782 0
      vertex 36.7512 -8.65782 14.5
    endloop
  endfacet
  facet normal 0.890986 -0.45403 0
    outer loop
      vertex 36.7512 -8.65782 0
      vertex 36.4382 -9.27205 14.5
      vertex 36.4382 -9.27205 0
    endloop
  endfacet
  facet normal 0.90633 -0.422571 0
    outer loop
      vertex 36.7512 -8.65782 14.5
      vertex 37.0425 -8.03304 0
      vertex 37.0425 -8.03304 14.5
    endloop
  endfacet
  facet normal 0.90633 -0.422571 0
    outer loop
      vertex 37.0425 -8.03304 0
      vertex 36.7512 -8.65782 14.5
      vertex 36.7512 -8.65782 0
    endloop
  endfacet
  facet normal 0.920483 -0.390782 0
    outer loop
      vertex 37.0425 -8.03304 14.5
      vertex 37.3119 -7.39847 0
      vertex 37.3119 -7.39847 14.5
    endloop
  endfacet
  facet normal 0.920483 -0.390782 0
    outer loop
      vertex 37.3119 -7.39847 0
      vertex 37.0425 -8.03304 14.5
      vertex 37.0425 -8.03304 0
    endloop
  endfacet
  facet normal 0.933605 -0.358303 0
    outer loop
      vertex 37.3119 -7.39847 14.5
      vertex 37.5589 -6.75488 0
      vertex 37.5589 -6.75488 14.5
    endloop
  endfacet
  facet normal 0.933605 -0.358303 0
    outer loop
      vertex 37.5589 -6.75488 0
      vertex 37.3119 -7.39847 14.5
      vertex 37.3119 -7.39847 0
    endloop
  endfacet
  facet normal 0.94549 -0.325651 0
    outer loop
      vertex 37.5589 -6.75488 14.5
      vertex 37.7834 -6.10307 0
      vertex 37.7834 -6.10307 14.5
    endloop
  endfacet
  facet normal 0.94549 -0.325651 0
    outer loop
      vertex 37.7834 -6.10307 0
      vertex 37.5589 -6.75488 14.5
      vertex 37.5589 -6.75488 0
    endloop
  endfacet
  facet normal 0.956325 -0.292306 0
    outer loop
      vertex 37.7834 -6.10307 14.5
      vertex 37.9849 -5.44383 0
      vertex 37.9849 -5.44383 14.5
    endloop
  endfacet
  facet normal 0.956325 -0.292306 0
    outer loop
      vertex 37.9849 -5.44383 0
      vertex 37.7834 -6.10307 14.5
      vertex 37.7834 -6.10307 0
    endloop
  endfacet
  facet normal 0.965934 -0.258789 0
    outer loop
      vertex 37.9849 -5.44383 14.5
      vertex 38.1633 -4.77795 0
      vertex 38.1633 -4.77795 14.5
    endloop
  endfacet
  facet normal 0.965934 -0.258789 0
    outer loop
      vertex 38.1633 -4.77795 0
      vertex 37.9849 -5.44383 14.5
      vertex 37.9849 -5.44383 0
    endloop
  endfacet
  facet normal 0.974362 -0.224987 0
    outer loop
      vertex 38.1633 -4.77795 14.5
      vertex 38.3184 -4.10625 0
      vertex 38.3184 -4.10625 14.5
    endloop
  endfacet
  facet normal 0.974362 -0.224987 0
    outer loop
      vertex 38.3184 -4.10625 0
      vertex 38.1633 -4.77795 14.5
      vertex 38.1633 -4.77795 0
    endloop
  endfacet
  facet normal 0.98161 -0.190897 0
    outer loop
      vertex 38.3184 -4.10625 14.5
      vertex 38.45 -3.42955 0
      vertex 38.45 -3.42955 14.5
    endloop
  endfacet
  facet normal 0.98161 -0.190897 0
    outer loop
      vertex 38.45 -3.42955 0
      vertex 38.3184 -4.10625 14.5
      vertex 38.3184 -4.10625 0
    endloop
  endfacet
  facet normal 0.987698 -0.156374 0
    outer loop
      vertex 38.45 -3.42955 14.5
      vertex 38.5578 -2.74866 0
      vertex 38.5578 -2.74866 14.5
    endloop
  endfacet
  facet normal 0.987698 -0.156374 0
    outer loop
      vertex 38.5578 -2.74866 0
      vertex 38.45 -3.42955 14.5
      vertex 38.45 -3.42955 0
    endloop
  endfacet
  facet normal 0.992549 -0.121849 0
    outer loop
      vertex 38.5578 -2.74866 14.5
      vertex 38.6418 -2.06442 0
      vertex 38.6418 -2.06442 14.5
    endloop
  endfacet
  facet normal 0.992549 -0.121849 0
    outer loop
      vertex 38.6418 -2.06442 0
      vertex 38.5578 -2.74866 14.5
      vertex 38.5578 -2.74866 0
    endloop
  endfacet
  facet normal 0.996192 -0.087183 0
    outer loop
      vertex 38.6418 -2.06442 14.5
      vertex 38.7019 -1.37769 0
      vertex 38.7019 -1.37769 14.5
    endloop
  endfacet
  facet normal 0.996192 -0.087183 0
    outer loop
      vertex 38.7019 -1.37769 0
      vertex 38.6418 -2.06442 14.5
      vertex 38.6418 -2.06442 0
    endloop
  endfacet
  facet normal 0.998628 -0.0523658 0
    outer loop
      vertex 38.7019 -1.37769 14.5
      vertex 38.738 -0.689255 0
      vertex 38.738 -0.689255 14.5
    endloop
  endfacet
  facet normal 0.998628 -0.0523658 0
    outer loop
      vertex 38.738 -0.689255 0
      vertex 38.7019 -1.37769 14.5
      vertex 38.7019 -1.37769 0
    endloop
  endfacet
  facet normal 0.999848 -0.0174075 0
    outer loop
      vertex 38.738 -0.689255 14.5
      vertex 38.75 0 0
      vertex 38.75 0 14.5
    endloop
  endfacet
  facet normal 0.999848 -0.0174075 0
    outer loop
      vertex 38.75 0 0
      vertex 38.738 -0.689255 14.5
      vertex 38.738 -0.689255 0
    endloop
  endfacet
  facet normal 0.999848 0.0174075 0
    outer loop
      vertex 38.75 0 14.5
      vertex 38.738 0.689255 0
      vertex 38.738 0.689255 14.5
    endloop
  endfacet
  facet normal 0.999848 0.0174075 0
    outer loop
      vertex 38.738 0.689255 0
      vertex 38.75 0 14.5
      vertex 38.75 0 0
    endloop
  endfacet
  facet normal 0.998628 0.0523658 0
    outer loop
      vertex 38.738 0.689255 14.5
      vertex 38.7019 1.37769 0
      vertex 38.7019 1.37769 14.5
    endloop
  endfacet
  facet normal 0.998628 0.0523658 0
    outer loop
      vertex 38.7019 1.37769 0
      vertex 38.738 0.689255 14.5
      vertex 38.738 0.689255 0
    endloop
  endfacet
  facet normal 0.996192 0.087183 0
    outer loop
      vertex 38.7019 1.37769 14.5
      vertex 38.6418 2.06442 0
      vertex 38.6418 2.06442 14.5
    endloop
  endfacet
  facet normal 0.996192 0.087183 0
    outer loop
      vertex 38.6418 2.06442 0
      vertex 38.7019 1.37769 14.5
      vertex 38.7019 1.37769 0
    endloop
  endfacet
  facet normal 0.992549 0.121849 0
    outer loop
      vertex 38.6418 2.06442 14.5
      vertex 38.5578 2.74866 0
      vertex 38.5578 2.74866 14.5
    endloop
  endfacet
  facet normal 0.992549 0.121849 0
    outer loop
      vertex 38.5578 2.74866 0
      vertex 38.6418 2.06442 14.5
      vertex 38.6418 2.06442 0
    endloop
  endfacet
  facet normal 0.987698 0.156374 0
    outer loop
      vertex 38.5578 2.74866 14.5
      vertex 38.45 3.42955 0
      vertex 38.45 3.42955 14.5
    endloop
  endfacet
  facet normal 0.987698 0.156374 0
    outer loop
      vertex 38.45 3.42955 0
      vertex 38.5578 2.74866 14.5
      vertex 38.5578 2.74866 0
    endloop
  endfacet
  facet normal 0.98161 0.190897 0
    outer loop
      vertex 38.45 3.42955 14.5
      vertex 38.3184 4.10625 0
      vertex 38.3184 4.10625 14.5
    endloop
  endfacet
  facet normal 0.98161 0.190897 0
    outer loop
      vertex 38.3184 4.10625 0
      vertex 38.45 3.42955 14.5
      vertex 38.45 3.42955 0
    endloop
  endfacet
  facet normal 0.974362 0.224987 0
    outer loop
      vertex 38.3184 4.10625 14.5
      vertex 38.1633 4.77795 0
      vertex 38.1633 4.77795 14.5
    endloop
  endfacet
  facet normal 0.974362 0.224987 0
    outer loop
      vertex 38.1633 4.77795 0
      vertex 38.3184 4.10625 14.5
      vertex 38.3184 4.10625 0
    endloop
  endfacet
  facet normal 0.965934 0.258789 0
    outer loop
      vertex 38.1633 4.77795 14.5
      vertex 37.9849 5.44383 0
      vertex 37.9849 5.44383 14.5
    endloop
  endfacet
  facet normal 0.965934 0.258789 0
    outer loop
      vertex 37.9849 5.44383 0
      vertex 38.1633 4.77795 14.5
      vertex 38.1633 4.77795 0
    endloop
  endfacet
  facet normal 0.956325 0.292306 0
    outer loop
      vertex 37.9849 5.44383 14.5
      vertex 37.7834 6.10307 0
      vertex 37.7834 6.10307 14.5
    endloop
  endfacet
  facet normal 0.956325 0.292306 0
    outer loop
      vertex 37.7834 6.10307 0
      vertex 37.9849 5.44383 14.5
      vertex 37.9849 5.44383 0
    endloop
  endfacet
  facet normal 0.94549 0.325651 0
    outer loop
      vertex 37.7834 6.10307 14.5
      vertex 37.5589 6.75488 0
      vertex 37.5589 6.75488 14.5
    endloop
  endfacet
  facet normal 0.94549 0.325651 0
    outer loop
      vertex 37.5589 6.75488 0
      vertex 37.7834 6.10307 14.5
      vertex 37.7834 6.10307 0
    endloop
  endfacet
  facet normal 0.933605 0.358303 0
    outer loop
      vertex 37.5589 6.75488 14.5
      vertex 37.3119 7.39847 0
      vertex 37.3119 7.39847 14.5
    endloop
  endfacet
  facet normal 0.933605 0.358303 0
    outer loop
      vertex 37.3119 7.39847 0
      vertex 37.5589 6.75488 14.5
      vertex 37.5589 6.75488 0
    endloop
  endfacet
  facet normal 0.920483 0.390782 0
    outer loop
      vertex 37.3119 7.39847 14.5
      vertex 37.0425 8.03304 0
      vertex 37.0425 8.03304 14.5
    endloop
  endfacet
  facet normal 0.920483 0.390782 0
    outer loop
      vertex 37.0425 8.03304 0
      vertex 37.3119 7.39847 14.5
      vertex 37.3119 7.39847 0
    endloop
  endfacet
  facet normal 0.90633 0.422571 0
    outer loop
      vertex 37.0425 8.03304 14.5
      vertex 36.7512 8.65782 0
      vertex 36.7512 8.65782 14.5
    endloop
  endfacet
  facet normal 0.90633 0.422571 0
    outer loop
      vertex 36.7512 8.65782 0
      vertex 37.0425 8.03304 14.5
      vertex 37.0425 8.03304 0
    endloop
  endfacet
  facet normal 0.890986 0.45403 0
    outer loop
      vertex 36.7512 8.65782 14.5
      vertex 36.4382 9.27205 0
      vertex 36.4382 9.27205 14.5
    endloop
  endfacet
  facet normal 0.890986 0.45403 0
    outer loop
      vertex 36.4382 9.27205 0
      vertex 36.7512 8.65782 14.5
      vertex 36.7512 8.65782 0
    endloop
  endfacet
  facet normal 0.874632 0.484787 0
    outer loop
      vertex 36.4382 9.27205 14.5
      vertex 36.104 9.875 0
      vertex 36.104 9.875 14.5
    endloop
  endfacet
  facet normal 0.874632 0.484787 0
    outer loop
      vertex 36.104 9.875 0
      vertex 36.4382 9.27205 14.5
      vertex 36.4382 9.27205 0
    endloop
  endfacet
  facet normal 0.857134 0.515093 0
    outer loop
      vertex 36.104 9.875 14.5
      vertex 35.7489 10.4659 0
      vertex 35.7489 10.4659 14.5
    endloop
  endfacet
  facet normal 0.857134 0.515093 0
    outer loop
      vertex 35.7489 10.4659 0
      vertex 36.104 9.875 14.5
      vertex 36.104 9.875 0
    endloop
  endfacet
  facet normal 0.838729 0.54455 0
    outer loop
      vertex 35.7489 10.4659 14.5
      vertex 35.3735 11.0441 0
      vertex 35.3735 11.0441 14.5
    endloop
  endfacet
  facet normal 0.838729 0.54455 0
    outer loop
      vertex 35.3735 11.0441 0
      vertex 35.7489 10.4659 14.5
      vertex 35.7489 10.4659 0
    endloop
  endfacet
  facet normal 0.819109 0.573638 0
    outer loop
      vertex 35.3735 11.0441 14.5
      vertex 34.9781 11.6087 0
      vertex 34.9781 11.6087 14.5
    endloop
  endfacet
  facet normal 0.819109 0.573638 0
    outer loop
      vertex 34.9781 11.6087 0
      vertex 35.3735 11.0441 14.5
      vertex 35.3735 11.0441 0
    endloop
  endfacet
  facet normal 0.79864 0.601809 0
    outer loop
      vertex 34.9781 11.6087 14.5
      vertex 34.5632 12.1593 0
      vertex 34.5632 12.1593 14.5
    endloop
  endfacet
  facet normal 0.79864 0.601809 0
    outer loop
      vertex 34.5632 12.1593 0
      vertex 34.9781 11.6087 14.5
      vertex 34.9781 11.6087 0
    endloop
  endfacet
  facet normal 0.777204 0.629248 0
    outer loop
      vertex 34.5632 12.1593 14.5
      vertex 34.1294 12.6951 0
      vertex 34.1294 12.6951 14.5
    endloop
  endfacet
  facet normal 0.777204 0.629248 0
    outer loop
      vertex 34.1294 12.6951 0
      vertex 34.5632 12.1593 14.5
      vertex 34.5632 12.1593 0
    endloop
  endfacet
  facet normal 0.75464 0.656139 0
    outer loop
      vertex 34.1294 12.6951 14.5
      vertex 33.6771 13.2153 0
      vertex 33.6771 13.2153 14.5
    endloop
  endfacet
  facet normal 0.75464 0.656139 0
    outer loop
      vertex 33.6771 13.2153 0
      vertex 34.1294 12.6951 14.5
      vertex 34.1294 12.6951 0
    endloop
  endfacet
  facet normal 0.731407 0.681941 0
    outer loop
      vertex 33.6771 13.2153 14.5
      vertex 33.207 13.7195 0
      vertex 33.207 13.7195 14.5
    endloop
  endfacet
  facet normal 0.731407 0.681941 0
    outer loop
      vertex 33.207 13.7195 0
      vertex 33.6771 13.2153 14.5
      vertex 33.6771 13.2153 0
    endloop
  endfacet
  facet normal 0.707107 0.707107 0
    outer loop
      vertex 33.207 13.7195 14.5
      vertex 32.7195 14.207 0
      vertex 32.7195 14.207 14.5
    endloop
  endfacet
  facet normal 0.707107 0.707107 0
    outer loop
      vertex 32.7195 14.207 0
      vertex 33.207 13.7195 14.5
      vertex 33.207 13.7195 0
    endloop
  endfacet
  facet normal 0.681941 0.731407 -0
    outer loop
      vertex 32.7195 14.207 0
      vertex 32.2153 14.6771 14.5
      vertex 32.7195 14.207 14.5
    endloop
  endfacet
  facet normal 0.681941 0.731407 0
    outer loop
      vertex 32.2153 14.6771 14.5
      vertex 32.7195 14.207 0
      vertex 32.2153 14.6771 0
    endloop
  endfacet
  facet normal 0.656139 0.75464 -0
    outer loop
      vertex 32.2153 14.6771 0
      vertex 31.6951 15.1294 14.5
      vertex 32.2153 14.6771 14.5
    endloop
  endfacet
  facet normal 0.656139 0.75464 0
    outer loop
      vertex 31.6951 15.1294 14.5
      vertex 32.2153 14.6771 0
      vertex 31.6951 15.1294 0
    endloop
  endfacet
  facet normal 0.629248 0.777204 -0
    outer loop
      vertex 31.6951 15.1294 0
      vertex 31.1593 15.5632 14.5
      vertex 31.6951 15.1294 14.5
    endloop
  endfacet
  facet normal 0.629248 0.777204 0
    outer loop
      vertex 31.1593 15.5632 14.5
      vertex 31.6951 15.1294 0
      vertex 31.1593 15.5632 0
    endloop
  endfacet
  facet normal 0.601809 0.79864 -0
    outer loop
      vertex 31.1593 15.5632 0
      vertex 30.6087 15.9781 14.5
      vertex 31.1593 15.5632 14.5
    endloop
  endfacet
  facet normal 0.601809 0.79864 0
    outer loop
      vertex 30.6087 15.9781 14.5
      vertex 31.1593 15.5632 0
      vertex 30.6087 15.9781 0
    endloop
  endfacet
  facet normal 0.573638 0.819109 -0
    outer loop
      vertex 30.6087 15.9781 0
      vertex 30.0441 16.3735 14.5
      vertex 30.6087 15.9781 14.5
    endloop
  endfacet
  facet normal 0.573638 0.819109 0
    outer loop
      vertex 30.0441 16.3735 14.5
      vertex 30.6087 15.9781 0
      vertex 30.0441 16.3735 0
    endloop
  endfacet
  facet normal 0.54455 0.838729 -0
    outer loop
      vertex 30.0441 16.3735 0
      vertex 29.4659 16.7489 14.5
      vertex 30.0441 16.3735 14.5
    endloop
  endfacet
  facet normal 0.54455 0.838729 0
    outer loop
      vertex 29.4659 16.7489 14.5
      vertex 30.0441 16.3735 0
      vertex 29.4659 16.7489 0
    endloop
  endfacet
  facet normal 0.515093 0.857134 -0
    outer loop
      vertex 29.4659 16.7489 0
      vertex 28.875 17.104 14.5
      vertex 29.4659 16.7489 14.5
    endloop
  endfacet
  facet normal 0.515093 0.857134 0
    outer loop
      vertex 28.875 17.104 14.5
      vertex 29.4659 16.7489 0
      vertex 28.875 17.104 0
    endloop
  endfacet
  facet normal 0.484756 0.874649 -0
    outer loop
      vertex 28.875 17.104 0
      vertex 28.272 17.4382 14.5
      vertex 28.875 17.104 14.5
    endloop
  endfacet
  facet normal 0.484756 0.874649 0
    outer loop
      vertex 28.272 17.4382 14.5
      vertex 28.875 17.104 0
      vertex 28.272 17.4382 0
    endloop
  endfacet
  facet normal 0.454047 0.890977 -0
    outer loop
      vertex 28.272 17.4382 0
      vertex 27.6578 17.7512 14.5
      vertex 28.272 17.4382 14.5
    endloop
  endfacet
  facet normal 0.454047 0.890977 0
    outer loop
      vertex 27.6578 17.7512 14.5
      vertex 28.272 17.4382 0
      vertex 27.6578 17.7512 0
    endloop
  endfacet
  facet normal 0.42256 0.906335 -0
    outer loop
      vertex 27.6578 17.7512 0
      vertex 27.033 18.0425 14.5
      vertex 27.6578 17.7512 14.5
    endloop
  endfacet
  facet normal 0.42256 0.906335 0
    outer loop
      vertex 27.033 18.0425 14.5
      vertex 27.6578 17.7512 0
      vertex 27.033 18.0425 0
    endloop
  endfacet
  facet normal 0.390818 0.920468 -0
    outer loop
      vertex 27.033 18.0425 0
      vertex 26.3985 18.3119 14.5
      vertex 27.033 18.0425 14.5
    endloop
  endfacet
  facet normal 0.390818 0.920468 0
    outer loop
      vertex 26.3985 18.3119 14.5
      vertex 27.033 18.0425 0
      vertex 26.3985 18.3119 0
    endloop
  endfacet
  facet normal 0.358299 0.933607 -0
    outer loop
      vertex 26.3985 18.3119 0
      vertex 25.7549 18.5589 14.5
      vertex 26.3985 18.3119 14.5
    endloop
  endfacet
  facet normal 0.358299 0.933607 0
    outer loop
      vertex 25.7549 18.5589 14.5
      vertex 26.3985 18.3119 0
      vertex 25.7549 18.5589 0
    endloop
  endfacet
  facet normal 0.325655 0.945489 -0
    outer loop
      vertex 25.7549 18.5589 0
      vertex 25.1031 18.7834 14.5
      vertex 25.7549 18.5589 14.5
    endloop
  endfacet
  facet normal 0.325655 0.945489 0
    outer loop
      vertex 25.1031 18.7834 14.5
      vertex 25.7549 18.5589 0
      vertex 25.1031 18.7834 0
    endloop
  endfacet
  facet normal 0.292281 0.956332 -0
    outer loop
      vertex 25.1031 18.7834 0
      vertex 24.4438 18.9849 14.5
      vertex 25.1031 18.7834 14.5
    endloop
  endfacet
  facet normal 0.292281 0.956332 0
    outer loop
      vertex 24.4438 18.9849 14.5
      vertex 25.1031 18.7834 0
      vertex 24.4438 18.9849 0
    endloop
  endfacet
  facet normal 0.258818 0.965926 -0
    outer loop
      vertex 24.4438 18.9849 0
      vertex 23.778 19.1633 14.5
      vertex 24.4438 18.9849 14.5
    endloop
  endfacet
  facet normal 0.258818 0.965926 0
    outer loop
      vertex 23.778 19.1633 14.5
      vertex 24.4438 18.9849 0
      vertex 23.778 19.1633 0
    endloop
  endfacet
  facet normal 0.224955 0.974369 -0
    outer loop
      vertex 23.778 19.1633 0
      vertex 23.1062 19.3184 14.5
      vertex 23.778 19.1633 14.5
    endloop
  endfacet
  facet normal 0.224955 0.974369 0
    outer loop
      vertex 23.1062 19.3184 14.5
      vertex 23.778 19.1633 0
      vertex 23.1062 19.3184 0
    endloop
  endfacet
  facet normal 0.190924 0.981605 -0
    outer loop
      vertex 23.1062 19.3184 0
      vertex 22.4296 19.45 14.5
      vertex 23.1062 19.3184 14.5
    endloop
  endfacet
  facet normal 0.190924 0.981605 0
    outer loop
      vertex 22.4296 19.45 14.5
      vertex 23.1062 19.3184 0
      vertex 22.4296 19.45 0
    endloop
  endfacet
  facet normal 0.156372 0.987698 -0
    outer loop
      vertex 22.4296 19.45 0
      vertex 21.7487 19.5578 14.5
      vertex 22.4296 19.45 14.5
    endloop
  endfacet
  facet normal 0.156372 0.987698 0
    outer loop
      vertex 21.7487 19.5578 14.5
      vertex 22.4296 19.45 0
      vertex 21.7487 19.5578 0
    endloop
  endfacet
  facet normal 0.121839 0.99255 -0
    outer loop
      vertex 21.7487 19.5578 0
      vertex 21.0644 19.6418 14.5
      vertex 21.7487 19.5578 14.5
    endloop
  endfacet
  facet normal 0.121839 0.99255 0
    outer loop
      vertex 21.0644 19.6418 14.5
      vertex 21.7487 19.5578 0
      vertex 21.0644 19.6418 0
    endloop
  endfacet
  facet normal 0.0871867 0.996192 -0
    outer loop
      vertex 21.0644 19.6418 0
      vertex 20.3777 19.7019 14.5
      vertex 21.0644 19.6418 14.5
    endloop
  endfacet
  facet normal 0.0871867 0.996192 0
    outer loop
      vertex 20.3777 19.7019 14.5
      vertex 21.0644 19.6418 0
      vertex 20.3777 19.7019 0
    endloop
  endfacet
  facet normal 0.0523685 0.998628 -0
    outer loop
      vertex 20.3777 19.7019 0
      vertex 19.6893 19.738 14.5
      vertex 20.3777 19.7019 14.5
    endloop
  endfacet
  facet normal 0.0523685 0.998628 0
    outer loop
      vertex 19.6893 19.738 14.5
      vertex 20.3777 19.7019 0
      vertex 19.6893 19.738 0
    endloop
  endfacet
  facet normal 0.0174063 0.999848 -0
    outer loop
      vertex 19.6893 19.738 0
      vertex 19 19.75 14.5
      vertex 19.6893 19.738 14.5
    endloop
  endfacet
  facet normal 0.0174063 0.999848 0
    outer loop
      vertex 19 19.75 14.5
      vertex 19.6893 19.738 0
      vertex 19 19.75 0
    endloop
  endfacet
  facet normal 0 1 0
    outer loop
      vertex 19 19.75 14.5
      vertex 13 19.75 2.5
      vertex -19 19.75 14.5
    endloop
  endfacet
  facet normal 0 1 -0
    outer loop
      vertex 19 19.75 0
      vertex 13 19.75 2.5
      vertex 19 19.75 14.5
    endloop
  endfacet
  facet normal 0 1 0
    outer loop
      vertex 13 19.75 2.5
      vertex 19 19.75 0
      vertex 13 19.75 0
    endloop
  endfacet
  facet normal 0 1 -0
    outer loop
      vertex -13 19.75 2.5
      vertex -19 19.75 14.5
      vertex 13 19.75 2.5
    endloop
  endfacet
  facet normal 0 1 0
    outer loop
      vertex -19 19.75 0
      vertex -13 19.75 2.5
      vertex -13 19.75 0
    endloop
  endfacet
  facet normal 0 1 0
    outer loop
      vertex -13 19.75 2.5
      vertex -19 19.75 0
      vertex -19 19.75 14.5
    endloop
  endfacet
  facet normal -0.0174063 0.999848 0
    outer loop
      vertex -19 19.75 0
      vertex -19.6893 19.738 14.5
      vertex -19 19.75 14.5
    endloop
  endfacet
  facet normal -0.0174063 0.999848 0
    outer loop
      vertex -19.6893 19.738 14.5
      vertex -19 19.75 0
      vertex -19.6893 19.738 0
    endloop
  endfacet
  facet normal -0.0523685 0.998628 0
    outer loop
      vertex -19.6893 19.738 0
      vertex -20.3777 19.7019 14.5
      vertex -19.6893 19.738 14.5
    endloop
  endfacet
  facet normal -0.0523685 0.998628 0
    outer loop
      vertex -20.3777 19.7019 14.5
      vertex -19.6893 19.738 0
      vertex -20.3777 19.7019 0
    endloop
  endfacet
  facet normal -0.0871867 0.996192 0
    outer loop
      vertex -20.3777 19.7019 0
      vertex -21.0644 19.6418 14.5
      vertex -20.3777 19.7019 14.5
    endloop
  endfacet
  facet normal -0.0871867 0.996192 0
    outer loop
      vertex -21.0644 19.6418 14.5
      vertex -20.3777 19.7019 0
      vertex -21.0644 19.6418 0
    endloop
  endfacet
  facet normal -0.121839 0.99255 0
    outer loop
      vertex -21.0644 19.6418 0
      vertex -21.7487 19.5578 14.5
      vertex -21.0644 19.6418 14.5
    endloop
  endfacet
  facet normal -0.121839 0.99255 0
    outer loop
      vertex -21.7487 19.5578 14.5
      vertex -21.0644 19.6418 0
      vertex -21.7487 19.5578 0
    endloop
  endfacet
  facet normal -0.156372 0.987698 0
    outer loop
      vertex -21.7487 19.5578 0
      vertex -22.4296 19.45 14.5
      vertex -21.7487 19.5578 14.5
    endloop
  endfacet
  facet normal -0.156372 0.987698 0
    outer loop
      vertex -22.4296 19.45 14.5
      vertex -21.7487 19.5578 0
      vertex -22.4296 19.45 0
    endloop
  endfacet
  facet normal -0.190924 0.981605 0
    outer loop
      vertex -22.4296 19.45 0
      vertex -23.1062 19.3184 14.5
      vertex -22.4296 19.45 14.5
    endloop
  endfacet
  facet normal -0.190924 0.981605 0
    outer loop
      vertex -23.1062 19.3184 14.5
      vertex -22.4296 19.45 0
      vertex -23.1062 19.3184 0
    endloop
  endfacet
  facet normal -0.224955 0.974369 0
    outer loop
      vertex -23.1062 19.3184 0
      vertex -23.778 19.1633 14.5
      vertex -23.1062 19.3184 14.5
    endloop
  endfacet
  facet normal -0.224955 0.974369 0
    outer loop
      vertex -23.778 19.1633 14.5
      vertex -23.1062 19.3184 0
      vertex -23.778 19.1633 0
    endloop
  endfacet
  facet normal -0.258818 0.965926 0
    outer loop
      vertex -23.778 19.1633 0
      vertex -24.4438 18.9849 14.5
      vertex -23.778 19.1633 14.5
    endloop
  endfacet
  facet normal -0.258818 0.965926 0
    outer loop
      vertex -24.4438 18.9849 14.5
      vertex -23.778 19.1633 0
      vertex -24.4438 18.9849 0
    endloop
  endfacet
  facet normal -0.292281 0.956332 0
    outer loop
      vertex -24.4438 18.9849 0
      vertex -25.1031 18.7834 14.5
      vertex -24.4438 18.9849 14.5
    endloop
  endfacet
  facet normal -0.292281 0.956332 0
    outer loop
      vertex -25.1031 18.7834 14.5
      vertex -24.4438 18.9849 0
      vertex -25.1031 18.7834 0
    endloop
  endfacet
  facet normal -0.325655 0.945489 0
    outer loop
      vertex -25.1031 18.7834 0
      vertex -25.7549 18.5589 14.5
      vertex -25.1031 18.7834 14.5
    endloop
  endfacet
  facet normal -0.325655 0.945489 0
    outer loop
      vertex -25.7549 18.5589 14.5
      vertex -25.1031 18.7834 0
      vertex -25.7549 18.5589 0
    endloop
  endfacet
  facet normal -0.358299 0.933607 0
    outer loop
      vertex -25.7549 18.5589 0
      vertex -26.3985 18.3119 14.5
      vertex -25.7549 18.5589 14.5
    endloop
  endfacet
  facet normal -0.358299 0.933607 0
    outer loop
      vertex -26.3985 18.3119 14.5
      vertex -25.7549 18.5589 0
      vertex -26.3985 18.3119 0
    endloop
  endfacet
  facet normal -0.390818 0.920468 0
    outer loop
      vertex -26.3985 18.3119 0
      vertex -27.033 18.0425 14.5
      vertex -26.3985 18.3119 14.5
    endloop
  endfacet
  facet normal -0.390818 0.920468 0
    outer loop
      vertex -27.033 18.0425 14.5
      vertex -26.3985 18.3119 0
      vertex -27.033 18.0425 0
    endloop
  endfacet
  facet normal -0.42256 0.906335 0
    outer loop
      vertex -27.033 18.0425 0
      vertex -27.6578 17.7512 14.5
      vertex -27.033 18.0425 14.5
    endloop
  endfacet
  facet normal -0.42256 0.906335 0
    outer loop
      vertex -27.6578 17.7512 14.5
      vertex -27.033 18.0425 0
      vertex -27.6578 17.7512 0
    endloop
  endfacet
  facet normal -0.454047 0.890977 0
    outer loop
      vertex -27.6578 17.7512 0
      vertex -28.272 17.4382 14.5
      vertex -27.6578 17.7512 14.5
    endloop
  endfacet
  facet normal -0.454047 0.890977 0
    outer loop
      vertex -28.272 17.4382 14.5
      vertex -27.6578 17.7512 0
      vertex -28.272 17.4382 0
    endloop
  endfacet
  facet normal -0.484756 0.874649 0
    outer loop
      vertex -28.272 17.4382 0
      vertex -28.875 17.104 14.5
      vertex -28.272 17.4382 14.5
    endloop
  endfacet
  facet normal -0.484756 0.874649 0
    outer loop
      vertex -28.875 17.104 14.5
      vertex -28.272 17.4382 0
      vertex -28.875 17.104 0
    endloop
  endfacet
  facet normal -0.515093 0.857134 0
    outer loop
      vertex -28.875 17.104 0
      vertex -29.4659 16.7489 14.5
      vertex -28.875 17.104 14.5
    endloop
  endfacet
  facet normal -0.515093 0.857134 0
    outer loop
      vertex -29.4659 16.7489 14.5
      vertex -28.875 17.104 0
      vertex -29.4659 16.7489 0
    endloop
  endfacet
  facet normal -0.54455 0.838729 0
    outer loop
      vertex -29.4659 16.7489 0
      vertex -30.0441 16.3735 14.5
      vertex -29.4659 16.7489 14.5
    endloop
  endfacet
  facet normal -0.54455 0.838729 0
    outer loop
      vertex -30.0441 16.3735 14.5
      vertex -29.4659 16.7489 0
      vertex -30.0441 16.3735 0
    endloop
  endfacet
  facet normal -0.573638 0.819109 0
    outer loop
      vertex -30.0441 16.3735 0
      vertex -30.6087 15.9781 14.5
      vertex -30.0441 16.3735 14.5
    endloop
  endfacet
  facet normal -0.573638 0.819109 0
    outer loop
      vertex -30.6087 15.9781 14.5
      vertex -30.0441 16.3735 0
      vertex -30.6087 15.9781 0
    endloop
  endfacet
  facet normal -0.601809 0.79864 0
    outer loop
      vertex -30.6087 15.9781 0
      vertex -31.1593 15.5632 14.5
      vertex -30.6087 15.9781 14.5
    endloop
  endfacet
  facet normal -0.601809 0.79864 0
    outer loop
      vertex -31.1593 15.5632 14.5
      vertex -30.6087 15.9781 0
      vertex -31.1593 15.5632 0
    endloop
  endfacet
  facet normal -0.629248 0.777204 0
    outer loop
      vertex -31.1593 15.5632 0
      vertex -31.6951 15.1294 14.5
      vertex -31.1593 15.5632 14.5
    endloop
  endfacet
  facet normal -0.629248 0.777204 0
    outer loop
      vertex -31.6951 15.1294 14.5
      vertex -31.1593 15.5632 0
      vertex -31.6951 15.1294 0
    endloop
  endfacet
  facet normal -0.656139 0.75464 0
    outer loop
      vertex -31.6951 15.1294 0
      vertex -32.2153 14.6771 14.5
      vertex -31.6951 15.1294 14.5
    endloop
  endfacet
  facet normal -0.656139 0.75464 0
    outer loop
      vertex -32.2153 14.6771 14.5
      vertex -31.6951 15.1294 0
      vertex -32.2153 14.6771 0
    endloop
  endfacet
  facet normal -0.681941 0.731407 0
    outer loop
      vertex -32.2153 14.6771 0
      vertex -32.7195 14.207 14.5
      vertex -32.2153 14.6771 14.5
    endloop
  endfacet
  facet normal -0.681941 0.731407 0
    outer loop
      vertex -32.7195 14.207 14.5
      vertex -32.2153 14.6771 0
      vertex -32.7195 14.207 0
    endloop
  endfacet
  facet normal -0.707107 0.707107 0
    outer loop
      vertex -33.207 13.7195 0
      vertex -32.7195 14.207 14.5
      vertex -32.7195 14.207 0
    endloop
  endfacet
  facet normal -0.707107 0.707107 0
    outer loop
      vertex -32.7195 14.207 14.5
      vertex -33.207 13.7195 0
      vertex -33.207 13.7195 14.5
    endloop
  endfacet
  facet normal -0.731407 0.681941 0
    outer loop
      vertex -33.6771 13.2153 0
      vertex -33.207 13.7195 14.5
      vertex -33.207 13.7195 0
    endloop
  endfacet
  facet normal -0.731407 0.681941 0
    outer loop
      vertex -33.207 13.7195 14.5
      vertex -33.6771 13.2153 0
      vertex -33.6771 13.2153 14.5
    endloop
  endfacet
  facet normal -0.75464 0.656139 0
    outer loop
      vertex -34.1294 12.6951 0
      vertex -33.6771 13.2153 14.5
      vertex -33.6771 13.2153 0
    endloop
  endfacet
  facet normal -0.75464 0.656139 0
    outer loop
      vertex -33.6771 13.2153 14.5
      vertex -34.1294 12.6951 0
      vertex -34.1294 12.6951 14.5
    endloop
  endfacet
  facet normal -0.777204 0.629248 0
    outer loop
      vertex -34.5632 12.1593 0
      vertex -34.1294 12.6951 14.5
      vertex -34.1294 12.6951 0
    endloop
  endfacet
  facet normal -0.777204 0.629248 0
    outer loop
      vertex -34.1294 12.6951 14.5
      vertex -34.5632 12.1593 0
      vertex -34.5632 12.1593 14.5
    endloop
  endfacet
  facet normal -0.79864 0.601809 0
    outer loop
      vertex -34.9781 11.6087 0
      vertex -34.5632 12.1593 14.5
      vertex -34.5632 12.1593 0
    endloop
  endfacet
  facet normal -0.79864 0.601809 0
    outer loop
      vertex -34.5632 12.1593 14.5
      vertex -34.9781 11.6087 0
      vertex -34.9781 11.6087 14.5
    endloop
  endfacet
  facet normal -0.819109 0.573638 0
    outer loop
      vertex -35.3735 11.0441 0
      vertex -34.9781 11.6087 14.5
      vertex -34.9781 11.6087 0
    endloop
  endfacet
  facet normal -0.819109 0.573638 0
    outer loop
      vertex -34.9781 11.6087 14.5
      vertex -35.3735 11.0441 0
      vertex -35.3735 11.0441 14.5
    endloop
  endfacet
  facet normal -0.838729 0.54455 0
    outer loop
      vertex -35.7489 10.4659 0
      vertex -35.3735 11.0441 14.5
      vertex -35.3735 11.0441 0
    endloop
  endfacet
  facet normal -0.838729 0.54455 0
    outer loop
      vertex -35.3735 11.0441 14.5
      vertex -35.7489 10.4659 0
      vertex -35.7489 10.4659 14.5
    endloop
  endfacet
  facet normal -0.857134 0.515093 0
    outer loop
      vertex -36.104 9.875 0
      vertex -35.7489 10.4659 14.5
      vertex -35.7489 10.4659 0
    endloop
  endfacet
  facet normal -0.857134 0.515093 0
    outer loop
      vertex -35.7489 10.4659 14.5
      vertex -36.104 9.875 0
      vertex -36.104 9.875 14.5
    endloop
  endfacet
  facet normal -0.874632 0.484787 0
    outer loop
      vertex -36.4382 9.27205 0
      vertex -36.104 9.875 14.5
      vertex -36.104 9.875 0
    endloop
  endfacet
  facet normal -0.874632 0.484787 0
    outer loop
      vertex -36.104 9.875 14.5
      vertex -36.4382 9.27205 0
      vertex -36.4382 9.27205 14.5
    endloop
  endfacet
  facet normal -0.890986 0.45403 0
    outer loop
      vertex -36.7512 8.65782 0
      vertex -36.4382 9.27205 14.5
      vertex -36.4382 9.27205 0
    endloop
  endfacet
  facet normal -0.890986 0.45403 0
    outer loop
      vertex -36.4382 9.27205 14.5
      vertex -36.7512 8.65782 0
      vertex -36.7512 8.65782 14.5
    endloop
  endfacet
  facet normal -0.90633 0.422571 0
    outer loop
      vertex -37.0425 8.03304 0
      vertex -36.7512 8.65782 14.5
      vertex -36.7512 8.65782 0
    endloop
  endfacet
  facet normal -0.90633 0.422571 0
    outer loop
      vertex -36.7512 8.65782 14.5
      vertex -37.0425 8.03304 0
      vertex -37.0425 8.03304 14.5
    endloop
  endfacet
  facet normal -0.920483 0.390782 0
    outer loop
      vertex -37.3119 7.39847 0
      vertex -37.0425 8.03304 14.5
      vertex -37.0425 8.03304 0
    endloop
  endfacet
  facet normal -0.920483 0.390782 0
    outer loop
      vertex -37.0425 8.03304 14.5
      vertex -37.3119 7.39847 0
      vertex -37.3119 7.39847 14.5
    endloop
  endfacet
  facet normal -0.933605 0.358303 0
    outer loop
      vertex -37.5589 6.75488 0
      vertex -37.3119 7.39847 14.5
      vertex -37.3119 7.39847 0
    endloop
  endfacet
  facet normal -0.933605 0.358303 0
    outer loop
      vertex -37.3119 7.39847 14.5
      vertex -37.5589 6.75488 0
      vertex -37.5589 6.75488 14.5
    endloop
  endfacet
  facet normal -0.94549 0.325651 0
    outer loop
      vertex -37.7834 6.10307 0
      vertex -37.5589 6.75488 14.5
      vertex -37.5589 6.75488 0
    endloop
  endfacet
  facet normal -0.94549 0.325651 0
    outer loop
      vertex -37.5589 6.75488 14.5
      vertex -37.7834 6.10307 0
      vertex -37.7834 6.10307 14.5
    endloop
  endfacet
  facet normal -0.956325 0.292306 0
    outer loop
      vertex -37.9849 5.44383 0
      vertex -37.7834 6.10307 14.5
      vertex -37.7834 6.10307 0
    endloop
  endfacet
  facet normal -0.956325 0.292306 0
    outer loop
      vertex -37.7834 6.10307 14.5
      vertex -37.9849 5.44383 0
      vertex -37.9849 5.44383 14.5
    endloop
  endfacet
  facet normal -0.965934 0.258789 0
    outer loop
      vertex -38.1633 4.77795 0
      vertex -37.9849 5.44383 14.5
      vertex -37.9849 5.44383 0
    endloop
  endfacet
  facet normal -0.965934 0.258789 0
    outer loop
      vertex -37.9849 5.44383 14.5
      vertex -38.1633 4.77795 0
      vertex -38.1633 4.77795 14.5
    endloop
  endfacet
  facet normal -0.974362 0.224987 0
    outer loop
      vertex -38.3184 4.10625 0
      vertex -38.1633 4.77795 14.5
      vertex -38.1633 4.77795 0
    endloop
  endfacet
  facet normal -0.974362 0.224987 0
    outer loop
      vertex -38.1633 4.77795 14.5
      vertex -38.3184 4.10625 0
      vertex -38.3184 4.10625 14.5
    endloop
  endfacet
  facet normal -0.98161 0.190897 0
    outer loop
      vertex -38.45 3.42955 0
      vertex -38.3184 4.10625 14.5
      vertex -38.3184 4.10625 0
    endloop
  endfacet
  facet normal -0.98161 0.190897 0
    outer loop
      vertex -38.3184 4.10625 14.5
      vertex -38.45 3.42955 0
      vertex -38.45 3.42955 14.5
    endloop
  endfacet
  facet normal -0.987698 0.156374 0
    outer loop
      vertex -38.5578 2.74866 0
      vertex -38.45 3.42955 14.5
      vertex -38.45 3.42955 0
    endloop
  endfacet
  facet normal -0.987698 0.156374 0
    outer loop
      vertex -38.45 3.42955 14.5
      vertex -38.5578 2.74866 0
      vertex -38.5578 2.74866 14.5
    endloop
  endfacet
  facet normal -0.992549 0.121849 0
    outer loop
      vertex -38.6418 2.06442 0
      vertex -38.5578 2.74866 14.5
      vertex -38.5578 2.74866 0
    endloop
  endfacet
  facet normal -0.992549 0.121849 0
    outer loop
      vertex -38.5578 2.74866 14.5
      vertex -38.6418 2.06442 0
      vertex -38.6418 2.06442 14.5
    endloop
  endfacet
  facet normal -0.996192 0.087183 0
    outer loop
      vertex -38.7019 1.37769 0
      vertex -38.6418 2.06442 14.5
      vertex -38.6418 2.06442 0
    endloop
  endfacet
  facet normal -0.996192 0.087183 0
    outer loop
      vertex -38.6418 2.06442 14.5
      vertex -38.7019 1.37769 0
      vertex -38.7019 1.37769 14.5
    endloop
  endfacet
  facet normal -0.998628 0.0523658 0
    outer loop
      vertex -38.738 0.689255 0
      vertex -38.7019 1.37769 14.5
      vertex -38.7019 1.37769 0
    endloop
  endfacet
  facet normal -0.998628 0.0523658 0
    outer loop
      vertex -38.7019 1.37769 14.5
      vertex -38.738 0.689255 0
      vertex -38.738 0.689255 14.5
    endloop
  endfacet
  facet normal -0.999848 0.0174075 0
    outer loop
      vertex -38.75 0 0
      vertex -38.738 0.689255 14.5
      vertex -38.738 0.689255 0
    endloop
  endfacet
  facet normal -0.999848 0.0174075 0
    outer loop
      vertex -38.738 0.689255 14.5
      vertex -38.75 0 0
      vertex -38.75 0 14.5
    endloop
  endfacet
  facet normal -0.999848 -0.0174075 0
    outer loop
      vertex -38.738 -0.689255 0
      vertex -38.75 0 14.5
      vertex -38.75 0 0
    endloop
  endfacet
  facet normal -0.999848 -0.0174075 0
    outer loop
      vertex -38.75 0 14.5
      vertex -38.738 -0.689255 0
      vertex -38.738 -0.689255 14.5
    endloop
  endfacet
  facet normal -0.998628 -0.0523658 0
    outer loop
      vertex -38.7019 -1.37769 0
      vertex -38.738 -0.689255 14.5
      vertex -38.738 -0.689255 0
    endloop
  endfacet
  facet normal -0.998628 -0.0523658 0
    outer loop
      vertex -38.738 -0.689255 14.5
      vertex -38.7019 -1.37769 0
      vertex -38.7019 -1.37769 14.5
    endloop
  endfacet
  facet normal -0.996192 -0.087183 0
    outer loop
      vertex -38.6418 -2.06442 0
      vertex -38.7019 -1.37769 14.5
      vertex -38.7019 -1.37769 0
    endloop
  endfacet
  facet normal -0.996192 -0.087183 0
    outer loop
      vertex -38.7019 -1.37769 14.5
      vertex -38.6418 -2.06442 0
      vertex -38.6418 -2.06442 14.5
    endloop
  endfacet
  facet normal -0.992549 -0.121849 0
    outer loop
      vertex -38.5578 -2.74866 0
      vertex -38.6418 -2.06442 14.5
      vertex -38.6418 -2.06442 0
    endloop
  endfacet
  facet normal -0.992549 -0.121849 0
    outer loop
      vertex -38.6418 -2.06442 14.5
      vertex -38.5578 -2.74866 0
      vertex -38.5578 -2.74866 14.5
    endloop
  endfacet
  facet normal -0.987698 -0.156374 0
    outer loop
      vertex -38.45 -3.42955 0
      vertex -38.5578 -2.74866 14.5
      vertex -38.5578 -2.74866 0
    endloop
  endfacet
  facet normal -0.987698 -0.156374 0
    outer loop
      vertex -38.5578 -2.74866 14.5
      vertex -38.45 -3.42955 0
      vertex -38.45 -3.42955 14.5
    endloop
  endfacet
  facet normal -0.98161 -0.190897 0
    outer loop
      vertex -38.3184 -4.10625 0
      vertex -38.45 -3.42955 14.5
      vertex -38.45 -3.42955 0
    endloop
  endfacet
  facet normal -0.98161 -0.190897 0
    outer loop
      vertex -38.45 -3.42955 14.5
      vertex -38.3184 -4.10625 0
      vertex -38.3184 -4.10625 14.5
    endloop
  endfacet
  facet normal -0.974362 -0.224987 0
    outer loop
      vertex -38.1633 -4.77795 0
      vertex -38.3184 -4.10625 14.5
      vertex -38.3184 -4.10625 0
    endloop
  endfacet
  facet normal -0.974362 -0.224987 0
    outer loop
      vertex -38.3184 -4.10625 14.5
      vertex -38.1633 -4.77795 0
      vertex -38.1633 -4.77795 14.5
    endloop
  endfacet
  facet normal -0.965934 -0.258789 0
    outer loop
      vertex -37.9849 -5.44383 0
      vertex -38.1633 -4.77795 14.5
      vertex -38.1633 -4.77795 0
    endloop
  endfacet
  facet normal -0.965934 -0.258789 0
    outer loop
      vertex -38.1633 -4.77795 14.5
      vertex -37.9849 -5.44383 0
      vertex -37.9849 -5.44383 14.5
    endloop
  endfacet
  facet normal -0.956325 -0.292306 0
    outer loop
      vertex -37.7834 -6.10307 0
      vertex -37.9849 -5.44383 14.5
      vertex -37.9849 -5.44383 0
    endloop
  endfacet
  facet normal -0.956325 -0.292306 0
    outer loop
      vertex -37.9849 -5.44383 14.5
      vertex -37.7834 -6.10307 0
      vertex -37.7834 -6.10307 14.5
    endloop
  endfacet
  facet normal -0.94549 -0.325651 0
    outer loop
      vertex -37.5589 -6.75488 0
      vertex -37.7834 -6.10307 14.5
      vertex -37.7834 -6.10307 0
    endloop
  endfacet
  facet normal -0.94549 -0.325651 0
    outer loop
      vertex -37.7834 -6.10307 14.5
      vertex -37.5589 -6.75488 0
      vertex -37.5589 -6.75488 14.5
    endloop
  endfacet
  facet normal -0.933605 -0.358303 0
    outer loop
      vertex -37.3119 -7.39847 0
      vertex -37.5589 -6.75488 14.5
      vertex -37.5589 -6.75488 0
    endloop
  endfacet
  facet normal -0.933605 -0.358303 0
    outer loop
      vertex -37.5589 -6.75488 14.5
      vertex -37.3119 -7.39847 0
      vertex -37.3119 -7.39847 14.5
    endloop
  endfacet
  facet normal -0.920483 -0.390782 0
    outer loop
      vertex -37.0425 -8.03304 0
      vertex -37.3119 -7.39847 14.5
      vertex -37.3119 -7.39847 0
    endloop
  endfacet
  facet normal -0.920483 -0.390782 0
    outer loop
      vertex -37.3119 -7.39847 14.5
      vertex -37.0425 -8.03304 0
      vertex -37.0425 -8.03304 14.5
    endloop
  endfacet
  facet normal -0.90633 -0.422571 0
    outer loop
      vertex -36.7512 -8.65782 0
      vertex -37.0425 -8.03304 14.5
      vertex -37.0425 -8.03304 0
    endloop
  endfacet
  facet normal -0.90633 -0.422571 0
    outer loop
      vertex -37.0425 -8.03304 14.5
      vertex -36.7512 -8.65782 0
      vertex -36.7512 -8.65782 14.5
    endloop
  endfacet
  facet normal -0.890986 -0.45403 0
    outer loop
      vertex -36.4382 -9.27205 0
      vertex -36.7512 -8.65782 14.5
      vertex -36.7512 -8.65782 0
    endloop
  endfacet
  facet normal -0.890986 -0.45403 0
    outer loop
      vertex -36.7512 -8.65782 14.5
      vertex -36.4382 -9.27205 0
      vertex -36.4382 -9.27205 14.5
    endloop
  endfacet
  facet normal -0.874632 -0.484787 0
    outer loop
      vertex -36.104 -9.875 0
      vertex -36.4382 -9.27205 14.5
      vertex -36.4382 -9.27205 0
    endloop
  endfacet
  facet normal -0.874632 -0.484787 0
    outer loop
      vertex -36.4382 -9.27205 14.5
      vertex -36.104 -9.875 0
      vertex -36.104 -9.875 14.5
    endloop
  endfacet
  facet normal -0.857134 -0.515093 0
    outer loop
      vertex -35.7489 -10.4659 0
      vertex -36.104 -9.875 14.5
      vertex -36.104 -9.875 0
    endloop
  endfacet
  facet normal -0.857134 -0.515093 0
    outer loop
      vertex -36.104 -9.875 14.5
      vertex -35.7489 -10.4659 0
      vertex -35.7489 -10.4659 14.5
    endloop
  endfacet
  facet normal -0.838729 -0.54455 0
    outer loop
      vertex -35.3735 -11.0441 0
      vertex -35.7489 -10.4659 14.5
      vertex -35.7489 -10.4659 0
    endloop
  endfacet
  facet normal -0.838729 -0.54455 0
    outer loop
      vertex -35.7489 -10.4659 14.5
      vertex -35.3735 -11.0441 0
      vertex -35.3735 -11.0441 14.5
    endloop
  endfacet
  facet normal -0.819109 -0.573638 0
    outer loop
      vertex -34.9781 -11.6087 0
      vertex -35.3735 -11.0441 14.5
      vertex -35.3735 -11.0441 0
    endloop
  endfacet
  facet normal -0.819109 -0.573638 0
    outer loop
      vertex -35.3735 -11.0441 14.5
      vertex -34.9781 -11.6087 0
      vertex -34.9781 -11.6087 14.5
    endloop
  endfacet
  facet normal -0.79864 -0.601809 0
    outer loop
      vertex -34.5632 -12.1593 0
      vertex -34.9781 -11.6087 14.5
      vertex -34.9781 -11.6087 0
    endloop
  endfacet
  facet normal -0.79864 -0.601809 0
    outer loop
      vertex -34.9781 -11.6087 14.5
      vertex -34.5632 -12.1593 0
      vertex -34.5632 -12.1593 14.5
    endloop
  endfacet
  facet normal -0.777204 -0.629248 0
    outer loop
      vertex -34.1294 -12.6951 0
      vertex -34.5632 -12.1593 14.5
      vertex -34.5632 -12.1593 0
    endloop
  endfacet
  facet normal -0.777204 -0.629248 0
    outer loop
      vertex -34.5632 -12.1593 14.5
      vertex -34.1294 -12.6951 0
      vertex -34.1294 -12.6951 14.5
    endloop
  endfacet
  facet normal -0.75464 -0.656139 0
    outer loop
      vertex -33.6771 -13.2153 0
      vertex -34.1294 -12.6951 14.5
      vertex -34.1294 -12.6951 0
    endloop
  endfacet
  facet normal -0.75464 -0.656139 0
    outer loop
      vertex -34.1294 -12.6951 14.5
      vertex -33.6771 -13.2153 0
      vertex -33.6771 -13.2153 14.5
    endloop
  endfacet
  facet normal -0.731407 -0.681941 0
    outer loop
      vertex -33.207 -13.7195 0
      vertex -33.6771 -13.2153 14.5
      vertex -33.6771 -13.2153 0
    endloop
  endfacet
  facet normal -0.731407 -0.681941 0
    outer loop
      vertex -33.6771 -13.2153 14.5
      vertex -33.207 -13.7195 0
      vertex -33.207 -13.7195 14.5
    endloop
  endfacet
  facet normal -0.707107 -0.707107 0
    outer loop
      vertex -32.7195 -14.207 0
      vertex -33.207 -13.7195 14.5
      vertex -33.207 -13.7195 0
    endloop
  endfacet
  facet normal -0.707107 -0.707107 0
    outer loop
      vertex -33.207 -13.7195 14.5
      vertex -32.7195 -14.207 0
      vertex -32.7195 -14.207 14.5
    endloop
  endfacet
  facet normal -0.681941 -0.731407 0
    outer loop
      vertex -32.7195 -14.207 0
      vertex -32.2153 -14.6771 14.5
      vertex -32.7195 -14.207 14.5
    endloop
  endfacet
  facet normal -0.681941 -0.731407 -0
    outer loop
      vertex -32.2153 -14.6771 14.5
      vertex -32.7195 -14.207 0
      vertex -32.2153 -14.6771 0
    endloop
  endfacet
  facet normal -0.656139 -0.75464 0
    outer loop
      vertex -32.2153 -14.6771 0
      vertex -31.6951 -15.1294 14.5
      vertex -32.2153 -14.6771 14.5
    endloop
  endfacet
  facet normal -0.656139 -0.75464 -0
    outer loop
      vertex -31.6951 -15.1294 14.5
      vertex -32.2153 -14.6771 0
      vertex -31.6951 -15.1294 0
    endloop
  endfacet
  facet normal -0.629248 -0.777204 0
    outer loop
      vertex -31.6951 -15.1294 0
      vertex -31.1593 -15.5632 14.5
      vertex -31.6951 -15.1294 14.5
    endloop
  endfacet
  facet normal -0.629248 -0.777204 -0
    outer loop
      vertex -31.1593 -15.5632 14.5
      vertex -31.6951 -15.1294 0
      vertex -31.1593 -15.5632 0
    endloop
  endfacet
  facet normal -0.601809 -0.79864 0
    outer loop
      vertex -31.1593 -15.5632 0
      vertex -30.6087 -15.9781 14.5
      vertex -31.1593 -15.5632 14.5
    endloop
  endfacet
  facet normal -0.601809 -0.79864 -0
    outer loop
      vertex -30.6087 -15.9781 14.5
      vertex -31.1593 -15.5632 0
      vertex -30.6087 -15.9781 0
    endloop
  endfacet
  facet normal -0.573638 -0.819109 0
    outer loop
      vertex -30.6087 -15.9781 0
      vertex -30.0441 -16.3735 14.5
      vertex -30.6087 -15.9781 14.5
    endloop
  endfacet
  facet normal -0.573638 -0.819109 -0
    outer loop
      vertex -30.0441 -16.3735 14.5
      vertex -30.6087 -15.9781 0
      vertex -30.0441 -16.3735 0
    endloop
  endfacet
  facet normal -0.54455 -0.838729 0
    outer loop
      vertex -30.0441 -16.3735 0
      vertex -29.4659 -16.7489 14.5
      vertex -30.0441 -16.3735 14.5
    endloop
  endfacet
  facet normal -0.54455 -0.838729 -0
    outer loop
      vertex -29.4659 -16.7489 14.5
      vertex -30.0441 -16.3735 0
      vertex -29.4659 -16.7489 0
    endloop
  endfacet
  facet normal -0.515093 -0.857134 0
    outer loop
      vertex -29.4659 -16.7489 0
      vertex -28.875 -17.104 14.5
      vertex -29.4659 -16.7489 14.5
    endloop
  endfacet
  facet normal -0.515093 -0.857134 -0
    outer loop
      vertex -28.875 -17.104 14.5
      vertex -29.4659 -16.7489 0
      vertex -28.875 -17.104 0
    endloop
  endfacet
  facet normal -0.484756 -0.874649 0
    outer loop
      vertex -28.875 -17.104 0
      vertex -28.272 -17.4382 14.5
      vertex -28.875 -17.104 14.5
    endloop
  endfacet
  facet normal -0.484756 -0.874649 -0
    outer loop
      vertex -28.272 -17.4382 14.5
      vertex -28.875 -17.104 0
      vertex -28.272 -17.4382 0
    endloop
  endfacet
  facet normal -0.454047 -0.890977 0
    outer loop
      vertex -28.272 -17.4382 0
      vertex -27.6578 -17.7512 14.5
      vertex -28.272 -17.4382 14.5
    endloop
  endfacet
  facet normal -0.454047 -0.890977 -0
    outer loop
      vertex -27.6578 -17.7512 14.5
      vertex -28.272 -17.4382 0
      vertex -27.6578 -17.7512 0
    endloop
  endfacet
  facet normal -0.42256 -0.906335 0
    outer loop
      vertex -27.6578 -17.7512 0
      vertex -27.033 -18.0425 14.5
      vertex -27.6578 -17.7512 14.5
    endloop
  endfacet
  facet normal -0.42256 -0.906335 -0
    outer loop
      vertex -27.033 -18.0425 14.5
      vertex -27.6578 -17.7512 0
      vertex -27.033 -18.0425 0
    endloop
  endfacet
  facet normal -0.390818 -0.920468 0
    outer loop
      vertex -27.033 -18.0425 0
      vertex -26.3985 -18.3119 14.5
      vertex -27.033 -18.0425 14.5
    endloop
  endfacet
  facet normal -0.390818 -0.920468 -0
    outer loop
      vertex -26.3985 -18.3119 14.5
      vertex -27.033 -18.0425 0
      vertex -26.3985 -18.3119 0
    endloop
  endfacet
  facet normal -0.358299 -0.933607 0
    outer loop
      vertex -26.3985 -18.3119 0
      vertex -25.7549 -18.5589 14.5
      vertex -26.3985 -18.3119 14.5
    endloop
  endfacet
  facet normal -0.358299 -0.933607 -0
    outer loop
      vertex -25.7549 -18.5589 14.5
      vertex -26.3985 -18.3119 0
      vertex -25.7549 -18.5589 0
    endloop
  endfacet
  facet normal -0.325655 -0.945489 0
    outer loop
      vertex -25.7549 -18.5589 0
      vertex -25.1031 -18.7834 14.5
      vertex -25.7549 -18.5589 14.5
    endloop
  endfacet
  facet normal -0.325655 -0.945489 -0
    outer loop
      vertex -25.1031 -18.7834 14.5
      vertex -25.7549 -18.5589 0
      vertex -25.1031 -18.7834 0
    endloop
  endfacet
  facet normal -0.292281 -0.956332 0
    outer loop
      vertex -25.1031 -18.7834 0
      vertex -24.4438 -18.9849 14.5
      vertex -25.1031 -18.7834 14.5
    endloop
  endfacet
  facet normal -0.292281 -0.956332 -0
    outer loop
      vertex -24.4438 -18.9849 14.5
      vertex -25.1031 -18.7834 0
      vertex -24.4438 -18.9849 0
    endloop
  endfacet
  facet normal -0.258818 -0.965926 0
    outer loop
      vertex -24.4438 -18.9849 0
      vertex -23.778 -19.1633 14.5
      vertex -24.4438 -18.9849 14.5
    endloop
  endfacet
  facet normal -0.258818 -0.965926 -0
    outer loop
      vertex -23.778 -19.1633 14.5
      vertex -24.4438 -18.9849 0
      vertex -23.778 -19.1633 0
    endloop
  endfacet
  facet normal -0.224955 -0.974369 0
    outer loop
      vertex -23.778 -19.1633 0
      vertex -23.1062 -19.3184 14.5
      vertex -23.778 -19.1633 14.5
    endloop
  endfacet
  facet normal -0.224955 -0.974369 -0
    outer loop
      vertex -23.1062 -19.3184 14.5
      vertex -23.778 -19.1633 0
      vertex -23.1062 -19.3184 0
    endloop
  endfacet
  facet normal -0.190924 -0.981605 0
    outer loop
      vertex -23.1062 -19.3184 0
      vertex -22.4296 -19.45 14.5
      vertex -23.1062 -19.3184 14.5
    endloop
  endfacet
  facet normal -0.190924 -0.981605 -0
    outer loop
      vertex -22.4296 -19.45 14.5
      vertex -23.1062 -19.3184 0
      vertex -22.4296 -19.45 0
    endloop
  endfacet
  facet normal -0.156372 -0.987698 0
    outer loop
      vertex -22.4296 -19.45 0
      vertex -21.7487 -19.5578 14.5
      vertex -22.4296 -19.45 14.5
    endloop
  endfacet
  facet normal -0.156372 -0.987698 -0
    outer loop
      vertex -21.7487 -19.5578 14.5
      vertex -22.4296 -19.45 0
      vertex -21.7487 -19.5578 0
    endloop
  endfacet
  facet normal -0.121839 -0.99255 0
    outer loop
      vertex -21.7487 -19.5578 0
      vertex -21.0644 -19.6418 14.5
      vertex -21.7487 -19.5578 14.5
    endloop
  endfacet
  facet normal -0.121839 -0.99255 -0
    outer loop
      vertex -21.0644 -19.6418 14.5
      vertex -21.7487 -19.5578 0
      vertex -21.0644 -19.6418 0
    endloop
  endfacet
  facet normal -0.0871867 -0.996192 0
    outer loop
      vertex -21.0644 -19.6418 0
      vertex -20.3777 -19.7019 14.5
      vertex -21.0644 -19.6418 14.5
    endloop
  endfacet
  facet normal -0.0871867 -0.996192 -0
    outer loop
      vertex -20.3777 -19.7019 14.5
      vertex -21.0644 -19.6418 0
      vertex -20.3777 -19.7019 0
    endloop
  endfacet
  facet normal -0.0523685 -0.998628 0
    outer loop
      vertex -20.3777 -19.7019 0
      vertex -19.6893 -19.738 14.5
      vertex -20.3777 -19.7019 14.5
    endloop
  endfacet
  facet normal -0.0523685 -0.998628 -0
    outer loop
      vertex -19.6893 -19.738 14.5
      vertex -20.3777 -19.7019 0
      vertex -19.6893 -19.738 0
    endloop
  endfacet
  facet normal -0.0174063 -0.999848 0
    outer loop
      vertex -19.6893 -19.738 0
      vertex -19 -19.75 14.5
      vertex -19.6893 -19.738 14.5
    endloop
  endfacet
  facet normal -0.0174063 -0.999848 -0
    outer loop
      vertex -19 -19.75 14.5
      vertex -19.6893 -19.738 0
      vertex -19 -19.75 0
    endloop
  endfacet
  facet normal 0 -1 0
    outer loop
      vertex -19 -19.75 14.5
      vertex -13 -19.75 2.5
      vertex 19 -19.75 14.5
    endloop
  endfacet
  facet normal 0 -1 0
    outer loop
      vertex -19 -19.75 0
      vertex -13 -19.75 2.5
      vertex -19 -19.75 14.5
    endloop
  endfacet
  facet normal 0 -1 -0
    outer loop
      vertex -13 -19.75 2.5
      vertex -19 -19.75 0
      vertex -13 -19.75 0
    endloop
  endfacet
  facet normal 0 -1 0
    outer loop
      vertex 13 -19.75 2.5
      vertex 19 -19.75 14.5
      vertex -13 -19.75 2.5
    endloop
  endfacet
  facet normal 0 -1 0
    outer loop
      vertex 19 -19.75 0
      vertex 13 -19.75 2.5
      vertex 13 -19.75 0
    endloop
  endfacet
  facet normal 0 -1 0
    outer loop
      vertex 13 -19.75 2.5
      vertex 19 -19.75 0
      vertex 19 -19.75 14.5
    endloop
  endfacet
  facet normal 0.0174063 -0.999848 0
    outer loop
      vertex 19 -19.75 0
      vertex 19.6893 -19.738 14.5
      vertex 19 -19.75 14.5
    endloop
  endfacet
  facet normal 0.0174063 -0.999848 0
    outer loop
      vertex 19.6893 -19.738 14.5
      vertex 19 -19.75 0
      vertex 19.6893 -19.738 0
    endloop
  endfacet
  facet normal 0.0174452 0.999848 -0
    outer loop
      vertex -19 -16.75 2.5
      vertex -19.5846 -16.7398 14.5
      vertex -19 -16.75 14.5
    endloop
  endfacet
  facet normal 0.0174452 0.999848 0
    outer loop
      vertex -19.5846 -16.7398 14.5
      vertex -19 -16.75 2.5
      vertex -19.5846 -16.7398 2.5
    endloop
  endfacet
  facet normal 0.0523434 0.998629 -0
    outer loop
      vertex -19.5846 -16.7398 2.5
      vertex -20.1684 -16.7092 14.5
      vertex -19.5846 -16.7398 14.5
    endloop
  endfacet
  facet normal 0.0523434 0.998629 0
    outer loop
      vertex -20.1684 -16.7092 14.5
      vertex -19.5846 -16.7398 2.5
      vertex -20.1684 -16.7092 2.5
    endloop
  endfacet
  facet normal 0.0872348 0.996188 -0
    outer loop
      vertex -20.1684 -16.7092 2.5
      vertex -20.7508 -16.6582 14.5
      vertex -20.1684 -16.7092 14.5
    endloop
  endfacet
  facet normal 0.0872348 0.996188 0
    outer loop
      vertex -20.7508 -16.6582 14.5
      vertex -20.1684 -16.7092 2.5
      vertex -20.7508 -16.6582 2.5
    endloop
  endfacet
  facet normal 0.121782 0.992557 -0
    outer loop
      vertex -20.7508 -16.6582 2.5
      vertex -21.3311 -16.587 14.5
      vertex -20.7508 -16.6582 14.5
    endloop
  endfacet
  facet normal 0.121782 0.992557 0
    outer loop
      vertex -21.3311 -16.587 14.5
      vertex -20.7508 -16.6582 2.5
      vertex -21.3311 -16.587 2.5
    endloop
  endfacet
  facet normal 0.156489 0.98768 -0
    outer loop
      vertex -21.3311 -16.587 2.5
      vertex -21.9086 -16.4955 14.5
      vertex -21.3311 -16.587 14.5
    endloop
  endfacet
  facet normal 0.156489 0.98768 0
    outer loop
      vertex -21.9086 -16.4955 14.5
      vertex -21.3311 -16.587 2.5
      vertex -21.9086 -16.4955 2.5
    endloop
  endfacet
  facet normal 0.190719 0.981645 -0
    outer loop
      vertex -21.9086 -16.4955 2.5
      vertex -22.4825 -16.384 14.5
      vertex -21.9086 -16.4955 14.5
    endloop
  endfacet
  facet normal 0.190719 0.981645 0
    outer loop
      vertex -22.4825 -16.384 14.5
      vertex -21.9086 -16.4955 2.5
      vertex -22.4825 -16.384 2.5
    endloop
  endfacet
  facet normal 0.225072 0.974342 -0
    outer loop
      vertex -22.4825 -16.384 2.5
      vertex -23.0522 -16.2524 14.5
      vertex -22.4825 -16.384 14.5
    endloop
  endfacet
  facet normal 0.225072 0.974342 0
    outer loop
      vertex -23.0522 -16.2524 14.5
      vertex -22.4825 -16.384 2.5
      vertex -23.0522 -16.2524 2.5
    endloop
  endfacet
  facet normal 0.258802 0.96593 -0
    outer loop
      vertex -23.0522 -16.2524 2.5
      vertex -23.6169 -16.1011 14.5
      vertex -23.0522 -16.2524 14.5
    endloop
  endfacet
  facet normal 0.258802 0.96593 0
    outer loop
      vertex -23.6169 -16.1011 14.5
      vertex -23.0522 -16.2524 2.5
      vertex -23.6169 -16.1011 2.5
    endloop
  endfacet
  facet normal 0.292318 0.956321 -0
    outer loop
      vertex -23.6169 -16.1011 2.5
      vertex -24.176 -15.9302 14.5
      vertex -23.6169 -16.1011 14.5
    endloop
  endfacet
  facet normal 0.292318 0.956321 0
    outer loop
      vertex -24.176 -15.9302 14.5
      vertex -23.6169 -16.1011 2.5
      vertex -24.176 -15.9302 2.5
    endloop
  endfacet
  facet normal 0.325653 0.945489 -0
    outer loop
      vertex -24.176 -15.9302 2.5
      vertex -24.7288 -15.7398 14.5
      vertex -24.176 -15.9302 14.5
    endloop
  endfacet
  facet normal 0.325653 0.945489 0
    outer loop
      vertex -24.7288 -15.7398 14.5
      vertex -24.176 -15.9302 2.5
      vertex -24.7288 -15.7398 2.5
    endloop
  endfacet
  facet normal 0.358291 0.93361 -0
    outer loop
      vertex -24.7288 -15.7398 2.5
      vertex -25.2747 -15.5303 14.5
      vertex -24.7288 -15.7398 14.5
    endloop
  endfacet
  facet normal 0.358291 0.93361 0
    outer loop
      vertex -25.2747 -15.5303 14.5
      vertex -24.7288 -15.7398 2.5
      vertex -25.2747 -15.5303 2.5
    endloop
  endfacet
  facet normal 0.390717 0.920511 -0
    outer loop
      vertex -25.2747 -15.5303 2.5
      vertex -25.8128 -15.3019 14.5
      vertex -25.2747 -15.5303 14.5
    endloop
  endfacet
  facet normal 0.390717 0.920511 0
    outer loop
      vertex -25.8128 -15.3019 14.5
      vertex -25.2747 -15.5303 2.5
      vertex -25.8128 -15.3019 2.5
    endloop
  endfacet
  facet normal 0.422623 0.906305 -0
    outer loop
      vertex -25.8128 -15.3019 2.5
      vertex -26.3427 -15.0548 14.5
      vertex -25.8128 -15.3019 14.5
    endloop
  endfacet
  facet normal 0.422623 0.906305 0
    outer loop
      vertex -26.3427 -15.0548 14.5
      vertex -25.8128 -15.3019 2.5
      vertex -26.3427 -15.0548 2.5
    endloop
  endfacet
  facet normal 0.453974 0.891015 -0
    outer loop
      vertex -26.3427 -15.0548 2.5
      vertex -26.8636 -14.7894 14.5
      vertex -26.3427 -15.0548 14.5
    endloop
  endfacet
  facet normal 0.453974 0.891015 0
    outer loop
      vertex -26.8636 -14.7894 14.5
      vertex -26.3427 -15.0548 2.5
      vertex -26.8636 -14.7894 2.5
    endloop
  endfacet
  facet normal 0.484844 0.874601 -0
    outer loop
      vertex -26.8636 -14.7894 2.5
      vertex -27.375 -14.5059 14.5
      vertex -26.8636 -14.7894 14.5
    endloop
  endfacet
  facet normal 0.484844 0.874601 0
    outer loop
      vertex -27.375 -14.5059 14.5
      vertex -26.8636 -14.7894 2.5
      vertex -27.375 -14.5059 2.5
    endloop
  endfacet
  facet normal 0.515049 0.857161 -0
    outer loop
      vertex -27.375 -14.5059 2.5
      vertex -27.8761 -14.2048 14.5
      vertex -27.375 -14.5059 14.5
    endloop
  endfacet
  facet normal 0.515049 0.857161 0
    outer loop
      vertex -27.8761 -14.2048 14.5
      vertex -27.375 -14.5059 2.5
      vertex -27.8761 -14.2048 2.5
    endloop
  endfacet
  facet normal 0.544555 0.838725 -0
    outer loop
      vertex -27.8761 -14.2048 2.5
      vertex -28.3665 -13.8864 14.5
      vertex -27.8761 -14.2048 14.5
    endloop
  endfacet
  facet normal 0.544555 0.838725 0
    outer loop
      vertex -28.3665 -13.8864 14.5
      vertex -27.8761 -14.2048 2.5
      vertex -28.3665 -13.8864 2.5
    endloop
  endfacet
  facet normal 0.573657 0.819095 -0
    outer loop
      vertex -28.3665 -13.8864 2.5
      vertex -28.8454 -13.551 14.5
      vertex -28.3665 -13.8864 14.5
    endloop
  endfacet
  facet normal 0.573657 0.819095 0
    outer loop
      vertex -28.8454 -13.551 14.5
      vertex -28.3665 -13.8864 2.5
      vertex -28.8454 -13.551 2.5
    endloop
  endfacet
  facet normal 0.601778 0.798664 -0
    outer loop
      vertex -28.8454 -13.551 2.5
      vertex -29.3123 -13.1992 14.5
      vertex -28.8454 -13.551 14.5
    endloop
  endfacet
  facet normal 0.601778 0.798664 0
    outer loop
      vertex -29.3123 -13.1992 14.5
      vertex -28.8454 -13.551 2.5
      vertex -29.3123 -13.1992 2.5
    endloop
  endfacet
  facet normal 0.629356 0.777117 -0
    outer loop
      vertex -29.3123 -13.1992 2.5
      vertex -29.7667 -12.8312 14.5
      vertex -29.3123 -13.1992 14.5
    endloop
  endfacet
  facet normal 0.629356 0.777117 0
    outer loop
      vertex -29.7667 -12.8312 14.5
      vertex -29.3123 -13.1992 2.5
      vertex -29.7667 -12.8312 2.5
    endloop
  endfacet
  facet normal 0.65603 0.754734 -0
    outer loop
      vertex -29.7667 -12.8312 2.5
      vertex -30.2079 -12.4477 14.5
      vertex -29.7667 -12.8312 14.5
    endloop
  endfacet
  facet normal 0.65603 0.754734 0
    outer loop
      vertex -30.2079 -12.4477 14.5
      vertex -29.7667 -12.8312 2.5
      vertex -30.2079 -12.4477 2.5
    endloop
  endfacet
  facet normal 0.68205 0.731305 -0
    outer loop
      vertex -30.2079 -12.4477 2.5
      vertex -30.6355 -12.0489 14.5
      vertex -30.2079 -12.4477 14.5
    endloop
  endfacet
  facet normal 0.68205 0.731305 0
    outer loop
      vertex -30.6355 -12.0489 14.5
      vertex -30.2079 -12.4477 2.5
      vertex -30.6355 -12.0489 2.5
    endloop
  endfacet
  facet normal 0.707107 0.707107 0
    outer loop
      vertex -30.6355 -12.0489 14.5
      vertex -31.0489 -11.6355 2.5
      vertex -31.0489 -11.6355 14.5
    endloop
  endfacet
  facet normal 0.707107 0.707107 0
    outer loop
      vertex -31.0489 -11.6355 2.5
      vertex -30.6355 -12.0489 14.5
      vertex -30.6355 -12.0489 2.5
    endloop
  endfacet
  facet normal 0.731305 0.68205 0
    outer loop
      vertex -31.0489 -11.6355 14.5
      vertex -31.4477 -11.2079 2.5
      vertex -31.4477 -11.2079 14.5
    endloop
  endfacet
  facet normal 0.731305 0.68205 0
    outer loop
      vertex -31.4477 -11.2079 2.5
      vertex -31.0489 -11.6355 14.5
      vertex -31.0489 -11.6355 2.5
    endloop
  endfacet
  facet normal 0.754734 0.65603 0
    outer loop
      vertex -31.4477 -11.2079 14.5
      vertex -31.8312 -10.7667 2.5
      vertex -31.8312 -10.7667 14.5
    endloop
  endfacet
  facet normal 0.754734 0.65603 0
    outer loop
      vertex -31.8312 -10.7667 2.5
      vertex -31.4477 -11.2079 14.5
      vertex -31.4477 -11.2079 2.5
    endloop
  endfacet
  facet normal 0.777117 0.629356 0
    outer loop
      vertex -31.8312 -10.7667 14.5
      vertex -32.1992 -10.3123 2.5
      vertex -32.1992 -10.3123 14.5
    endloop
  endfacet
  facet normal 0.777117 0.629356 0
    outer loop
      vertex -32.1992 -10.3123 2.5
      vertex -31.8312 -10.7667 14.5
      vertex -31.8312 -10.7667 2.5
    endloop
  endfacet
  facet normal 0.798664 0.601778 0
    outer loop
      vertex -32.1992 -10.3123 14.5
      vertex -32.551 -9.8454 2.5
      vertex -32.551 -9.8454 14.5
    endloop
  endfacet
  facet normal 0.798664 0.601778 0
    outer loop
      vertex -32.551 -9.8454 2.5
      vertex -32.1992 -10.3123 14.5
      vertex -32.1992 -10.3123 2.5
    endloop
  endfacet
  facet normal 0.819112 0.573633 0
    outer loop
      vertex -32.551 -9.8454 14.5
      vertex -32.8864 -9.36647 2.5
      vertex -32.8864 -9.36647 14.5
    endloop
  endfacet
  facet normal 0.819112 0.573633 0
    outer loop
      vertex -32.8864 -9.36647 2.5
      vertex -32.551 -9.8454 14.5
      vertex -32.551 -9.8454 2.5
    endloop
  endfacet
  facet normal 0.838689 0.54461 0
    outer loop
      vertex -32.8864 -9.36647 14.5
      vertex -33.2048 -8.87614 2.5
      vertex -33.2048 -8.87614 14.5
    endloop
  endfacet
  facet normal 0.838689 0.54461 0
    outer loop
      vertex -33.2048 -8.87614 2.5
      vertex -32.8864 -9.36647 14.5
      vertex -32.8864 -9.36647 2.5
    endloop
  endfacet
  facet normal 0.857179 0.515019 0
    outer loop
      vertex -33.2048 -8.87614 14.5
      vertex -33.5059 -8.375 2.5
      vertex -33.5059 -8.375 14.5
    endloop
  endfacet
  facet normal 0.857179 0.515019 0
    outer loop
      vertex -33.5059 -8.375 2.5
      vertex -33.2048 -8.87614 14.5
      vertex -33.2048 -8.87614 2.5
    endloop
  endfacet
  facet normal 0.87458 0.48488 0
    outer loop
      vertex -33.5059 -8.375 14.5
      vertex -33.7894 -7.86365 2.5
      vertex -33.7894 -7.86365 14.5
    endloop
  endfacet
  facet normal 0.87458 0.48488 0
    outer loop
      vertex -33.7894 -7.86365 2.5
      vertex -33.5059 -8.375 14.5
      vertex -33.5059 -8.375 2.5
    endloop
  endfacet
  facet normal 0.891029 0.453947 0
    outer loop
      vertex -33.7894 -7.86365 14.5
      vertex -34.0548 -7.34271 2.5
      vertex -34.0548 -7.34271 14.5
    endloop
  endfacet
  facet normal 0.891029 0.453947 0
    outer loop
      vertex -34.0548 -7.34271 2.5
      vertex -33.7894 -7.86365 14.5
      vertex -33.7894 -7.86365 2.5
    endloop
  endfacet
  facet normal 0.906296 0.422643 0
    outer loop
      vertex -34.0548 -7.34271 14.5
      vertex -34.3019 -6.81284 2.5
      vertex -34.3019 -6.81284 14.5
    endloop
  endfacet
  facet normal 0.906296 0.422643 0
    outer loop
      vertex -34.3019 -6.81284 2.5
      vertex -34.0548 -7.34271 14.5
      vertex -34.0548 -7.34271 2.5
    endloop
  endfacet
  facet normal 0.920532 0.390668 0
    outer loop
      vertex -34.3019 -6.81284 14.5
      vertex -34.5303 -6.27466 2.5
      vertex -34.5303 -6.27466 14.5
    endloop
  endfacet
  facet normal 0.920532 0.390668 0
    outer loop
      vertex -34.5303 -6.27466 2.5
      vertex -34.3019 -6.81284 14.5
      vertex -34.3019 -6.81284 2.5
    endloop
  endfacet
  facet normal 0.933592 0.358337 0
    outer loop
      vertex -34.5303 -6.27466 14.5
      vertex -34.7398 -5.72884 2.5
      vertex -34.7398 -5.72884 14.5
    endloop
  endfacet
  facet normal 0.933592 0.358337 0
    outer loop
      vertex -34.7398 -5.72884 2.5
      vertex -34.5303 -6.27466 14.5
      vertex -34.5303 -6.27466 2.5
    endloop
  endfacet
  facet normal 0.945491 0.325648 0
    outer loop
      vertex -34.7398 -5.72884 14.5
      vertex -34.9302 -5.17603 2.5
      vertex -34.9302 -5.17603 14.5
    endloop
  endfacet
  facet normal 0.945491 0.325648 0
    outer loop
      vertex -34.9302 -5.17603 2.5
      vertex -34.7398 -5.72884 14.5
      vertex -34.7398 -5.72884 2.5
    endloop
  endfacet
  facet normal 0.956324 0.292309 0
    outer loop
      vertex -34.9302 -5.17603 14.5
      vertex -35.1011 -4.61691 2.5
      vertex -35.1011 -4.61691 14.5
    endloop
  endfacet
  facet normal 0.956324 0.292309 0
    outer loop
      vertex -35.1011 -4.61691 2.5
      vertex -34.9302 -5.17603 14.5
      vertex -34.9302 -5.17603 2.5
    endloop
  endfacet
  facet normal 0.965933 0.258793 0
    outer loop
      vertex -35.1011 -4.61691 14.5
      vertex -35.2524 -4.05219 2.5
      vertex -35.2524 -4.05219 14.5
    endloop
  endfacet
  facet normal 0.965933 0.258793 0
    outer loop
      vertex -35.2524 -4.05219 2.5
      vertex -35.1011 -4.61691 14.5
      vertex -35.1011 -4.61691 2.5
    endloop
  endfacet
  facet normal 0.97434 0.225079 0
    outer loop
      vertex -35.2524 -4.05219 14.5
      vertex -35.384 -3.48251 2.5
      vertex -35.384 -3.48251 14.5
    endloop
  endfacet
  facet normal 0.97434 0.225079 0
    outer loop
      vertex -35.384 -3.48251 2.5
      vertex -35.2524 -4.05219 14.5
      vertex -35.2524 -4.05219 2.5
    endloop
  endfacet
  facet normal 0.981645 0.190715 0
    outer loop
      vertex -35.384 -3.48251 14.5
      vertex -35.4955 -2.9086 2.5
      vertex -35.4955 -2.9086 14.5
    endloop
  endfacet
  facet normal 0.981645 0.190715 0
    outer loop
      vertex -35.4955 -2.9086 2.5
      vertex -35.384 -3.48251 14.5
      vertex -35.384 -3.48251 2.5
    endloop
  endfacet
  facet normal 0.987678 0.156503 0
    outer loop
      vertex -35.4955 -2.9086 14.5
      vertex -35.587 -2.33115 2.5
      vertex -35.587 -2.33115 14.5
    endloop
  endfacet
  facet normal 0.987678 0.156503 0
    outer loop
      vertex -35.587 -2.33115 2.5
      vertex -35.4955 -2.9086 14.5
      vertex -35.4955 -2.9086 2.5
    endloop
  endfacet
  facet normal 0.992557 0.12178 0
    outer loop
      vertex -35.587 -2.33115 14.5
      vertex -35.6582 -1.75084 2.5
      vertex -35.6582 -1.75084 14.5
    endloop
  endfacet
  facet normal 0.992557 0.12178 0
    outer loop
      vertex -35.6582 -1.75084 2.5
      vertex -35.587 -2.33115 14.5
      vertex -35.587 -2.33115 2.5
    endloop
  endfacet
  facet normal 0.996188 0.0872304 0
    outer loop
      vertex -35.6582 -1.75084 14.5
      vertex -35.7092 -1.16841 2.5
      vertex -35.7092 -1.16841 14.5
    endloop
  endfacet
  facet normal 0.996188 0.0872304 0
    outer loop
      vertex -35.7092 -1.16841 2.5
      vertex -35.6582 -1.75084 14.5
      vertex -35.6582 -1.75084 2.5
    endloop
  endfacet
  facet normal 0.998629 0.0523392 0
    outer loop
      vertex -35.7092 -1.16841 14.5
      vertex -35.7398 -0.584564 2.5
      vertex -35.7398 -0.584564 14.5
    endloop
  endfacet
  facet normal 0.998629 0.0523392 0
    outer loop
      vertex -35.7398 -0.584564 2.5
      vertex -35.7092 -1.16841 14.5
      vertex -35.7092 -1.16841 2.5
    endloop
  endfacet
  facet normal 0.999848 0.0174462 0
    outer loop
      vertex -35.7398 -0.584564 14.5
      vertex -35.75 0 2.5
      vertex -35.75 0 14.5
    endloop
  endfacet
  facet normal 0.999848 0.0174462 0
    outer loop
      vertex -35.75 0 2.5
      vertex -35.7398 -0.584564 14.5
      vertex -35.7398 -0.584564 2.5
    endloop
  endfacet
  facet normal 0.999848 -0.0174462 0
    outer loop
      vertex -35.75 0 14.5
      vertex -35.7398 0.584564 2.5
      vertex -35.7398 0.584564 14.5
    endloop
  endfacet
  facet normal 0.999848 -0.0174462 0
    outer loop
      vertex -35.7398 0.584564 2.5
      vertex -35.75 0 14.5
      vertex -35.75 0 2.5
    endloop
  endfacet
  facet normal 0.998629 -0.0523392 0
    outer loop
      vertex -35.7398 0.584564 14.5
      vertex -35.7092 1.16841 2.5
      vertex -35.7092 1.16841 14.5
    endloop
  endfacet
  facet normal 0.998629 -0.0523392 0
    outer loop
      vertex -35.7092 1.16841 2.5
      vertex -35.7398 0.584564 14.5
      vertex -35.7398 0.584564 2.5
    endloop
  endfacet
  facet normal 0.996188 -0.0872304 0
    outer loop
      vertex -35.7092 1.16841 14.5
      vertex -35.6582 1.75084 2.5
      vertex -35.6582 1.75084 14.5
    endloop
  endfacet
  facet normal 0.996188 -0.0872304 0
    outer loop
      vertex -35.6582 1.75084 2.5
      vertex -35.7092 1.16841 14.5
      vertex -35.7092 1.16841 2.5
    endloop
  endfacet
  facet normal 0.992557 -0.12178 0
    outer loop
      vertex -35.6582 1.75084 14.5
      vertex -35.587 2.33115 2.5
      vertex -35.587 2.33115 14.5
    endloop
  endfacet
  facet normal 0.992557 -0.12178 0
    outer loop
      vertex -35.587 2.33115 2.5
      vertex -35.6582 1.75084 14.5
      vertex -35.6582 1.75084 2.5
    endloop
  endfacet
  facet normal 0.987678 -0.156503 0
    outer loop
      vertex -35.587 2.33115 14.5
      vertex -35.4955 2.9086 2.5
      vertex -35.4955 2.9086 14.5
    endloop
  endfacet
  facet normal 0.987678 -0.156503 0
    outer loop
      vertex -35.4955 2.9086 2.5
      vertex -35.587 2.33115 14.5
      vertex -35.587 2.33115 2.5
    endloop
  endfacet
  facet normal 0.981645 -0.190715 0
    outer loop
      vertex -35.4955 2.9086 14.5
      vertex -35.384 3.48251 2.5
      vertex -35.384 3.48251 14.5
    endloop
  endfacet
  facet normal 0.981645 -0.190715 0
    outer loop
      vertex -35.384 3.48251 2.5
      vertex -35.4955 2.9086 14.5
      vertex -35.4955 2.9086 2.5
    endloop
  endfacet
  facet normal 0.97434 -0.225079 0
    outer loop
      vertex -35.384 3.48251 14.5
      vertex -35.2524 4.05219 2.5
      vertex -35.2524 4.05219 14.5
    endloop
  endfacet
  facet normal 0.97434 -0.225079 0
    outer loop
      vertex -35.2524 4.05219 2.5
      vertex -35.384 3.48251 14.5
      vertex -35.384 3.48251 2.5
    endloop
  endfacet
  facet normal 0.965933 -0.258793 0
    outer loop
      vertex -35.2524 4.05219 14.5
      vertex -35.1011 4.61691 2.5
      vertex -35.1011 4.61691 14.5
    endloop
  endfacet
  facet normal 0.965933 -0.258793 0
    outer loop
      vertex -35.1011 4.61691 2.5
      vertex -35.2524 4.05219 14.5
      vertex -35.2524 4.05219 2.5
    endloop
  endfacet
  facet normal 0.956324 -0.292309 0
    outer loop
      vertex -35.1011 4.61691 14.5
      vertex -34.9302 5.17603 2.5
      vertex -34.9302 5.17603 14.5
    endloop
  endfacet
  facet normal 0.956324 -0.292309 0
    outer loop
      vertex -34.9302 5.17603 2.5
      vertex -35.1011 4.61691 14.5
      vertex -35.1011 4.61691 2.5
    endloop
  endfacet
  facet normal 0.945491 -0.325648 0
    outer loop
      vertex -34.9302 5.17603 14.5
      vertex -34.7398 5.72884 2.5
      vertex -34.7398 5.72884 14.5
    endloop
  endfacet
  facet normal 0.945491 -0.325648 0
    outer loop
      vertex -34.7398 5.72884 2.5
      vertex -34.9302 5.17603 14.5
      vertex -34.9302 5.17603 2.5
    endloop
  endfacet
  facet normal 0.933592 -0.358337 0
    outer loop
      vertex -34.7398 5.72884 14.5
      vertex -34.5303 6.27466 2.5
      vertex -34.5303 6.27466 14.5
    endloop
  endfacet
  facet normal 0.933592 -0.358337 0
    outer loop
      vertex -34.5303 6.27466 2.5
      vertex -34.7398 5.72884 14.5
      vertex -34.7398 5.72884 2.5
    endloop
  endfacet
  facet normal 0.920532 -0.390668 0
    outer loop
      vertex -34.5303 6.27466 14.5
      vertex -34.3019 6.81284 2.5
      vertex -34.3019 6.81284 14.5
    endloop
  endfacet
  facet normal 0.920532 -0.390668 0
    outer loop
      vertex -34.3019 6.81284 2.5
      vertex -34.5303 6.27466 14.5
      vertex -34.5303 6.27466 2.5
    endloop
  endfacet
  facet normal 0.906296 -0.422643 0
    outer loop
      vertex -34.3019 6.81284 14.5
      vertex -34.0548 7.34271 2.5
      vertex -34.0548 7.34271 14.5
    endloop
  endfacet
  facet normal 0.906296 -0.422643 0
    outer loop
      vertex -34.0548 7.34271 2.5
      vertex -34.3019 6.81284 14.5
      vertex -34.3019 6.81284 2.5
    endloop
  endfacet
  facet normal 0.891029 -0.453947 0
    outer loop
      vertex -34.0548 7.34271 14.5
      vertex -33.7894 7.86365 2.5
      vertex -33.7894 7.86365 14.5
    endloop
  endfacet
  facet normal 0.891029 -0.453947 0
    outer loop
      vertex -33.7894 7.86365 2.5
      vertex -34.0548 7.34271 14.5
      vertex -34.0548 7.34271 2.5
    endloop
  endfacet
  facet normal 0.87458 -0.48488 0
    outer loop
      vertex -33.7894 7.86365 14.5
      vertex -33.5059 8.375 2.5
      vertex -33.5059 8.375 14.5
    endloop
  endfacet
  facet normal 0.87458 -0.48488 0
    outer loop
      vertex -33.5059 8.375 2.5
      vertex -33.7894 7.86365 14.5
      vertex -33.7894 7.86365 2.5
    endloop
  endfacet
  facet normal 0.857179 -0.515019 0
    outer loop
      vertex -33.5059 8.375 14.5
      vertex -33.2048 8.87614 2.5
      vertex -33.2048 8.87614 14.5
    endloop
  endfacet
  facet normal 0.857179 -0.515019 0
    outer loop
      vertex -33.2048 8.87614 2.5
      vertex -33.5059 8.375 14.5
      vertex -33.5059 8.375 2.5
    endloop
  endfacet
  facet normal 0.838689 -0.54461 0
    outer loop
      vertex -33.2048 8.87614 14.5
      vertex -32.8864 9.36647 2.5
      vertex -32.8864 9.36647 14.5
    endloop
  endfacet
  facet normal 0.838689 -0.54461 0
    outer loop
      vertex -32.8864 9.36647 2.5
      vertex -33.2048 8.87614 14.5
      vertex -33.2048 8.87614 2.5
    endloop
  endfacet
  facet normal 0.819112 -0.573633 0
    outer loop
      vertex -32.8864 9.36647 14.5
      vertex -32.551 9.8454 2.5
      vertex -32.551 9.8454 14.5
    endloop
  endfacet
  facet normal 0.819112 -0.573633 0
    outer loop
      vertex -32.551 9.8454 2.5
      vertex -32.8864 9.36647 14.5
      vertex -32.8864 9.36647 2.5
    endloop
  endfacet
  facet normal 0.798664 -0.601778 0
    outer loop
      vertex -32.551 9.8454 14.5
      vertex -32.1992 10.3123 2.5
      vertex -32.1992 10.3123 14.5
    endloop
  endfacet
  facet normal 0.798664 -0.601778 0
    outer loop
      vertex -32.1992 10.3123 2.5
      vertex -32.551 9.8454 14.5
      vertex -32.551 9.8454 2.5
    endloop
  endfacet
  facet normal 0.777117 -0.629356 0
    outer loop
      vertex -32.1992 10.3123 14.5
      vertex -31.8312 10.7667 2.5
      vertex -31.8312 10.7667 14.5
    endloop
  endfacet
  facet normal 0.777117 -0.629356 0
    outer loop
      vertex -31.8312 10.7667 2.5
      vertex -32.1992 10.3123 14.5
      vertex -32.1992 10.3123 2.5
    endloop
  endfacet
  facet normal 0.754734 -0.65603 0
    outer loop
      vertex -31.8312 10.7667 14.5
      vertex -31.4477 11.2079 2.5
      vertex -31.4477 11.2079 14.5
    endloop
  endfacet
  facet normal 0.754734 -0.65603 0
    outer loop
      vertex -31.4477 11.2079 2.5
      vertex -31.8312 10.7667 14.5
      vertex -31.8312 10.7667 2.5
    endloop
  endfacet
  facet normal 0.731305 -0.68205 0
    outer loop
      vertex -31.4477 11.2079 14.5
      vertex -31.0489 11.6355 2.5
      vertex -31.0489 11.6355 14.5
    endloop
  endfacet
  facet normal 0.731305 -0.68205 0
    outer loop
      vertex -31.0489 11.6355 2.5
      vertex -31.4477 11.2079 14.5
      vertex -31.4477 11.2079 2.5
    endloop
  endfacet
  facet normal 0.707107 -0.707107 0
    outer loop
      vertex -31.0489 11.6355 14.5
      vertex -30.6355 12.0489 2.5
      vertex -30.6355 12.0489 14.5
    endloop
  endfacet
  facet normal 0.707107 -0.707107 0
    outer loop
      vertex -30.6355 12.0489 2.5
      vertex -31.0489 11.6355 14.5
      vertex -31.0489 11.6355 2.5
    endloop
  endfacet
  facet normal 0.68205 -0.731305 0
    outer loop
      vertex -30.6355 12.0489 2.5
      vertex -30.2079 12.4477 14.5
      vertex -30.6355 12.0489 14.5
    endloop
  endfacet
  facet normal 0.68205 -0.731305 0
    outer loop
      vertex -30.2079 12.4477 14.5
      vertex -30.6355 12.0489 2.5
      vertex -30.2079 12.4477 2.5
    endloop
  endfacet
  facet normal 0.65603 -0.754734 0
    outer loop
      vertex -30.2079 12.4477 2.5
      vertex -29.7667 12.8312 14.5
      vertex -30.2079 12.4477 14.5
    endloop
  endfacet
  facet normal 0.65603 -0.754734 0
    outer loop
      vertex -29.7667 12.8312 14.5
      vertex -30.2079 12.4477 2.5
      vertex -29.7667 12.8312 2.5
    endloop
  endfacet
  facet normal 0.629356 -0.777117 0
    outer loop
      vertex -29.7667 12.8312 2.5
      vertex -29.3123 13.1992 14.5
      vertex -29.7667 12.8312 14.5
    endloop
  endfacet
  facet normal 0.629356 -0.777117 0
    outer loop
      vertex -29.3123 13.1992 14.5
      vertex -29.7667 12.8312 2.5
      vertex -29.3123 13.1992 2.5
    endloop
  endfacet
  facet normal 0.601778 -0.798664 0
    outer loop
      vertex -29.3123 13.1992 2.5
      vertex -28.8454 13.551 14.5
      vertex -29.3123 13.1992 14.5
    endloop
  endfacet
  facet normal 0.601778 -0.798664 0
    outer loop
      vertex -28.8454 13.551 14.5
      vertex -29.3123 13.1992 2.5
      vertex -28.8454 13.551 2.5
    endloop
  endfacet
  facet normal 0.573657 -0.819095 0
    outer loop
      vertex -28.8454 13.551 2.5
      vertex -28.3665 13.8864 14.5
      vertex -28.8454 13.551 14.5
    endloop
  endfacet
  facet normal 0.573657 -0.819095 0
    outer loop
      vertex -28.3665 13.8864 14.5
      vertex -28.8454 13.551 2.5
      vertex -28.3665 13.8864 2.5
    endloop
  endfacet
  facet normal 0.544555 -0.838725 0
    outer loop
      vertex -28.3665 13.8864 2.5
      vertex -27.8761 14.2048 14.5
      vertex -28.3665 13.8864 14.5
    endloop
  endfacet
  facet normal 0.544555 -0.838725 0
    outer loop
      vertex -27.8761 14.2048 14.5
      vertex -28.3665 13.8864 2.5
      vertex -27.8761 14.2048 2.5
    endloop
  endfacet
  facet normal 0.515049 -0.857161 0
    outer loop
      vertex -27.8761 14.2048 2.5
      vertex -27.375 14.5059 14.5
      vertex -27.8761 14.2048 14.5
    endloop
  endfacet
  facet normal 0.515049 -0.857161 0
    outer loop
      vertex -27.375 14.5059 14.5
      vertex -27.8761 14.2048 2.5
      vertex -27.375 14.5059 2.5
    endloop
  endfacet
  facet normal 0.484844 -0.874601 0
    outer loop
      vertex -27.375 14.5059 2.5
      vertex -26.8636 14.7894 14.5
      vertex -27.375 14.5059 14.5
    endloop
  endfacet
  facet normal 0.484844 -0.874601 0
    outer loop
      vertex -26.8636 14.7894 14.5
      vertex -27.375 14.5059 2.5
      vertex -26.8636 14.7894 2.5
    endloop
  endfacet
  facet normal 0.453974 -0.891015 0
    outer loop
      vertex -26.8636 14.7894 2.5
      vertex -26.3427 15.0548 14.5
      vertex -26.8636 14.7894 14.5
    endloop
  endfacet
  facet normal 0.453974 -0.891015 0
    outer loop
      vertex -26.3427 15.0548 14.5
      vertex -26.8636 14.7894 2.5
      vertex -26.3427 15.0548 2.5
    endloop
  endfacet
  facet normal 0.422623 -0.906305 0
    outer loop
      vertex -26.3427 15.0548 2.5
      vertex -25.8128 15.3019 14.5
      vertex -26.3427 15.0548 14.5
    endloop
  endfacet
  facet normal 0.422623 -0.906305 0
    outer loop
      vertex -25.8128 15.3019 14.5
      vertex -26.3427 15.0548 2.5
      vertex -25.8128 15.3019 2.5
    endloop
  endfacet
  facet normal 0.390717 -0.920511 0
    outer loop
      vertex -25.8128 15.3019 2.5
      vertex -25.2747 15.5303 14.5
      vertex -25.8128 15.3019 14.5
    endloop
  endfacet
  facet normal 0.390717 -0.920511 0
    outer loop
      vertex -25.2747 15.5303 14.5
      vertex -25.8128 15.3019 2.5
      vertex -25.2747 15.5303 2.5
    endloop
  endfacet
  facet normal 0.358291 -0.93361 0
    outer loop
      vertex -25.2747 15.5303 2.5
      vertex -24.7288 15.7398 14.5
      vertex -25.2747 15.5303 14.5
    endloop
  endfacet
  facet normal 0.358291 -0.93361 0
    outer loop
      vertex -24.7288 15.7398 14.5
      vertex -25.2747 15.5303 2.5
      vertex -24.7288 15.7398 2.5
    endloop
  endfacet
  facet normal 0.325653 -0.945489 0
    outer loop
      vertex -24.7288 15.7398 2.5
      vertex -24.176 15.9302 14.5
      vertex -24.7288 15.7398 14.5
    endloop
  endfacet
  facet normal 0.325653 -0.945489 0
    outer loop
      vertex -24.176 15.9302 14.5
      vertex -24.7288 15.7398 2.5
      vertex -24.176 15.9302 2.5
    endloop
  endfacet
  facet normal 0.292318 -0.956321 0
    outer loop
      vertex -24.176 15.9302 2.5
      vertex -23.6169 16.1011 14.5
      vertex -24.176 15.9302 14.5
    endloop
  endfacet
  facet normal 0.292318 -0.956321 0
    outer loop
      vertex -23.6169 16.1011 14.5
      vertex -24.176 15.9302 2.5
      vertex -23.6169 16.1011 2.5
    endloop
  endfacet
  facet normal 0.258802 -0.96593 0
    outer loop
      vertex -23.6169 16.1011 2.5
      vertex -23.0522 16.2524 14.5
      vertex -23.6169 16.1011 14.5
    endloop
  endfacet
  facet normal 0.258802 -0.96593 0
    outer loop
      vertex -23.0522 16.2524 14.5
      vertex -23.6169 16.1011 2.5
      vertex -23.0522 16.2524 2.5
    endloop
  endfacet
  facet normal 0.225072 -0.974342 0
    outer loop
      vertex -23.0522 16.2524 2.5
      vertex -22.4825 16.384 14.5
      vertex -23.0522 16.2524 14.5
    endloop
  endfacet
  facet normal 0.225072 -0.974342 0
    outer loop
      vertex -22.4825 16.384 14.5
      vertex -23.0522 16.2524 2.5
      vertex -22.4825 16.384 2.5
    endloop
  endfacet
  facet normal 0.190719 -0.981645 0
    outer loop
      vertex -22.4825 16.384 2.5
      vertex -21.9086 16.4955 14.5
      vertex -22.4825 16.384 14.5
    endloop
  endfacet
  facet normal 0.190719 -0.981645 0
    outer loop
      vertex -21.9086 16.4955 14.5
      vertex -22.4825 16.384 2.5
      vertex -21.9086 16.4955 2.5
    endloop
  endfacet
  facet normal 0.156489 -0.98768 0
    outer loop
      vertex -21.9086 16.4955 2.5
      vertex -21.3311 16.587 14.5
      vertex -21.9086 16.4955 14.5
    endloop
  endfacet
  facet normal 0.156489 -0.98768 0
    outer loop
      vertex -21.3311 16.587 14.5
      vertex -21.9086 16.4955 2.5
      vertex -21.3311 16.587 2.5
    endloop
  endfacet
  facet normal 0.121782 -0.992557 0
    outer loop
      vertex -21.3311 16.587 2.5
      vertex -20.7508 16.6582 14.5
      vertex -21.3311 16.587 14.5
    endloop
  endfacet
  facet normal 0.121782 -0.992557 0
    outer loop
      vertex -20.7508 16.6582 14.5
      vertex -21.3311 16.587 2.5
      vertex -20.7508 16.6582 2.5
    endloop
  endfacet
  facet normal 0.0872348 -0.996188 0
    outer loop
      vertex -20.7508 16.6582 2.5
      vertex -20.1684 16.7092 14.5
      vertex -20.7508 16.6582 14.5
    endloop
  endfacet
  facet normal 0.0872348 -0.996188 0
    outer loop
      vertex -20.1684 16.7092 14.5
      vertex -20.7508 16.6582 2.5
      vertex -20.1684 16.7092 2.5
    endloop
  endfacet
  facet normal 0.0523434 -0.998629 0
    outer loop
      vertex -20.1684 16.7092 2.5
      vertex -19.5846 16.7398 14.5
      vertex -20.1684 16.7092 14.5
    endloop
  endfacet
  facet normal 0.0523434 -0.998629 0
    outer loop
      vertex -19.5846 16.7398 14.5
      vertex -20.1684 16.7092 2.5
      vertex -19.5846 16.7398 2.5
    endloop
  endfacet
  facet normal 0.0174452 -0.999848 0
    outer loop
      vertex -19.5846 16.7398 2.5
      vertex -19 16.75 14.5
      vertex -19.5846 16.7398 14.5
    endloop
  endfacet
  facet normal 0.0174452 -0.999848 0
    outer loop
      vertex -19 16.75 14.5
      vertex -19.5846 16.7398 2.5
      vertex -19 16.75 2.5
    endloop
  endfacet
  facet normal 0 -1 0
    outer loop
      vertex -13 16.75 2.5
      vertex -19 16.75 14.5
      vertex -19 16.75 2.5
    endloop
  endfacet
  facet normal 0 -1 0
    outer loop
      vertex -19 16.75 14.5
      vertex -13 16.75 2.5
      vertex 19 16.75 14.5
    endloop
  endfacet
  facet normal 0 -1 0
    outer loop
      vertex 13 16.75 2.5
      vertex 19 16.75 14.5
      vertex -13 16.75 2.5
    endloop
  endfacet
  facet normal 0 -1 -0
    outer loop
      vertex 19 16.75 14.5
      vertex 13 16.75 2.5
      vertex 19 16.75 2.5
    endloop
  endfacet
  facet normal -0.0174452 -0.999848 0
    outer loop
      vertex 19 16.75 2.5
      vertex 19.5846 16.7398 14.5
      vertex 19 16.75 14.5
    endloop
  endfacet
  facet normal -0.0174452 -0.999848 -0
    outer loop
      vertex 19.5846 16.7398 14.5
      vertex 19 16.75 2.5
      vertex 19.5846 16.7398 2.5
    endloop
  endfacet
  facet normal -0.0523434 -0.998629 0
    outer loop
      vertex 19.5846 16.7398 2.5
      vertex 20.1684 16.7092 14.5
      vertex 19.5846 16.7398 14.5
    endloop
  endfacet
  facet normal -0.0523434 -0.998629 -0
    outer loop
      vertex 20.1684 16.7092 14.5
      vertex 19.5846 16.7398 2.5
      vertex 20.1684 16.7092 2.5
    endloop
  endfacet
  facet normal -0.0872348 -0.996188 0
    outer loop
      vertex 20.1684 16.7092 2.5
      vertex 20.7508 16.6582 14.5
      vertex 20.1684 16.7092 14.5
    endloop
  endfacet
  facet normal -0.0872348 -0.996188 -0
    outer loop
      vertex 20.7508 16.6582 14.5
      vertex 20.1684 16.7092 2.5
      vertex 20.7508 16.6582 2.5
    endloop
  endfacet
  facet normal -0.121782 -0.992557 0
    outer loop
      vertex 20.7508 16.6582 2.5
      vertex 21.3311 16.587 14.5
      vertex 20.7508 16.6582 14.5
    endloop
  endfacet
  facet normal -0.121782 -0.992557 -0
    outer loop
      vertex 21.3311 16.587 14.5
      vertex 20.7508 16.6582 2.5
      vertex 21.3311 16.587 2.5
    endloop
  endfacet
  facet normal -0.156489 -0.98768 0
    outer loop
      vertex 21.3311 16.587 2.5
      vertex 21.9086 16.4955 14.5
      vertex 21.3311 16.587 14.5
    endloop
  endfacet
  facet normal -0.156489 -0.98768 -0
    outer loop
      vertex 21.9086 16.4955 14.5
      vertex 21.3311 16.587 2.5
      vertex 21.9086 16.4955 2.5
    endloop
  endfacet
  facet normal -0.190719 -0.981645 0
    outer loop
      vertex 21.9086 16.4955 2.5
      vertex 22.4825 16.384 14.5
      vertex 21.9086 16.4955 14.5
    endloop
  endfacet
  facet normal -0.190719 -0.981645 -0
    outer loop
      vertex 22.4825 16.384 14.5
      vertex 21.9086 16.4955 2.5
      vertex 22.4825 16.384 2.5
    endloop
  endfacet
  facet normal -0.225072 -0.974342 0
    outer loop
      vertex 22.4825 16.384 2.5
      vertex 23.0522 16.2524 14.5
      vertex 22.4825 16.384 14.5
    endloop
  endfacet
  facet normal -0.225072 -0.974342 -0
    outer loop
      vertex 23.0522 16.2524 14.5
      vertex 22.4825 16.384 2.5
      vertex 23.0522 16.2524 2.5
    endloop
  endfacet
  facet normal -0.258802 -0.96593 0
    outer loop
      vertex 23.0522 16.2524 2.5
      vertex 23.6169 16.1011 14.5
      vertex 23.0522 16.2524 14.5
    endloop
  endfacet
  facet normal -0.258802 -0.96593 -0
    outer loop
      vertex 23.6169 16.1011 14.5
      vertex 23.0522 16.2524 2.5
      vertex 23.6169 16.1011 2.5
    endloop
  endfacet
  facet normal -0.292318 -0.956321 0
    outer loop
      vertex 23.6169 16.1011 2.5
      vertex 24.176 15.9302 14.5
      vertex 23.6169 16.1011 14.5
    endloop
  endfacet
  facet normal -0.292318 -0.956321 -0
    outer loop
      vertex 24.176 15.9302 14.5
      vertex 23.6169 16.1011 2.5
      vertex 24.176 15.9302 2.5
    endloop
  endfacet
  facet normal -0.325653 -0.945489 0
    outer loop
      vertex 24.176 15.9302 2.5
      vertex 24.7288 15.7398 14.5
      vertex 24.176 15.9302 14.5
    endloop
  endfacet
  facet normal -0.325653 -0.945489 -0
    outer loop
      vertex 24.7288 15.7398 14.5
      vertex 24.176 15.9302 2.5
      vertex 24.7288 15.7398 2.5
    endloop
  endfacet
  facet normal -0.358291 -0.93361 0
    outer loop
      vertex 24.7288 15.7398 2.5
      vertex 25.2747 15.5303 14.5
      vertex 24.7288 15.7398 14.5
    endloop
  endfacet
  facet normal -0.358291 -0.93361 -0
    outer loop
      vertex 25.2747 15.5303 14.5
      vertex 24.7288 15.7398 2.5
      vertex 25.2747 15.5303 2.5
    endloop
  endfacet
  facet normal -0.390717 -0.920511 0
    outer loop
      vertex 25.2747 15.5303 2.5
      vertex 25.8128 15.3019 14.5
      vertex 25.2747 15.5303 14.5
    endloop
  endfacet
  facet normal -0.390717 -0.920511 -0
    outer loop
      vertex 25.8128 15.3019 14.5
      vertex 25.2747 15.5303 2.5
      vertex 25.8128 15.3019 2.5
    endloop
  endfacet
  facet normal -0.422623 -0.906305 0
    outer loop
      vertex 25.8128 15.3019 2.5
      vertex 26.3427 15.0548 14.5
      vertex 25.8128 15.3019 14.5
    endloop
  endfacet
  facet normal -0.422623 -0.906305 -0
    outer loop
      vertex 26.3427 15.0548 14.5
      vertex 25.8128 15.3019 2.5
      vertex 26.3427 15.0548 2.5
    endloop
  endfacet
  facet normal -0.453974 -0.891015 0
    outer loop
      vertex 26.3427 15.0548 2.5
      vertex 26.8636 14.7894 14.5
      vertex 26.3427 15.0548 14.5
    endloop
  endfacet
  facet normal -0.453974 -0.891015 -0
    outer loop
      vertex 26.8636 14.7894 14.5
      vertex 26.3427 15.0548 2.5
      vertex 26.8636 14.7894 2.5
    endloop
  endfacet
  facet normal -0.484844 -0.874601 0
    outer loop
      vertex 26.8636 14.7894 2.5
      vertex 27.375 14.5059 14.5
      vertex 26.8636 14.7894 14.5
    endloop
  endfacet
  facet normal -0.484844 -0.874601 -0
    outer loop
      vertex 27.375 14.5059 14.5
      vertex 26.8636 14.7894 2.5
      vertex 27.375 14.5059 2.5
    endloop
  endfacet
  facet normal -0.515049 -0.857161 0
    outer loop
      vertex 27.375 14.5059 2.5
      vertex 27.8761 14.2048 14.5
      vertex 27.375 14.5059 14.5
    endloop
  endfacet
  facet normal -0.515049 -0.857161 -0
    outer loop
      vertex 27.8761 14.2048 14.5
      vertex 27.375 14.5059 2.5
      vertex 27.8761 14.2048 2.5
    endloop
  endfacet
  facet normal -0.544555 -0.838725 0
    outer loop
      vertex 27.8761 14.2048 2.5
      vertex 28.3665 13.8864 14.5
      vertex 27.8761 14.2048 14.5
    endloop
  endfacet
  facet normal -0.544555 -0.838725 -0
    outer loop
      vertex 28.3665 13.8864 14.5
      vertex 27.8761 14.2048 2.5
      vertex 28.3665 13.8864 2.5
    endloop
  endfacet
  facet normal -0.573657 -0.819095 0
    outer loop
      vertex 28.3665 13.8864 2.5
      vertex 28.8454 13.551 14.5
      vertex 28.3665 13.8864 14.5
    endloop
  endfacet
  facet normal -0.573657 -0.819095 -0
    outer loop
      vertex 28.8454 13.551 14.5
      vertex 28.3665 13.8864 2.5
      vertex 28.8454 13.551 2.5
    endloop
  endfacet
  facet normal -0.601778 -0.798664 0
    outer loop
      vertex 28.8454 13.551 2.5
      vertex 29.3123 13.1992 14.5
      vertex 28.8454 13.551 14.5
    endloop
  endfacet
  facet normal -0.601778 -0.798664 -0
    outer loop
      vertex 29.3123 13.1992 14.5
      vertex 28.8454 13.551 2.5
      vertex 29.3123 13.1992 2.5
    endloop
  endfacet
  facet normal -0.629356 -0.777117 0
    outer loop
      vertex 29.3123 13.1992 2.5
      vertex 29.7667 12.8312 14.5
      vertex 29.3123 13.1992 14.5
    endloop
  endfacet
  facet normal -0.629356 -0.777117 -0
    outer loop
      vertex 29.7667 12.8312 14.5
      vertex 29.3123 13.1992 2.5
      vertex 29.7667 12.8312 2.5
    endloop
  endfacet
  facet normal -0.65603 -0.754734 0
    outer loop
      vertex 29.7667 12.8312 2.5
      vertex 30.2079 12.4477 14.5
      vertex 29.7667 12.8312 14.5
    endloop
  endfacet
  facet normal -0.65603 -0.754734 -0
    outer loop
      vertex 30.2079 12.4477 14.5
      vertex 29.7667 12.8312 2.5
      vertex 30.2079 12.4477 2.5
    endloop
  endfacet
  facet normal -0.68205 -0.731305 0
    outer loop
      vertex 30.2079 12.4477 2.5
      vertex 30.6355 12.0489 14.5
      vertex 30.2079 12.4477 14.5
    endloop
  endfacet
  facet normal -0.68205 -0.731305 -0
    outer loop
      vertex 30.6355 12.0489 14.5
      vertex 30.2079 12.4477 2.5
      vertex 30.6355 12.0489 2.5
    endloop
  endfacet
  facet normal -0.707107 -0.707107 0
    outer loop
      vertex 31.0489 11.6355 2.5
      vertex 30.6355 12.0489 14.5
      vertex 30.6355 12.0489 2.5
    endloop
  endfacet
  facet normal -0.707107 -0.707107 0
    outer loop
      vertex 30.6355 12.0489 14.5
      vertex 31.0489 11.6355 2.5
      vertex 31.0489 11.6355 14.5
    endloop
  endfacet
  facet normal -0.731305 -0.68205 0
    outer loop
      vertex 31.4477 11.2079 2.5
      vertex 31.0489 11.6355 14.5
      vertex 31.0489 11.6355 2.5
    endloop
  endfacet
  facet normal -0.731305 -0.68205 0
    outer loop
      vertex 31.0489 11.6355 14.5
      vertex 31.4477 11.2079 2.5
      vertex 31.4477 11.2079 14.5
    endloop
  endfacet
  facet normal -0.754734 -0.65603 0
    outer loop
      vertex 31.8312 10.7667 2.5
      vertex 31.4477 11.2079 14.5
      vertex 31.4477 11.2079 2.5
    endloop
  endfacet
  facet normal -0.754734 -0.65603 0
    outer loop
      vertex 31.4477 11.2079 14.5
      vertex 31.8312 10.7667 2.5
      vertex 31.8312 10.7667 14.5
    endloop
  endfacet
  facet normal -0.777117 -0.629356 0
    outer loop
      vertex 32.1992 10.3123 2.5
      vertex 31.8312 10.7667 14.5
      vertex 31.8312 10.7667 2.5
    endloop
  endfacet
  facet normal -0.777117 -0.629356 0
    outer loop
      vertex 31.8312 10.7667 14.5
      vertex 32.1992 10.3123 2.5
      vertex 32.1992 10.3123 14.5
    endloop
  endfacet
  facet normal -0.798664 -0.601778 0
    outer loop
      vertex 32.551 9.8454 2.5
      vertex 32.1992 10.3123 14.5
      vertex 32.1992 10.3123 2.5
    endloop
  endfacet
  facet normal -0.798664 -0.601778 0
    outer loop
      vertex 32.1992 10.3123 14.5
      vertex 32.551 9.8454 2.5
      vertex 32.551 9.8454 14.5
    endloop
  endfacet
  facet normal -0.819112 -0.573633 0
    outer loop
      vertex 32.8864 9.36647 2.5
      vertex 32.551 9.8454 14.5
      vertex 32.551 9.8454 2.5
    endloop
  endfacet
  facet normal -0.819112 -0.573633 0
    outer loop
      vertex 32.551 9.8454 14.5
      vertex 32.8864 9.36647 2.5
      vertex 32.8864 9.36647 14.5
    endloop
  endfacet
  facet normal -0.838689 -0.54461 0
    outer loop
      vertex 33.2048 8.87614 2.5
      vertex 32.8864 9.36647 14.5
      vertex 32.8864 9.36647 2.5
    endloop
  endfacet
  facet normal -0.838689 -0.54461 0
    outer loop
      vertex 32.8864 9.36647 14.5
      vertex 33.2048 8.87614 2.5
      vertex 33.2048 8.87614 14.5
    endloop
  endfacet
  facet normal -0.857179 -0.515019 0
    outer loop
      vertex 33.5059 8.375 2.5
      vertex 33.2048 8.87614 14.5
      vertex 33.2048 8.87614 2.5
    endloop
  endfacet
  facet normal -0.857179 -0.515019 0
    outer loop
      vertex 33.2048 8.87614 14.5
      vertex 33.5059 8.375 2.5
      vertex 33.5059 8.375 14.5
    endloop
  endfacet
  facet normal -0.87458 -0.48488 0
    outer loop
      vertex 33.7894 7.86365 2.5
      vertex 33.5059 8.375 14.5
      vertex 33.5059 8.375 2.5
    endloop
  endfacet
  facet normal -0.87458 -0.48488 0
    outer loop
      vertex 33.5059 8.375 14.5
      vertex 33.7894 7.86365 2.5
      vertex 33.7894 7.86365 14.5
    endloop
  endfacet
  facet normal -0.891029 -0.453947 0
    outer loop
      vertex 34.0548 7.34271 2.5
      vertex 33.7894 7.86365 14.5
      vertex 33.7894 7.86365 2.5
    endloop
  endfacet
  facet normal -0.891029 -0.453947 0
    outer loop
      vertex 33.7894 7.86365 14.5
      vertex 34.0548 7.34271 2.5
      vertex 34.0548 7.34271 14.5
    endloop
  endfacet
  facet normal -0.906296 -0.422643 0
    outer loop
      vertex 34.3019 6.81284 2.5
      vertex 34.0548 7.34271 14.5
      vertex 34.0548 7.34271 2.5
    endloop
  endfacet
  facet normal -0.906296 -0.422643 0
    outer loop
      vertex 34.0548 7.34271 14.5
      vertex 34.3019 6.81284 2.5
      vertex 34.3019 6.81284 14.5
    endloop
  endfacet
  facet normal -0.920532 -0.390668 0
    outer loop
      vertex 34.5303 6.27466 2.5
      vertex 34.3019 6.81284 14.5
      vertex 34.3019 6.81284 2.5
    endloop
  endfacet
  facet normal -0.920532 -0.390668 0
    outer loop
      vertex 34.3019 6.81284 14.5
      vertex 34.5303 6.27466 2.5
      vertex 34.5303 6.27466 14.5
    endloop
  endfacet
  facet normal -0.933592 -0.358337 0
    outer loop
      vertex 34.7398 5.72884 2.5
      vertex 34.5303 6.27466 14.5
      vertex 34.5303 6.27466 2.5
    endloop
  endfacet
  facet normal -0.933592 -0.358337 0
    outer loop
      vertex 34.5303 6.27466 14.5
      vertex 34.7398 5.72884 2.5
      vertex 34.7398 5.72884 14.5
    endloop
  endfacet
  facet normal -0.945491 -0.325648 0
    outer loop
      vertex 34.9302 5.17603 2.5
      vertex 34.7398 5.72884 14.5
      vertex 34.7398 5.72884 2.5
    endloop
  endfacet
  facet normal -0.945491 -0.325648 0
    outer loop
      vertex 34.7398 5.72884 14.5
      vertex 34.9302 5.17603 2.5
      vertex 34.9302 5.17603 14.5
    endloop
  endfacet
  facet normal -0.956324 -0.292309 0
    outer loop
      vertex 35.1011 4.61691 2.5
      vertex 34.9302 5.17603 14.5
      vertex 34.9302 5.17603 2.5
    endloop
  endfacet
  facet normal -0.956324 -0.292309 0
    outer loop
      vertex 34.9302 5.17603 14.5
      vertex 35.1011 4.61691 2.5
      vertex 35.1011 4.61691 14.5
    endloop
  endfacet
  facet normal -0.965933 -0.258793 0
    outer loop
      vertex 35.2524 4.05219 2.5
      vertex 35.1011 4.61691 14.5
      vertex 35.1011 4.61691 2.5
    endloop
  endfacet
  facet normal -0.965933 -0.258793 0
    outer loop
      vertex 35.1011 4.61691 14.5
      vertex 35.2524 4.05219 2.5
      vertex 35.2524 4.05219 14.5
    endloop
  endfacet
  facet normal -0.97434 -0.225079 0
    outer loop
      vertex 35.384 3.48251 2.5
      vertex 35.2524 4.05219 14.5
      vertex 35.2524 4.05219 2.5
    endloop
  endfacet
  facet normal -0.97434 -0.225079 0
    outer loop
      vertex 35.2524 4.05219 14.5
      vertex 35.384 3.48251 2.5
      vertex 35.384 3.48251 14.5
    endloop
  endfacet
  facet normal -0.981645 -0.190715 0
    outer loop
      vertex 35.4955 2.9086 2.5
      vertex 35.384 3.48251 14.5
      vertex 35.384 3.48251 2.5
    endloop
  endfacet
  facet normal -0.981645 -0.190715 0
    outer loop
      vertex 35.384 3.48251 14.5
      vertex 35.4955 2.9086 2.5
      vertex 35.4955 2.9086 14.5
    endloop
  endfacet
  facet normal -0.987678 -0.156503 0
    outer loop
      vertex 35.587 2.33115 2.5
      vertex 35.4955 2.9086 14.5
      vertex 35.4955 2.9086 2.5
    endloop
  endfacet
  facet normal -0.987678 -0.156503 0
    outer loop
      vertex 35.4955 2.9086 14.5
      vertex 35.587 2.33115 2.5
      vertex 35.587 2.33115 14.5
    endloop
  endfacet
  facet normal -0.992557 -0.12178 0
    outer loop
      vertex 35.6582 1.75084 2.5
      vertex 35.587 2.33115 14.5
      vertex 35.587 2.33115 2.5
    endloop
  endfacet
  facet normal -0.992557 -0.12178 0
    outer loop
      vertex 35.587 2.33115 14.5
      vertex 35.6582 1.75084 2.5
      vertex 35.6582 1.75084 14.5
    endloop
  endfacet
  facet normal -0.996188 -0.0872304 0
    outer loop
      vertex 35.7092 1.16841 2.5
      vertex 35.6582 1.75084 14.5
      vertex 35.6582 1.75084 2.5
    endloop
  endfacet
  facet normal -0.996188 -0.0872304 0
    outer loop
      vertex 35.6582 1.75084 14.5
      vertex 35.7092 1.16841 2.5
      vertex 35.7092 1.16841 14.5
    endloop
  endfacet
  facet normal -0.998629 -0.0523392 0
    outer loop
      vertex 35.7398 0.584564 2.5
      vertex 35.7092 1.16841 14.5
      vertex 35.7092 1.16841 2.5
    endloop
  endfacet
  facet normal -0.998629 -0.0523392 0
    outer loop
      vertex 35.7092 1.16841 14.5
      vertex 35.7398 0.584564 2.5
      vertex 35.7398 0.584564 14.5
    endloop
  endfacet
  facet normal -0.999848 -0.0174462 0
    outer loop
      vertex 35.75 0 2.5
      vertex 35.7398 0.584564 14.5
      vertex 35.7398 0.584564 2.5
    endloop
  endfacet
  facet normal -0.999848 -0.0174462 0
    outer loop
      vertex 35.7398 0.584564 14.5
      vertex 35.75 0 2.5
      vertex 35.75 0 14.5
    endloop
  endfacet
  facet normal -0.999848 0.0174462 0
    outer loop
      vertex 35.7398 -0.584564 2.5
      vertex 35.75 0 14.5
      vertex 35.75 0 2.5
    endloop
  endfacet
  facet normal -0.999848 0.0174462 0
    outer loop
      vertex 35.75 0 14.5
      vertex 35.7398 -0.584564 2.5
      vertex 35.7398 -0.584564 14.5
    endloop
  endfacet
  facet normal -0.998629 0.0523392 0
    outer loop
      vertex 35.7092 -1.16841 2.5
      vertex 35.7398 -0.584564 14.5
      vertex 35.7398 -0.584564 2.5
    endloop
  endfacet
  facet normal -0.998629 0.0523392 0
    outer loop
      vertex 35.7398 -0.584564 14.5
      vertex 35.7092 -1.16841 2.5
      vertex 35.7092 -1.16841 14.5
    endloop
  endfacet
  facet normal -0.996188 0.0872304 0
    outer loop
      vertex 35.6582 -1.75084 2.5
      vertex 35.7092 -1.16841 14.5
      vertex 35.7092 -1.16841 2.5
    endloop
  endfacet
  facet normal -0.996188 0.0872304 0
    outer loop
      vertex 35.7092 -1.16841 14.5
      vertex 35.6582 -1.75084 2.5
      vertex 35.6582 -1.75084 14.5
    endloop
  endfacet
  facet normal -0.992557 0.12178 0
    outer loop
      vertex 35.587 -2.33115 2.5
      vertex 35.6582 -1.75084 14.5
      vertex 35.6582 -1.75084 2.5
    endloop
  endfacet
  facet normal -0.992557 0.12178 0
    outer loop
      vertex 35.6582 -1.75084 14.5
      vertex 35.587 -2.33115 2.5
      vertex 35.587 -2.33115 14.5
    endloop
  endfacet
  facet normal -0.987678 0.156503 0
    outer loop
      vertex 35.4955 -2.9086 2.5
      vertex 35.587 -2.33115 14.5
      vertex 35.587 -2.33115 2.5
    endloop
  endfacet
  facet normal -0.987678 0.156503 0
    outer loop
      vertex 35.587 -2.33115 14.5
      vertex 35.4955 -2.9086 2.5
      vertex 35.4955 -2.9086 14.5
    endloop
  endfacet
  facet normal -0.981645 0.190715 0
    outer loop
      vertex 35.384 -3.48251 2.5
      vertex 35.4955 -2.9086 14.5
      vertex 35.4955 -2.9086 2.5
    endloop
  endfacet
  facet normal -0.981645 0.190715 0
    outer loop
      vertex 35.4955 -2.9086 14.5
      vertex 35.384 -3.48251 2.5
      vertex 35.384 -3.48251 14.5
    endloop
  endfacet
  facet normal -0.97434 0.225079 0
    outer loop
      vertex 35.2524 -4.05219 2.5
      vertex 35.384 -3.48251 14.5
      vertex 35.384 -3.48251 2.5
    endloop
  endfacet
  facet normal -0.97434 0.225079 0
    outer loop
      vertex 35.384 -3.48251 14.5
      vertex 35.2524 -4.05219 2.5
      vertex 35.2524 -4.05219 14.5
    endloop
  endfacet
  facet normal -0.965933 0.258793 0
    outer loop
      vertex 35.1011 -4.61691 2.5
      vertex 35.2524 -4.05219 14.5
      vertex 35.2524 -4.05219 2.5
    endloop
  endfacet
  facet normal -0.965933 0.258793 0
    outer loop
      vertex 35.2524 -4.05219 14.5
      vertex 35.1011 -4.61691 2.5
      vertex 35.1011 -4.61691 14.5
    endloop
  endfacet
  facet normal -0.956324 0.292309 0
    outer loop
      vertex 34.9302 -5.17603 2.5
      vertex 35.1011 -4.61691 14.5
      vertex 35.1011 -4.61691 2.5
    endloop
  endfacet
  facet normal -0.956324 0.292309 0
    outer loop
      vertex 35.1011 -4.61691 14.5
      vertex 34.9302 -5.17603 2.5
      vertex 34.9302 -5.17603 14.5
    endloop
  endfacet
  facet normal -0.945491 0.325648 0
    outer loop
      vertex 34.7398 -5.72884 2.5
      vertex 34.9302 -5.17603 14.5
      vertex 34.9302 -5.17603 2.5
    endloop
  endfacet
  facet normal -0.945491 0.325648 0
    outer loop
      vertex 34.9302 -5.17603 14.5
      vertex 34.7398 -5.72884 2.5
      vertex 34.7398 -5.72884 14.5
    endloop
  endfacet
  facet normal -0.933592 0.358337 0
    outer loop
      vertex 34.5303 -6.27466 2.5
      vertex 34.7398 -5.72884 14.5
      vertex 34.7398 -5.72884 2.5
    endloop
  endfacet
  facet normal -0.933592 0.358337 0
    outer loop
      vertex 34.7398 -5.72884 14.5
      vertex 34.5303 -6.27466 2.5
      vertex 34.5303 -6.27466 14.5
    endloop
  endfacet
  facet normal -0.920532 0.390668 0
    outer loop
      vertex 34.3019 -6.81284 2.5
      vertex 34.5303 -6.27466 14.5
      vertex 34.5303 -6.27466 2.5
    endloop
  endfacet
  facet normal -0.920532 0.390668 0
    outer loop
      vertex 34.5303 -6.27466 14.5
      vertex 34.3019 -6.81284 2.5
      vertex 34.3019 -6.81284 14.5
    endloop
  endfacet
  facet normal -0.906296 0.422643 0
    outer loop
      vertex 34.0548 -7.34271 2.5
      vertex 34.3019 -6.81284 14.5
      vertex 34.3019 -6.81284 2.5
    endloop
  endfacet
  facet normal -0.906296 0.422643 0
    outer loop
      vertex 34.3019 -6.81284 14.5
      vertex 34.0548 -7.34271 2.5
      vertex 34.0548 -7.34271 14.5
    endloop
  endfacet
  facet normal -0.891029 0.453947 0
    outer loop
      vertex 33.7894 -7.86365 2.5
      vertex 34.0548 -7.34271 14.5
      vertex 34.0548 -7.34271 2.5
    endloop
  endfacet
  facet normal -0.891029 0.453947 0
    outer loop
      vertex 34.0548 -7.34271 14.5
      vertex 33.7894 -7.86365 2.5
      vertex 33.7894 -7.86365 14.5
    endloop
  endfacet
  facet normal -0.87458 0.48488 0
    outer loop
      vertex 33.5059 -8.375 2.5
      vertex 33.7894 -7.86365 14.5
      vertex 33.7894 -7.86365 2.5
    endloop
  endfacet
  facet normal -0.87458 0.48488 0
    outer loop
      vertex 33.7894 -7.86365 14.5
      vertex 33.5059 -8.375 2.5
      vertex 33.5059 -8.375 14.5
    endloop
  endfacet
  facet normal -0.857179 0.515019 0
    outer loop
      vertex 33.2048 -8.87614 2.5
      vertex 33.5059 -8.375 14.5
      vertex 33.5059 -8.375 2.5
    endloop
  endfacet
  facet normal -0.857179 0.515019 0
    outer loop
      vertex 33.5059 -8.375 14.5
      vertex 33.2048 -8.87614 2.5
      vertex 33.2048 -8.87614 14.5
    endloop
  endfacet
  facet normal -0.838689 0.54461 0
    outer loop
      vertex 32.8864 -9.36647 2.5
      vertex 33.2048 -8.87614 14.5
      vertex 33.2048 -8.87614 2.5
    endloop
  endfacet
  facet normal -0.838689 0.54461 0
    outer loop
      vertex 33.2048 -8.87614 14.5
      vertex 32.8864 -9.36647 2.5
      vertex 32.8864 -9.36647 14.5
    endloop
  endfacet
  facet normal -0.819112 0.573633 0
    outer loop
      vertex 32.551 -9.8454 2.5
      vertex 32.8864 -9.36647 14.5
      vertex 32.8864 -9.36647 2.5
    endloop
  endfacet
  facet normal -0.819112 0.573633 0
    outer loop
      vertex 32.8864 -9.36647 14.5
      vertex 32.551 -9.8454 2.5
      vertex 32.551 -9.8454 14.5
    endloop
  endfacet
  facet normal -0.798664 0.601778 0
    outer loop
      vertex 32.1992 -10.3123 2.5
      vertex 32.551 -9.8454 14.5
      vertex 32.551 -9.8454 2.5
    endloop
  endfacet
  facet normal -0.798664 0.601778 0
    outer loop
      vertex 32.551 -9.8454 14.5
      vertex 32.1992 -10.3123 2.5
      vertex 32.1992 -10.3123 14.5
    endloop
  endfacet
  facet normal -0.777117 0.629356 0
    outer loop
      vertex 31.8312 -10.7667 2.5
      vertex 32.1992 -10.3123 14.5
      vertex 32.1992 -10.3123 2.5
    endloop
  endfacet
  facet normal -0.777117 0.629356 0
    outer loop
      vertex 32.1992 -10.3123 14.5
      vertex 31.8312 -10.7667 2.5
      vertex 31.8312 -10.7667 14.5
    endloop
  endfacet
  facet normal -0.754734 0.65603 0
    outer loop
      vertex 31.4477 -11.2079 2.5
      vertex 31.8312 -10.7667 14.5
      vertex 31.8312 -10.7667 2.5
    endloop
  endfacet
  facet normal -0.754734 0.65603 0
    outer loop
      vertex 31.8312 -10.7667 14.5
      vertex 31.4477 -11.2079 2.5
      vertex 31.4477 -11.2079 14.5
    endloop
  endfacet
  facet normal -0.731305 0.68205 0
    outer loop
      vertex 31.0489 -11.6355 2.5
      vertex 31.4477 -11.2079 14.5
      vertex 31.4477 -11.2079 2.5
    endloop
  endfacet
  facet normal -0.731305 0.68205 0
    outer loop
      vertex 31.4477 -11.2079 14.5
      vertex 31.0489 -11.6355 2.5
      vertex 31.0489 -11.6355 14.5
    endloop
  endfacet
  facet normal -0.707107 0.707107 0
    outer loop
      vertex 30.6355 -12.0489 2.5
      vertex 31.0489 -11.6355 14.5
      vertex 31.0489 -11.6355 2.5
    endloop
  endfacet
  facet normal -0.707107 0.707107 0
    outer loop
      vertex 31.0489 -11.6355 14.5
      vertex 30.6355 -12.0489 2.5
      vertex 30.6355 -12.0489 14.5
    endloop
  endfacet
  facet normal -0.68205 0.731305 0
    outer loop
      vertex 30.6355 -12.0489 2.5
      vertex 30.2079 -12.4477 14.5
      vertex 30.6355 -12.0489 14.5
    endloop
  endfacet
  facet normal -0.68205 0.731305 0
    outer loop
      vertex 30.2079 -12.4477 14.5
      vertex 30.6355 -12.0489 2.5
      vertex 30.2079 -12.4477 2.5
    endloop
  endfacet
  facet normal -0.65603 0.754734 0
    outer loop
      vertex 30.2079 -12.4477 2.5
      vertex 29.7667 -12.8312 14.5
      vertex 30.2079 -12.4477 14.5
    endloop
  endfacet
  facet normal -0.65603 0.754734 0
    outer loop
      vertex 29.7667 -12.8312 14.5
      vertex 30.2079 -12.4477 2.5
      vertex 29.7667 -12.8312 2.5
    endloop
  endfacet
  facet normal -0.629356 0.777117 0
    outer loop
      vertex 29.7667 -12.8312 2.5
      vertex 29.3123 -13.1992 14.5
      vertex 29.7667 -12.8312 14.5
    endloop
  endfacet
  facet normal -0.629356 0.777117 0
    outer loop
      vertex 29.3123 -13.1992 14.5
      vertex 29.7667 -12.8312 2.5
      vertex 29.3123 -13.1992 2.5
    endloop
  endfacet
  facet normal -0.601778 0.798664 0
    outer loop
      vertex 29.3123 -13.1992 2.5
      vertex 28.8454 -13.551 14.5
      vertex 29.3123 -13.1992 14.5
    endloop
  endfacet
  facet normal -0.601778 0.798664 0
    outer loop
      vertex 28.8454 -13.551 14.5
      vertex 29.3123 -13.1992 2.5
      vertex 28.8454 -13.551 2.5
    endloop
  endfacet
  facet normal -0.573657 0.819095 0
    outer loop
      vertex 28.8454 -13.551 2.5
      vertex 28.3665 -13.8864 14.5
      vertex 28.8454 -13.551 14.5
    endloop
  endfacet
  facet normal -0.573657 0.819095 0
    outer loop
      vertex 28.3665 -13.8864 14.5
      vertex 28.8454 -13.551 2.5
      vertex 28.3665 -13.8864 2.5
    endloop
  endfacet
  facet normal -0.544555 0.838725 0
    outer loop
      vertex 28.3665 -13.8864 2.5
      vertex 27.8761 -14.2048 14.5
      vertex 28.3665 -13.8864 14.5
    endloop
  endfacet
  facet normal -0.544555 0.838725 0
    outer loop
      vertex 27.8761 -14.2048 14.5
      vertex 28.3665 -13.8864 2.5
      vertex 27.8761 -14.2048 2.5
    endloop
  endfacet
  facet normal -0.515049 0.857161 0
    outer loop
      vertex 27.8761 -14.2048 2.5
      vertex 27.375 -14.5059 14.5
      vertex 27.8761 -14.2048 14.5
    endloop
  endfacet
  facet normal -0.515049 0.857161 0
    outer loop
      vertex 27.375 -14.5059 14.5
      vertex 27.8761 -14.2048 2.5
      vertex 27.375 -14.5059 2.5
    endloop
  endfacet
  facet normal -0.484844 0.874601 0
    outer loop
      vertex 27.375 -14.5059 2.5
      vertex 26.8636 -14.7894 14.5
      vertex 27.375 -14.5059 14.5
    endloop
  endfacet
  facet normal -0.484844 0.874601 0
    outer loop
      vertex 26.8636 -14.7894 14.5
      vertex 27.375 -14.5059 2.5
      vertex 26.8636 -14.7894 2.5
    endloop
  endfacet
  facet normal -0.453974 0.891015 0
    outer loop
      vertex 26.8636 -14.7894 2.5
      vertex 26.3427 -15.0548 14.5
      vertex 26.8636 -14.7894 14.5
    endloop
  endfacet
  facet normal -0.453974 0.891015 0
    outer loop
      vertex 26.3427 -15.0548 14.5
      vertex 26.8636 -14.7894 2.5
      vertex 26.3427 -15.0548 2.5
    endloop
  endfacet
  facet normal -0.422623 0.906305 0
    outer loop
      vertex 26.3427 -15.0548 2.5
      vertex 25.8128 -15.3019 14.5
      vertex 26.3427 -15.0548 14.5
    endloop
  endfacet
  facet normal -0.422623 0.906305 0
    outer loop
      vertex 25.8128 -15.3019 14.5
      vertex 26.3427 -15.0548 2.5
      vertex 25.8128 -15.3019 2.5
    endloop
  endfacet
  facet normal -0.390717 0.920511 0
    outer loop
      vertex 25.8128 -15.3019 2.5
      vertex 25.2747 -15.5303 14.5
      vertex 25.8128 -15.3019 14.5
    endloop
  endfacet
  facet normal -0.390717 0.920511 0
    outer loop
      vertex 25.2747 -15.5303 14.5
      vertex 25.8128 -15.3019 2.5
      vertex 25.2747 -15.5303 2.5
    endloop
  endfacet
  facet normal -0.358291 0.93361 0
    outer loop
      vertex 25.2747 -15.5303 2.5
      vertex 24.7288 -15.7398 14.5
      vertex 25.2747 -15.5303 14.5
    endloop
  endfacet
  facet normal -0.358291 0.93361 0
    outer loop
      vertex 24.7288 -15.7398 14.5
      vertex 25.2747 -15.5303 2.5
      vertex 24.7288 -15.7398 2.5
    endloop
  endfacet
  facet normal -0.325653 0.945489 0
    outer loop
      vertex 24.7288 -15.7398 2.5
      vertex 24.176 -15.9302 14.5
      vertex 24.7288 -15.7398 14.5
    endloop
  endfacet
  facet normal -0.325653 0.945489 0
    outer loop
      vertex 24.176 -15.9302 14.5
      vertex 24.7288 -15.7398 2.5
      vertex 24.176 -15.9302 2.5
    endloop
  endfacet
  facet normal -0.292318 0.956321 0
    outer loop
      vertex 24.176 -15.9302 2.5
      vertex 23.6169 -16.1011 14.5
      vertex 24.176 -15.9302 14.5
    endloop
  endfacet
  facet normal -0.292318 0.956321 0
    outer loop
      vertex 23.6169 -16.1011 14.5
      vertex 24.176 -15.9302 2.5
      vertex 23.6169 -16.1011 2.5
    endloop
  endfacet
  facet normal -0.258802 0.96593 0
    outer loop
      vertex 23.6169 -16.1011 2.5
      vertex 23.0522 -16.2524 14.5
      vertex 23.6169 -16.1011 14.5
    endloop
  endfacet
  facet normal -0.258802 0.96593 0
    outer loop
      vertex 23.0522 -16.2524 14.5
      vertex 23.6169 -16.1011 2.5
      vertex 23.0522 -16.2524 2.5
    endloop
  endfacet
  facet normal -0.225072 0.974342 0
    outer loop
      vertex 23.0522 -16.2524 2.5
      vertex 22.4825 -16.384 14.5
      vertex 23.0522 -16.2524 14.5
    endloop
  endfacet
  facet normal -0.225072 0.974342 0
    outer loop
      vertex 22.4825 -16.384 14.5
      vertex 23.0522 -16.2524 2.5
      vertex 22.4825 -16.384 2.5
    endloop
  endfacet
  facet normal -0.190719 0.981645 0
    outer loop
      vertex 22.4825 -16.384 2.5
      vertex 21.9086 -16.4955 14.5
      vertex 22.4825 -16.384 14.5
    endloop
  endfacet
  facet normal -0.190719 0.981645 0
    outer loop
      vertex 21.9086 -16.4955 14.5
      vertex 22.4825 -16.384 2.5
      vertex 21.9086 -16.4955 2.5
    endloop
  endfacet
  facet normal -0.156489 0.98768 0
    outer loop
      vertex 21.9086 -16.4955 2.5
      vertex 21.3311 -16.587 14.5
      vertex 21.9086 -16.4955 14.5
    endloop
  endfacet
  facet normal -0.156489 0.98768 0
    outer loop
      vertex 21.3311 -16.587 14.5
      vertex 21.9086 -16.4955 2.5
      vertex 21.3311 -16.587 2.5
    endloop
  endfacet
  facet normal -0.121782 0.992557 0
    outer loop
      vertex 21.3311 -16.587 2.5
      vertex 20.7508 -16.6582 14.5
      vertex 21.3311 -16.587 14.5
    endloop
  endfacet
  facet normal -0.121782 0.992557 0
    outer loop
      vertex 20.7508 -16.6582 14.5
      vertex 21.3311 -16.587 2.5
      vertex 20.7508 -16.6582 2.5
    endloop
  endfacet
  facet normal -0.0872348 0.996188 0
    outer loop
      vertex 20.7508 -16.6582 2.5
      vertex 20.1684 -16.7092 14.5
      vertex 20.7508 -16.6582 14.5
    endloop
  endfacet
  facet normal -0.0872348 0.996188 0
    outer loop
      vertex 20.1684 -16.7092 14.5
      vertex 20.7508 -16.6582 2.5
      vertex 20.1684 -16.7092 2.5
    endloop
  endfacet
  facet normal -0.0523434 0.998629 0
    outer loop
      vertex 20.1684 -16.7092 2.5
      vertex 19.5846 -16.7398 14.5
      vertex 20.1684 -16.7092 14.5
    endloop
  endfacet
  facet normal -0.0523434 0.998629 0
    outer loop
      vertex 19.5846 -16.7398 14.5
      vertex 20.1684 -16.7092 2.5
      vertex 19.5846 -16.7398 2.5
    endloop
  endfacet
  facet normal -0.0174452 0.999848 0
    outer loop
      vertex 19.5846 -16.7398 2.5
      vertex 19 -16.75 14.5
      vertex 19.5846 -16.7398 14.5
    endloop
  endfacet
  facet normal -0.0174452 0.999848 0
    outer loop
      vertex 19 -16.75 14.5
      vertex 19.5846 -16.7398 2.5
      vertex 19 -16.75 2.5
    endloop
  endfacet
  facet normal 0 1 0
    outer loop
      vertex 13 -16.75 2.5
      vertex 19 -16.75 14.5
      vertex 19 -16.75 2.5
    endloop
  endfacet
  facet normal 0 1 0
    outer loop
      vertex 19 -16.75 14.5
      vertex 13 -16.75 2.5
      vertex -19 -16.75 14.5
    endloop
  endfacet
  facet normal 0 1 -0
    outer loop
      vertex -13 -16.75 2.5
      vertex -19 -16.75 14.5
      vertex 13 -16.75 2.5
    endloop
  endfacet
  facet normal 0 1 0
    outer loop
      vertex -19 -16.75 14.5
      vertex -13 -16.75 2.5
      vertex -19 -16.75 2.5
    endloop
  endfacet
  facet normal 0 0 1
    outer loop
      vertex 33.2496 0 2.5
      vertex 35.75 0 2.5
      vertex 35.7398 0.584564 2.5
    endloop
  endfacet
  facet normal 0 0 1
    outer loop
      vertex 33.2409 0.497391 2.5
      vertex 35.7398 0.584564 2.5
      vertex 35.7092 1.16841 2.5
    endloop
  endfacet
  facet normal 0 0 1
    outer loop
      vertex 35.75 0 2.5
      vertex 33.2496 0 2.5
      vertex 35.7398 -0.584564 2.5
    endloop
  endfacet
  facet normal 0 0 1
    outer loop
      vertex 33.2149 0.993713 2.5
      vertex 35.7092 1.16841 2.5
      vertex 35.6582 1.75084 2.5
    endloop
  endfacet
  facet normal -0 0 1
    outer loop
      vertex 33.2409 -0.497391 2.5
      vertex 35.7398 -0.584564 2.5
      vertex 33.2496 0 2.5
    endloop
  endfacet
  facet normal 0 0 1
    outer loop
      vertex 33.1716 1.48941 2.5
      vertex 35.6582 1.75084 2.5
      vertex 35.587 2.33115 2.5
    endloop
  endfacet
  facet normal 0 0 1
    outer loop
      vertex 35.7398 -0.584564 2.5
      vertex 33.2409 -0.497391 2.5
      vertex 35.7092 -1.16841 2.5
    endloop
  endfacet
  facet normal 0 0 1
    outer loop
      vertex 33.1109 1.98361 2.5
      vertex 35.587 2.33115 2.5
      vertex 35.4955 2.9086 2.5
    endloop
  endfacet
  facet normal -0 0 1
    outer loop
      vertex 33.2149 -0.993713 2.5
      vertex 35.7092 -1.16841 2.5
      vertex 33.2409 -0.497391 2.5
    endloop
  endfacet
  facet normal 0 0 1
    outer loop
      vertex 33.0332 2.47415 2.5
      vertex 35.4955 2.9086 2.5
      vertex 35.384 3.48251 2.5
    endloop
  endfacet
  facet normal 0 0 1
    outer loop
      vertex 35.7092 -1.16841 2.5
      vertex 33.2149 -0.993713 2.5
      vertex 35.6582 -1.75084 2.5
    endloop
  endfacet
  facet normal 0 0 1
    outer loop
      vertex 32.9382 2.96274 2.5
      vertex 35.384 3.48251 2.5
      vertex 35.2524 4.05219 2.5
    endloop
  endfacet
  facet normal -0 0 1
    outer loop
      vertex 33.1716 -1.48941 2.5
      vertex 35.6582 -1.75084 2.5
      vertex 33.2149 -0.993713 2.5
    endloop
  endfacet
  facet normal 0 0 1
    outer loop
      vertex 32.8264 3.44722 2.5
      vertex 35.2524 4.05219 2.5
      vertex 35.1011 4.61691 2.5
    endloop
  endfacet
  facet normal 0 0 1
    outer loop
      vertex 35.6582 -1.75084 2.5
      vertex 33.1716 -1.48941 2.5
      vertex 35.587 -2.33115 2.5
    endloop
  endfacet
  facet normal 0 0 1
    outer loop
      vertex 32.6976 3.92758 2.5
      vertex 35.1011 4.61691 2.5
      vertex 34.9302 5.17603 2.5
    endloop
  endfacet
  facet normal -0 0 1
    outer loop
      vertex 33.1109 -1.98361 2.5
      vertex 35.587 -2.33115 2.5
      vertex 33.1716 -1.48941 2.5
    endloop
  endfacet
  facet normal 0 0 1
    outer loop
      vertex 32.5521 4.40369 2.5
      vertex 34.9302 5.17603 2.5
      vertex 34.7398 5.72884 2.5
    endloop
  endfacet
  facet normal 0 0 1
    outer loop
      vertex 35.587 -2.33115 2.5
      vertex 33.1109 -1.98361 2.5
      vertex 35.4955 -2.9086 2.5
    endloop
  endfacet
  facet normal 0 0 1
    outer loop
      vertex 32.3903 4.87355 2.5
      vertex 34.7398 5.72884 2.5
      vertex 34.5303 6.27466 2.5
    endloop
  endfacet
  facet normal -0 0 1
    outer loop
      vertex 33.0332 -2.47415 2.5
      vertex 35.4955 -2.9086 2.5
      vertex 33.1109 -1.98361 2.5
    endloop
  endfacet
  facet normal 0 0 1
    outer loop
      vertex 32.2121 5.33781 2.5
      vertex 34.5303 6.27466 2.5
      vertex 34.3019 6.81284 2.5
    endloop
  endfacet
  facet normal 0 0 1
    outer loop
      vertex 35.4955 -2.9086 2.5
      vertex 33.0332 -2.47415 2.5
      vertex 35.384 -3.48251 2.5
    endloop
  endfacet
  facet normal 0 0 1
    outer loop
      vertex 32.0175 5.7961 2.5
      vertex 34.3019 6.81284 2.5
      vertex 34.0548 7.34271 2.5
    endloop
  endfacet
  facet normal -0 0 1
    outer loop
      vertex 32.9382 -2.96274 2.5
      vertex 35.384 -3.48251 2.5
      vertex 33.0332 -2.47415 2.5
    endloop
  endfacet
  facet normal 0 0 1
    outer loop
      vertex 31.8075 6.24646 2.5
      vertex 34.0548 7.34271 2.5
      vertex 33.7894 7.86365 2.5
    endloop
  endfacet
  facet normal 0 0 1
    outer loop
      vertex 35.384 -3.48251 2.5
      vertex 32.9382 -2.96274 2.5
      vertex 35.2524 -4.05219 2.5
    endloop
  endfacet
  facet normal 0 0 1
    outer loop
      vertex 31.5817 6.68976 2.5
      vertex 33.7894 7.86365 2.5
      vertex 33.5059 8.375 2.5
    endloop
  endfacet
  facet normal -0 0 1
    outer loop
      vertex 32.8264 -3.44722 2.5
      vertex 35.2524 -4.05219 2.5
      vertex 32.9382 -2.96274 2.5
    endloop
  endfacet
  facet normal 0 0 1
    outer loop
      vertex 35.2524 -4.05219 2.5
      vertex 32.8264 -3.44722 2.5
      vertex 35.1011 -4.61691 2.5
    endloop
  endfacet
  facet normal 0 0 1
    outer loop
      vertex 35.7398 0.584564 2.5
      vertex 33.2409 0.497391 2.5
      vertex 33.2496 0 2.5
    endloop
  endfacet
  facet normal 0 0 1
    outer loop
      vertex 35.7092 1.16841 2.5
      vertex 33.2149 0.993713 2.5
      vertex 33.2409 0.497391 2.5
    endloop
  endfacet
  facet normal 0 0 1
    outer loop
      vertex 31.3405 7.12494 2.5
      vertex 33.5059 8.375 2.5
      vertex 33.2048 8.87614 2.5
    endloop
  endfacet
  facet normal 0 0 1
    outer loop
      vertex 35.6582 1.75084 2.5
      vertex 33.1716 1.48941 2.5
      vertex 33.2149 0.993713 2.5
    endloop
  endfacet
  facet normal 0 0 1
    outer loop
      vertex 35.587 2.33115 2.5
      vertex 33.1109 1.98361 2.5
      vertex 33.1716 1.48941 2.5
    endloop
  endfacet
  facet normal 0 0 1
    outer loop
      vertex 35.4955 2.9086 2.5
      vertex 33.0332 2.47415 2.5
      vertex 33.1109 1.98361 2.5
    endloop
  endfacet
  facet normal 0 0 1
    outer loop
      vertex 35.384 3.48251 2.5
      vertex 32.9382 2.96274 2.5
      vertex 33.0332 2.47415 2.5
    endloop
  endfacet
  facet normal 0 0 1
    outer loop
      vertex 31.0844 7.55115 2.5
      vertex 33.2048 8.87614 2.5
      vertex 32.8864 9.36647 2.5
    endloop
  endfacet
  facet normal 0 0 1
    outer loop
      vertex 35.2524 4.05219 2.5
      vertex 32.8264 3.44722 2.5
      vertex 32.9382 2.96274 2.5
    endloop
  endfacet
  facet normal 0 0 1
    outer loop
      vertex 35.1011 4.61691 2.5
      vertex 32.6976 3.92758 2.5
      vertex 32.8264 3.44722 2.5
    endloop
  endfacet
  facet normal 0 0 1
    outer loop
      vertex 34.9302 5.17603 2.5
      vertex 32.5521 4.40369 2.5
      vertex 32.6976 3.92758 2.5
    endloop
  endfacet
  facet normal 0 0 1
    outer loop
      vertex 30.8136 7.968 2.5
      vertex 32.8864 9.36647 2.5
      vertex 32.551 9.8454 2.5
    endloop
  endfacet
  facet normal 0 0 1
    outer loop
      vertex 34.7398 5.72884 2.5
      vertex 32.3903 4.87355 2.5
      vertex 32.5521 4.40369 2.5
    endloop
  endfacet
  facet normal 0 0 1
    outer loop
      vertex 34.5303 6.27466 2.5
      vertex 32.2121 5.33781 2.5
      vertex 32.3903 4.87355 2.5
    endloop
  endfacet
  facet normal 0 0 1
    outer loop
      vertex 30.528 8.37587 2.5
      vertex 32.551 9.8454 2.5
      vertex 32.1992 10.3123 2.5
    endloop
  endfacet
  facet normal 0 0 1
    outer loop
      vertex 34.3019 6.81284 2.5
      vertex 32.0175 5.7961 2.5
      vertex 32.2121 5.33781 2.5
    endloop
  endfacet
  facet normal 0 0 1
    outer loop
      vertex 30.2287 8.77306 2.5
      vertex 32.1992 10.3123 2.5
      vertex 31.8312 10.7667 2.5
    endloop
  endfacet
  facet normal 0 0 1
    outer loop
      vertex 34.0548 7.34271 2.5
      vertex 31.8075 6.24646 2.5
      vertex 32.0175 5.7961 2.5
    endloop
  endfacet
  facet normal 0 0 1
    outer loop
      vertex 33.7894 7.86365 2.5
      vertex 31.5817 6.68976 2.5
      vertex 31.8075 6.24646 2.5
    endloop
  endfacet
  facet normal 0 0 1
    outer loop
      vertex 29.9161 9.15918 2.5
      vertex 31.8312 10.7667 2.5
      vertex 31.4477 11.2079 2.5
    endloop
  endfacet
  facet normal 0 0 1
    outer loop
      vertex 33.5059 8.375 2.5
      vertex 31.3405 7.12494 2.5
      vertex 31.5817 6.68976 2.5
    endloop
  endfacet
  facet normal 0 0 1
    outer loop
      vertex 33.2048 8.87614 2.5
      vertex 31.0844 7.55115 2.5
      vertex 31.3405 7.12494 2.5
    endloop
  endfacet
  facet normal 0 0 1
    outer loop
      vertex 29.5894 9.53491 2.5
      vertex 31.4477 11.2079 2.5
      vertex 31.0489 11.6355 2.5
    endloop
  endfacet
  facet normal 0 0 1
    outer loop
      vertex 32.8864 9.36647 2.5
      vertex 30.8136 7.968 2.5
      vertex 31.0844 7.55115 2.5
    endloop
  endfacet
  facet normal 0 0 1
    outer loop
      vertex 29.2501 9.89885 2.5
      vertex 31.0489 11.6355 2.5
      vertex 30.6355 12.0489 2.5
    endloop
  endfacet
  facet normal 0 0 1
    outer loop
      vertex 32.551 9.8454 2.5
      vertex 30.528 8.37587 2.5
      vertex 30.8136 7.968 2.5
    endloop
  endfacet
  facet normal 0 0 1
    outer loop
      vertex 32.1992 10.3123 2.5
      vertex 30.2287 8.77306 2.5
      vertex 30.528 8.37587 2.5
    endloop
  endfacet
  facet normal 0 0 1
    outer loop
      vertex 28.8988 10.2501 2.5
      vertex 30.6355 12.0489 2.5
      vertex 30.2079 12.4477 2.5
    endloop
  endfacet
  facet normal 0 0 1
    outer loop
      vertex 31.8312 10.7667 2.5
      vertex 29.9161 9.15918 2.5
      vertex 30.2287 8.77306 2.5
    endloop
  endfacet
  facet normal 0 0 1
    outer loop
      vertex 28.5349 10.5894 2.5
      vertex 30.2079 12.4477 2.5
      vertex 29.7667 12.8312 2.5
    endloop
  endfacet
  facet normal 0 0 1
    outer loop
      vertex 31.4477 11.2079 2.5
      vertex 29.5894 9.53491 2.5
      vertex 29.9161 9.15918 2.5
    endloop
  endfacet
  facet normal 0 0 1
    outer loop
      vertex 28.1592 10.9161 2.5
      vertex 29.7667 12.8312 2.5
      vertex 29.3123 13.1992 2.5
    endloop
  endfacet
  facet normal 0 0 1
    outer loop
      vertex 31.0489 11.6355 2.5
      vertex 29.2501 9.89885 2.5
      vertex 29.5894 9.53491 2.5
    endloop
  endfacet
  facet normal 0 0 1
    outer loop
      vertex 30.6355 12.0489 2.5
      vertex 28.8988 10.2501 2.5
      vertex 29.2501 9.89885 2.5
    endloop
  endfacet
  facet normal 0 0 1
    outer loop
      vertex 27.7731 11.2287 2.5
      vertex 29.3123 13.1992 2.5
      vertex 28.8454 13.551 2.5
    endloop
  endfacet
  facet normal 0 0 1
    outer loop
      vertex 30.2079 12.4477 2.5
      vertex 28.5349 10.5894 2.5
      vertex 28.8988 10.2501 2.5
    endloop
  endfacet
  facet normal 0 0 1
    outer loop
      vertex 27.3759 11.528 2.5
      vertex 28.8454 13.551 2.5
      vertex 28.3665 13.8864 2.5
    endloop
  endfacet
  facet normal 0 0 1
    outer loop
      vertex 29.7667 12.8312 2.5
      vertex 28.1592 10.9161 2.5
      vertex 28.5349 10.5894 2.5
    endloop
  endfacet
  facet normal 0 0 1
    outer loop
      vertex 26.968 11.8136 2.5
      vertex 28.3665 13.8864 2.5
      vertex 27.8761 14.2048 2.5
    endloop
  endfacet
  facet normal 0 0 1
    outer loop
      vertex 29.3123 13.1992 2.5
      vertex 27.7731 11.2287 2.5
      vertex 28.1592 10.9161 2.5
    endloop
  endfacet
  facet normal 0 0 1
    outer loop
      vertex 28.8454 13.551 2.5
      vertex 27.3759 11.528 2.5
      vertex 27.7731 11.2287 2.5
    endloop
  endfacet
  facet normal 0 0 1
    outer loop
      vertex 26.5511 12.0844 2.5
      vertex 27.8761 14.2048 2.5
      vertex 27.375 14.5059 2.5
    endloop
  endfacet
  facet normal 0 0 1
    outer loop
      vertex 28.3665 13.8864 2.5
      vertex 26.968 11.8136 2.5
      vertex 27.3759 11.528 2.5
    endloop
  endfacet
  facet normal 0 0 1
    outer loop
      vertex 26.1249 12.3405 2.5
      vertex 27.375 14.5059 2.5
      vertex 26.8636 14.7894 2.5
    endloop
  endfacet
  facet normal 0 0 1
    outer loop
      vertex 27.8761 14.2048 2.5
      vertex 26.5511 12.0844 2.5
      vertex 26.968 11.8136 2.5
    endloop
  endfacet
  facet normal 0 0 1
    outer loop
      vertex 25.6898 12.5817 2.5
      vertex 26.8636 14.7894 2.5
      vertex 26.3427 15.0548 2.5
    endloop
  endfacet
  facet normal 0 0 1
    outer loop
      vertex 27.375 14.5059 2.5
      vertex 26.1249 12.3405 2.5
      vertex 26.5511 12.0844 2.5
    endloop
  endfacet
  facet normal 0 0 1
    outer loop
      vertex 25.2465 12.8075 2.5
      vertex 26.3427 15.0548 2.5
      vertex 25.8128 15.3019 2.5
    endloop
  endfacet
  facet normal 0 0 1
    outer loop
      vertex 26.8636 14.7894 2.5
      vertex 25.6898 12.5817 2.5
      vertex 26.1249 12.3405 2.5
    endloop
  endfacet
  facet normal 0 0 1
    outer loop
      vertex 24.7961 13.0175 2.5
      vertex 25.8128 15.3019 2.5
      vertex 25.2747 15.5303 2.5
    endloop
  endfacet
  facet normal 0 0 1
    outer loop
      vertex 26.3427 15.0548 2.5
      vertex 25.2465 12.8075 2.5
      vertex 25.6898 12.5817 2.5
    endloop
  endfacet
  facet normal 0 0 1
    outer loop
      vertex 25.8128 15.3019 2.5
      vertex 24.7961 13.0175 2.5
      vertex 25.2465 12.8075 2.5
    endloop
  endfacet
  facet normal 0 0 1
    outer loop
      vertex 24.3378 13.2121 2.5
      vertex 25.2747 15.5303 2.5
      vertex 24.7288 15.7398 2.5
    endloop
  endfacet
  facet normal 0 0 1
    outer loop
      vertex 25.2747 15.5303 2.5
      vertex 24.3378 13.2121 2.5
      vertex 24.7961 13.0175 2.5
    endloop
  endfacet
  facet normal 0 0 1
    outer loop
      vertex 23.8736 13.3903 2.5
      vertex 24.7288 15.7398 2.5
      vertex 24.176 15.9302 2.5
    endloop
  endfacet
  facet normal 0 0 1
    outer loop
      vertex 24.7288 15.7398 2.5
      vertex 23.8736 13.3903 2.5
      vertex 24.3378 13.2121 2.5
    endloop
  endfacet
  facet normal 0 0 1
    outer loop
      vertex 23.4037 13.5521 2.5
      vertex 24.176 15.9302 2.5
      vertex 23.6169 16.1011 2.5
    endloop
  endfacet
  facet normal 0 0 1
    outer loop
      vertex 24.176 15.9302 2.5
      vertex 23.4037 13.5521 2.5
      vertex 23.8736 13.3903 2.5
    endloop
  endfacet
  facet normal 0 0 1
    outer loop
      vertex 22.9276 13.6976 2.5
      vertex 23.6169 16.1011 2.5
      vertex 23.0522 16.2524 2.5
    endloop
  endfacet
  facet normal 0 0 1
    outer loop
      vertex 23.6169 16.1011 2.5
      vertex 22.9276 13.6976 2.5
      vertex 23.4037 13.5521 2.5
    endloop
  endfacet
  facet normal 0 0 1
    outer loop
      vertex 22.4472 13.8264 2.5
      vertex 23.0522 16.2524 2.5
      vertex 22.4825 16.384 2.5
    endloop
  endfacet
  facet normal 0 0 1
    outer loop
      vertex 23.0522 16.2524 2.5
      vertex 22.4472 13.8264 2.5
      vertex 22.9276 13.6976 2.5
    endloop
  endfacet
  facet normal 0 0 1
    outer loop
      vertex 22.4825 16.384 2.5
      vertex 21.9627 13.9382 2.5
      vertex 22.4472 13.8264 2.5
    endloop
  endfacet
  facet normal 0 0 1
    outer loop
      vertex 21.9086 16.4955 2.5
      vertex 21.9627 13.9382 2.5
      vertex 22.4825 16.384 2.5
    endloop
  endfacet
  facet normal 0 0 1
    outer loop
      vertex 21.9086 16.4955 2.5
      vertex 21.4742 14.0332 2.5
      vertex 21.9627 13.9382 2.5
    endloop
  endfacet
  facet normal 0 0 1
    outer loop
      vertex 21.3311 16.587 2.5
      vertex 21.4742 14.0332 2.5
      vertex 21.9086 16.4955 2.5
    endloop
  endfacet
  facet normal 0 0 1
    outer loop
      vertex 21.3311 16.587 2.5
      vertex 20.9836 14.1109 2.5
      vertex 21.4742 14.0332 2.5
    endloop
  endfacet
  facet normal 0 0 1
    outer loop
      vertex 20.7508 16.6582 2.5
      vertex 20.9836 14.1109 2.5
      vertex 21.3311 16.587 2.5
    endloop
  endfacet
  facet normal 0 0 1
    outer loop
      vertex 20.7508 16.6582 2.5
      vertex 20.4894 14.1716 2.5
      vertex 20.9836 14.1109 2.5
    endloop
  endfacet
  facet normal 0 0 1
    outer loop
      vertex 20.1684 16.7092 2.5
      vertex 20.4894 14.1716 2.5
      vertex 20.7508 16.6582 2.5
    endloop
  endfacet
  facet normal 0 0 1
    outer loop
      vertex 20.1684 16.7092 2.5
      vertex 19.9937 14.2149 2.5
      vertex 20.4894 14.1716 2.5
    endloop
  endfacet
  facet normal 0 0 1
    outer loop
      vertex 19.5846 16.7398 2.5
      vertex 19.9937 14.2149 2.5
      vertex 20.1684 16.7092 2.5
    endloop
  endfacet
  facet normal 0 0 1
    outer loop
      vertex 19.5846 16.7398 2.5
      vertex 19.4974 14.2409 2.5
      vertex 19.9937 14.2149 2.5
    endloop
  endfacet
  facet normal 0 0 1
    outer loop
      vertex 19 16.75 2.5
      vertex 19.4974 14.2409 2.5
      vertex 19.5846 16.7398 2.5
    endloop
  endfacet
  facet normal 0 0 1
    outer loop
      vertex 19 16.75 2.5
      vertex 18.9782 14.25 2.5
      vertex 19.4974 14.2409 2.5
    endloop
  endfacet
  facet normal -0 0 1
    outer loop
      vertex 13 16.75 2.5
      vertex 18.9782 14.25 2.5
      vertex 19 16.75 2.5
    endloop
  endfacet
  facet normal 0 0 1
    outer loop
      vertex 18.9782 14.25 2.5
      vertex 13 16.75 2.5
      vertex 13 14.25 2.5
    endloop
  endfacet
  facet normal -0 0 1
    outer loop
      vertex 32.6976 -3.92758 2.5
      vertex 35.1011 -4.61691 2.5
      vertex 32.8264 -3.44722 2.5
    endloop
  endfacet
  facet normal 0 0 1
    outer loop
      vertex 35.1011 -4.61691 2.5
      vertex 32.6976 -3.92758 2.5
      vertex 34.9302 -5.17603 2.5
    endloop
  endfacet
  facet normal -0 0 1
    outer loop
      vertex 32.5521 -4.40369 2.5
      vertex 34.9302 -5.17603 2.5
      vertex 32.6976 -3.92758 2.5
    endloop
  endfacet
  facet normal 0 0 1
    outer loop
      vertex 34.9302 -5.17603 2.5
      vertex 32.5521 -4.40369 2.5
      vertex 34.7398 -5.72884 2.5
    endloop
  endfacet
  facet normal -0 0 1
    outer loop
      vertex 32.3903 -4.87355 2.5
      vertex 34.7398 -5.72884 2.5
      vertex 32.5521 -4.40369 2.5
    endloop
  endfacet
  facet normal 0 0 1
    outer loop
      vertex 34.7398 -5.72884 2.5
      vertex 32.3903 -4.87355 2.5
      vertex 34.5303 -6.27466 2.5
    endloop
  endfacet
  facet normal -0 0 1
    outer loop
      vertex 32.2121 -5.33781 2.5
      vertex 34.5303 -6.27466 2.5
      vertex 32.3903 -4.87355 2.5
    endloop
  endfacet
  facet normal 0 0 1
    outer loop
      vertex 34.5303 -6.27466 2.5
      vertex 32.2121 -5.33781 2.5
      vertex 34.3019 -6.81284 2.5
    endloop
  endfacet
  facet normal -0 0 1
    outer loop
      vertex 32.0175 -5.7961 2.5
      vertex 34.3019 -6.81284 2.5
      vertex 32.2121 -5.33781 2.5
    endloop
  endfacet
  facet normal 0 0 1
    outer loop
      vertex 34.3019 -6.81284 2.5
      vertex 32.0175 -5.7961 2.5
      vertex 34.0548 -7.34271 2.5
    endloop
  endfacet
  facet normal -0 0 1
    outer loop
      vertex 31.8075 -6.24646 2.5
      vertex 34.0548 -7.34271 2.5
      vertex 32.0175 -5.7961 2.5
    endloop
  endfacet
  facet normal 0 0 1
    outer loop
      vertex 34.0548 -7.34271 2.5
      vertex 31.8075 -6.24646 2.5
      vertex 33.7894 -7.86365 2.5
    endloop
  endfacet
  facet normal -0 0 1
    outer loop
      vertex 31.5817 -6.68976 2.5
      vertex 33.7894 -7.86365 2.5
      vertex 31.8075 -6.24646 2.5
    endloop
  endfacet
  facet normal 0 0 1
    outer loop
      vertex 33.7894 -7.86365 2.5
      vertex 31.5817 -6.68976 2.5
      vertex 33.5059 -8.375 2.5
    endloop
  endfacet
  facet normal -0 0 1
    outer loop
      vertex 31.3405 -7.12494 2.5
      vertex 33.5059 -8.375 2.5
      vertex 31.5817 -6.68976 2.5
    endloop
  endfacet
  facet normal 0 0 1
    outer loop
      vertex 33.5059 -8.375 2.5
      vertex 31.3405 -7.12494 2.5
      vertex 33.2048 -8.87614 2.5
    endloop
  endfacet
  facet normal -0 0 1
    outer loop
      vertex 31.0844 -7.55115 2.5
      vertex 33.2048 -8.87614 2.5
      vertex 31.3405 -7.12494 2.5
    endloop
  endfacet
  facet normal 0 0 1
    outer loop
      vertex 33.2048 -8.87614 2.5
      vertex 31.0844 -7.55115 2.5
      vertex 32.8864 -9.36647 2.5
    endloop
  endfacet
  facet normal -0 0 1
    outer loop
      vertex 30.8136 -7.968 2.5
      vertex 32.8864 -9.36647 2.5
      vertex 31.0844 -7.55115 2.5
    endloop
  endfacet
  facet normal 0 0 1
    outer loop
      vertex 32.8864 -9.36647 2.5
      vertex 30.8136 -7.968 2.5
      vertex 32.551 -9.8454 2.5
    endloop
  endfacet
  facet normal -0 0 1
    outer loop
      vertex 30.528 -8.37587 2.5
      vertex 32.551 -9.8454 2.5
      vertex 30.8136 -7.968 2.5
    endloop
  endfacet
  facet normal 0 0 1
    outer loop
      vertex 32.551 -9.8454 2.5
      vertex 30.528 -8.37587 2.5
      vertex 32.1992 -10.3123 2.5
    endloop
  endfacet
  facet normal -0 0 1
    outer loop
      vertex 30.2287 -8.77306 2.5
      vertex 32.1992 -10.3123 2.5
      vertex 30.528 -8.37587 2.5
    endloop
  endfacet
  facet normal 0 0 1
    outer loop
      vertex 32.1992 -10.3123 2.5
      vertex 30.2287 -8.77306 2.5
      vertex 31.8312 -10.7667 2.5
    endloop
  endfacet
  facet normal -0 0 1
    outer loop
      vertex 29.9161 -9.15918 2.5
      vertex 31.8312 -10.7667 2.5
      vertex 30.2287 -8.77306 2.5
    endloop
  endfacet
  facet normal 0 0 1
    outer loop
      vertex 31.8312 -10.7667 2.5
      vertex 29.9161 -9.15918 2.5
      vertex 31.4477 -11.2079 2.5
    endloop
  endfacet
  facet normal -0 0 1
    outer loop
      vertex 29.5894 -9.53491 2.5
      vertex 31.4477 -11.2079 2.5
      vertex 29.9161 -9.15918 2.5
    endloop
  endfacet
  facet normal 0 0 1
    outer loop
      vertex 31.4477 -11.2079 2.5
      vertex 29.5894 -9.53491 2.5
      vertex 31.0489 -11.6355 2.5
    endloop
  endfacet
  facet normal -0 0 1
    outer loop
      vertex 29.2501 -9.89885 2.5
      vertex 31.0489 -11.6355 2.5
      vertex 29.5894 -9.53491 2.5
    endloop
  endfacet
  facet normal 0 0 1
    outer loop
      vertex 31.0489 -11.6355 2.5
      vertex 29.2501 -9.89885 2.5
      vertex 30.6355 -12.0489 2.5
    endloop
  endfacet
  facet normal -0 0 1
    outer loop
      vertex 28.8988 -10.2501 2.5
      vertex 30.6355 -12.0489 2.5
      vertex 29.2501 -9.89885 2.5
    endloop
  endfacet
  facet normal 0 0 1
    outer loop
      vertex 30.6355 -12.0489 2.5
      vertex 28.8988 -10.2501 2.5
      vertex 30.2079 -12.4477 2.5
    endloop
  endfacet
  facet normal -0 0 1
    outer loop
      vertex 28.5349 -10.5894 2.5
      vertex 30.2079 -12.4477 2.5
      vertex 28.8988 -10.2501 2.5
    endloop
  endfacet
  facet normal 0 0 1
    outer loop
      vertex 30.2079 -12.4477 2.5
      vertex 28.5349 -10.5894 2.5
      vertex 29.7667 -12.8312 2.5
    endloop
  endfacet
  facet normal -0 0 1
    outer loop
      vertex 28.1592 -10.9161 2.5
      vertex 29.7667 -12.8312 2.5
      vertex 28.5349 -10.5894 2.5
    endloop
  endfacet
  facet normal 0 0 1
    outer loop
      vertex 29.7667 -12.8312 2.5
      vertex 28.1592 -10.9161 2.5
      vertex 29.3123 -13.1992 2.5
    endloop
  endfacet
  facet normal -0 0 1
    outer loop
      vertex 27.7731 -11.2287 2.5
      vertex 29.3123 -13.1992 2.5
      vertex 28.1592 -10.9161 2.5
    endloop
  endfacet
  facet normal 0 0 1
    outer loop
      vertex 29.3123 -13.1992 2.5
      vertex 27.7731 -11.2287 2.5
      vertex 28.8454 -13.551 2.5
    endloop
  endfacet
  facet normal -0 0 1
    outer loop
      vertex 27.3759 -11.528 2.5
      vertex 28.8454 -13.551 2.5
      vertex 27.7731 -11.2287 2.5
    endloop
  endfacet
  facet normal 0 0 1
    outer loop
      vertex 28.8454 -13.551 2.5
      vertex 27.3759 -11.528 2.5
      vertex 28.3665 -13.8864 2.5
    endloop
  endfacet
  facet normal -0 0 1
    outer loop
      vertex 26.968 -11.8136 2.5
      vertex 28.3665 -13.8864 2.5
      vertex 27.3759 -11.528 2.5
    endloop
  endfacet
  facet normal 0 0 1
    outer loop
      vertex 28.3665 -13.8864 2.5
      vertex 26.968 -11.8136 2.5
      vertex 27.8761 -14.2048 2.5
    endloop
  endfacet
  facet normal -0 0 1
    outer loop
      vertex 26.5511 -12.0844 2.5
      vertex 27.8761 -14.2048 2.5
      vertex 26.968 -11.8136 2.5
    endloop
  endfacet
  facet normal 0 0 1
    outer loop
      vertex 27.8761 -14.2048 2.5
      vertex 26.5511 -12.0844 2.5
      vertex 27.375 -14.5059 2.5
    endloop
  endfacet
  facet normal -0 0 1
    outer loop
      vertex 26.1249 -12.3405 2.5
      vertex 27.375 -14.5059 2.5
      vertex 26.5511 -12.0844 2.5
    endloop
  endfacet
  facet normal 0 0 1
    outer loop
      vertex 27.375 -14.5059 2.5
      vertex 26.1249 -12.3405 2.5
      vertex 26.8636 -14.7894 2.5
    endloop
  endfacet
  facet normal -0 0 1
    outer loop
      vertex 25.6898 -12.5817 2.5
      vertex 26.8636 -14.7894 2.5
      vertex 26.1249 -12.3405 2.5
    endloop
  endfacet
  facet normal 0 0 1
    outer loop
      vertex 26.8636 -14.7894 2.5
      vertex 25.6898 -12.5817 2.5
      vertex 26.3427 -15.0548 2.5
    endloop
  endfacet
  facet normal -0 0 1
    outer loop
      vertex 25.2465 -12.8075 2.5
      vertex 26.3427 -15.0548 2.5
      vertex 25.6898 -12.5817 2.5
    endloop
  endfacet
  facet normal 0 0 1
    outer loop
      vertex 26.3427 -15.0548 2.5
      vertex 25.2465 -12.8075 2.5
      vertex 25.8128 -15.3019 2.5
    endloop
  endfacet
  facet normal -0 0 1
    outer loop
      vertex 24.7961 -13.0175 2.5
      vertex 25.8128 -15.3019 2.5
      vertex 25.2465 -12.8075 2.5
    endloop
  endfacet
  facet normal 0 0 1
    outer loop
      vertex 25.8128 -15.3019 2.5
      vertex 24.7961 -13.0175 2.5
      vertex 25.2747 -15.5303 2.5
    endloop
  endfacet
  facet normal -0 0 1
    outer loop
      vertex 24.3378 -13.2121 2.5
      vertex 25.2747 -15.5303 2.5
      vertex 24.7961 -13.0175 2.5
    endloop
  endfacet
  facet normal 0 0 1
    outer loop
      vertex 25.2747 -15.5303 2.5
      vertex 24.3378 -13.2121 2.5
      vertex 24.7288 -15.7398 2.5
    endloop
  endfacet
  facet normal -0 0 1
    outer loop
      vertex 23.8736 -13.3903 2.5
      vertex 24.7288 -15.7398 2.5
      vertex 24.3378 -13.2121 2.5
    endloop
  endfacet
  facet normal 0 0 1
    outer loop
      vertex 24.7288 -15.7398 2.5
      vertex 23.8736 -13.3903 2.5
      vertex 24.176 -15.9302 2.5
    endloop
  endfacet
  facet normal -0 0 1
    outer loop
      vertex 23.4037 -13.5521 2.5
      vertex 24.176 -15.9302 2.5
      vertex 23.8736 -13.3903 2.5
    endloop
  endfacet
  facet normal 0 0 1
    outer loop
      vertex 24.176 -15.9302 2.5
      vertex 23.4037 -13.5521 2.5
      vertex 23.6169 -16.1011 2.5
    endloop
  endfacet
  facet normal -0 0 1
    outer loop
      vertex 22.9276 -13.6976 2.5
      vertex 23.6169 -16.1011 2.5
      vertex 23.4037 -13.5521 2.5
    endloop
  endfacet
  facet normal 0 0 1
    outer loop
      vertex 23.6169 -16.1011 2.5
      vertex 22.9276 -13.6976 2.5
      vertex 23.0522 -16.2524 2.5
    endloop
  endfacet
  facet normal -0 0 1
    outer loop
      vertex 22.4472 -13.8264 2.5
      vertex 23.0522 -16.2524 2.5
      vertex 22.9276 -13.6976 2.5
    endloop
  endfacet
  facet normal 0 0 1
    outer loop
      vertex 23.0522 -16.2524 2.5
      vertex 22.4472 -13.8264 2.5
      vertex 22.4825 -16.384 2.5
    endloop
  endfacet
  facet normal -0 0 1
    outer loop
      vertex 21.9627 -13.9382 2.5
      vertex 22.4825 -16.384 2.5
      vertex 22.4472 -13.8264 2.5
    endloop
  endfacet
  facet normal 0 0 1
    outer loop
      vertex 21.9627 -13.9382 2.5
      vertex 21.9086 -16.4955 2.5
      vertex 22.4825 -16.384 2.5
    endloop
  endfacet
  facet normal -0 0 1
    outer loop
      vertex 21.4742 -14.0332 2.5
      vertex 21.9086 -16.4955 2.5
      vertex 21.9627 -13.9382 2.5
    endloop
  endfacet
  facet normal 0 0 1
    outer loop
      vertex 21.4742 -14.0332 2.5
      vertex 21.3311 -16.587 2.5
      vertex 21.9086 -16.4955 2.5
    endloop
  endfacet
  facet normal -0 0 1
    outer loop
      vertex 20.9836 -14.1109 2.5
      vertex 21.3311 -16.587 2.5
      vertex 21.4742 -14.0332 2.5
    endloop
  endfacet
  facet normal 0 0 1
    outer loop
      vertex 20.9836 -14.1109 2.5
      vertex 20.7508 -16.6582 2.5
      vertex 21.3311 -16.587 2.5
    endloop
  endfacet
  facet normal -0 0 1
    outer loop
      vertex 20.4894 -14.1716 2.5
      vertex 20.7508 -16.6582 2.5
      vertex 20.9836 -14.1109 2.5
    endloop
  endfacet
  facet normal 0 0 1
    outer loop
      vertex 20.4894 -14.1716 2.5
      vertex 20.1684 -16.7092 2.5
      vertex 20.7508 -16.6582 2.5
    endloop
  endfacet
  facet normal -0 0 1
    outer loop
      vertex 19.9937 -14.2149 2.5
      vertex 20.1684 -16.7092 2.5
      vertex 20.4894 -14.1716 2.5
    endloop
  endfacet
  facet normal 0 0 1
    outer loop
      vertex 19.9937 -14.2149 2.5
      vertex 19.5846 -16.7398 2.5
      vertex 20.1684 -16.7092 2.5
    endloop
  endfacet
  facet normal -0 0 1
    outer loop
      vertex 19.4974 -14.2409 2.5
      vertex 19.5846 -16.7398 2.5
      vertex 19.9937 -14.2149 2.5
    endloop
  endfacet
  facet normal 0 0 1
    outer loop
      vertex 19.4974 -14.2409 2.5
      vertex 19 -16.75 2.5
      vertex 19.5846 -16.7398 2.5
    endloop
  endfacet
  facet normal -0 0 1
    outer loop
      vertex 18.9782 -14.25 2.5
      vertex 19 -16.75 2.5
      vertex 19.4974 -14.2409 2.5
    endloop
  endfacet
  facet normal -0 0 1
    outer loop
      vertex 13 -14.25 2.5
      vertex 19 -16.75 2.5
      vertex 18.9782 -14.25 2.5
    endloop
  endfacet
  facet normal 0 0 1
    outer loop
      vertex 19 -16.75 2.5
      vertex 13 -14.25 2.5
      vertex 13 -16.75 2.5
    endloop
  endfacet
  facet normal 0 0 1
    outer loop
      vertex -13 16.75 2.5
      vertex -18.9782 14.25 2.5
      vertex -13 14.25 2.5
    endloop
  endfacet
  facet normal -0 0 1
    outer loop
      vertex -19 16.75 2.5
      vertex -18.9782 14.25 2.5
      vertex -13 16.75 2.5
    endloop
  endfacet
  facet normal 0 0 1
    outer loop
      vertex -19 16.75 2.5
      vertex -19.4974 14.2409 2.5
      vertex -18.9782 14.25 2.5
    endloop
  endfacet
  facet normal -0 0 1
    outer loop
      vertex -19.5846 16.7398 2.5
      vertex -19.4974 14.2409 2.5
      vertex -19 16.75 2.5
    endloop
  endfacet
  facet normal 0 0 1
    outer loop
      vertex -19.5846 16.7398 2.5
      vertex -19.9937 14.2149 2.5
      vertex -19.4974 14.2409 2.5
    endloop
  endfacet
  facet normal -0 0 1
    outer loop
      vertex -20.1684 16.7092 2.5
      vertex -19.9937 14.2149 2.5
      vertex -19.5846 16.7398 2.5
    endloop
  endfacet
  facet normal 0 0 1
    outer loop
      vertex -20.1684 16.7092 2.5
      vertex -20.4894 14.1716 2.5
      vertex -19.9937 14.2149 2.5
    endloop
  endfacet
  facet normal -0 0 1
    outer loop
      vertex -20.7508 16.6582 2.5
      vertex -20.4894 14.1716 2.5
      vertex -20.1684 16.7092 2.5
    endloop
  endfacet
  facet normal 0 0 1
    outer loop
      vertex -20.7508 16.6582 2.5
      vertex -20.9836 14.1109 2.5
      vertex -20.4894 14.1716 2.5
    endloop
  endfacet
  facet normal -0 0 1
    outer loop
      vertex -21.3311 16.587 2.5
      vertex -20.9836 14.1109 2.5
      vertex -20.7508 16.6582 2.5
    endloop
  endfacet
  facet normal 0 0 1
    outer loop
      vertex -21.3311 16.587 2.5
      vertex -21.4742 14.0332 2.5
      vertex -20.9836 14.1109 2.5
    endloop
  endfacet
  facet normal -0 0 1
    outer loop
      vertex -21.9086 16.4955 2.5
      vertex -21.4742 14.0332 2.5
      vertex -21.3311 16.587 2.5
    endloop
  endfacet
  facet normal 0 0 1
    outer loop
      vertex -21.9086 16.4955 2.5
      vertex -21.9627 13.9382 2.5
      vertex -21.4742 14.0332 2.5
    endloop
  endfacet
  facet normal -0 0 1
    outer loop
      vertex -22.4825 16.384 2.5
      vertex -21.9627 13.9382 2.5
      vertex -21.9086 16.4955 2.5
    endloop
  endfacet
  facet normal 0 0 1
    outer loop
      vertex -21.9627 13.9382 2.5
      vertex -22.4825 16.384 2.5
      vertex -22.4472 13.8264 2.5
    endloop
  endfacet
  facet normal -0 0 1
    outer loop
      vertex -23.0522 16.2524 2.5
      vertex -22.4472 13.8264 2.5
      vertex -22.4825 16.384 2.5
    endloop
  endfacet
  facet normal 0 0 1
    outer loop
      vertex -22.4472 13.8264 2.5
      vertex -23.0522 16.2524 2.5
      vertex -22.9276 13.6976 2.5
    endloop
  endfacet
  facet normal -0 0 1
    outer loop
      vertex -23.6169 16.1011 2.5
      vertex -22.9276 13.6976 2.5
      vertex -23.0522 16.2524 2.5
    endloop
  endfacet
  facet normal 0 0 1
    outer loop
      vertex -22.9276 13.6976 2.5
      vertex -23.6169 16.1011 2.5
      vertex -23.4037 13.5521 2.5
    endloop
  endfacet
  facet normal -0 0 1
    outer loop
      vertex -24.176 15.9302 2.5
      vertex -23.4037 13.5521 2.5
      vertex -23.6169 16.1011 2.5
    endloop
  endfacet
  facet normal 0 0 1
    outer loop
      vertex -23.4037 13.5521 2.5
      vertex -24.176 15.9302 2.5
      vertex -23.8736 13.3903 2.5
    endloop
  endfacet
  facet normal -0 0 1
    outer loop
      vertex -24.7288 15.7398 2.5
      vertex -23.8736 13.3903 2.5
      vertex -24.176 15.9302 2.5
    endloop
  endfacet
  facet normal 0 0 1
    outer loop
      vertex -23.8736 13.3903 2.5
      vertex -24.7288 15.7398 2.5
      vertex -24.3378 13.2121 2.5
    endloop
  endfacet
  facet normal -0 0 1
    outer loop
      vertex -25.2747 15.5303 2.5
      vertex -24.3378 13.2121 2.5
      vertex -24.7288 15.7398 2.5
    endloop
  endfacet
  facet normal 0 0 1
    outer loop
      vertex -24.3378 13.2121 2.5
      vertex -25.2747 15.5303 2.5
      vertex -24.7961 13.0175 2.5
    endloop
  endfacet
  facet normal -0 0 1
    outer loop
      vertex -25.8128 15.3019 2.5
      vertex -24.7961 13.0175 2.5
      vertex -25.2747 15.5303 2.5
    endloop
  endfacet
  facet normal 0 0 1
    outer loop
      vertex -24.7961 13.0175 2.5
      vertex -25.8128 15.3019 2.5
      vertex -25.2465 12.8075 2.5
    endloop
  endfacet
  facet normal -0 0 1
    outer loop
      vertex -26.3427 15.0548 2.5
      vertex -25.2465 12.8075 2.5
      vertex -25.8128 15.3019 2.5
    endloop
  endfacet
  facet normal 0 0 1
    outer loop
      vertex -25.2465 12.8075 2.5
      vertex -26.3427 15.0548 2.5
      vertex -25.6898 12.5817 2.5
    endloop
  endfacet
  facet normal -0 0 1
    outer loop
      vertex -26.8636 14.7894 2.5
      vertex -25.6898 12.5817 2.5
      vertex -26.3427 15.0548 2.5
    endloop
  endfacet
  facet normal 0 0 1
    outer loop
      vertex -25.6898 12.5817 2.5
      vertex -26.8636 14.7894 2.5
      vertex -26.1249 12.3405 2.5
    endloop
  endfacet
  facet normal -0 0 1
    outer loop
      vertex -27.375 14.5059 2.5
      vertex -26.1249 12.3405 2.5
      vertex -26.8636 14.7894 2.5
    endloop
  endfacet
  facet normal 0 0 1
    outer loop
      vertex -26.1249 12.3405 2.5
      vertex -27.375 14.5059 2.5
      vertex -26.5511 12.0844 2.5
    endloop
  endfacet
  facet normal -0 0 1
    outer loop
      vertex -27.8761 14.2048 2.5
      vertex -26.5511 12.0844 2.5
      vertex -27.375 14.5059 2.5
    endloop
  endfacet
  facet normal 0 0 1
    outer loop
      vertex -26.5511 12.0844 2.5
      vertex -27.8761 14.2048 2.5
      vertex -26.968 11.8136 2.5
    endloop
  endfacet
  facet normal -0 0 1
    outer loop
      vertex -28.3665 13.8864 2.5
      vertex -26.968 11.8136 2.5
      vertex -27.8761 14.2048 2.5
    endloop
  endfacet
  facet normal 0 0 1
    outer loop
      vertex -26.968 11.8136 2.5
      vertex -28.3665 13.8864 2.5
      vertex -27.3759 11.528 2.5
    endloop
  endfacet
  facet normal -0 0 1
    outer loop
      vertex -28.8454 13.551 2.5
      vertex -27.3759 11.528 2.5
      vertex -28.3665 13.8864 2.5
    endloop
  endfacet
  facet normal 0 0 1
    outer loop
      vertex -27.3759 11.528 2.5
      vertex -28.8454 13.551 2.5
      vertex -27.7731 11.2287 2.5
    endloop
  endfacet
  facet normal -0 0 1
    outer loop
      vertex -29.3123 13.1992 2.5
      vertex -27.7731 11.2287 2.5
      vertex -28.8454 13.551 2.5
    endloop
  endfacet
  facet normal 0 0 1
    outer loop
      vertex -27.7731 11.2287 2.5
      vertex -29.3123 13.1992 2.5
      vertex -28.1592 10.9161 2.5
    endloop
  endfacet
  facet normal -0 0 1
    outer loop
      vertex -29.7667 12.8312 2.5
      vertex -28.1592 10.9161 2.5
      vertex -29.3123 13.1992 2.5
    endloop
  endfacet
  facet normal 0 0 1
    outer loop
      vertex -28.1592 10.9161 2.5
      vertex -29.7667 12.8312 2.5
      vertex -28.5349 10.5894 2.5
    endloop
  endfacet
  facet normal -0 0 1
    outer loop
      vertex -30.2079 12.4477 2.5
      vertex -28.5349 10.5894 2.5
      vertex -29.7667 12.8312 2.5
    endloop
  endfacet
  facet normal 0 0 1
    outer loop
      vertex -28.5349 10.5894 2.5
      vertex -30.2079 12.4477 2.5
      vertex -28.8988 10.2501 2.5
    endloop
  endfacet
  facet normal -0 0 1
    outer loop
      vertex -30.6355 12.0489 2.5
      vertex -28.8988 10.2501 2.5
      vertex -30.2079 12.4477 2.5
    endloop
  endfacet
  facet normal 0 0 1
    outer loop
      vertex -28.8988 10.2501 2.5
      vertex -30.6355 12.0489 2.5
      vertex -29.2501 9.89885 2.5
    endloop
  endfacet
  facet normal -0 0 1
    outer loop
      vertex -31.0489 11.6355 2.5
      vertex -29.2501 9.89885 2.5
      vertex -30.6355 12.0489 2.5
    endloop
  endfacet
  facet normal 0 0 1
    outer loop
      vertex -29.2501 9.89885 2.5
      vertex -31.0489 11.6355 2.5
      vertex -29.5894 9.53491 2.5
    endloop
  endfacet
  facet normal -0 0 1
    outer loop
      vertex -31.4477 11.2079 2.5
      vertex -29.5894 9.53491 2.5
      vertex -31.0489 11.6355 2.5
    endloop
  endfacet
  facet normal 0 0 1
    outer loop
      vertex -29.5894 9.53491 2.5
      vertex -31.4477 11.2079 2.5
      vertex -29.9161 9.15918 2.5
    endloop
  endfacet
  facet normal -0 0 1
    outer loop
      vertex -31.8312 10.7667 2.5
      vertex -29.9161 9.15918 2.5
      vertex -31.4477 11.2079 2.5
    endloop
  endfacet
  facet normal 0 0 1
    outer loop
      vertex -29.9161 9.15918 2.5
      vertex -31.8312 10.7667 2.5
      vertex -30.2287 8.77306 2.5
    endloop
  endfacet
  facet normal -0 0 1
    outer loop
      vertex -32.1992 10.3123 2.5
      vertex -30.2287 8.77306 2.5
      vertex -31.8312 10.7667 2.5
    endloop
  endfacet
  facet normal 0 0 1
    outer loop
      vertex -30.2287 8.77306 2.5
      vertex -32.1992 10.3123 2.5
      vertex -30.528 8.37587 2.5
    endloop
  endfacet
  facet normal -0 0 1
    outer loop
      vertex -32.551 9.8454 2.5
      vertex -30.528 8.37587 2.5
      vertex -32.1992 10.3123 2.5
    endloop
  endfacet
  facet normal 0 0 1
    outer loop
      vertex -30.528 8.37587 2.5
      vertex -32.551 9.8454 2.5
      vertex -30.8136 7.968 2.5
    endloop
  endfacet
  facet normal -0 0 1
    outer loop
      vertex -32.8864 9.36647 2.5
      vertex -30.8136 7.968 2.5
      vertex -32.551 9.8454 2.5
    endloop
  endfacet
  facet normal 0 0 1
    outer loop
      vertex -30.8136 7.968 2.5
      vertex -32.8864 9.36647 2.5
      vertex -31.0844 7.55115 2.5
    endloop
  endfacet
  facet normal -0 0 1
    outer loop
      vertex -33.2048 8.87614 2.5
      vertex -31.0844 7.55115 2.5
      vertex -32.8864 9.36647 2.5
    endloop
  endfacet
  facet normal 0 0 1
    outer loop
      vertex -31.0844 7.55115 2.5
      vertex -33.2048 8.87614 2.5
      vertex -31.3405 7.12494 2.5
    endloop
  endfacet
  facet normal -0 0 1
    outer loop
      vertex -33.5059 8.375 2.5
      vertex -31.3405 7.12494 2.5
      vertex -33.2048 8.87614 2.5
    endloop
  endfacet
  facet normal 0 0 1
    outer loop
      vertex -31.3405 7.12494 2.5
      vertex -33.5059 8.375 2.5
      vertex -31.5817 6.68976 2.5
    endloop
  endfacet
  facet normal -0 0 1
    outer loop
      vertex -33.7894 7.86365 2.5
      vertex -31.5817 6.68976 2.5
      vertex -33.5059 8.375 2.5
    endloop
  endfacet
  facet normal 0 0 1
    outer loop
      vertex -31.5817 6.68976 2.5
      vertex -33.7894 7.86365 2.5
      vertex -31.8075 6.24646 2.5
    endloop
  endfacet
  facet normal -0 0 1
    outer loop
      vertex -34.0548 7.34271 2.5
      vertex -31.8075 6.24646 2.5
      vertex -33.7894 7.86365 2.5
    endloop
  endfacet
  facet normal 0 0 1
    outer loop
      vertex -31.8075 6.24646 2.5
      vertex -34.0548 7.34271 2.5
      vertex -32.0175 5.7961 2.5
    endloop
  endfacet
  facet normal -0 0 1
    outer loop
      vertex -34.3019 6.81284 2.5
      vertex -32.0175 5.7961 2.5
      vertex -34.0548 7.34271 2.5
    endloop
  endfacet
  facet normal 0 0 1
    outer loop
      vertex -32.0175 5.7961 2.5
      vertex -34.3019 6.81284 2.5
      vertex -32.2121 5.33781 2.5
    endloop
  endfacet
  facet normal -0 0 1
    outer loop
      vertex -34.5303 6.27466 2.5
      vertex -32.2121 5.33781 2.5
      vertex -34.3019 6.81284 2.5
    endloop
  endfacet
  facet normal 0 0 1
    outer loop
      vertex -32.2121 5.33781 2.5
      vertex -34.5303 6.27466 2.5
      vertex -32.3903 4.87355 2.5
    endloop
  endfacet
  facet normal -0 0 1
    outer loop
      vertex -34.7398 5.72884 2.5
      vertex -32.3903 4.87355 2.5
      vertex -34.5303 6.27466 2.5
    endloop
  endfacet
  facet normal 0 0 1
    outer loop
      vertex -32.3903 4.87355 2.5
      vertex -34.7398 5.72884 2.5
      vertex -32.5521 4.40369 2.5
    endloop
  endfacet
  facet normal -0 0 1
    outer loop
      vertex -34.9302 5.17603 2.5
      vertex -32.5521 4.40369 2.5
      vertex -34.7398 5.72884 2.5
    endloop
  endfacet
  facet normal 0 0 1
    outer loop
      vertex -32.5521 4.40369 2.5
      vertex -34.9302 5.17603 2.5
      vertex -32.6976 3.92758 2.5
    endloop
  endfacet
  facet normal -0 0 1
    outer loop
      vertex -35.1011 4.61691 2.5
      vertex -32.6976 3.92758 2.5
      vertex -34.9302 5.17603 2.5
    endloop
  endfacet
  facet normal 0 0 1
    outer loop
      vertex -32.6976 3.92758 2.5
      vertex -35.1011 4.61691 2.5
      vertex -32.8264 3.44722 2.5
    endloop
  endfacet
  facet normal -0 0 1
    outer loop
      vertex -18.9782 -14.25 2.5
      vertex -13 -16.75 2.5
      vertex -13 -14.25 2.5
    endloop
  endfacet
  facet normal 0 0 1
    outer loop
      vertex -18.9782 -14.25 2.5
      vertex -19 -16.75 2.5
      vertex -13 -16.75 2.5
    endloop
  endfacet
  facet normal 0 0 1
    outer loop
      vertex -19.4974 -14.2409 2.5
      vertex -19 -16.75 2.5
      vertex -18.9782 -14.25 2.5
    endloop
  endfacet
  facet normal 0 0 1
    outer loop
      vertex -19.4974 -14.2409 2.5
      vertex -19.5846 -16.7398 2.5
      vertex -19 -16.75 2.5
    endloop
  endfacet
  facet normal 0 0 1
    outer loop
      vertex -19.9937 -14.2149 2.5
      vertex -19.5846 -16.7398 2.5
      vertex -19.4974 -14.2409 2.5
    endloop
  endfacet
  facet normal 0 0 1
    outer loop
      vertex -19.9937 -14.2149 2.5
      vertex -20.1684 -16.7092 2.5
      vertex -19.5846 -16.7398 2.5
    endloop
  endfacet
  facet normal 0 0 1
    outer loop
      vertex -20.4894 -14.1716 2.5
      vertex -20.1684 -16.7092 2.5
      vertex -19.9937 -14.2149 2.5
    endloop
  endfacet
  facet normal 0 0 1
    outer loop
      vertex -20.4894 -14.1716 2.5
      vertex -20.7508 -16.6582 2.5
      vertex -20.1684 -16.7092 2.5
    endloop
  endfacet
  facet normal 0 0 1
    outer loop
      vertex -20.9836 -14.1109 2.5
      vertex -20.7508 -16.6582 2.5
      vertex -20.4894 -14.1716 2.5
    endloop
  endfacet
  facet normal 0 0 1
    outer loop
      vertex -20.9836 -14.1109 2.5
      vertex -21.3311 -16.587 2.5
      vertex -20.7508 -16.6582 2.5
    endloop
  endfacet
  facet normal 0 0 1
    outer loop
      vertex -21.4742 -14.0332 2.5
      vertex -21.3311 -16.587 2.5
      vertex -20.9836 -14.1109 2.5
    endloop
  endfacet
  facet normal 0 0 1
    outer loop
      vertex -21.4742 -14.0332 2.5
      vertex -21.9086 -16.4955 2.5
      vertex -21.3311 -16.587 2.5
    endloop
  endfacet
  facet normal 0 0 1
    outer loop
      vertex -21.9627 -13.9382 2.5
      vertex -21.9086 -16.4955 2.5
      vertex -21.4742 -14.0332 2.5
    endloop
  endfacet
  facet normal 0 0 1
    outer loop
      vertex -22.4825 -16.384 2.5
      vertex -21.9627 -13.9382 2.5
      vertex -22.4472 -13.8264 2.5
    endloop
  endfacet
  facet normal 0 0 1
    outer loop
      vertex -21.9627 -13.9382 2.5
      vertex -22.4825 -16.384 2.5
      vertex -21.9086 -16.4955 2.5
    endloop
  endfacet
  facet normal 0 0 1
    outer loop
      vertex -23.0522 -16.2524 2.5
      vertex -22.4472 -13.8264 2.5
      vertex -22.9276 -13.6976 2.5
    endloop
  endfacet
  facet normal 0 0 1
    outer loop
      vertex -22.4472 -13.8264 2.5
      vertex -23.0522 -16.2524 2.5
      vertex -22.4825 -16.384 2.5
    endloop
  endfacet
  facet normal 0 0 1
    outer loop
      vertex -23.6169 -16.1011 2.5
      vertex -22.9276 -13.6976 2.5
      vertex -23.4037 -13.5521 2.5
    endloop
  endfacet
  facet normal 0 0 1
    outer loop
      vertex -22.9276 -13.6976 2.5
      vertex -23.6169 -16.1011 2.5
      vertex -23.0522 -16.2524 2.5
    endloop
  endfacet
  facet normal 0 0 1
    outer loop
      vertex -24.176 -15.9302 2.5
      vertex -23.4037 -13.5521 2.5
      vertex -23.8736 -13.3903 2.5
    endloop
  endfacet
  facet normal 0 0 1
    outer loop
      vertex -23.4037 -13.5521 2.5
      vertex -24.176 -15.9302 2.5
      vertex -23.6169 -16.1011 2.5
    endloop
  endfacet
  facet normal 0 0 1
    outer loop
      vertex -24.7288 -15.7398 2.5
      vertex -23.8736 -13.3903 2.5
      vertex -24.3378 -13.2121 2.5
    endloop
  endfacet
  facet normal 0 0 1
    outer loop
      vertex -23.8736 -13.3903 2.5
      vertex -24.7288 -15.7398 2.5
      vertex -24.176 -15.9302 2.5
    endloop
  endfacet
  facet normal 0 0 1
    outer loop
      vertex -25.2747 -15.5303 2.5
      vertex -24.3378 -13.2121 2.5
      vertex -24.7961 -13.0175 2.5
    endloop
  endfacet
  facet normal 0 0 1
    outer loop
      vertex -25.8128 -15.3019 2.5
      vertex -24.7961 -13.0175 2.5
      vertex -25.2465 -12.8075 2.5
    endloop
  endfacet
  facet normal 0 0 1
    outer loop
      vertex -24.3378 -13.2121 2.5
      vertex -25.2747 -15.5303 2.5
      vertex -24.7288 -15.7398 2.5
    endloop
  endfacet
  facet normal 0 0 1
    outer loop
      vertex -26.3427 -15.0548 2.5
      vertex -25.2465 -12.8075 2.5
      vertex -25.6898 -12.5817 2.5
    endloop
  endfacet
  facet normal 0 0 1
    outer loop
      vertex -24.7961 -13.0175 2.5
      vertex -25.8128 -15.3019 2.5
      vertex -25.2747 -15.5303 2.5
    endloop
  endfacet
  facet normal 0 0 1
    outer loop
      vertex -26.8636 -14.7894 2.5
      vertex -25.6898 -12.5817 2.5
      vertex -26.1249 -12.3405 2.5
    endloop
  endfacet
  facet normal 0 0 1
    outer loop
      vertex -25.2465 -12.8075 2.5
      vertex -26.3427 -15.0548 2.5
      vertex -25.8128 -15.3019 2.5
    endloop
  endfacet
  facet normal 0 0 1
    outer loop
      vertex -27.375 -14.5059 2.5
      vertex -26.1249 -12.3405 2.5
      vertex -26.5511 -12.0844 2.5
    endloop
  endfacet
  facet normal 0 0 1
    outer loop
      vertex -25.6898 -12.5817 2.5
      vertex -26.8636 -14.7894 2.5
      vertex -26.3427 -15.0548 2.5
    endloop
  endfacet
  facet normal 0 0 1
    outer loop
      vertex -27.8761 -14.2048 2.5
      vertex -26.5511 -12.0844 2.5
      vertex -26.968 -11.8136 2.5
    endloop
  endfacet
  facet normal 0 0 1
    outer loop
      vertex -26.1249 -12.3405 2.5
      vertex -27.375 -14.5059 2.5
      vertex -26.8636 -14.7894 2.5
    endloop
  endfacet
  facet normal 0 0 1
    outer loop
      vertex -28.3665 -13.8864 2.5
      vertex -26.968 -11.8136 2.5
      vertex -27.3759 -11.528 2.5
    endloop
  endfacet
  facet normal 0 0 1
    outer loop
      vertex -28.8454 -13.551 2.5
      vertex -27.3759 -11.528 2.5
      vertex -27.7731 -11.2287 2.5
    endloop
  endfacet
  facet normal 0 0 1
    outer loop
      vertex -26.5511 -12.0844 2.5
      vertex -27.8761 -14.2048 2.5
      vertex -27.375 -14.5059 2.5
    endloop
  endfacet
  facet normal 0 0 1
    outer loop
      vertex -29.3123 -13.1992 2.5
      vertex -27.7731 -11.2287 2.5
      vertex -28.1592 -10.9161 2.5
    endloop
  endfacet
  facet normal 0 0 1
    outer loop
      vertex -26.968 -11.8136 2.5
      vertex -28.3665 -13.8864 2.5
      vertex -27.8761 -14.2048 2.5
    endloop
  endfacet
  facet normal 0 0 1
    outer loop
      vertex -29.7667 -12.8312 2.5
      vertex -28.1592 -10.9161 2.5
      vertex -28.5349 -10.5894 2.5
    endloop
  endfacet
  facet normal 0 0 1
    outer loop
      vertex -27.3759 -11.528 2.5
      vertex -28.8454 -13.551 2.5
      vertex -28.3665 -13.8864 2.5
    endloop
  endfacet
  facet normal 0 0 1
    outer loop
      vertex -30.2079 -12.4477 2.5
      vertex -28.5349 -10.5894 2.5
      vertex -28.8988 -10.2501 2.5
    endloop
  endfacet
  facet normal 0 0 1
    outer loop
      vertex -30.6355 -12.0489 2.5
      vertex -28.8988 -10.2501 2.5
      vertex -29.2501 -9.89885 2.5
    endloop
  endfacet
  facet normal 0 0 1
    outer loop
      vertex -27.7731 -11.2287 2.5
      vertex -29.3123 -13.1992 2.5
      vertex -28.8454 -13.551 2.5
    endloop
  endfacet
  facet normal 0 0 1
    outer loop
      vertex -31.0489 -11.6355 2.5
      vertex -29.2501 -9.89885 2.5
      vertex -29.5894 -9.53491 2.5
    endloop
  endfacet
  facet normal 0 0 1
    outer loop
      vertex -28.1592 -10.9161 2.5
      vertex -29.7667 -12.8312 2.5
      vertex -29.3123 -13.1992 2.5
    endloop
  endfacet
  facet normal 0 0 1
    outer loop
      vertex -31.4477 -11.2079 2.5
      vertex -29.5894 -9.53491 2.5
      vertex -29.9161 -9.15918 2.5
    endloop
  endfacet
  facet normal 0 0 1
    outer loop
      vertex -28.5349 -10.5894 2.5
      vertex -30.2079 -12.4477 2.5
      vertex -29.7667 -12.8312 2.5
    endloop
  endfacet
  facet normal 0 0 1
    outer loop
      vertex -31.8312 -10.7667 2.5
      vertex -29.9161 -9.15918 2.5
      vertex -30.2287 -8.77306 2.5
    endloop
  endfacet
  facet normal 0 0 1
    outer loop
      vertex -32.1992 -10.3123 2.5
      vertex -30.2287 -8.77306 2.5
      vertex -30.528 -8.37587 2.5
    endloop
  endfacet
  facet normal 0 0 1
    outer loop
      vertex -28.8988 -10.2501 2.5
      vertex -30.6355 -12.0489 2.5
      vertex -30.2079 -12.4477 2.5
    endloop
  endfacet
  facet normal 0 0 1
    outer loop
      vertex -32.551 -9.8454 2.5
      vertex -30.528 -8.37587 2.5
      vertex -30.8136 -7.968 2.5
    endloop
  endfacet
  facet normal 0 0 1
    outer loop
      vertex -29.2501 -9.89885 2.5
      vertex -31.0489 -11.6355 2.5
      vertex -30.6355 -12.0489 2.5
    endloop
  endfacet
  facet normal 0 0 1
    outer loop
      vertex -32.8864 -9.36647 2.5
      vertex -30.8136 -7.968 2.5
      vertex -31.0844 -7.55115 2.5
    endloop
  endfacet
  facet normal 0 0 1
    outer loop
      vertex -33.2048 -8.87614 2.5
      vertex -31.0844 -7.55115 2.5
      vertex -31.3405 -7.12494 2.5
    endloop
  endfacet
  facet normal 0 0 1
    outer loop
      vertex -29.5894 -9.53491 2.5
      vertex -31.4477 -11.2079 2.5
      vertex -31.0489 -11.6355 2.5
    endloop
  endfacet
  facet normal 0 0 1
    outer loop
      vertex -33.5059 -8.375 2.5
      vertex -31.3405 -7.12494 2.5
      vertex -31.5817 -6.68976 2.5
    endloop
  endfacet
  facet normal 0 0 1
    outer loop
      vertex -33.7894 -7.86365 2.5
      vertex -31.5817 -6.68976 2.5
      vertex -31.8075 -6.24646 2.5
    endloop
  endfacet
  facet normal 0 0 1
    outer loop
      vertex -29.9161 -9.15918 2.5
      vertex -31.8312 -10.7667 2.5
      vertex -31.4477 -11.2079 2.5
    endloop
  endfacet
  facet normal 0 0 1
    outer loop
      vertex -34.0548 -7.34271 2.5
      vertex -31.8075 -6.24646 2.5
      vertex -32.0175 -5.7961 2.5
    endloop
  endfacet
  facet normal 0 0 1
    outer loop
      vertex -30.2287 -8.77306 2.5
      vertex -32.1992 -10.3123 2.5
      vertex -31.8312 -10.7667 2.5
    endloop
  endfacet
  facet normal 0 0 1
    outer loop
      vertex -34.3019 -6.81284 2.5
      vertex -32.0175 -5.7961 2.5
      vertex -32.2121 -5.33781 2.5
    endloop
  endfacet
  facet normal 0 0 1
    outer loop
      vertex -34.5303 -6.27466 2.5
      vertex -32.2121 -5.33781 2.5
      vertex -32.3903 -4.87355 2.5
    endloop
  endfacet
  facet normal 0 0 1
    outer loop
      vertex -30.528 -8.37587 2.5
      vertex -32.551 -9.8454 2.5
      vertex -32.1992 -10.3123 2.5
    endloop
  endfacet
  facet normal 0 0 1
    outer loop
      vertex -34.7398 -5.72884 2.5
      vertex -32.3903 -4.87355 2.5
      vertex -32.5521 -4.40369 2.5
    endloop
  endfacet
  facet normal 0 0 1
    outer loop
      vertex -34.9302 -5.17603 2.5
      vertex -32.5521 -4.40369 2.5
      vertex -32.6976 -3.92758 2.5
    endloop
  endfacet
  facet normal 0 0 1
    outer loop
      vertex -35.1011 -4.61691 2.5
      vertex -32.6976 -3.92758 2.5
      vertex -32.8264 -3.44722 2.5
    endloop
  endfacet
  facet normal 0 0 1
    outer loop
      vertex -30.8136 -7.968 2.5
      vertex -32.8864 -9.36647 2.5
      vertex -32.551 -9.8454 2.5
    endloop
  endfacet
  facet normal 0 0 1
    outer loop
      vertex -35.2524 -4.05219 2.5
      vertex -32.8264 -3.44722 2.5
      vertex -32.9382 -2.96274 2.5
    endloop
  endfacet
  facet normal 0 0 1
    outer loop
      vertex -35.384 -3.48251 2.5
      vertex -32.9382 -2.96274 2.5
      vertex -33.0332 -2.47415 2.5
    endloop
  endfacet
  facet normal 0 0 1
    outer loop
      vertex -35.4955 -2.9086 2.5
      vertex -33.0332 -2.47415 2.5
      vertex -33.1109 -1.98361 2.5
    endloop
  endfacet
  facet normal 0 0 1
    outer loop
      vertex -35.587 -2.33115 2.5
      vertex -33.1109 -1.98361 2.5
      vertex -33.1716 -1.48941 2.5
    endloop
  endfacet
  facet normal 0 0 1
    outer loop
      vertex -31.0844 -7.55115 2.5
      vertex -33.2048 -8.87614 2.5
      vertex -32.8864 -9.36647 2.5
    endloop
  endfacet
  facet normal 0 0 1
    outer loop
      vertex -35.6582 -1.75084 2.5
      vertex -33.1716 -1.48941 2.5
      vertex -33.2149 -0.993713 2.5
    endloop
  endfacet
  facet normal 0 0 1
    outer loop
      vertex -35.7092 -1.16841 2.5
      vertex -33.2149 -0.993713 2.5
      vertex -33.2409 -0.497391 2.5
    endloop
  endfacet
  facet normal 0 0 1
    outer loop
      vertex -35.7398 -0.584564 2.5
      vertex -33.2409 -0.497391 2.5
      vertex -33.2496 0 2.5
    endloop
  endfacet
  facet normal -0 0 1
    outer loop
      vertex -35.2524 4.05219 2.5
      vertex -32.8264 3.44722 2.5
      vertex -35.1011 4.61691 2.5
    endloop
  endfacet
  facet normal 0 0 1
    outer loop
      vertex -31.3405 -7.12494 2.5
      vertex -33.5059 -8.375 2.5
      vertex -33.2048 -8.87614 2.5
    endloop
  endfacet
  facet normal 0 0 1
    outer loop
      vertex -32.8264 3.44722 2.5
      vertex -35.2524 4.05219 2.5
      vertex -32.9382 2.96274 2.5
    endloop
  endfacet
  facet normal 0 0 1
    outer loop
      vertex -31.5817 -6.68976 2.5
      vertex -33.7894 -7.86365 2.5
      vertex -33.5059 -8.375 2.5
    endloop
  endfacet
  facet normal -0 0 1
    outer loop
      vertex -35.384 3.48251 2.5
      vertex -32.9382 2.96274 2.5
      vertex -35.2524 4.05219 2.5
    endloop
  endfacet
  facet normal 0 0 1
    outer loop
      vertex -31.8075 -6.24646 2.5
      vertex -34.0548 -7.34271 2.5
      vertex -33.7894 -7.86365 2.5
    endloop
  endfacet
  facet normal 0 0 1
    outer loop
      vertex -32.9382 2.96274 2.5
      vertex -35.384 3.48251 2.5
      vertex -33.0332 2.47415 2.5
    endloop
  endfacet
  facet normal 0 0 1
    outer loop
      vertex -32.0175 -5.7961 2.5
      vertex -34.3019 -6.81284 2.5
      vertex -34.0548 -7.34271 2.5
    endloop
  endfacet
  facet normal -0 0 1
    outer loop
      vertex -35.4955 2.9086 2.5
      vertex -33.0332 2.47415 2.5
      vertex -35.384 3.48251 2.5
    endloop
  endfacet
  facet normal 0 0 1
    outer loop
      vertex -32.2121 -5.33781 2.5
      vertex -34.5303 -6.27466 2.5
      vertex -34.3019 -6.81284 2.5
    endloop
  endfacet
  facet normal 0 0 1
    outer loop
      vertex -33.0332 2.47415 2.5
      vertex -35.4955 2.9086 2.5
      vertex -33.1109 1.98361 2.5
    endloop
  endfacet
  facet normal 0 0 1
    outer loop
      vertex -32.3903 -4.87355 2.5
      vertex -34.7398 -5.72884 2.5
      vertex -34.5303 -6.27466 2.5
    endloop
  endfacet
  facet normal -0 0 1
    outer loop
      vertex -35.587 2.33115 2.5
      vertex -33.1109 1.98361 2.5
      vertex -35.4955 2.9086 2.5
    endloop
  endfacet
  facet normal 0 0 1
    outer loop
      vertex -32.5521 -4.40369 2.5
      vertex -34.9302 -5.17603 2.5
      vertex -34.7398 -5.72884 2.5
    endloop
  endfacet
  facet normal 0 0 1
    outer loop
      vertex -33.1109 1.98361 2.5
      vertex -35.587 2.33115 2.5
      vertex -33.1716 1.48941 2.5
    endloop
  endfacet
  facet normal 0 0 1
    outer loop
      vertex -32.6976 -3.92758 2.5
      vertex -35.1011 -4.61691 2.5
      vertex -34.9302 -5.17603 2.5
    endloop
  endfacet
  facet normal -0 0 1
    outer loop
      vertex -35.6582 1.75084 2.5
      vertex -33.1716 1.48941 2.5
      vertex -35.587 2.33115 2.5
    endloop
  endfacet
  facet normal 0 0 1
    outer loop
      vertex -32.8264 -3.44722 2.5
      vertex -35.2524 -4.05219 2.5
      vertex -35.1011 -4.61691 2.5
    endloop
  endfacet
  facet normal 0 0 1
    outer loop
      vertex -33.1716 1.48941 2.5
      vertex -35.6582 1.75084 2.5
      vertex -33.2149 0.993713 2.5
    endloop
  endfacet
  facet normal 0 0 1
    outer loop
      vertex -32.9382 -2.96274 2.5
      vertex -35.384 -3.48251 2.5
      vertex -35.2524 -4.05219 2.5
    endloop
  endfacet
  facet normal -0 0 1
    outer loop
      vertex -35.7092 1.16841 2.5
      vertex -33.2149 0.993713 2.5
      vertex -35.6582 1.75084 2.5
    endloop
  endfacet
  facet normal 0 0 1
    outer loop
      vertex -33.0332 -2.47415 2.5
      vertex -35.4955 -2.9086 2.5
      vertex -35.384 -3.48251 2.5
    endloop
  endfacet
  facet normal 0 0 1
    outer loop
      vertex -33.2149 0.993713 2.5
      vertex -35.7092 1.16841 2.5
      vertex -33.2409 0.497391 2.5
    endloop
  endfacet
  facet normal 0 0 1
    outer loop
      vertex -33.1109 -1.98361 2.5
      vertex -35.587 -2.33115 2.5
      vertex -35.4955 -2.9086 2.5
    endloop
  endfacet
  facet normal -0 0 1
    outer loop
      vertex -35.7398 0.584564 2.5
      vertex -33.2409 0.497391 2.5
      vertex -35.7092 1.16841 2.5
    endloop
  endfacet
  facet normal 0 0 1
    outer loop
      vertex -33.1716 -1.48941 2.5
      vertex -35.6582 -1.75084 2.5
      vertex -35.587 -2.33115 2.5
    endloop
  endfacet
  facet normal 0 0 1
    outer loop
      vertex -33.2409 0.497391 2.5
      vertex -35.7398 0.584564 2.5
      vertex -33.2496 0 2.5
    endloop
  endfacet
  facet normal 0 0 1
    outer loop
      vertex -33.2149 -0.993713 2.5
      vertex -35.7092 -1.16841 2.5
      vertex -35.6582 -1.75084 2.5
    endloop
  endfacet
  facet normal 0 0 1
    outer loop
      vertex -35.75 0 2.5
      vertex -33.2496 0 2.5
      vertex -35.7398 0.584564 2.5
    endloop
  endfacet
  facet normal 0 0 1
    outer loop
      vertex -33.2409 -0.497391 2.5
      vertex -35.7398 -0.584564 2.5
      vertex -35.7092 -1.16841 2.5
    endloop
  endfacet
  facet normal 0 0 1
    outer loop
      vertex -33.2496 0 2.5
      vertex -35.75 0 2.5
      vertex -35.7398 -0.584564 2.5
    endloop
  endfacet
  facet normal 0 0 -1
    outer loop
      vertex -13 16.75 2.5
      vertex 13 19.75 2.5
      vertex 13 16.75 2.5
    endloop
  endfacet
  facet normal -0 0 -1
    outer loop
      vertex 13 19.75 2.5
      vertex -13 16.75 2.5
      vertex -13 19.75 2.5
    endloop
  endfacet
  facet normal 0 0 -1
    outer loop
      vertex -13 -19.75 2.5
      vertex 13 -16.75 2.5
      vertex 13 -19.75 2.5
    endloop
  endfacet
  facet normal -0 0 -1
    outer loop
      vertex 13 -16.75 2.5
      vertex -13 -19.75 2.5
      vertex -13 -16.75 2.5
    endloop
  endfacet
  facet normal 0.0175243 0.999846 -0
    outer loop
      vertex -18.9782 -14.25 0
      vertex -19.4974 -14.2409 2.5
      vertex -18.9782 -14.25 2.5
    endloop
  endfacet
  facet normal 0.0175243 0.999846 0
    outer loop
      vertex -19.4974 -14.2409 2.5
      vertex -18.9782 -14.25 0
      vertex -19.4974 -14.2409 0
    endloop
  endfacet
  facet normal 0.0523159 0.998631 -0
    outer loop
      vertex -19.4974 -14.2409 0
      vertex -19.9937 -14.2149 2.5
      vertex -19.4974 -14.2409 2.5
    endloop
  endfacet
  facet normal 0.0523159 0.998631 0
    outer loop
      vertex -19.9937 -14.2149 2.5
      vertex -19.4974 -14.2409 0
      vertex -19.9937 -14.2149 0
    endloop
  endfacet
  facet normal 0.0870199 0.996207 -0
    outer loop
      vertex -19.9937 -14.2149 0
      vertex -20.4894 -14.1716 2.5
      vertex -19.9937 -14.2149 2.5
    endloop
  endfacet
  facet normal 0.0870199 0.996207 0
    outer loop
      vertex -20.4894 -14.1716 2.5
      vertex -19.9937 -14.2149 0
      vertex -20.4894 -14.1716 0
    endloop
  endfacet
  facet normal 0.121909 0.992541 -0
    outer loop
      vertex -20.4894 -14.1716 0
      vertex -20.9836 -14.1109 2.5
      vertex -20.4894 -14.1716 2.5
    endloop
  endfacet
  facet normal 0.121909 0.992541 0
    outer loop
      vertex -20.9836 -14.1109 2.5
      vertex -20.4894 -14.1716 0
      vertex -20.9836 -14.1109 0
    endloop
  endfacet
  facet normal 0.156428 0.987689 -0
    outer loop
      vertex -20.9836 -14.1109 0
      vertex -21.4742 -14.0332 2.5
      vertex -20.9836 -14.1109 2.5
    endloop
  endfacet
  facet normal 0.156428 0.987689 0
    outer loop
      vertex -21.4742 -14.0332 2.5
      vertex -20.9836 -14.1109 0
      vertex -21.4742 -14.0332 0
    endloop
  endfacet
  facet normal 0.190897 0.98161 -0
    outer loop
      vertex -21.4742 -14.0332 0
      vertex -21.9627 -13.9382 2.5
      vertex -21.4742 -14.0332 2.5
    endloop
  endfacet
  facet normal 0.190897 0.98161 0
    outer loop
      vertex -21.9627 -13.9382 2.5
      vertex -21.4742 -14.0332 0
      vertex -21.9627 -13.9382 0
    endloop
  endfacet
  facet normal 0.224845 0.974395 -0
    outer loop
      vertex -21.9627 -13.9382 0
      vertex -22.4472 -13.8264 2.5
      vertex -21.9627 -13.9382 2.5
    endloop
  endfacet
  facet normal 0.224845 0.974395 0
    outer loop
      vertex -22.4472 -13.8264 2.5
      vertex -21.9627 -13.9382 0
      vertex -22.4472 -13.8264 0
    endloop
  endfacet
  facet normal 0.258964 0.965887 -0
    outer loop
      vertex -22.4472 -13.8264 0
      vertex -22.9276 -13.6976 2.5
      vertex -22.4472 -13.8264 2.5
    endloop
  endfacet
  facet normal 0.258964 0.965887 0
    outer loop
      vertex -22.9276 -13.6976 2.5
      vertex -22.4472 -13.8264 0
      vertex -22.9276 -13.6976 0
    endloop
  endfacet
  facet normal 0.292264 0.956338 -0
    outer loop
      vertex -22.9276 -13.6976 0
      vertex -23.4037 -13.5521 2.5
      vertex -22.9276 -13.6976 2.5
    endloop
  endfacet
  facet normal 0.292264 0.956338 0
    outer loop
      vertex -23.4037 -13.5521 2.5
      vertex -22.9276 -13.6976 0
      vertex -23.4037 -13.5521 0
    endloop
  endfacet
  facet normal 0.325569 0.945518 -0
    outer loop
      vertex -23.4037 -13.5521 0
      vertex -23.8736 -13.3903 2.5
      vertex -23.4037 -13.5521 2.5
    endloop
  endfacet
  facet normal 0.325569 0.945518 0
    outer loop
      vertex -23.8736 -13.3903 2.5
      vertex -23.4037 -13.5521 0
      vertex -23.8736 -13.3903 0
    endloop
  endfacet
  facet normal 0.358386 0.933573 -0
    outer loop
      vertex -23.8736 -13.3903 0
      vertex -24.3378 -13.2121 2.5
      vertex -23.8736 -13.3903 2.5
    endloop
  endfacet
  facet normal 0.358386 0.933573 0
    outer loop
      vertex -24.3378 -13.2121 2.5
      vertex -23.8736 -13.3903 0
      vertex -24.3378 -13.2121 0
    endloop
  endfacet
  facet normal 0.390839 0.920459 -0
    outer loop
      vertex -24.3378 -13.2121 0
      vertex -24.7961 -13.0175 2.5
      vertex -24.3378 -13.2121 2.5
    endloop
  endfacet
  facet normal 0.390839 0.920459 0
    outer loop
      vertex -24.7961 -13.0175 2.5
      vertex -24.3378 -13.2121 0
      vertex -24.7961 -13.0175 0
    endloop
  endfacet
  facet normal 0.422577 0.906327 -0
    outer loop
      vertex -24.7961 -13.0175 0
      vertex -25.2465 -12.8075 2.5
      vertex -24.7961 -13.0175 2.5
    endloop
  endfacet
  facet normal 0.422577 0.906327 0
    outer loop
      vertex -25.2465 -12.8075 2.5
      vertex -24.7961 -13.0175 0
      vertex -25.2465 -12.8075 0
    endloop
  endfacet
  facet normal 0.453875 0.891066 -0
    outer loop
      vertex -25.2465 -12.8075 0
      vertex -25.6898 -12.5817 2.5
      vertex -25.2465 -12.8075 2.5
    endloop
  endfacet
  facet normal 0.453875 0.891066 0
    outer loop
      vertex -25.6898 -12.5817 2.5
      vertex -25.2465 -12.8075 0
      vertex -25.6898 -12.5817 0
    endloop
  endfacet
  facet normal 0.484841 0.874603 -0
    outer loop
      vertex -25.6898 -12.5817 0
      vertex -26.1249 -12.3405 2.5
      vertex -25.6898 -12.5817 2.5
    endloop
  endfacet
  facet normal 0.484841 0.874603 0
    outer loop
      vertex -26.1249 -12.3405 2.5
      vertex -25.6898 -12.5817 0
      vertex -26.1249 -12.3405 0
    endloop
  endfacet
  facet normal 0.515058 0.857156 -0
    outer loop
      vertex -26.1249 -12.3405 0
      vertex -26.5511 -12.0844 2.5
      vertex -26.1249 -12.3405 2.5
    endloop
  endfacet
  facet normal 0.515058 0.857156 0
    outer loop
      vertex -26.5511 -12.0844 2.5
      vertex -26.1249 -12.3405 0
      vertex -26.5511 -12.0844 0
    endloop
  endfacet
  facet normal 0.544727 0.838614 -0
    outer loop
      vertex -26.5511 -12.0844 0
      vertex -26.968 -11.8136 2.5
      vertex -26.5511 -12.0844 2.5
    endloop
  endfacet
  facet normal 0.544727 0.838614 0
    outer loop
      vertex -26.968 -11.8136 2.5
      vertex -26.5511 -12.0844 0
      vertex -26.968 -11.8136 0
    endloop
  endfacet
  facet normal 0.573557 0.819166 -0
    outer loop
      vertex -26.968 -11.8136 0
      vertex -27.3759 -11.528 2.5
      vertex -26.968 -11.8136 2.5
    endloop
  endfacet
  facet normal 0.573557 0.819166 0
    outer loop
      vertex -27.3759 -11.528 2.5
      vertex -26.968 -11.8136 0
      vertex -27.3759 -11.528 0
    endloop
  endfacet
  facet normal 0.6018 0.798647 -0
    outer loop
      vertex -27.3759 -11.528 0
      vertex -27.7731 -11.2287 2.5
      vertex -27.3759 -11.528 2.5
    endloop
  endfacet
  facet normal 0.6018 0.798647 0
    outer loop
      vertex -27.7731 -11.2287 2.5
      vertex -27.3759 -11.528 0
      vertex -27.7731 -11.2287 0
    endloop
  endfacet
  facet normal 0.62925 0.777203 -0
    outer loop
      vertex -27.7731 -11.2287 0
      vertex -28.1592 -10.9161 2.5
      vertex -27.7731 -11.2287 2.5
    endloop
  endfacet
  facet normal 0.62925 0.777203 0
    outer loop
      vertex -28.1592 -10.9161 2.5
      vertex -27.7731 -11.2287 0
      vertex -28.1592 -10.9161 0
    endloop
  endfacet
  facet normal 0.656184 0.754601 -0
    outer loop
      vertex -28.1592 -10.9161 0
      vertex -28.5349 -10.5894 2.5
      vertex -28.1592 -10.9161 2.5
    endloop
  endfacet
  facet normal 0.656184 0.754601 0
    outer loop
      vertex -28.5349 -10.5894 2.5
      vertex -28.1592 -10.9161 0
      vertex -28.5349 -10.5894 0
    endloop
  endfacet
  facet normal 0.681953 0.731396 -0
    outer loop
      vertex -28.5349 -10.5894 0
      vertex -28.8988 -10.2501 2.5
      vertex -28.5349 -10.5894 2.5
    endloop
  endfacet
  facet normal 0.681953 0.731396 0
    outer loop
      vertex -28.8988 -10.2501 2.5
      vertex -28.5349 -10.5894 0
      vertex -28.8988 -10.2501 0
    endloop
  endfacet
  facet normal 0.707056 0.707157 0
    outer loop
      vertex -28.8988 -10.2501 2.5
      vertex -29.2501 -9.89885 0
      vertex -29.2501 -9.89885 2.5
    endloop
  endfacet
  facet normal 0.707056 0.707157 0
    outer loop
      vertex -29.2501 -9.89885 0
      vertex -28.8988 -10.2501 2.5
      vertex -28.8988 -10.2501 0
    endloop
  endfacet
  facet normal 0.731433 0.681913 0
    outer loop
      vertex -29.2501 -9.89885 2.5
      vertex -29.5894 -9.53491 0
      vertex -29.5894 -9.53491 2.5
    endloop
  endfacet
  facet normal 0.731433 0.681913 0
    outer loop
      vertex -29.5894 -9.53491 0
      vertex -29.2501 -9.89885 2.5
      vertex -29.2501 -9.89885 0
    endloop
  endfacet
  facet normal 0.754627 0.656154 0
    outer loop
      vertex -29.5894 -9.53491 2.5
      vertex -29.9161 -9.15918 0
      vertex -29.9161 -9.15918 2.5
    endloop
  endfacet
  facet normal 0.754627 0.656154 0
    outer loop
      vertex -29.9161 -9.15918 0
      vertex -29.5894 -9.53491 2.5
      vertex -29.5894 -9.53491 0
    endloop
  endfacet
  facet normal 0.777219 0.629231 0
    outer loop
      vertex -29.9161 -9.15918 2.5
      vertex -30.2287 -8.77306 0
      vertex -30.2287 -8.77306 2.5
    endloop
  endfacet
  facet normal 0.777219 0.629231 0
    outer loop
      vertex -30.2287 -8.77306 0
      vertex -29.9161 -9.15918 2.5
      vertex -29.9161 -9.15918 0
    endloop
  endfacet
  facet normal 0.79864 0.60181 0
    outer loop
      vertex -30.2287 -8.77306 2.5
      vertex -30.528 -8.37587 0
      vertex -30.528 -8.37587 2.5
    endloop
  endfacet
  facet normal 0.79864 0.60181 0
    outer loop
      vertex -30.528 -8.37587 0
      vertex -30.2287 -8.77306 2.5
      vertex -30.2287 -8.77306 0
    endloop
  endfacet
  facet normal 0.819146 0.573585 0
    outer loop
      vertex -30.528 -8.37587 2.5
      vertex -30.8136 -7.968 0
      vertex -30.8136 -7.968 2.5
    endloop
  endfacet
  facet normal 0.819146 0.573585 0
    outer loop
      vertex -30.8136 -7.968 0
      vertex -30.528 -8.37587 2.5
      vertex -30.528 -8.37587 0
    endloop
  endfacet
  facet normal 0.838584 0.544773 0
    outer loop
      vertex -30.8136 -7.968 2.5
      vertex -31.0844 -7.55115 0
      vertex -31.0844 -7.55115 2.5
    endloop
  endfacet
  facet normal 0.838584 0.544773 0
    outer loop
      vertex -31.0844 -7.55115 0
      vertex -30.8136 -7.968 2.5
      vertex -30.8136 -7.968 0
    endloop
  endfacet
  facet normal 0.857161 0.515049 0
    outer loop
      vertex -31.0844 -7.55115 2.5
      vertex -31.3405 -7.12494 0
      vertex -31.3405 -7.12494 2.5
    endloop
  endfacet
  facet normal 0.857161 0.515049 0
    outer loop
      vertex -31.3405 -7.12494 0
      vertex -31.0844 -7.55115 2.5
      vertex -31.0844 -7.55115 0
    endloop
  endfacet
  facet normal 0.87464 0.484772 0
    outer loop
      vertex -31.3405 -7.12494 2.5
      vertex -31.5817 -6.68976 0
      vertex -31.5817 -6.68976 2.5
    endloop
  endfacet
  facet normal 0.87464 0.484772 0
    outer loop
      vertex -31.5817 -6.68976 0
      vertex -31.3405 -7.12494 2.5
      vertex -31.3405 -7.12494 0
    endloop
  endfacet
  facet normal 0.891066 0.453875 0
    outer loop
      vertex -31.5817 -6.68976 2.5
      vertex -31.8075 -6.24646 0
      vertex -31.8075 -6.24646 2.5
    endloop
  endfacet
  facet normal 0.891066 0.453875 0
    outer loop
      vertex -31.8075 -6.24646 0
      vertex -31.5817 -6.68976 2.5
      vertex -31.5817 -6.68976 0
    endloop
  endfacet
  facet normal 0.906313 0.422608 0
    outer loop
      vertex -31.8075 -6.24646 2.5
      vertex -32.0175 -5.7961 0
      vertex -32.0175 -5.7961 2.5
    endloop
  endfacet
  facet normal 0.906313 0.422608 0
    outer loop
      vertex -32.0175 -5.7961 0
      vertex -31.8075 -6.24646 2.5
      vertex -31.8075 -6.24646 0
    endloop
  endfacet
  facet normal 0.920456 0.390846 0
    outer loop
      vertex -32.0175 -5.7961 2.5
      vertex -32.2121 -5.33781 0
      vertex -32.2121 -5.33781 2.5
    endloop
  endfacet
  facet normal 0.920456 0.390846 0
    outer loop
      vertex -32.2121 -5.33781 0
      vertex -32.0175 -5.7961 2.5
      vertex -32.0175 -5.7961 0
    endloop
  endfacet
  facet normal 0.933589 0.358346 0
    outer loop
      vertex -32.2121 -5.33781 2.5
      vertex -32.3903 -4.87355 0
      vertex -32.3903 -4.87355 2.5
    endloop
  endfacet
  facet normal 0.933589 0.358346 0
    outer loop
      vertex -32.3903 -4.87355 0
      vertex -32.2121 -5.33781 2.5
      vertex -32.2121 -5.33781 0
    endloop
  endfacet
  facet normal 0.94551 0.325594 0
    outer loop
      vertex -32.3903 -4.87355 2.5
      vertex -32.5521 -4.40369 0
      vertex -32.5521 -4.40369 2.5
    endloop
  endfacet
  facet normal 0.94551 0.325594 0
    outer loop
      vertex -32.5521 -4.40369 0
      vertex -32.3903 -4.87355 2.5
      vertex -32.3903 -4.87355 0
    endloop
  endfacet
  facet normal 0.956339 0.292259 0
    outer loop
      vertex -32.5521 -4.40369 2.5
      vertex -32.6976 -3.92758 0
      vertex -32.6976 -3.92758 2.5
    endloop
  endfacet
  facet normal 0.956339 0.292259 0
    outer loop
      vertex -32.6976 -3.92758 0
      vertex -32.5521 -4.40369 2.5
      vertex -32.5521 -4.40369 0
    endloop
  endfacet
  facet normal 0.965882 0.258984 0
    outer loop
      vertex -32.6976 -3.92758 2.5
      vertex -32.8264 -3.44722 0
      vertex -32.8264 -3.44722 2.5
    endloop
  endfacet
  facet normal 0.965882 0.258984 0
    outer loop
      vertex -32.8264 -3.44722 0
      vertex -32.6976 -3.92758 2.5
      vertex -32.6976 -3.92758 0
    endloop
  endfacet
  facet normal 0.974393 0.224854 0
    outer loop
      vertex -32.8264 -3.44722 2.5
      vertex -32.9382 -2.96274 0
      vertex -32.9382 -2.96274 2.5
    endloop
  endfacet
  facet normal 0.974393 0.224854 0
    outer loop
      vertex -32.9382 -2.96274 0
      vertex -32.8264 -3.44722 2.5
      vertex -32.8264 -3.44722 0
    endloop
  endfacet
  facet normal 0.981617 0.190863 0
    outer loop
      vertex -32.9382 -2.96274 2.5
      vertex -33.0332 -2.47415 0
      vertex -33.0332 -2.47415 2.5
    endloop
  endfacet
  facet normal 0.981617 0.190863 0
    outer loop
      vertex -33.0332 -2.47415 0
      vertex -32.9382 -2.96274 2.5
      vertex -32.9382 -2.96274 0
    endloop
  endfacet
  facet normal 0.987686 0.156446 0
    outer loop
      vertex -33.0332 -2.47415 2.5
      vertex -33.1109 -1.98361 0
      vertex -33.1109 -1.98361 2.5
    endloop
  endfacet
  facet normal 0.987686 0.156446 0
    outer loop
      vertex -33.1109 -1.98361 0
      vertex -33.0332 -2.47415 2.5
      vertex -33.0332 -2.47415 0
    endloop
  endfacet
  facet normal 0.992541 0.121909 0
    outer loop
      vertex -33.1109 -1.98361 2.5
      vertex -33.1716 -1.48941 0
      vertex -33.1716 -1.48941 2.5
    endloop
  endfacet
  facet normal 0.992541 0.121909 0
    outer loop
      vertex -33.1716 -1.48941 0
      vertex -33.1109 -1.98361 2.5
      vertex -33.1109 -1.98361 0
    endloop
  endfacet
  facet normal 0.996207 0.0870204 0
    outer loop
      vertex -33.1716 -1.48941 2.5
      vertex -33.2149 -0.993713 0
      vertex -33.2149 -0.993713 2.5
    endloop
  endfacet
  facet normal 0.996207 0.0870204 0
    outer loop
      vertex -33.2149 -0.993713 0
      vertex -33.1716 -1.48941 2.5
      vertex -33.1716 -1.48941 0
    endloop
  endfacet
  facet normal 0.998631 0.0523136 0
    outer loop
      vertex -33.2149 -0.993713 2.5
      vertex -33.2409 -0.497391 0
      vertex -33.2409 -0.497391 2.5
    endloop
  endfacet
  facet normal 0.998631 0.0523136 0
    outer loop
      vertex -33.2409 -0.497391 0
      vertex -33.2149 -0.993713 2.5
      vertex -33.2149 -0.993713 0
    endloop
  endfacet
  facet normal 0.999847 0.0174886 0
    outer loop
      vertex -33.2409 -0.497391 2.5
      vertex -33.2496 0 0
      vertex -33.2496 0 2.5
    endloop
  endfacet
  facet normal 0.999847 0.0174886 0
    outer loop
      vertex -33.2496 0 0
      vertex -33.2409 -0.497391 2.5
      vertex -33.2409 -0.497391 0
    endloop
  endfacet
  facet normal 0.999847 -0.0174886 0
    outer loop
      vertex -33.2496 0 2.5
      vertex -33.2409 0.497391 0
      vertex -33.2409 0.497391 2.5
    endloop
  endfacet
  facet normal 0.999847 -0.0174886 0
    outer loop
      vertex -33.2409 0.497391 0
      vertex -33.2496 0 2.5
      vertex -33.2496 0 0
    endloop
  endfacet
  facet normal 0.998631 -0.0523136 0
    outer loop
      vertex -33.2409 0.497391 2.5
      vertex -33.2149 0.993713 0
      vertex -33.2149 0.993713 2.5
    endloop
  endfacet
  facet normal 0.998631 -0.0523136 0
    outer loop
      vertex -33.2149 0.993713 0
      vertex -33.2409 0.497391 2.5
      vertex -33.2409 0.497391 0
    endloop
  endfacet
  facet normal 0.996207 -0.0870204 0
    outer loop
      vertex -33.2149 0.993713 2.5
      vertex -33.1716 1.48941 0
      vertex -33.1716 1.48941 2.5
    endloop
  endfacet
  facet normal 0.996207 -0.0870204 0
    outer loop
      vertex -33.1716 1.48941 0
      vertex -33.2149 0.993713 2.5
      vertex -33.2149 0.993713 0
    endloop
  endfacet
  facet normal 0.992541 -0.121909 0
    outer loop
      vertex -33.1716 1.48941 2.5
      vertex -33.1109 1.98361 0
      vertex -33.1109 1.98361 2.5
    endloop
  endfacet
  facet normal 0.992541 -0.121909 0
    outer loop
      vertex -33.1109 1.98361 0
      vertex -33.1716 1.48941 2.5
      vertex -33.1716 1.48941 0
    endloop
  endfacet
  facet normal 0.987686 -0.156446 0
    outer loop
      vertex -33.1109 1.98361 2.5
      vertex -33.0332 2.47415 0
      vertex -33.0332 2.47415 2.5
    endloop
  endfacet
  facet normal 0.987686 -0.156446 0
    outer loop
      vertex -33.0332 2.47415 0
      vertex -33.1109 1.98361 2.5
      vertex -33.1109 1.98361 0
    endloop
  endfacet
  facet normal 0.981617 -0.190863 0
    outer loop
      vertex -33.0332 2.47415 2.5
      vertex -32.9382 2.96274 0
      vertex -32.9382 2.96274 2.5
    endloop
  endfacet
  facet normal 0.981617 -0.190863 0
    outer loop
      vertex -32.9382 2.96274 0
      vertex -33.0332 2.47415 2.5
      vertex -33.0332 2.47415 0
    endloop
  endfacet
  facet normal 0.974393 -0.224854 0
    outer loop
      vertex -32.9382 2.96274 2.5
      vertex -32.8264 3.44722 0
      vertex -32.8264 3.44722 2.5
    endloop
  endfacet
  facet normal 0.974393 -0.224854 0
    outer loop
      vertex -32.8264 3.44722 0
      vertex -32.9382 2.96274 2.5
      vertex -32.9382 2.96274 0
    endloop
  endfacet
  facet normal 0.965882 -0.258984 0
    outer loop
      vertex -32.8264 3.44722 2.5
      vertex -32.6976 3.92758 0
      vertex -32.6976 3.92758 2.5
    endloop
  endfacet
  facet normal 0.965882 -0.258984 0
    outer loop
      vertex -32.6976 3.92758 0
      vertex -32.8264 3.44722 2.5
      vertex -32.8264 3.44722 0
    endloop
  endfacet
  facet normal 0.956339 -0.292259 0
    outer loop
      vertex -32.6976 3.92758 2.5
      vertex -32.5521 4.40369 0
      vertex -32.5521 4.40369 2.5
    endloop
  endfacet
  facet normal 0.956339 -0.292259 0
    outer loop
      vertex -32.5521 4.40369 0
      vertex -32.6976 3.92758 2.5
      vertex -32.6976 3.92758 0
    endloop
  endfacet
  facet normal 0.94551 -0.325594 0
    outer loop
      vertex -32.5521 4.40369 2.5
      vertex -32.3903 4.87355 0
      vertex -32.3903 4.87355 2.5
    endloop
  endfacet
  facet normal 0.94551 -0.325594 0
    outer loop
      vertex -32.3903 4.87355 0
      vertex -32.5521 4.40369 2.5
      vertex -32.5521 4.40369 0
    endloop
  endfacet
  facet normal 0.933589 -0.358346 0
    outer loop
      vertex -32.3903 4.87355 2.5
      vertex -32.2121 5.33781 0
      vertex -32.2121 5.33781 2.5
    endloop
  endfacet
  facet normal 0.933589 -0.358346 0
    outer loop
      vertex -32.2121 5.33781 0
      vertex -32.3903 4.87355 2.5
      vertex -32.3903 4.87355 0
    endloop
  endfacet
  facet normal 0.920456 -0.390846 0
    outer loop
      vertex -32.2121 5.33781 2.5
      vertex -32.0175 5.7961 0
      vertex -32.0175 5.7961 2.5
    endloop
  endfacet
  facet normal 0.920456 -0.390846 0
    outer loop
      vertex -32.0175 5.7961 0
      vertex -32.2121 5.33781 2.5
      vertex -32.2121 5.33781 0
    endloop
  endfacet
  facet normal 0.906313 -0.422608 0
    outer loop
      vertex -32.0175 5.7961 2.5
      vertex -31.8075 6.24646 0
      vertex -31.8075 6.24646 2.5
    endloop
  endfacet
  facet normal 0.906313 -0.422608 0
    outer loop
      vertex -31.8075 6.24646 0
      vertex -32.0175 5.7961 2.5
      vertex -32.0175 5.7961 0
    endloop
  endfacet
  facet normal 0.891066 -0.453875 0
    outer loop
      vertex -31.8075 6.24646 2.5
      vertex -31.5817 6.68976 0
      vertex -31.5817 6.68976 2.5
    endloop
  endfacet
  facet normal 0.891066 -0.453875 0
    outer loop
      vertex -31.5817 6.68976 0
      vertex -31.8075 6.24646 2.5
      vertex -31.8075 6.24646 0
    endloop
  endfacet
  facet normal 0.87464 -0.484772 0
    outer loop
      vertex -31.5817 6.68976 2.5
      vertex -31.3405 7.12494 0
      vertex -31.3405 7.12494 2.5
    endloop
  endfacet
  facet normal 0.87464 -0.484772 0
    outer loop
      vertex -31.3405 7.12494 0
      vertex -31.5817 6.68976 2.5
      vertex -31.5817 6.68976 0
    endloop
  endfacet
  facet normal 0.857161 -0.515049 0
    outer loop
      vertex -31.3405 7.12494 2.5
      vertex -31.0844 7.55115 0
      vertex -31.0844 7.55115 2.5
    endloop
  endfacet
  facet normal 0.857161 -0.515049 0
    outer loop
      vertex -31.0844 7.55115 0
      vertex -31.3405 7.12494 2.5
      vertex -31.3405 7.12494 0
    endloop
  endfacet
  facet normal 0.838584 -0.544773 0
    outer loop
      vertex -31.0844 7.55115 2.5
      vertex -30.8136 7.968 0
      vertex -30.8136 7.968 2.5
    endloop
  endfacet
  facet normal 0.838584 -0.544773 0
    outer loop
      vertex -30.8136 7.968 0
      vertex -31.0844 7.55115 2.5
      vertex -31.0844 7.55115 0
    endloop
  endfacet
  facet normal 0.819146 -0.573585 0
    outer loop
      vertex -30.8136 7.968 2.5
      vertex -30.528 8.37587 0
      vertex -30.528 8.37587 2.5
    endloop
  endfacet
  facet normal 0.819146 -0.573585 0
    outer loop
      vertex -30.528 8.37587 0
      vertex -30.8136 7.968 2.5
      vertex -30.8136 7.968 0
    endloop
  endfacet
  facet normal 0.79864 -0.60181 0
    outer loop
      vertex -30.528 8.37587 2.5
      vertex -30.2287 8.77306 0
      vertex -30.2287 8.77306 2.5
    endloop
  endfacet
  facet normal 0.79864 -0.60181 0
    outer loop
      vertex -30.2287 8.77306 0
      vertex -30.528 8.37587 2.5
      vertex -30.528 8.37587 0
    endloop
  endfacet
  facet normal 0.777219 -0.629231 0
    outer loop
      vertex -30.2287 8.77306 2.5
      vertex -29.9161 9.15918 0
      vertex -29.9161 9.15918 2.5
    endloop
  endfacet
  facet normal 0.777219 -0.629231 0
    outer loop
      vertex -29.9161 9.15918 0
      vertex -30.2287 8.77306 2.5
      vertex -30.2287 8.77306 0
    endloop
  endfacet
  facet normal 0.754627 -0.656154 0
    outer loop
      vertex -29.9161 9.15918 2.5
      vertex -29.5894 9.53491 0
      vertex -29.5894 9.53491 2.5
    endloop
  endfacet
  facet normal 0.754627 -0.656154 0
    outer loop
      vertex -29.5894 9.53491 0
      vertex -29.9161 9.15918 2.5
      vertex -29.9161 9.15918 0
    endloop
  endfacet
  facet normal 0.731433 -0.681913 0
    outer loop
      vertex -29.5894 9.53491 2.5
      vertex -29.2501 9.89885 0
      vertex -29.2501 9.89885 2.5
    endloop
  endfacet
  facet normal 0.731433 -0.681913 0
    outer loop
      vertex -29.2501 9.89885 0
      vertex -29.5894 9.53491 2.5
      vertex -29.5894 9.53491 0
    endloop
  endfacet
  facet normal 0.707056 -0.707157 0
    outer loop
      vertex -29.2501 9.89885 2.5
      vertex -28.8988 10.2501 0
      vertex -28.8988 10.2501 2.5
    endloop
  endfacet
  facet normal 0.707056 -0.707157 0
    outer loop
      vertex -28.8988 10.2501 0
      vertex -29.2501 9.89885 2.5
      vertex -29.2501 9.89885 0
    endloop
  endfacet
  facet normal 0.681953 -0.731396 0
    outer loop
      vertex -28.8988 10.2501 0
      vertex -28.5349 10.5894 2.5
      vertex -28.8988 10.2501 2.5
    endloop
  endfacet
  facet normal 0.681953 -0.731396 0
    outer loop
      vertex -28.5349 10.5894 2.5
      vertex -28.8988 10.2501 0
      vertex -28.5349 10.5894 0
    endloop
  endfacet
  facet normal 0.656184 -0.754601 0
    outer loop
      vertex -28.5349 10.5894 0
      vertex -28.1592 10.9161 2.5
      vertex -28.5349 10.5894 2.5
    endloop
  endfacet
  facet normal 0.656184 -0.754601 0
    outer loop
      vertex -28.1592 10.9161 2.5
      vertex -28.5349 10.5894 0
      vertex -28.1592 10.9161 0
    endloop
  endfacet
  facet normal 0.62925 -0.777203 0
    outer loop
      vertex -28.1592 10.9161 0
      vertex -27.7731 11.2287 2.5
      vertex -28.1592 10.9161 2.5
    endloop
  endfacet
  facet normal 0.62925 -0.777203 0
    outer loop
      vertex -27.7731 11.2287 2.5
      vertex -28.1592 10.9161 0
      vertex -27.7731 11.2287 0
    endloop
  endfacet
  facet normal 0.6018 -0.798647 0
    outer loop
      vertex -27.7731 11.2287 0
      vertex -27.3759 11.528 2.5
      vertex -27.7731 11.2287 2.5
    endloop
  endfacet
  facet normal 0.6018 -0.798647 0
    outer loop
      vertex -27.3759 11.528 2.5
      vertex -27.7731 11.2287 0
      vertex -27.3759 11.528 0
    endloop
  endfacet
  facet normal 0.573557 -0.819166 0
    outer loop
      vertex -27.3759 11.528 0
      vertex -26.968 11.8136 2.5
      vertex -27.3759 11.528 2.5
    endloop
  endfacet
  facet normal 0.573557 -0.819166 0
    outer loop
      vertex -26.968 11.8136 2.5
      vertex -27.3759 11.528 0
      vertex -26.968 11.8136 0
    endloop
  endfacet
  facet normal 0.544727 -0.838614 0
    outer loop
      vertex -26.968 11.8136 0
      vertex -26.5511 12.0844 2.5
      vertex -26.968 11.8136 2.5
    endloop
  endfacet
  facet normal 0.544727 -0.838614 0
    outer loop
      vertex -26.5511 12.0844 2.5
      vertex -26.968 11.8136 0
      vertex -26.5511 12.0844 0
    endloop
  endfacet
  facet normal 0.515058 -0.857156 0
    outer loop
      vertex -26.5511 12.0844 0
      vertex -26.1249 12.3405 2.5
      vertex -26.5511 12.0844 2.5
    endloop
  endfacet
  facet normal 0.515058 -0.857156 0
    outer loop
      vertex -26.1249 12.3405 2.5
      vertex -26.5511 12.0844 0
      vertex -26.1249 12.3405 0
    endloop
  endfacet
  facet normal 0.484841 -0.874603 0
    outer loop
      vertex -26.1249 12.3405 0
      vertex -25.6898 12.5817 2.5
      vertex -26.1249 12.3405 2.5
    endloop
  endfacet
  facet normal 0.484841 -0.874603 0
    outer loop
      vertex -25.6898 12.5817 2.5
      vertex -26.1249 12.3405 0
      vertex -25.6898 12.5817 0
    endloop
  endfacet
  facet normal 0.453875 -0.891066 0
    outer loop
      vertex -25.6898 12.5817 0
      vertex -25.2465 12.8075 2.5
      vertex -25.6898 12.5817 2.5
    endloop
  endfacet
  facet normal 0.453875 -0.891066 0
    outer loop
      vertex -25.2465 12.8075 2.5
      vertex -25.6898 12.5817 0
      vertex -25.2465 12.8075 0
    endloop
  endfacet
  facet normal 0.422577 -0.906327 0
    outer loop
      vertex -25.2465 12.8075 0
      vertex -24.7961 13.0175 2.5
      vertex -25.2465 12.8075 2.5
    endloop
  endfacet
  facet normal 0.422577 -0.906327 0
    outer loop
      vertex -24.7961 13.0175 2.5
      vertex -25.2465 12.8075 0
      vertex -24.7961 13.0175 0
    endloop
  endfacet
  facet normal 0.390839 -0.920459 0
    outer loop
      vertex -24.7961 13.0175 0
      vertex -24.3378 13.2121 2.5
      vertex -24.7961 13.0175 2.5
    endloop
  endfacet
  facet normal 0.390839 -0.920459 0
    outer loop
      vertex -24.3378 13.2121 2.5
      vertex -24.7961 13.0175 0
      vertex -24.3378 13.2121 0
    endloop
  endfacet
  facet normal 0.358386 -0.933573 0
    outer loop
      vertex -24.3378 13.2121 0
      vertex -23.8736 13.3903 2.5
      vertex -24.3378 13.2121 2.5
    endloop
  endfacet
  facet normal 0.358386 -0.933573 0
    outer loop
      vertex -23.8736 13.3903 2.5
      vertex -24.3378 13.2121 0
      vertex -23.8736 13.3903 0
    endloop
  endfacet
  facet normal 0.325569 -0.945518 0
    outer loop
      vertex -23.8736 13.3903 0
      vertex -23.4037 13.5521 2.5
      vertex -23.8736 13.3903 2.5
    endloop
  endfacet
  facet normal 0.325569 -0.945518 0
    outer loop
      vertex -23.4037 13.5521 2.5
      vertex -23.8736 13.3903 0
      vertex -23.4037 13.5521 0
    endloop
  endfacet
  facet normal 0.292264 -0.956338 0
    outer loop
      vertex -23.4037 13.5521 0
      vertex -22.9276 13.6976 2.5
      vertex -23.4037 13.5521 2.5
    endloop
  endfacet
  facet normal 0.292264 -0.956338 0
    outer loop
      vertex -22.9276 13.6976 2.5
      vertex -23.4037 13.5521 0
      vertex -22.9276 13.6976 0
    endloop
  endfacet
  facet normal 0.258964 -0.965887 0
    outer loop
      vertex -22.9276 13.6976 0
      vertex -22.4472 13.8264 2.5
      vertex -22.9276 13.6976 2.5
    endloop
  endfacet
  facet normal 0.258964 -0.965887 0
    outer loop
      vertex -22.4472 13.8264 2.5
      vertex -22.9276 13.6976 0
      vertex -22.4472 13.8264 0
    endloop
  endfacet
  facet normal 0.224845 -0.974395 0
    outer loop
      vertex -22.4472 13.8264 0
      vertex -21.9627 13.9382 2.5
      vertex -22.4472 13.8264 2.5
    endloop
  endfacet
  facet normal 0.224845 -0.974395 0
    outer loop
      vertex -21.9627 13.9382 2.5
      vertex -22.4472 13.8264 0
      vertex -21.9627 13.9382 0
    endloop
  endfacet
  facet normal 0.190897 -0.98161 0
    outer loop
      vertex -21.9627 13.9382 0
      vertex -21.4742 14.0332 2.5
      vertex -21.9627 13.9382 2.5
    endloop
  endfacet
  facet normal 0.190897 -0.98161 0
    outer loop
      vertex -21.4742 14.0332 2.5
      vertex -21.9627 13.9382 0
      vertex -21.4742 14.0332 0
    endloop
  endfacet
  facet normal 0.156428 -0.987689 0
    outer loop
      vertex -21.4742 14.0332 0
      vertex -20.9836 14.1109 2.5
      vertex -21.4742 14.0332 2.5
    endloop
  endfacet
  facet normal 0.156428 -0.987689 0
    outer loop
      vertex -20.9836 14.1109 2.5
      vertex -21.4742 14.0332 0
      vertex -20.9836 14.1109 0
    endloop
  endfacet
  facet normal 0.121909 -0.992541 0
    outer loop
      vertex -20.9836 14.1109 0
      vertex -20.4894 14.1716 2.5
      vertex -20.9836 14.1109 2.5
    endloop
  endfacet
  facet normal 0.121909 -0.992541 0
    outer loop
      vertex -20.4894 14.1716 2.5
      vertex -20.9836 14.1109 0
      vertex -20.4894 14.1716 0
    endloop
  endfacet
  facet normal 0.0870199 -0.996207 0
    outer loop
      vertex -20.4894 14.1716 0
      vertex -19.9937 14.2149 2.5
      vertex -20.4894 14.1716 2.5
    endloop
  endfacet
  facet normal 0.0870199 -0.996207 0
    outer loop
      vertex -19.9937 14.2149 2.5
      vertex -20.4894 14.1716 0
      vertex -19.9937 14.2149 0
    endloop
  endfacet
  facet normal 0.0523159 -0.998631 0
    outer loop
      vertex -19.9937 14.2149 0
      vertex -19.4974 14.2409 2.5
      vertex -19.9937 14.2149 2.5
    endloop
  endfacet
  facet normal 0.0523159 -0.998631 0
    outer loop
      vertex -19.4974 14.2409 2.5
      vertex -19.9937 14.2149 0
      vertex -19.4974 14.2409 0
    endloop
  endfacet
  facet normal 0.0175243 -0.999846 0
    outer loop
      vertex -19.4974 14.2409 0
      vertex -18.9782 14.25 2.5
      vertex -19.4974 14.2409 2.5
    endloop
  endfacet
  facet normal 0.0175243 -0.999846 0
    outer loop
      vertex -18.9782 14.25 2.5
      vertex -19.4974 14.2409 0
      vertex -18.9782 14.25 0
    endloop
  endfacet
  facet normal 0 -1 0
    outer loop
      vertex 13 14.25 0
      vertex 18.9782 14.25 2.5
      vertex 13 14.25 2.5
    endloop
  endfacet
  facet normal 0 -1 -0
    outer loop
      vertex 18.9782 14.25 2.5
      vertex 13 14.25 0
      vertex 18.9782 14.25 0
    endloop
  endfacet
  facet normal 0 -1 0
    outer loop
      vertex -18.9782 14.25 0
      vertex -13 14.25 2.5
      vertex -18.9782 14.25 2.5
    endloop
  endfacet
  facet normal 0 -1 -0
    outer loop
      vertex -13 14.25 2.5
      vertex -18.9782 14.25 0
      vertex -13 14.25 0
    endloop
  endfacet
  facet normal -0.0175243 -0.999846 0
    outer loop
      vertex 18.9782 14.25 0
      vertex 19.4974 14.2409 2.5
      vertex 18.9782 14.25 2.5
    endloop
  endfacet
  facet normal -0.0175243 -0.999846 -0
    outer loop
      vertex 19.4974 14.2409 2.5
      vertex 18.9782 14.25 0
      vertex 19.4974 14.2409 0
    endloop
  endfacet
  facet normal -0.0523159 -0.998631 0
    outer loop
      vertex 19.4974 14.2409 0
      vertex 19.9937 14.2149 2.5
      vertex 19.4974 14.2409 2.5
    endloop
  endfacet
  facet normal -0.0523159 -0.998631 -0
    outer loop
      vertex 19.9937 14.2149 2.5
      vertex 19.4974 14.2409 0
      vertex 19.9937 14.2149 0
    endloop
  endfacet
  facet normal -0.0870199 -0.996207 0
    outer loop
      vertex 19.9937 14.2149 0
      vertex 20.4894 14.1716 2.5
      vertex 19.9937 14.2149 2.5
    endloop
  endfacet
  facet normal -0.0870199 -0.996207 -0
    outer loop
      vertex 20.4894 14.1716 2.5
      vertex 19.9937 14.2149 0
      vertex 20.4894 14.1716 0
    endloop
  endfacet
  facet normal -0.121909 -0.992541 0
    outer loop
      vertex 20.4894 14.1716 0
      vertex 20.9836 14.1109 2.5
      vertex 20.4894 14.1716 2.5
    endloop
  endfacet
  facet normal -0.121909 -0.992541 -0
    outer loop
      vertex 20.9836 14.1109 2.5
      vertex 20.4894 14.1716 0
      vertex 20.9836 14.1109 0
    endloop
  endfacet
  facet normal -0.156428 -0.987689 0
    outer loop
      vertex 20.9836 14.1109 0
      vertex 21.4742 14.0332 2.5
      vertex 20.9836 14.1109 2.5
    endloop
  endfacet
  facet normal -0.156428 -0.987689 -0
    outer loop
      vertex 21.4742 14.0332 2.5
      vertex 20.9836 14.1109 0
      vertex 21.4742 14.0332 0
    endloop
  endfacet
  facet normal -0.190897 -0.98161 0
    outer loop
      vertex 21.4742 14.0332 0
      vertex 21.9627 13.9382 2.5
      vertex 21.4742 14.0332 2.5
    endloop
  endfacet
  facet normal -0.190897 -0.98161 -0
    outer loop
      vertex 21.9627 13.9382 2.5
      vertex 21.4742 14.0332 0
      vertex 21.9627 13.9382 0
    endloop
  endfacet
  facet normal -0.224845 -0.974395 0
    outer loop
      vertex 21.9627 13.9382 0
      vertex 22.4472 13.8264 2.5
      vertex 21.9627 13.9382 2.5
    endloop
  endfacet
  facet normal -0.224845 -0.974395 -0
    outer loop
      vertex 22.4472 13.8264 2.5
      vertex 21.9627 13.9382 0
      vertex 22.4472 13.8264 0
    endloop
  endfacet
  facet normal -0.258964 -0.965887 0
    outer loop
      vertex 22.4472 13.8264 0
      vertex 22.9276 13.6976 2.5
      vertex 22.4472 13.8264 2.5
    endloop
  endfacet
  facet normal -0.258964 -0.965887 -0
    outer loop
      vertex 22.9276 13.6976 2.5
      vertex 22.4472 13.8264 0
      vertex 22.9276 13.6976 0
    endloop
  endfacet
  facet normal -0.292264 -0.956338 0
    outer loop
      vertex 22.9276 13.6976 0
      vertex 23.4037 13.5521 2.5
      vertex 22.9276 13.6976 2.5
    endloop
  endfacet
  facet normal -0.292264 -0.956338 -0
    outer loop
      vertex 23.4037 13.5521 2.5
      vertex 22.9276 13.6976 0
      vertex 23.4037 13.5521 0
    endloop
  endfacet
  facet normal -0.325569 -0.945518 0
    outer loop
      vertex 23.4037 13.5521 0
      vertex 23.8736 13.3903 2.5
      vertex 23.4037 13.5521 2.5
    endloop
  endfacet
  facet normal -0.325569 -0.945518 -0
    outer loop
      vertex 23.8736 13.3903 2.5
      vertex 23.4037 13.5521 0
      vertex 23.8736 13.3903 0
    endloop
  endfacet
  facet normal -0.358386 -0.933573 0
    outer loop
      vertex 23.8736 13.3903 0
      vertex 24.3378 13.2121 2.5
      vertex 23.8736 13.3903 2.5
    endloop
  endfacet
  facet normal -0.358386 -0.933573 -0
    outer loop
      vertex 24.3378 13.2121 2.5
      vertex 23.8736 13.3903 0
      vertex 24.3378 13.2121 0
    endloop
  endfacet
  facet normal -0.390839 -0.920459 0
    outer loop
      vertex 24.3378 13.2121 0
      vertex 24.7961 13.0175 2.5
      vertex 24.3378 13.2121 2.5
    endloop
  endfacet
  facet normal -0.390839 -0.920459 -0
    outer loop
      vertex 24.7961 13.0175 2.5
      vertex 24.3378 13.2121 0
      vertex 24.7961 13.0175 0
    endloop
  endfacet
  facet normal -0.422577 -0.906327 0
    outer loop
      vertex 24.7961 13.0175 0
      vertex 25.2465 12.8075 2.5
      vertex 24.7961 13.0175 2.5
    endloop
  endfacet
  facet normal -0.422577 -0.906327 -0
    outer loop
      vertex 25.2465 12.8075 2.5
      vertex 24.7961 13.0175 0
      vertex 25.2465 12.8075 0
    endloop
  endfacet
  facet normal -0.453875 -0.891066 0
    outer loop
      vertex 25.2465 12.8075 0
      vertex 25.6898 12.5817 2.5
      vertex 25.2465 12.8075 2.5
    endloop
  endfacet
  facet normal -0.453875 -0.891066 -0
    outer loop
      vertex 25.6898 12.5817 2.5
      vertex 25.2465 12.8075 0
      vertex 25.6898 12.5817 0
    endloop
  endfacet
  facet normal -0.484841 -0.874603 0
    outer loop
      vertex 25.6898 12.5817 0
      vertex 26.1249 12.3405 2.5
      vertex 25.6898 12.5817 2.5
    endloop
  endfacet
  facet normal -0.484841 -0.874603 -0
    outer loop
      vertex 26.1249 12.3405 2.5
      vertex 25.6898 12.5817 0
      vertex 26.1249 12.3405 0
    endloop
  endfacet
  facet normal -0.515058 -0.857156 0
    outer loop
      vertex 26.1249 12.3405 0
      vertex 26.5511 12.0844 2.5
      vertex 26.1249 12.3405 2.5
    endloop
  endfacet
  facet normal -0.515058 -0.857156 -0
    outer loop
      vertex 26.5511 12.0844 2.5
      vertex 26.1249 12.3405 0
      vertex 26.5511 12.0844 0
    endloop
  endfacet
  facet normal -0.544727 -0.838614 0
    outer loop
      vertex 26.5511 12.0844 0
      vertex 26.968 11.8136 2.5
      vertex 26.5511 12.0844 2.5
    endloop
  endfacet
  facet normal -0.544727 -0.838614 -0
    outer loop
      vertex 26.968 11.8136 2.5
      vertex 26.5511 12.0844 0
      vertex 26.968 11.8136 0
    endloop
  endfacet
  facet normal -0.573557 -0.819166 0
    outer loop
      vertex 26.968 11.8136 0
      vertex 27.3759 11.528 2.5
      vertex 26.968 11.8136 2.5
    endloop
  endfacet
  facet normal -0.573557 -0.819166 -0
    outer loop
      vertex 27.3759 11.528 2.5
      vertex 26.968 11.8136 0
      vertex 27.3759 11.528 0
    endloop
  endfacet
  facet normal -0.6018 -0.798647 0
    outer loop
      vertex 27.3759 11.528 0
      vertex 27.7731 11.2287 2.5
      vertex 27.3759 11.528 2.5
    endloop
  endfacet
  facet normal -0.6018 -0.798647 -0
    outer loop
      vertex 27.7731 11.2287 2.5
      vertex 27.3759 11.528 0
      vertex 27.7731 11.2287 0
    endloop
  endfacet
  facet normal -0.62925 -0.777203 0
    outer loop
      vertex 27.7731 11.2287 0
      vertex 28.1592 10.9161 2.5
      vertex 27.7731 11.2287 2.5
    endloop
  endfacet
  facet normal -0.62925 -0.777203 -0
    outer loop
      vertex 28.1592 10.9161 2.5
      vertex 27.7731 11.2287 0
      vertex 28.1592 10.9161 0
    endloop
  endfacet
  facet normal -0.656184 -0.754601 0
    outer loop
      vertex 28.1592 10.9161 0
      vertex 28.5349 10.5894 2.5
      vertex 28.1592 10.9161 2.5
    endloop
  endfacet
  facet normal -0.656184 -0.754601 -0
    outer loop
      vertex 28.5349 10.5894 2.5
      vertex 28.1592 10.9161 0
      vertex 28.5349 10.5894 0
    endloop
  endfacet
  facet normal -0.681953 -0.731396 0
    outer loop
      vertex 28.5349 10.5894 0
      vertex 28.8988 10.2501 2.5
      vertex 28.5349 10.5894 2.5
    endloop
  endfacet
  facet normal -0.681953 -0.731396 -0
    outer loop
      vertex 28.8988 10.2501 2.5
      vertex 28.5349 10.5894 0
      vertex 28.8988 10.2501 0
    endloop
  endfacet
  facet normal -0.707056 -0.707157 0
    outer loop
      vertex 29.2501 9.89885 0
      vertex 28.8988 10.2501 2.5
      vertex 28.8988 10.2501 0
    endloop
  endfacet
  facet normal -0.707056 -0.707157 0
    outer loop
      vertex 28.8988 10.2501 2.5
      vertex 29.2501 9.89885 0
      vertex 29.2501 9.89885 2.5
    endloop
  endfacet
  facet normal -0.731433 -0.681913 0
    outer loop
      vertex 29.5894 9.53491 0
      vertex 29.2501 9.89885 2.5
      vertex 29.2501 9.89885 0
    endloop
  endfacet
  facet normal -0.731433 -0.681913 0
    outer loop
      vertex 29.2501 9.89885 2.5
      vertex 29.5894 9.53491 0
      vertex 29.5894 9.53491 2.5
    endloop
  endfacet
  facet normal -0.754627 -0.656154 0
    outer loop
      vertex 29.9161 9.15918 0
      vertex 29.5894 9.53491 2.5
      vertex 29.5894 9.53491 0
    endloop
  endfacet
  facet normal -0.754627 -0.656154 0
    outer loop
      vertex 29.5894 9.53491 2.5
      vertex 29.9161 9.15918 0
      vertex 29.9161 9.15918 2.5
    endloop
  endfacet
  facet normal -0.777219 -0.629231 0
    outer loop
      vertex 30.2287 8.77306 0
      vertex 29.9161 9.15918 2.5
      vertex 29.9161 9.15918 0
    endloop
  endfacet
  facet normal -0.777219 -0.629231 0
    outer loop
      vertex 29.9161 9.15918 2.5
      vertex 30.2287 8.77306 0
      vertex 30.2287 8.77306 2.5
    endloop
  endfacet
  facet normal -0.79864 -0.60181 0
    outer loop
      vertex 30.528 8.37587 0
      vertex 30.2287 8.77306 2.5
      vertex 30.2287 8.77306 0
    endloop
  endfacet
  facet normal -0.79864 -0.60181 0
    outer loop
      vertex 30.2287 8.77306 2.5
      vertex 30.528 8.37587 0
      vertex 30.528 8.37587 2.5
    endloop
  endfacet
  facet normal -0.819146 -0.573585 0
    outer loop
      vertex 30.8136 7.968 0
      vertex 30.528 8.37587 2.5
      vertex 30.528 8.37587 0
    endloop
  endfacet
  facet normal -0.819146 -0.573585 0
    outer loop
      vertex 30.528 8.37587 2.5
      vertex 30.8136 7.968 0
      vertex 30.8136 7.968 2.5
    endloop
  endfacet
  facet normal -0.838584 -0.544773 0
    outer loop
      vertex 31.0844 7.55115 0
      vertex 30.8136 7.968 2.5
      vertex 30.8136 7.968 0
    endloop
  endfacet
  facet normal -0.838584 -0.544773 0
    outer loop
      vertex 30.8136 7.968 2.5
      vertex 31.0844 7.55115 0
      vertex 31.0844 7.55115 2.5
    endloop
  endfacet
  facet normal -0.857161 -0.515049 0
    outer loop
      vertex 31.3405 7.12494 0
      vertex 31.0844 7.55115 2.5
      vertex 31.0844 7.55115 0
    endloop
  endfacet
  facet normal -0.857161 -0.515049 0
    outer loop
      vertex 31.0844 7.55115 2.5
      vertex 31.3405 7.12494 0
      vertex 31.3405 7.12494 2.5
    endloop
  endfacet
  facet normal -0.87464 -0.484772 0
    outer loop
      vertex 31.5817 6.68976 0
      vertex 31.3405 7.12494 2.5
      vertex 31.3405 7.12494 0
    endloop
  endfacet
  facet normal -0.87464 -0.484772 0
    outer loop
      vertex 31.3405 7.12494 2.5
      vertex 31.5817 6.68976 0
      vertex 31.5817 6.68976 2.5
    endloop
  endfacet
  facet normal -0.891066 -0.453875 0
    outer loop
      vertex 31.8075 6.24646 0
      vertex 31.5817 6.68976 2.5
      vertex 31.5817 6.68976 0
    endloop
  endfacet
  facet normal -0.891066 -0.453875 0
    outer loop
      vertex 31.5817 6.68976 2.5
      vertex 31.8075 6.24646 0
      vertex 31.8075 6.24646 2.5
    endloop
  endfacet
  facet normal -0.906313 -0.422608 0
    outer loop
      vertex 32.0175 5.7961 0
      vertex 31.8075 6.24646 2.5
      vertex 31.8075 6.24646 0
    endloop
  endfacet
  facet normal -0.906313 -0.422608 0
    outer loop
      vertex 31.8075 6.24646 2.5
      vertex 32.0175 5.7961 0
      vertex 32.0175 5.7961 2.5
    endloop
  endfacet
  facet normal -0.920456 -0.390846 0
    outer loop
      vertex 32.2121 5.33781 0
      vertex 32.0175 5.7961 2.5
      vertex 32.0175 5.7961 0
    endloop
  endfacet
  facet normal -0.920456 -0.390846 0
    outer loop
      vertex 32.0175 5.7961 2.5
      vertex 32.2121 5.33781 0
      vertex 32.2121 5.33781 2.5
    endloop
  endfacet
  facet normal -0.933589 -0.358346 0
    outer loop
      vertex 32.3903 4.87355 0
      vertex 32.2121 5.33781 2.5
      vertex 32.2121 5.33781 0
    endloop
  endfacet
  facet normal -0.933589 -0.358346 0
    outer loop
      vertex 32.2121 5.33781 2.5
      vertex 32.3903 4.87355 0
      vertex 32.3903 4.87355 2.5
    endloop
  endfacet
  facet normal -0.94551 -0.325594 0
    outer loop
      vertex 32.5521 4.40369 0
      vertex 32.3903 4.87355 2.5
      vertex 32.3903 4.87355 0
    endloop
  endfacet
  facet normal -0.94551 -0.325594 0
    outer loop
      vertex 32.3903 4.87355 2.5
      vertex 32.5521 4.40369 0
      vertex 32.5521 4.40369 2.5
    endloop
  endfacet
  facet normal -0.956339 -0.292259 0
    outer loop
      vertex 32.6976 3.92758 0
      vertex 32.5521 4.40369 2.5
      vertex 32.5521 4.40369 0
    endloop
  endfacet
  facet normal -0.956339 -0.292259 0
    outer loop
      vertex 32.5521 4.40369 2.5
      vertex 32.6976 3.92758 0
      vertex 32.6976 3.92758 2.5
    endloop
  endfacet
  facet normal -0.965882 -0.258984 0
    outer loop
      vertex 32.8264 3.44722 0
      vertex 32.6976 3.92758 2.5
      vertex 32.6976 3.92758 0
    endloop
  endfacet
  facet normal -0.965882 -0.258984 0
    outer loop
      vertex 32.6976 3.92758 2.5
      vertex 32.8264 3.44722 0
      vertex 32.8264 3.44722 2.5
    endloop
  endfacet
  facet normal -0.974393 -0.224854 0
    outer loop
      vertex 32.9382 2.96274 0
      vertex 32.8264 3.44722 2.5
      vertex 32.8264 3.44722 0
    endloop
  endfacet
  facet normal -0.974393 -0.224854 0
    outer loop
      vertex 32.8264 3.44722 2.5
      vertex 32.9382 2.96274 0
      vertex 32.9382 2.96274 2.5
    endloop
  endfacet
  facet normal -0.981617 -0.190863 0
    outer loop
      vertex 33.0332 2.47415 0
      vertex 32.9382 2.96274 2.5
      vertex 32.9382 2.96274 0
    endloop
  endfacet
  facet normal -0.981617 -0.190863 0
    outer loop
      vertex 32.9382 2.96274 2.5
      vertex 33.0332 2.47415 0
      vertex 33.0332 2.47415 2.5
    endloop
  endfacet
  facet normal -0.987686 -0.156446 0
    outer loop
      vertex 33.1109 1.98361 0
      vertex 33.0332 2.47415 2.5
      vertex 33.0332 2.47415 0
    endloop
  endfacet
  facet normal -0.987686 -0.156446 0
    outer loop
      vertex 33.0332 2.47415 2.5
      vertex 33.1109 1.98361 0
      vertex 33.1109 1.98361 2.5
    endloop
  endfacet
  facet normal -0.992541 -0.121909 0
    outer loop
      vertex 33.1716 1.48941 0
      vertex 33.1109 1.98361 2.5
      vertex 33.1109 1.98361 0
    endloop
  endfacet
  facet normal -0.992541 -0.121909 0
    outer loop
      vertex 33.1109 1.98361 2.5
      vertex 33.1716 1.48941 0
      vertex 33.1716 1.48941 2.5
    endloop
  endfacet
  facet normal -0.996207 -0.0870204 0
    outer loop
      vertex 33.2149 0.993713 0
      vertex 33.1716 1.48941 2.5
      vertex 33.1716 1.48941 0
    endloop
  endfacet
  facet normal -0.996207 -0.0870204 0
    outer loop
      vertex 33.1716 1.48941 2.5
      vertex 33.2149 0.993713 0
      vertex 33.2149 0.993713 2.5
    endloop
  endfacet
  facet normal -0.998631 -0.0523136 0
    outer loop
      vertex 33.2409 0.497391 0
      vertex 33.2149 0.993713 2.5
      vertex 33.2149 0.993713 0
    endloop
  endfacet
  facet normal -0.998631 -0.0523136 0
    outer loop
      vertex 33.2149 0.993713 2.5
      vertex 33.2409 0.497391 0
      vertex 33.2409 0.497391 2.5
    endloop
  endfacet
  facet normal -0.999847 -0.0174886 0
    outer loop
      vertex 33.2496 0 0
      vertex 33.2409 0.497391 2.5
      vertex 33.2409 0.497391 0
    endloop
  endfacet
  facet normal -0.999847 -0.0174886 0
    outer loop
      vertex 33.2409 0.497391 2.5
      vertex 33.2496 0 0
      vertex 33.2496 0 2.5
    endloop
  endfacet
  facet normal -0.999847 0.0174886 0
    outer loop
      vertex 33.2409 -0.497391 0
      vertex 33.2496 0 2.5
      vertex 33.2496 0 0
    endloop
  endfacet
  facet normal -0.999847 0.0174886 0
    outer loop
      vertex 33.2496 0 2.5
      vertex 33.2409 -0.497391 0
      vertex 33.2409 -0.497391 2.5
    endloop
  endfacet
  facet normal -0.998631 0.0523136 0
    outer loop
      vertex 33.2149 -0.993713 0
      vertex 33.2409 -0.497391 2.5
      vertex 33.2409 -0.497391 0
    endloop
  endfacet
  facet normal -0.998631 0.0523136 0
    outer loop
      vertex 33.2409 -0.497391 2.5
      vertex 33.2149 -0.993713 0
      vertex 33.2149 -0.993713 2.5
    endloop
  endfacet
  facet normal -0.996207 0.0870204 0
    outer loop
      vertex 33.1716 -1.48941 0
      vertex 33.2149 -0.993713 2.5
      vertex 33.2149 -0.993713 0
    endloop
  endfacet
  facet normal -0.996207 0.0870204 0
    outer loop
      vertex 33.2149 -0.993713 2.5
      vertex 33.1716 -1.48941 0
      vertex 33.1716 -1.48941 2.5
    endloop
  endfacet
  facet normal -0.992541 0.121909 0
    outer loop
      vertex 33.1109 -1.98361 0
      vertex 33.1716 -1.48941 2.5
      vertex 33.1716 -1.48941 0
    endloop
  endfacet
  facet normal -0.992541 0.121909 0
    outer loop
      vertex 33.1716 -1.48941 2.5
      vertex 33.1109 -1.98361 0
      vertex 33.1109 -1.98361 2.5
    endloop
  endfacet
  facet normal -0.987686 0.156446 0
    outer loop
      vertex 33.0332 -2.47415 0
      vertex 33.1109 -1.98361 2.5
      vertex 33.1109 -1.98361 0
    endloop
  endfacet
  facet normal -0.987686 0.156446 0
    outer loop
      vertex 33.1109 -1.98361 2.5
      vertex 33.0332 -2.47415 0
      vertex 33.0332 -2.47415 2.5
    endloop
  endfacet
  facet normal -0.981617 0.190863 0
    outer loop
      vertex 32.9382 -2.96274 0
      vertex 33.0332 -2.47415 2.5
      vertex 33.0332 -2.47415 0
    endloop
  endfacet
  facet normal -0.981617 0.190863 0
    outer loop
      vertex 33.0332 -2.47415 2.5
      vertex 32.9382 -2.96274 0
      vertex 32.9382 -2.96274 2.5
    endloop
  endfacet
  facet normal -0.974393 0.224854 0
    outer loop
      vertex 32.8264 -3.44722 0
      vertex 32.9382 -2.96274 2.5
      vertex 32.9382 -2.96274 0
    endloop
  endfacet
  facet normal -0.974393 0.224854 0
    outer loop
      vertex 32.9382 -2.96274 2.5
      vertex 32.8264 -3.44722 0
      vertex 32.8264 -3.44722 2.5
    endloop
  endfacet
  facet normal -0.965882 0.258984 0
    outer loop
      vertex 32.6976 -3.92758 0
      vertex 32.8264 -3.44722 2.5
      vertex 32.8264 -3.44722 0
    endloop
  endfacet
  facet normal -0.965882 0.258984 0
    outer loop
      vertex 32.8264 -3.44722 2.5
      vertex 32.6976 -3.92758 0
      vertex 32.6976 -3.92758 2.5
    endloop
  endfacet
  facet normal -0.956339 0.292259 0
    outer loop
      vertex 32.5521 -4.40369 0
      vertex 32.6976 -3.92758 2.5
      vertex 32.6976 -3.92758 0
    endloop
  endfacet
  facet normal -0.956339 0.292259 0
    outer loop
      vertex 32.6976 -3.92758 2.5
      vertex 32.5521 -4.40369 0
      vertex 32.5521 -4.40369 2.5
    endloop
  endfacet
  facet normal -0.94551 0.325594 0
    outer loop
      vertex 32.3903 -4.87355 0
      vertex 32.5521 -4.40369 2.5
      vertex 32.5521 -4.40369 0
    endloop
  endfacet
  facet normal -0.94551 0.325594 0
    outer loop
      vertex 32.5521 -4.40369 2.5
      vertex 32.3903 -4.87355 0
      vertex 32.3903 -4.87355 2.5
    endloop
  endfacet
  facet normal -0.933589 0.358346 0
    outer loop
      vertex 32.2121 -5.33781 0
      vertex 32.3903 -4.87355 2.5
      vertex 32.3903 -4.87355 0
    endloop
  endfacet
  facet normal -0.933589 0.358346 0
    outer loop
      vertex 32.3903 -4.87355 2.5
      vertex 32.2121 -5.33781 0
      vertex 32.2121 -5.33781 2.5
    endloop
  endfacet
  facet normal -0.920456 0.390846 0
    outer loop
      vertex 32.0175 -5.7961 0
      vertex 32.2121 -5.33781 2.5
      vertex 32.2121 -5.33781 0
    endloop
  endfacet
  facet normal -0.920456 0.390846 0
    outer loop
      vertex 32.2121 -5.33781 2.5
      vertex 32.0175 -5.7961 0
      vertex 32.0175 -5.7961 2.5
    endloop
  endfacet
  facet normal -0.906313 0.422608 0
    outer loop
      vertex 31.8075 -6.24646 0
      vertex 32.0175 -5.7961 2.5
      vertex 32.0175 -5.7961 0
    endloop
  endfacet
  facet normal -0.906313 0.422608 0
    outer loop
      vertex 32.0175 -5.7961 2.5
      vertex 31.8075 -6.24646 0
      vertex 31.8075 -6.24646 2.5
    endloop
  endfacet
  facet normal -0.891066 0.453875 0
    outer loop
      vertex 31.5817 -6.68976 0
      vertex 31.8075 -6.24646 2.5
      vertex 31.8075 -6.24646 0
    endloop
  endfacet
  facet normal -0.891066 0.453875 0
    outer loop
      vertex 31.8075 -6.24646 2.5
      vertex 31.5817 -6.68976 0
      vertex 31.5817 -6.68976 2.5
    endloop
  endfacet
  facet normal -0.87464 0.484772 0
    outer loop
      vertex 31.3405 -7.12494 0
      vertex 31.5817 -6.68976 2.5
      vertex 31.5817 -6.68976 0
    endloop
  endfacet
  facet normal -0.87464 0.484772 0
    outer loop
      vertex 31.5817 -6.68976 2.5
      vertex 31.3405 -7.12494 0
      vertex 31.3405 -7.12494 2.5
    endloop
  endfacet
  facet normal -0.857161 0.515049 0
    outer loop
      vertex 31.0844 -7.55115 0
      vertex 31.3405 -7.12494 2.5
      vertex 31.3405 -7.12494 0
    endloop
  endfacet
  facet normal -0.857161 0.515049 0
    outer loop
      vertex 31.3405 -7.12494 2.5
      vertex 31.0844 -7.55115 0
      vertex 31.0844 -7.55115 2.5
    endloop
  endfacet
  facet normal -0.838584 0.544773 0
    outer loop
      vertex 30.8136 -7.968 0
      vertex 31.0844 -7.55115 2.5
      vertex 31.0844 -7.55115 0
    endloop
  endfacet
  facet normal -0.838584 0.544773 0
    outer loop
      vertex 31.0844 -7.55115 2.5
      vertex 30.8136 -7.968 0
      vertex 30.8136 -7.968 2.5
    endloop
  endfacet
  facet normal -0.819146 0.573585 0
    outer loop
      vertex 30.528 -8.37587 0
      vertex 30.8136 -7.968 2.5
      vertex 30.8136 -7.968 0
    endloop
  endfacet
  facet normal -0.819146 0.573585 0
    outer loop
      vertex 30.8136 -7.968 2.5
      vertex 30.528 -8.37587 0
      vertex 30.528 -8.37587 2.5
    endloop
  endfacet
  facet normal -0.79864 0.60181 0
    outer loop
      vertex 30.2287 -8.77306 0
      vertex 30.528 -8.37587 2.5
      vertex 30.528 -8.37587 0
    endloop
  endfacet
  facet normal -0.79864 0.60181 0
    outer loop
      vertex 30.528 -8.37587 2.5
      vertex 30.2287 -8.77306 0
      vertex 30.2287 -8.77306 2.5
    endloop
  endfacet
  facet normal -0.777219 0.629231 0
    outer loop
      vertex 29.9161 -9.15918 0
      vertex 30.2287 -8.77306 2.5
      vertex 30.2287 -8.77306 0
    endloop
  endfacet
  facet normal -0.777219 0.629231 0
    outer loop
      vertex 30.2287 -8.77306 2.5
      vertex 29.9161 -9.15918 0
      vertex 29.9161 -9.15918 2.5
    endloop
  endfacet
  facet normal -0.754627 0.656154 0
    outer loop
      vertex 29.5894 -9.53491 0
      vertex 29.9161 -9.15918 2.5
      vertex 29.9161 -9.15918 0
    endloop
  endfacet
  facet normal -0.754627 0.656154 0
    outer loop
      vertex 29.9161 -9.15918 2.5
      vertex 29.5894 -9.53491 0
      vertex 29.5894 -9.53491 2.5
    endloop
  endfacet
  facet normal -0.731433 0.681913 0
    outer loop
      vertex 29.2501 -9.89885 0
      vertex 29.5894 -9.53491 2.5
      vertex 29.5894 -9.53491 0
    endloop
  endfacet
  facet normal -0.731433 0.681913 0
    outer loop
      vertex 29.5894 -9.53491 2.5
      vertex 29.2501 -9.89885 0
      vertex 29.2501 -9.89885 2.5
    endloop
  endfacet
  facet normal -0.707056 0.707157 0
    outer loop
      vertex 28.8988 -10.2501 0
      vertex 29.2501 -9.89885 2.5
      vertex 29.2501 -9.89885 0
    endloop
  endfacet
  facet normal -0.707056 0.707157 0
    outer loop
      vertex 29.2501 -9.89885 2.5
      vertex 28.8988 -10.2501 0
      vertex 28.8988 -10.2501 2.5
    endloop
  endfacet
  facet normal -0.681953 0.731396 0
    outer loop
      vertex 28.8988 -10.2501 0
      vertex 28.5349 -10.5894 2.5
      vertex 28.8988 -10.2501 2.5
    endloop
  endfacet
  facet normal -0.681953 0.731396 0
    outer loop
      vertex 28.5349 -10.5894 2.5
      vertex 28.8988 -10.2501 0
      vertex 28.5349 -10.5894 0
    endloop
  endfacet
  facet normal -0.656184 0.754601 0
    outer loop
      vertex 28.5349 -10.5894 0
      vertex 28.1592 -10.9161 2.5
      vertex 28.5349 -10.5894 2.5
    endloop
  endfacet
  facet normal -0.656184 0.754601 0
    outer loop
      vertex 28.1592 -10.9161 2.5
      vertex 28.5349 -10.5894 0
      vertex 28.1592 -10.9161 0
    endloop
  endfacet
  facet normal -0.62925 0.777203 0
    outer loop
      vertex 28.1592 -10.9161 0
      vertex 27.7731 -11.2287 2.5
      vertex 28.1592 -10.9161 2.5
    endloop
  endfacet
  facet normal -0.62925 0.777203 0
    outer loop
      vertex 27.7731 -11.2287 2.5
      vertex 28.1592 -10.9161 0
      vertex 27.7731 -11.2287 0
    endloop
  endfacet
  facet normal -0.6018 0.798647 0
    outer loop
      vertex 27.7731 -11.2287 0
      vertex 27.3759 -11.528 2.5
      vertex 27.7731 -11.2287 2.5
    endloop
  endfacet
  facet normal -0.6018 0.798647 0
    outer loop
      vertex 27.3759 -11.528 2.5
      vertex 27.7731 -11.2287 0
      vertex 27.3759 -11.528 0
    endloop
  endfacet
  facet normal -0.573557 0.819166 0
    outer loop
      vertex 27.3759 -11.528 0
      vertex 26.968 -11.8136 2.5
      vertex 27.3759 -11.528 2.5
    endloop
  endfacet
  facet normal -0.573557 0.819166 0
    outer loop
      vertex 26.968 -11.8136 2.5
      vertex 27.3759 -11.528 0
      vertex 26.968 -11.8136 0
    endloop
  endfacet
  facet normal -0.544727 0.838614 0
    outer loop
      vertex 26.968 -11.8136 0
      vertex 26.5511 -12.0844 2.5
      vertex 26.968 -11.8136 2.5
    endloop
  endfacet
  facet normal -0.544727 0.838614 0
    outer loop
      vertex 26.5511 -12.0844 2.5
      vertex 26.968 -11.8136 0
      vertex 26.5511 -12.0844 0
    endloop
  endfacet
  facet normal -0.515058 0.857156 0
    outer loop
      vertex 26.5511 -12.0844 0
      vertex 26.1249 -12.3405 2.5
      vertex 26.5511 -12.0844 2.5
    endloop
  endfacet
  facet normal -0.515058 0.857156 0
    outer loop
      vertex 26.1249 -12.3405 2.5
      vertex 26.5511 -12.0844 0
      vertex 26.1249 -12.3405 0
    endloop
  endfacet
  facet normal -0.484841 0.874603 0
    outer loop
      vertex 26.1249 -12.3405 0
      vertex 25.6898 -12.5817 2.5
      vertex 26.1249 -12.3405 2.5
    endloop
  endfacet
  facet normal -0.484841 0.874603 0
    outer loop
      vertex 25.6898 -12.5817 2.5
      vertex 26.1249 -12.3405 0
      vertex 25.6898 -12.5817 0
    endloop
  endfacet
  facet normal -0.453875 0.891066 0
    outer loop
      vertex 25.6898 -12.5817 0
      vertex 25.2465 -12.8075 2.5
      vertex 25.6898 -12.5817 2.5
    endloop
  endfacet
  facet normal -0.453875 0.891066 0
    outer loop
      vertex 25.2465 -12.8075 2.5
      vertex 25.6898 -12.5817 0
      vertex 25.2465 -12.8075 0
    endloop
  endfacet
  facet normal -0.422577 0.906327 0
    outer loop
      vertex 25.2465 -12.8075 0
      vertex 24.7961 -13.0175 2.5
      vertex 25.2465 -12.8075 2.5
    endloop
  endfacet
  facet normal -0.422577 0.906327 0
    outer loop
      vertex 24.7961 -13.0175 2.5
      vertex 25.2465 -12.8075 0
      vertex 24.7961 -13.0175 0
    endloop
  endfacet
  facet normal -0.390839 0.920459 0
    outer loop
      vertex 24.7961 -13.0175 0
      vertex 24.3378 -13.2121 2.5
      vertex 24.7961 -13.0175 2.5
    endloop
  endfacet
  facet normal -0.390839 0.920459 0
    outer loop
      vertex 24.3378 -13.2121 2.5
      vertex 24.7961 -13.0175 0
      vertex 24.3378 -13.2121 0
    endloop
  endfacet
  facet normal -0.358386 0.933573 0
    outer loop
      vertex 24.3378 -13.2121 0
      vertex 23.8736 -13.3903 2.5
      vertex 24.3378 -13.2121 2.5
    endloop
  endfacet
  facet normal -0.358386 0.933573 0
    outer loop
      vertex 23.8736 -13.3903 2.5
      vertex 24.3378 -13.2121 0
      vertex 23.8736 -13.3903 0
    endloop
  endfacet
  facet normal -0.325569 0.945518 0
    outer loop
      vertex 23.8736 -13.3903 0
      vertex 23.4037 -13.5521 2.5
      vertex 23.8736 -13.3903 2.5
    endloop
  endfacet
  facet normal -0.325569 0.945518 0
    outer loop
      vertex 23.4037 -13.5521 2.5
      vertex 23.8736 -13.3903 0
      vertex 23.4037 -13.5521 0
    endloop
  endfacet
  facet normal -0.292264 0.956338 0
    outer loop
      vertex 23.4037 -13.5521 0
      vertex 22.9276 -13.6976 2.5
      vertex 23.4037 -13.5521 2.5
    endloop
  endfacet
  facet normal -0.292264 0.956338 0
    outer loop
      vertex 22.9276 -13.6976 2.5
      vertex 23.4037 -13.5521 0
      vertex 22.9276 -13.6976 0
    endloop
  endfacet
  facet normal -0.258964 0.965887 0
    outer loop
      vertex 22.9276 -13.6976 0
      vertex 22.4472 -13.8264 2.5
      vertex 22.9276 -13.6976 2.5
    endloop
  endfacet
  facet normal -0.258964 0.965887 0
    outer loop
      vertex 22.4472 -13.8264 2.5
      vertex 22.9276 -13.6976 0
      vertex 22.4472 -13.8264 0
    endloop
  endfacet
  facet normal -0.224845 0.974395 0
    outer loop
      vertex 22.4472 -13.8264 0
      vertex 21.9627 -13.9382 2.5
      vertex 22.4472 -13.8264 2.5
    endloop
  endfacet
  facet normal -0.224845 0.974395 0
    outer loop
      vertex 21.9627 -13.9382 2.5
      vertex 22.4472 -13.8264 0
      vertex 21.9627 -13.9382 0
    endloop
  endfacet
  facet normal -0.190897 0.98161 0
    outer loop
      vertex 21.9627 -13.9382 0
      vertex 21.4742 -14.0332 2.5
      vertex 21.9627 -13.9382 2.5
    endloop
  endfacet
  facet normal -0.190897 0.98161 0
    outer loop
      vertex 21.4742 -14.0332 2.5
      vertex 21.9627 -13.9382 0
      vertex 21.4742 -14.0332 0
    endloop
  endfacet
  facet normal -0.156428 0.987689 0
    outer loop
      vertex 21.4742 -14.0332 0
      vertex 20.9836 -14.1109 2.5
      vertex 21.4742 -14.0332 2.5
    endloop
  endfacet
  facet normal -0.156428 0.987689 0
    outer loop
      vertex 20.9836 -14.1109 2.5
      vertex 21.4742 -14.0332 0
      vertex 20.9836 -14.1109 0
    endloop
  endfacet
  facet normal -0.121909 0.992541 0
    outer loop
      vertex 20.9836 -14.1109 0
      vertex 20.4894 -14.1716 2.5
      vertex 20.9836 -14.1109 2.5
    endloop
  endfacet
  facet normal -0.121909 0.992541 0
    outer loop
      vertex 20.4894 -14.1716 2.5
      vertex 20.9836 -14.1109 0
      vertex 20.4894 -14.1716 0
    endloop
  endfacet
  facet normal -0.0870199 0.996207 0
    outer loop
      vertex 20.4894 -14.1716 0
      vertex 19.9937 -14.2149 2.5
      vertex 20.4894 -14.1716 2.5
    endloop
  endfacet
  facet normal -0.0870199 0.996207 0
    outer loop
      vertex 19.9937 -14.2149 2.5
      vertex 20.4894 -14.1716 0
      vertex 19.9937 -14.2149 0
    endloop
  endfacet
  facet normal -0.0523159 0.998631 0
    outer loop
      vertex 19.9937 -14.2149 0
      vertex 19.4974 -14.2409 2.5
      vertex 19.9937 -14.2149 2.5
    endloop
  endfacet
  facet normal -0.0523159 0.998631 0
    outer loop
      vertex 19.4974 -14.2409 2.5
      vertex 19.9937 -14.2149 0
      vertex 19.4974 -14.2409 0
    endloop
  endfacet
  facet normal -0.0175243 0.999846 0
    outer loop
      vertex 19.4974 -14.2409 0
      vertex 18.9782 -14.25 2.5
      vertex 19.4974 -14.2409 2.5
    endloop
  endfacet
  facet normal -0.0175243 0.999846 0
    outer loop
      vertex 18.9782 -14.25 2.5
      vertex 19.4974 -14.2409 0
      vertex 18.9782 -14.25 0
    endloop
  endfacet
  facet normal 0 1 -0
    outer loop
      vertex -13 -14.25 0
      vertex -18.9782 -14.25 2.5
      vertex -13 -14.25 2.5
    endloop
  endfacet
  facet normal 0 1 0
    outer loop
      vertex -18.9782 -14.25 2.5
      vertex -13 -14.25 0
      vertex -18.9782 -14.25 0
    endloop
  endfacet
  facet normal 0 1 -0
    outer loop
      vertex 18.9782 -14.25 0
      vertex 13 -14.25 2.5
      vertex 18.9782 -14.25 2.5
    endloop
  endfacet
  facet normal 0 1 0
    outer loop
      vertex 13 -14.25 2.5
      vertex 18.9782 -14.25 0
      vertex 13 -14.25 0
    endloop
  endfacet
  facet normal 1 -0 0
    outer loop
      vertex -13 16.75 2.5
      vertex -13 19.75 0
      vertex -13 19.75 2.5
    endloop
  endfacet
  facet normal 1 0 0
    outer loop
      vertex -13 14.25 0
      vertex -13 16.75 2.5
      vertex -13 14.25 2.5
    endloop
  endfacet
  facet normal 1 0 0
    outer loop
      vertex -13 16.75 2.5
      vertex -13 14.25 0
      vertex -13 19.75 0
    endloop
  endfacet
  facet normal 1 -0 0
    outer loop
      vertex -13 -16.75 2.5
      vertex -13 -14.25 0
      vertex -13 -14.25 2.5
    endloop
  endfacet
  facet normal 1 0 0
    outer loop
      vertex -13 -19.75 0
      vertex -13 -16.75 2.5
      vertex -13 -19.75 2.5
    endloop
  endfacet
  facet normal 1 0 0
    outer loop
      vertex -13 -16.75 2.5
      vertex -13 -19.75 0
      vertex -13 -14.25 0
    endloop
  endfacet
  facet normal -1 0 0
    outer loop
      vertex 13 19.75 0
      vertex 13 16.75 2.5
      vertex 13 19.75 2.5
    endloop
  endfacet
  facet normal -1 0 0
    outer loop
      vertex 13 14.25 0
      vertex 13 16.75 2.5
      vertex 13 19.75 0
    endloop
  endfacet
  facet normal -1 -0 0
    outer loop
      vertex 13 16.75 2.5
      vertex 13 14.25 0
      vertex 13 14.25 2.5
    endloop
  endfacet
  facet normal -1 0 0
    outer loop
      vertex 13 -14.25 0
      vertex 13 -16.75 2.5
      vertex 13 -14.25 2.5
    endloop
  endfacet
  facet normal -1 0 0
    outer loop
      vertex 13 -19.75 0
      vertex 13 -16.75 2.5
      vertex 13 -14.25 0
    endloop
  endfacet
  facet normal -1 -0 0
    outer loop
      vertex 13 -16.75 2.5
      vertex 13 -19.75 0
      vertex 13 -19.75 2.5
    endloop
  endfacet
endsolid OpenSCAD_Model
