solid OpenSCAD_Model
  facet normal 0.774096 0.633069 0
    outer loop
      vertex 10.4214 -2.36661 12
      vertex 10.1684 -2.05725 0
      vertex 10.1684 -2.05725 12
    endloop
  endfacet
  facet normal 0.774096 0.633069 0
    outer loop
      vertex 10.1684 -2.05725 0
      vertex 10.4214 -2.36661 12
      vertex 10.4214 -2.36661 0
    endloop
  endfacet
  facet normal 0.696913 -0.717156 0
    outer loop
      vertex 10.4214 2.36661 0
      vertex 10.708 2.64512 12
      vertex 10.4214 2.36661 12
    endloop
  endfacet
  facet normal 0.696913 -0.717156 0
    outer loop
      vertex 10.708 2.64512 12
      vertex 10.4214 2.36661 0
      vertex 10.708 2.64512 0
    endloop
  endfacet
  facet normal 0.309063 -0.951041 0
    outer loop
      vertex 11.7302 3.26152 0
      vertex 12.1102 3.38501 12
      vertex 11.7302 3.26152 12
    endloop
  endfacet
  facet normal 0.309063 -0.951041 0
    outer loop
      vertex 12.1102 3.38501 12
      vertex 11.7302 3.26152 0
      vertex 12.1102 3.38501 0
    endloop
  endfacet
  facet normal 0.516316 -0.856398 0
    outer loop
      vertex 11.0244 2.88915 0
      vertex 11.3667 3.09552 12
      vertex 11.0244 2.88915 12
    endloop
  endfacet
  facet normal 0.516316 -0.856398 0
    outer loop
      vertex 11.3667 3.09552 12
      vertex 11.0244 2.88915 0
      vertex 11.3667 3.09552 0
    endloop
  endfacet
  facet normal 0.8974 -0.441218 0
    outer loop
      vertex 9.77607 1.36244 12
      vertex 9.95239 1.72106 0
      vertex 9.95239 1.72106 12
    endloop
  endfacet
  facet normal 0.8974 -0.441218 0
    outer loop
      vertex 9.95239 1.72106 0
      vertex 9.77607 1.36244 12
      vertex 9.77607 1.36244 0
    endloop
  endfacet
  facet normal 0.974013 0.22649 0
    outer loop
      vertex 9.64177 -0.986063 12
      vertex 9.55126 -0.596828 0
      vertex 9.55126 -0.596828 12
    endloop
  endfacet
  facet normal 0.974013 0.22649 0
    outer loop
      vertex 9.55126 -0.596828 0
      vertex 9.64177 -0.986063 12
      vertex 9.64177 -0.986063 0
    endloop
  endfacet
  facet normal 0.993483 0.113983 0
    outer loop
      vertex 9.55126 -0.596828 12
      vertex 9.50571 -0.19981 0
      vertex 9.50571 -0.19981 12
    endloop
  endfacet
  facet normal 0.993483 0.113983 0
    outer loop
      vertex 9.50571 -0.19981 0
      vertex 9.55126 -0.596828 12
      vertex 9.55126 -0.596828 0
    endloop
  endfacet
  facet normal 0.941837 -0.336069 0
    outer loop
      vertex 9.64177 0.986063 12
      vertex 9.77607 1.36244 0
      vertex 9.77607 1.36244 12
    endloop
  endfacet
  facet normal 0.941837 -0.336069 0
    outer loop
      vertex 9.77607 1.36244 0
      vertex 9.64177 0.986063 12
      vertex 9.64177 0.986063 0
    endloop
  endfacet
  facet normal 1 -0 0
    outer loop
      vertex 9.50571 -0.19981 12
      vertex 9.50571 0.19981 0
      vertex 9.50571 0.19981 12
    endloop
  endfacet
  facet normal 1 0 0
    outer loop
      vertex 9.50571 0.19981 0
      vertex 9.50571 -0.19981 12
      vertex 9.50571 -0.19981 0
    endloop
  endfacet
  facet normal 0.941837 0.336069 0
    outer loop
      vertex 9.77607 -1.36244 12
      vertex 9.64177 -0.986063 0
      vertex 9.64177 -0.986063 12
    endloop
  endfacet
  facet normal 0.941837 0.336069 0
    outer loop
      vertex 9.64177 -0.986063 0
      vertex 9.77607 -1.36244 12
      vertex 9.77607 -1.36244 0
    endloop
  endfacet
  facet normal 0.841306 0.540559 0
    outer loop
      vertex 10.1684 -2.05725 12
      vertex 9.95239 -1.72106 0
      vertex 9.95239 -1.72106 12
    endloop
  endfacet
  facet normal 0.841306 0.540559 0
    outer loop
      vertex 9.95239 -1.72106 0
      vertex 10.1684 -2.05725 12
      vertex 10.1684 -2.05725 0
    endloop
  endfacet
  facet normal 0.0857297 -0.996318 0
    outer loop
      vertex 12.5019 3.46437 0
      vertex 12.5277 3.46659 12
      vertex 12.5019 3.46437 12
    endloop
  endfacet
  facet normal 0.0857297 -0.996318 0
    outer loop
      vertex 12.5277 3.46659 12
      vertex 12.5019 3.46437 0
      vertex 12.5277 3.46659 0
    endloop
  endfacet
  facet normal 0.415405 -0.909637 0
    outer loop
      vertex 11.3667 3.09552 0
      vertex 11.7302 3.26152 12
      vertex 11.3667 3.09552 12
    endloop
  endfacet
  facet normal 0.415405 -0.909637 0
    outer loop
      vertex 11.7302 3.26152 12
      vertex 11.3667 3.09552 0
      vertex 11.7302 3.26152 0
    endloop
  endfacet
  facet normal 0.774096 -0.633069 0
    outer loop
      vertex 10.1684 2.05725 12
      vertex 10.4214 2.36661 0
      vertex 10.4214 2.36661 12
    endloop
  endfacet
  facet normal 0.774096 -0.633069 0
    outer loop
      vertex 10.4214 2.36661 0
      vertex 10.1684 2.05725 12
      vertex 10.1684 2.05725 0
    endloop
  endfacet
  facet normal 0.841306 -0.540559 0
    outer loop
      vertex 9.95239 1.72106 12
      vertex 10.1684 2.05725 0
      vertex 10.1684 2.05725 12
    endloop
  endfacet
  facet normal 0.841306 -0.540559 0
    outer loop
      vertex 10.1684 2.05725 0
      vertex 9.95239 1.72106 12
      vertex 9.95239 1.72106 0
    endloop
  endfacet
  facet normal 0.993483 -0.113983 0
    outer loop
      vertex 9.50571 0.19981 12
      vertex 9.55126 0.596828 0
      vertex 9.55126 0.596828 12
    endloop
  endfacet
  facet normal 0.993483 -0.113983 0
    outer loop
      vertex 9.55126 0.596828 0
      vertex 9.50571 0.19981 12
      vertex 9.50571 0.19981 0
    endloop
  endfacet
  facet normal 0.610725 -0.791843 0
    outer loop
      vertex 10.708 2.64512 0
      vertex 11.0244 2.88915 12
      vertex 10.708 2.64512 12
    endloop
  endfacet
  facet normal 0.610725 -0.791843 0
    outer loop
      vertex 11.0244 2.88915 12
      vertex 10.708 2.64512 0
      vertex 11.0244 2.88915 0
    endloop
  endfacet
  facet normal 0.309063 0.951041 -0
    outer loop
      vertex 12.1102 -3.38501 0
      vertex 11.7302 -3.26152 12
      vertex 12.1102 -3.38501 12
    endloop
  endfacet
  facet normal 0.309063 0.951041 0
    outer loop
      vertex 11.7302 -3.26152 12
      vertex 12.1102 -3.38501 0
      vertex 11.7302 -3.26152 0
    endloop
  endfacet
  facet normal 0.0857297 0.996318 -0
    outer loop
      vertex 12.5277 -3.46659 0
      vertex 12.5019 -3.46437 12
      vertex 12.5277 -3.46659 12
    endloop
  endfacet
  facet normal 0.0857297 0.996318 0
    outer loop
      vertex 12.5019 -3.46437 12
      vertex 12.5277 -3.46659 0
      vertex 12.5019 -3.46437 0
    endloop
  endfacet
  facet normal 0.516316 0.856398 -0
    outer loop
      vertex 11.3667 -3.09552 0
      vertex 11.0244 -2.88915 12
      vertex 11.3667 -3.09552 12
    endloop
  endfacet
  facet normal 0.516316 0.856398 0
    outer loop
      vertex 11.0244 -2.88915 12
      vertex 11.3667 -3.09552 0
      vertex 11.0244 -2.88915 0
    endloop
  endfacet
  facet normal 0.19857 -0.980087 0
    outer loop
      vertex 12.1102 3.38501 0
      vertex 12.5019 3.46437 12
      vertex 12.1102 3.38501 12
    endloop
  endfacet
  facet normal 0.19857 -0.980087 0
    outer loop
      vertex 12.5019 3.46437 12
      vertex 12.1102 3.38501 0
      vertex 12.5019 3.46437 0
    endloop
  endfacet
  facet normal 0.974013 -0.22649 0
    outer loop
      vertex 9.55126 0.596828 12
      vertex 9.64177 0.986063 0
      vertex 9.64177 0.986063 12
    endloop
  endfacet
  facet normal 0.974013 -0.22649 0
    outer loop
      vertex 9.64177 0.986063 0
      vertex 9.55126 0.596828 12
      vertex 9.55126 0.596828 0
    endloop
  endfacet
  facet normal 0.19857 0.980087 -0
    outer loop
      vertex 12.5019 -3.46437 0
      vertex 12.1102 -3.38501 12
      vertex 12.5019 -3.46437 12
    endloop
  endfacet
  facet normal 0.19857 0.980087 0
    outer loop
      vertex 12.1102 -3.38501 12
      vertex 12.5019 -3.46437 0
      vertex 12.1102 -3.38501 0
    endloop
  endfacet
  facet normal 0.696913 0.717156 -0
    outer loop
      vertex 10.708 -2.64512 0
      vertex 10.4214 -2.36661 12
      vertex 10.708 -2.64512 12
    endloop
  endfacet
  facet normal 0.696913 0.717156 0
    outer loop
      vertex 10.4214 -2.36661 12
      vertex 10.708 -2.64512 0
      vertex 10.4214 -2.36661 0
    endloop
  endfacet
  facet normal 0.8974 0.441218 0
    outer loop
      vertex 9.95239 -1.72106 12
      vertex 9.77607 -1.36244 0
      vertex 9.77607 -1.36244 12
    endloop
  endfacet
  facet normal 0.8974 0.441218 0
    outer loop
      vertex 9.77607 -1.36244 0
      vertex 9.95239 -1.72106 12
      vertex 9.95239 -1.72106 0
    endloop
  endfacet
  facet normal 0.610725 0.791843 -0
    outer loop
      vertex 11.0244 -2.88915 0
      vertex 10.708 -2.64512 12
      vertex 11.0244 -2.88915 12
    endloop
  endfacet
  facet normal 0.610725 0.791843 0
    outer loop
      vertex 10.708 -2.64512 12
      vertex 11.0244 -2.88915 0
      vertex 10.708 -2.64512 0
    endloop
  endfacet
  facet normal 0.415405 0.909637 -0
    outer loop
      vertex 11.7302 -3.26152 0
      vertex 11.3667 -3.09552 12
      vertex 11.7302 -3.26152 12
    endloop
  endfacet
  facet normal 0.415405 0.909637 0
    outer loop
      vertex 11.3667 -3.09552 12
      vertex 11.7302 -3.26152 0
      vertex 11.3667 -3.09552 0
    endloop
  endfacet
  facet normal 0.179892 0.983686 -0
    outer loop
      vertex 6.06795 7.7851 0
      vertex 5.67484 7.85699 12
      vertex 6.06795 7.7851 12
    endloop
  endfacet
  facet normal 0.179892 0.983686 0
    outer loop
      vertex 5.67484 7.85699 12
      vertex 6.06795 7.7851 0
      vertex 5.67484 7.85699 0
    endloop
  endfacet
  facet normal 0.995473 -0.0950429 0
    outer loop
      vertex 3.00254 11.3916 12
      vertex 3.04052 11.7894 0
      vertex 3.04052 11.7894 12
    endloop
  endfacet
  facet normal 0.995473 -0.0950429 0
    outer loop
      vertex 3.04052 11.7894 0
      vertex 3.00254 11.3916 12
      vertex 3.00254 11.3916 0
    endloop
  endfacet
  facet normal -0.483404 0.875397 0
    outer loop
      vertex 8.36413 8.29606 0
      vertex 8.0143 8.10288 12
      vertex 8.36413 8.29606 12
    endloop
  endfacet
  facet normal -0.483404 0.875397 0
    outer loop
      vertex 8.0143 8.10288 12
      vertex 8.36413 8.29606 0
      vertex 8.0143 8.10288 0
    endloop
  endfacet
  facet normal 0.906134 -0.422991 0
    outer loop
      vertex 3.25071 12.5591 12
      vertex 3.26168 12.5826 0
      vertex 3.26168 12.5826 12
    endloop
  endfacet
  facet normal 0.906134 -0.422991 0
    outer loop
      vertex 3.26168 12.5826 0
      vertex 3.25071 12.5591 12
      vertex 3.25071 12.5591 0
    endloop
  endfacet
  facet normal 0.935277 0.353916 0
    outer loop
      vertex 3.30259 9.83475 12
      vertex 3.16116 10.2085 0
      vertex 3.16116 10.2085 12
    endloop
  endfacet
  facet normal 0.935277 0.353916 0
    outer loop
      vertex 3.16116 10.2085 0
      vertex 3.30259 9.83475 12
      vertex 3.30259 9.83475 0
    endloop
  endfacet
  facet normal -0.272582 0.962133 0
    outer loop
      vertex 7.64474 7.95083 0
      vertex 7.26025 7.8419 12
      vertex 7.64474 7.95083 12
    endloop
  endfacet
  facet normal -0.272582 0.962133 0
    outer loop
      vertex 7.26025 7.8419 12
      vertex 7.64474 7.95083 0
      vertex 7.26025 7.8419 0
    endloop
  endfacet
  facet normal 0.991129 0.132901 0
    outer loop
      vertex 3.06325 10.596 12
      vertex 3.01015 10.992 0
      vertex 3.01015 10.992 12
    endloop
  endfacet
  facet normal 0.991129 0.132901 0
    outer loop
      vertex 3.01015 10.992 0
      vertex 3.06325 10.596 12
      vertex 3.06325 10.596 0
    endloop
  endfacet
  facet normal 0.978147 -0.207916 0
    outer loop
      vertex 3.04052 11.7894 12
      vertex 3.12361 12.1803 0
      vertex 3.12361 12.1803 12
    endloop
  endfacet
  facet normal 0.978147 -0.207916 0
    outer loop
      vertex 3.12361 12.1803 0
      vertex 3.04052 11.7894 12
      vertex 3.04052 11.7894 0
    endloop
  endfacet
  facet normal -0.820211 0.572061 0
    outer loop
      vertex 9.25119 9.09477 0
      vertex 9.26599 9.11599 12
      vertex 9.26599 9.11599 0
    endloop
  endfacet
  facet normal -0.820211 0.572061 0
    outer loop
      vertex 9.26599 9.11599 12
      vertex 9.25119 9.09477 0
      vertex 9.25119 9.09477 12
    endloop
  endfacet
  facet normal -0.580071 0.814566 0
    outer loop
      vertex 8.68965 8.52787 0
      vertex 8.36413 8.29606 12
      vertex 8.68965 8.52787 12
    endloop
  endfacet
  facet normal -0.580071 0.814566 0
    outer loop
      vertex 8.36413 8.29606 12
      vertex 8.68965 8.52787 0
      vertex 8.36413 8.29606 0
    endloop
  endfacet
  facet normal 0.830812 0.556552 0
    outer loop
      vertex 3.70812 9.14754 12
      vertex 3.48571 9.47955 0
      vertex 3.48571 9.47955 12
    endloop
  endfacet
  facet normal 0.830812 0.556552 0
    outer loop
      vertex 3.48571 9.47955 0
      vertex 3.70812 9.14754 12
      vertex 3.70812 9.14754 0
    endloop
  endfacet
  facet normal 0.0665888 0.997781 -0
    outer loop
      vertex 6.46668 7.75849 0
      vertex 6.06795 7.7851 12
      vertex 6.46668 7.75849 12
    endloop
  endfacet
  facet normal 0.0665888 0.997781 0
    outer loop
      vertex 6.06795 7.7851 12
      vertex 6.46668 7.75849 0
      vertex 6.06795 7.7851 0
    endloop
  endfacet
  facet normal 0.888834 0.45823 0
    outer loop
      vertex 3.48571 9.47955 12
      vertex 3.30259 9.83475 0
      vertex 3.30259 9.83475 12
    endloop
  endfacet
  facet normal 0.888834 0.45823 0
    outer loop
      vertex 3.30259 9.83475 0
      vertex 3.48571 9.47955 12
      vertex 3.48571 9.47955 0
    endloop
  endfacet
  facet normal -0.161152 0.98693 0
    outer loop
      vertex 7.26025 7.8419 0
      vertex 6.86585 7.7775 12
      vertex 7.26025 7.8419 12
    endloop
  endfacet
  facet normal -0.161152 0.98693 0
    outer loop
      vertex 6.86585 7.7775 12
      vertex 7.26025 7.8419 0
      vertex 6.86585 7.7775 0
    endloop
  endfacet
  facet normal 0.999819 0.0190406 0
    outer loop
      vertex 3.01015 10.992 12
      vertex 3.00254 11.3916 0
      vertex 3.00254 11.3916 12
    endloop
  endfacet
  facet normal 0.999819 0.0190406 0
    outer loop
      vertex 3.00254 11.3916 0
      vertex 3.01015 10.992 12
      vertex 3.01015 10.992 0
    endloop
  endfacet
  facet normal 0.761947 0.647639 0
    outer loop
      vertex 3.96693 8.84305 12
      vertex 3.70812 9.14754 0
      vertex 3.70812 9.14754 12
    endloop
  endfacet
  facet normal 0.761947 0.647639 0
    outer loop
      vertex 3.70812 9.14754 0
      vertex 3.96693 8.84305 12
      vertex 3.96693 8.84305 0
    endloop
  endfacet
  facet normal 0.96953 0.244972 0
    outer loop
      vertex 3.16116 10.2085 12
      vertex 3.06325 10.596 0
      vertex 3.06325 10.596 12
    endloop
  endfacet
  facet normal 0.96953 0.244972 0
    outer loop
      vertex 3.06325 10.596 0
      vertex 3.16116 10.2085 12
      vertex 3.16116 10.2085 0
    endloop
  endfacet
  facet normal -0.380489 0.924785 0
    outer loop
      vertex 8.0143 8.10288 0
      vertex 7.64474 7.95083 12
      vertex 8.0143 8.10288 12
    endloop
  endfacet
  facet normal -0.380489 0.924785 0
    outer loop
      vertex 7.64474 7.95083 12
      vertex 8.0143 8.10288 0
      vertex 7.64474 7.95083 0
    endloop
  endfacet
  facet normal 0.948056 -0.318104 0
    outer loop
      vertex 3.12361 12.1803 12
      vertex 3.25071 12.5591 0
      vertex 3.25071 12.5591 12
    endloop
  endfacet
  facet normal 0.948056 -0.318104 0
    outer loop
      vertex 3.25071 12.5591 0
      vertex 3.12361 12.1803 12
      vertex 3.12361 12.1803 0
    endloop
  endfacet
  facet normal -0.749482 0.662025 0
    outer loop
      vertex 8.98663 8.79526 0
      vertex 9.25119 9.09477 12
      vertex 9.25119 9.09477 0
    endloop
  endfacet
  facet normal -0.749482 0.662025 0
    outer loop
      vertex 9.25119 9.09477 12
      vertex 8.98663 8.79526 0
      vertex 8.98663 8.79526 12
    endloop
  endfacet
  facet normal 0.290854 0.956767 -0
    outer loop
      vertex 5.67484 7.85699 0
      vertex 5.2925 7.97322 12
      vertex 5.67484 7.85699 12
    endloop
  endfacet
  facet normal 0.290854 0.956767 0
    outer loop
      vertex 5.2925 7.97322 12
      vertex 5.67484 7.85699 0
      vertex 5.2925 7.97322 0
    endloop
  endfacet
  facet normal 0.500001 0.866025 -0
    outer loop
      vertex 4.92589 8.13228 0
      vertex 4.57981 8.33209 12
      vertex 4.92589 8.13228 12
    endloop
  endfacet
  facet normal 0.500001 0.866025 0
    outer loop
      vertex 4.57981 8.33209 12
      vertex 4.92589 8.13228 0
      vertex 4.57981 8.33209 0
    endloop
  endfacet
  facet normal -0.669114 0.74316 0
    outer loop
      vertex 8.98663 8.79526 0
      vertex 8.68965 8.52787 12
      vertex 8.98663 8.79526 12
    endloop
  endfacet
  facet normal -0.669114 0.74316 0
    outer loop
      vertex 8.68965 8.52787 12
      vertex 8.98663 8.79526 0
      vertex 8.68965 8.52787 0
    endloop
  endfacet
  facet normal 0.39802 0.917377 -0
    outer loop
      vertex 5.2925 7.97322 0
      vertex 4.92589 8.13228 12
      vertex 5.2925 7.97322 12
    endloop
  endfacet
  facet normal 0.39802 0.917377 0
    outer loop
      vertex 4.92589 8.13228 12
      vertex 5.2925 7.97322 0
      vertex 4.92589 8.13228 0
    endloop
  endfacet
  facet normal 0.683154 0.730274 -0
    outer loop
      vertex 4.25876 8.57005 0
      vertex 3.96693 8.84305 12
      vertex 4.25876 8.57005 12
    endloop
  endfacet
  facet normal 0.683154 0.730274 0
    outer loop
      vertex 3.96693 8.84305 12
      vertex 4.25876 8.57005 0
      vertex 3.96693 8.84305 0
    endloop
  endfacet
  facet normal -0.0475699 0.998868 0
    outer loop
      vertex 6.86585 7.7775 0
      vertex 6.46668 7.75849 12
      vertex 6.86585 7.7775 12
    endloop
  endfacet
  facet normal -0.0475699 0.998868 0
    outer loop
      vertex 6.46668 7.75849 12
      vertex 6.86585 7.7775 0
      vertex 6.46668 7.75849 0
    endloop
  endfacet
  facet normal 0.595462 0.803383 -0
    outer loop
      vertex 4.57981 8.33209 0
      vertex 4.25876 8.57005 12
      vertex 4.57981 8.33209 12
    endloop
  endfacet
  facet normal 0.595462 0.803383 0
    outer loop
      vertex 4.25876 8.57005 12
      vertex 4.57981 8.33209 0
      vertex 4.25876 8.57005 0
    endloop
  endfacet
  facet normal -0.888834 0.45823 0
    outer loop
      vertex -3.48571 9.47955 0
      vertex -3.30259 9.83475 12
      vertex -3.30259 9.83475 0
    endloop
  endfacet
  facet normal -0.888834 0.45823 0
    outer loop
      vertex -3.30259 9.83475 12
      vertex -3.48571 9.47955 0
      vertex -3.48571 9.47955 12
    endloop
  endfacet
  facet normal -0.978147 -0.207916 0
    outer loop
      vertex -3.04052 11.7894 0
      vertex -3.12361 12.1803 12
      vertex -3.12361 12.1803 0
    endloop
  endfacet
  facet normal -0.978147 -0.207916 0
    outer loop
      vertex -3.12361 12.1803 12
      vertex -3.04052 11.7894 0
      vertex -3.04052 11.7894 12
    endloop
  endfacet
  facet normal -0.290854 0.956767 0
    outer loop
      vertex -5.2925 7.97322 0
      vertex -5.67484 7.85699 12
      vertex -5.2925 7.97322 12
    endloop
  endfacet
  facet normal -0.290854 0.956767 0
    outer loop
      vertex -5.67484 7.85699 12
      vertex -5.2925 7.97322 0
      vertex -5.67484 7.85699 0
    endloop
  endfacet
  facet normal -0.0665888 0.997781 0
    outer loop
      vertex -6.06795 7.7851 0
      vertex -6.46668 7.75849 12
      vertex -6.06795 7.7851 12
    endloop
  endfacet
  facet normal -0.0665888 0.997781 0
    outer loop
      vertex -6.46668 7.75849 12
      vertex -6.06795 7.7851 0
      vertex -6.46668 7.75849 0
    endloop
  endfacet
  facet normal 0.749482 0.662025 0
    outer loop
      vertex -8.98663 8.79526 12
      vertex -9.25119 9.09477 0
      vertex -9.25119 9.09477 12
    endloop
  endfacet
  facet normal 0.749482 0.662025 0
    outer loop
      vertex -9.25119 9.09477 0
      vertex -8.98663 8.79526 12
      vertex -8.98663 8.79526 0
    endloop
  endfacet
  facet normal -0.935277 0.353916 0
    outer loop
      vertex -3.30259 9.83475 0
      vertex -3.16116 10.2085 12
      vertex -3.16116 10.2085 0
    endloop
  endfacet
  facet normal -0.935277 0.353916 0
    outer loop
      vertex -3.16116 10.2085 12
      vertex -3.30259 9.83475 0
      vertex -3.30259 9.83475 12
    endloop
  endfacet
  facet normal 0.483404 0.875397 -0
    outer loop
      vertex -8.0143 8.10288 0
      vertex -8.36413 8.29606 12
      vertex -8.0143 8.10288 12
    endloop
  endfacet
  facet normal 0.483404 0.875397 0
    outer loop
      vertex -8.36413 8.29606 12
      vertex -8.0143 8.10288 0
      vertex -8.36413 8.29606 0
    endloop
  endfacet
  facet normal 0.380489 0.924785 -0
    outer loop
      vertex -7.64474 7.95083 0
      vertex -8.0143 8.10288 12
      vertex -7.64474 7.95083 12
    endloop
  endfacet
  facet normal 0.380489 0.924785 0
    outer loop
      vertex -8.0143 8.10288 12
      vertex -7.64474 7.95083 0
      vertex -8.0143 8.10288 0
    endloop
  endfacet
  facet normal -0.830812 0.556552 0
    outer loop
      vertex -3.70812 9.14754 0
      vertex -3.48571 9.47955 12
      vertex -3.48571 9.47955 0
    endloop
  endfacet
  facet normal -0.830812 0.556552 0
    outer loop
      vertex -3.48571 9.47955 12
      vertex -3.70812 9.14754 0
      vertex -3.70812 9.14754 12
    endloop
  endfacet
  facet normal -0.500001 0.866025 0
    outer loop
      vertex -4.57981 8.33209 0
      vertex -4.92589 8.13228 12
      vertex -4.57981 8.33209 12
    endloop
  endfacet
  facet normal -0.500001 0.866025 0
    outer loop
      vertex -4.92589 8.13228 12
      vertex -4.57981 8.33209 0
      vertex -4.92589 8.13228 0
    endloop
  endfacet
  facet normal 0.161152 0.98693 -0
    outer loop
      vertex -6.86585 7.7775 0
      vertex -7.26025 7.8419 12
      vertex -6.86585 7.7775 12
    endloop
  endfacet
  facet normal 0.161152 0.98693 0
    outer loop
      vertex -7.26025 7.8419 12
      vertex -6.86585 7.7775 0
      vertex -7.26025 7.8419 0
    endloop
  endfacet
  facet normal 0.0475699 0.998868 -0
    outer loop
      vertex -6.46668 7.75849 0
      vertex -6.86585 7.7775 12
      vertex -6.46668 7.75849 12
    endloop
  endfacet
  facet normal 0.0475699 0.998868 0
    outer loop
      vertex -6.86585 7.7775 12
      vertex -6.46668 7.75849 0
      vertex -6.86585 7.7775 0
    endloop
  endfacet
  facet normal -0.761947 0.647639 0
    outer loop
      vertex -3.96693 8.84305 0
      vertex -3.70812 9.14754 12
      vertex -3.70812 9.14754 0
    endloop
  endfacet
  facet normal -0.761947 0.647639 0
    outer loop
      vertex -3.70812 9.14754 12
      vertex -3.96693 8.84305 0
      vertex -3.96693 8.84305 12
    endloop
  endfacet
  facet normal -0.948056 -0.318104 0
    outer loop
      vertex -3.12361 12.1803 0
      vertex -3.25071 12.5591 12
      vertex -3.25071 12.5591 0
    endloop
  endfacet
  facet normal -0.948056 -0.318104 0
    outer loop
      vertex -3.25071 12.5591 12
      vertex -3.12361 12.1803 0
      vertex -3.12361 12.1803 12
    endloop
  endfacet
  facet normal -0.683154 0.730274 0
    outer loop
      vertex -3.96693 8.84305 0
      vertex -4.25876 8.57005 12
      vertex -3.96693 8.84305 12
    endloop
  endfacet
  facet normal -0.683154 0.730274 0
    outer loop
      vertex -4.25876 8.57005 12
      vertex -3.96693 8.84305 0
      vertex -4.25876 8.57005 0
    endloop
  endfacet
  facet normal 0.669114 0.74316 -0
    outer loop
      vertex -8.68965 8.52787 0
      vertex -8.98663 8.79526 12
      vertex -8.68965 8.52787 12
    endloop
  endfacet
  facet normal 0.669114 0.74316 0
    outer loop
      vertex -8.98663 8.79526 12
      vertex -8.68965 8.52787 0
      vertex -8.98663 8.79526 0
    endloop
  endfacet
  facet normal -0.906134 -0.422991 0
    outer loop
      vertex -3.25071 12.5591 0
      vertex -3.26168 12.5826 12
      vertex -3.26168 12.5826 0
    endloop
  endfacet
  facet normal -0.906134 -0.422991 0
    outer loop
      vertex -3.26168 12.5826 12
      vertex -3.25071 12.5591 0
      vertex -3.25071 12.5591 12
    endloop
  endfacet
  facet normal 0.272582 0.962133 -0
    outer loop
      vertex -7.26025 7.8419 0
      vertex -7.64474 7.95083 12
      vertex -7.26025 7.8419 12
    endloop
  endfacet
  facet normal 0.272582 0.962133 0
    outer loop
      vertex -7.64474 7.95083 12
      vertex -7.26025 7.8419 0
      vertex -7.64474 7.95083 0
    endloop
  endfacet
  facet normal 0.820211 0.572061 0
    outer loop
      vertex -9.25119 9.09477 12
      vertex -9.26599 9.11599 0
      vertex -9.26599 9.11599 12
    endloop
  endfacet
  facet normal 0.820211 0.572061 0
    outer loop
      vertex -9.26599 9.11599 0
      vertex -9.25119 9.09477 12
      vertex -9.25119 9.09477 0
    endloop
  endfacet
  facet normal -0.595462 0.803383 0
    outer loop
      vertex -4.25876 8.57005 0
      vertex -4.57981 8.33209 12
      vertex -4.25876 8.57005 12
    endloop
  endfacet
  facet normal -0.595462 0.803383 0
    outer loop
      vertex -4.57981 8.33209 12
      vertex -4.25876 8.57005 0
      vertex -4.57981 8.33209 0
    endloop
  endfacet
  facet normal 0.580071 0.814566 -0
    outer loop
      vertex -8.36413 8.29606 0
      vertex -8.68965 8.52787 12
      vertex -8.36413 8.29606 12
    endloop
  endfacet
  facet normal 0.580071 0.814566 0
    outer loop
      vertex -8.68965 8.52787 12
      vertex -8.36413 8.29606 0
      vertex -8.68965 8.52787 0
    endloop
  endfacet
  facet normal -0.179892 0.983686 0
    outer loop
      vertex -5.67484 7.85699 0
      vertex -6.06795 7.7851 12
      vertex -5.67484 7.85699 12
    endloop
  endfacet
  facet normal -0.179892 0.983686 0
    outer loop
      vertex -6.06795 7.7851 12
      vertex -5.67484 7.85699 0
      vertex -6.06795 7.7851 0
    endloop
  endfacet
  facet normal -0.96953 0.244972 0
    outer loop
      vertex -3.16116 10.2085 0
      vertex -3.06325 10.596 12
      vertex -3.06325 10.596 0
    endloop
  endfacet
  facet normal -0.96953 0.244972 0
    outer loop
      vertex -3.06325 10.596 12
      vertex -3.16116 10.2085 0
      vertex -3.16116 10.2085 12
    endloop
  endfacet
  facet normal -0.39802 0.917377 0
    outer loop
      vertex -4.92589 8.13228 0
      vertex -5.2925 7.97322 12
      vertex -4.92589 8.13228 12
    endloop
  endfacet
  facet normal -0.39802 0.917377 0
    outer loop
      vertex -5.2925 7.97322 12
      vertex -4.92589 8.13228 0
      vertex -5.2925 7.97322 0
    endloop
  endfacet
  facet normal -0.991129 0.132901 0
    outer loop
      vertex -3.06325 10.596 0
      vertex -3.01015 10.992 12
      vertex -3.01015 10.992 0
    endloop
  endfacet
  facet normal -0.991129 0.132901 0
    outer loop
      vertex -3.01015 10.992 12
      vertex -3.06325 10.596 0
      vertex -3.06325 10.596 12
    endloop
  endfacet
  facet normal -0.999819 0.0190406 0
    outer loop
      vertex -3.01015 10.992 0
      vertex -3.00254 11.3916 12
      vertex -3.00254 11.3916 0
    endloop
  endfacet
  facet normal -0.999819 0.0190406 0
    outer loop
      vertex -3.00254 11.3916 12
      vertex -3.01015 10.992 0
      vertex -3.01015 10.992 12
    endloop
  endfacet
  facet normal -0.995473 -0.0950429 0
    outer loop
      vertex -3.00254 11.3916 0
      vertex -3.04052 11.7894 12
      vertex -3.04052 11.7894 0
    endloop
  endfacet
  facet normal -0.995473 -0.0950429 0
    outer loop
      vertex -3.04052 11.7894 12
      vertex -3.00254 11.3916 0
      vertex -3.00254 11.3916 12
    endloop
  endfacet
  facet normal -0.309063 0.951041 0
    outer loop
      vertex -11.7302 -3.26152 0
      vertex -12.1102 -3.38501 12
      vertex -11.7302 -3.26152 12
    endloop
  endfacet
  facet normal -0.309063 0.951041 0
    outer loop
      vertex -12.1102 -3.38501 12
      vertex -11.7302 -3.26152 0
      vertex -12.1102 -3.38501 0
    endloop
  endfacet
  facet normal -0.8974 0.441218 0
    outer loop
      vertex -9.95239 -1.72106 0
      vertex -9.77607 -1.36244 12
      vertex -9.77607 -1.36244 0
    endloop
  endfacet
  facet normal -0.8974 0.441218 0
    outer loop
      vertex -9.77607 -1.36244 12
      vertex -9.95239 -1.72106 0
      vertex -9.95239 -1.72106 12
    endloop
  endfacet
  facet normal -0.610725 0.791843 0
    outer loop
      vertex -10.708 -2.64512 0
      vertex -11.0244 -2.88915 12
      vertex -10.708 -2.64512 12
    endloop
  endfacet
  facet normal -0.610725 0.791843 0
    outer loop
      vertex -11.0244 -2.88915 12
      vertex -10.708 -2.64512 0
      vertex -11.0244 -2.88915 0
    endloop
  endfacet
  facet normal -0.516316 0.856398 0
    outer loop
      vertex -11.0244 -2.88915 0
      vertex -11.3667 -3.09552 12
      vertex -11.0244 -2.88915 12
    endloop
  endfacet
  facet normal -0.516316 0.856398 0
    outer loop
      vertex -11.3667 -3.09552 12
      vertex -11.0244 -2.88915 0
      vertex -11.3667 -3.09552 0
    endloop
  endfacet
  facet normal -0.19857 -0.980087 0
    outer loop
      vertex -12.5019 3.46437 0
      vertex -12.1102 3.38501 12
      vertex -12.5019 3.46437 12
    endloop
  endfacet
  facet normal -0.19857 -0.980087 -0
    outer loop
      vertex -12.1102 3.38501 12
      vertex -12.5019 3.46437 0
      vertex -12.1102 3.38501 0
    endloop
  endfacet
  facet normal -0.774096 0.633069 0
    outer loop
      vertex -10.4214 -2.36661 0
      vertex -10.1684 -2.05725 12
      vertex -10.1684 -2.05725 0
    endloop
  endfacet
  facet normal -0.774096 0.633069 0
    outer loop
      vertex -10.1684 -2.05725 12
      vertex -10.4214 -2.36661 0
      vertex -10.4214 -2.36661 12
    endloop
  endfacet
  facet normal -0.841306 0.540559 0
    outer loop
      vertex -10.1684 -2.05725 0
      vertex -9.95239 -1.72106 12
      vertex -9.95239 -1.72106 0
    endloop
  endfacet
  facet normal -0.841306 0.540559 0
    outer loop
      vertex -9.95239 -1.72106 12
      vertex -10.1684 -2.05725 0
      vertex -10.1684 -2.05725 12
    endloop
  endfacet
  facet normal -0.19857 0.980087 0
    outer loop
      vertex -12.1102 -3.38501 0
      vertex -12.5019 -3.46437 12
      vertex -12.1102 -3.38501 12
    endloop
  endfacet
  facet normal -0.19857 0.980087 0
    outer loop
      vertex -12.5019 -3.46437 12
      vertex -12.1102 -3.38501 0
      vertex -12.5019 -3.46437 0
    endloop
  endfacet
  facet normal -0.0857297 -0.996318 0
    outer loop
      vertex -12.5277 3.46659 0
      vertex -12.5019 3.46437 12
      vertex -12.5277 3.46659 12
    endloop
  endfacet
  facet normal -0.0857297 -0.996318 -0
    outer loop
      vertex -12.5019 3.46437 12
      vertex -12.5277 3.46659 0
      vertex -12.5019 3.46437 0
    endloop
  endfacet
  facet normal -0.415405 0.909637 0
    outer loop
      vertex -11.3667 -3.09552 0
      vertex -11.7302 -3.26152 12
      vertex -11.3667 -3.09552 12
    endloop
  endfacet
  facet normal -0.415405 0.909637 0
    outer loop
      vertex -11.7302 -3.26152 12
      vertex -11.3667 -3.09552 0
      vertex -11.7302 -3.26152 0
    endloop
  endfacet
  facet normal -0.610725 -0.791843 0
    outer loop
      vertex -11.0244 2.88915 0
      vertex -10.708 2.64512 12
      vertex -11.0244 2.88915 12
    endloop
  endfacet
  facet normal -0.610725 -0.791843 -0
    outer loop
      vertex -10.708 2.64512 12
      vertex -11.0244 2.88915 0
      vertex -10.708 2.64512 0
    endloop
  endfacet
  facet normal -0.941837 -0.336069 0
    outer loop
      vertex -9.64177 0.986063 0
      vertex -9.77607 1.36244 12
      vertex -9.77607 1.36244 0
    endloop
  endfacet
  facet normal -0.941837 -0.336069 0
    outer loop
      vertex -9.77607 1.36244 12
      vertex -9.64177 0.986063 0
      vertex -9.64177 0.986063 12
    endloop
  endfacet
  facet normal -0.993483 0.113983 0
    outer loop
      vertex -9.55126 -0.596828 0
      vertex -9.50571 -0.19981 12
      vertex -9.50571 -0.19981 0
    endloop
  endfacet
  facet normal -0.993483 0.113983 0
    outer loop
      vertex -9.50571 -0.19981 12
      vertex -9.55126 -0.596828 0
      vertex -9.55126 -0.596828 12
    endloop
  endfacet
  facet normal -0.696913 0.717156 0
    outer loop
      vertex -10.4214 -2.36661 0
      vertex -10.708 -2.64512 12
      vertex -10.4214 -2.36661 12
    endloop
  endfacet
  facet normal -0.696913 0.717156 0
    outer loop
      vertex -10.708 -2.64512 12
      vertex -10.4214 -2.36661 0
      vertex -10.708 -2.64512 0
    endloop
  endfacet
  facet normal -0.309063 -0.951041 0
    outer loop
      vertex -12.1102 3.38501 0
      vertex -11.7302 3.26152 12
      vertex -12.1102 3.38501 12
    endloop
  endfacet
  facet normal -0.309063 -0.951041 -0
    outer loop
      vertex -11.7302 3.26152 12
      vertex -12.1102 3.38501 0
      vertex -11.7302 3.26152 0
    endloop
  endfacet
  facet normal -0.8974 -0.441218 0
    outer loop
      vertex -9.77607 1.36244 0
      vertex -9.95239 1.72106 12
      vertex -9.95239 1.72106 0
    endloop
  endfacet
  facet normal -0.8974 -0.441218 0
    outer loop
      vertex -9.95239 1.72106 12
      vertex -9.77607 1.36244 0
      vertex -9.77607 1.36244 12
    endloop
  endfacet
  facet normal -0.774096 -0.633069 0
    outer loop
      vertex -10.1684 2.05725 0
      vertex -10.4214 2.36661 12
      vertex -10.4214 2.36661 0
    endloop
  endfacet
  facet normal -0.774096 -0.633069 0
    outer loop
      vertex -10.4214 2.36661 12
      vertex -10.1684 2.05725 0
      vertex -10.1684 2.05725 12
    endloop
  endfacet
  facet normal -0.841306 -0.540559 0
    outer loop
      vertex -9.95239 1.72106 0
      vertex -10.1684 2.05725 12
      vertex -10.1684 2.05725 0
    endloop
  endfacet
  facet normal -0.841306 -0.540559 0
    outer loop
      vertex -10.1684 2.05725 12
      vertex -9.95239 1.72106 0
      vertex -9.95239 1.72106 12
    endloop
  endfacet
  facet normal -0.974013 -0.22649 0
    outer loop
      vertex -9.55126 0.596828 0
      vertex -9.64177 0.986063 12
      vertex -9.64177 0.986063 0
    endloop
  endfacet
  facet normal -0.974013 -0.22649 0
    outer loop
      vertex -9.64177 0.986063 12
      vertex -9.55126 0.596828 0
      vertex -9.55126 0.596828 12
    endloop
  endfacet
  facet normal -0.941837 0.336069 0
    outer loop
      vertex -9.77607 -1.36244 0
      vertex -9.64177 -0.986063 12
      vertex -9.64177 -0.986063 0
    endloop
  endfacet
  facet normal -0.941837 0.336069 0
    outer loop
      vertex -9.64177 -0.986063 12
      vertex -9.77607 -1.36244 0
      vertex -9.77607 -1.36244 12
    endloop
  endfacet
  facet normal -0.974013 0.22649 0
    outer loop
      vertex -9.64177 -0.986063 0
      vertex -9.55126 -0.596828 12
      vertex -9.55126 -0.596828 0
    endloop
  endfacet
  facet normal -0.974013 0.22649 0
    outer loop
      vertex -9.55126 -0.596828 12
      vertex -9.64177 -0.986063 0
      vertex -9.64177 -0.986063 12
    endloop
  endfacet
  facet normal -1 0 0
    outer loop
      vertex -9.50571 -0.19981 0
      vertex -9.50571 0.19981 12
      vertex -9.50571 0.19981 0
    endloop
  endfacet
  facet normal -1 -0 0
    outer loop
      vertex -9.50571 0.19981 12
      vertex -9.50571 -0.19981 0
      vertex -9.50571 -0.19981 12
    endloop
  endfacet
  facet normal -0.415405 -0.909637 0
    outer loop
      vertex -11.7302 3.26152 0
      vertex -11.3667 3.09552 12
      vertex -11.7302 3.26152 12
    endloop
  endfacet
  facet normal -0.415405 -0.909637 -0
    outer loop
      vertex -11.3667 3.09552 12
      vertex -11.7302 3.26152 0
      vertex -11.3667 3.09552 0
    endloop
  endfacet
  facet normal -0.0857297 0.996318 0
    outer loop
      vertex -12.5019 -3.46437 0
      vertex -12.5277 -3.46659 12
      vertex -12.5019 -3.46437 12
    endloop
  endfacet
  facet normal -0.0857297 0.996318 0
    outer loop
      vertex -12.5277 -3.46659 12
      vertex -12.5019 -3.46437 0
      vertex -12.5277 -3.46659 0
    endloop
  endfacet
  facet normal -0.696913 -0.717156 0
    outer loop
      vertex -10.708 2.64512 0
      vertex -10.4214 2.36661 12
      vertex -10.708 2.64512 12
    endloop
  endfacet
  facet normal -0.696913 -0.717156 -0
    outer loop
      vertex -10.4214 2.36661 12
      vertex -10.708 2.64512 0
      vertex -10.4214 2.36661 0
    endloop
  endfacet
  facet normal -0.993483 -0.113983 0
    outer loop
      vertex -9.50571 0.19981 0
      vertex -9.55126 0.596828 12
      vertex -9.55126 0.596828 0
    endloop
  endfacet
  facet normal -0.993483 -0.113983 0
    outer loop
      vertex -9.55126 0.596828 12
      vertex -9.50571 0.19981 0
      vertex -9.50571 0.19981 12
    endloop
  endfacet
  facet normal -0.516316 -0.856398 0
    outer loop
      vertex -11.3667 3.09552 0
      vertex -11.0244 2.88915 12
      vertex -11.3667 3.09552 12
    endloop
  endfacet
  facet normal -0.516316 -0.856398 -0
    outer loop
      vertex -11.0244 2.88915 12
      vertex -11.3667 3.09552 0
      vertex -11.0244 2.88915 0
    endloop
  endfacet
  facet normal 0.483404 -0.875397 0
    outer loop
      vertex -8.36413 -8.29606 0
      vertex -8.0143 -8.10288 12
      vertex -8.36413 -8.29606 12
    endloop
  endfacet
  facet normal 0.483404 -0.875397 0
    outer loop
      vertex -8.0143 -8.10288 12
      vertex -8.36413 -8.29606 0
      vertex -8.0143 -8.10288 0
    endloop
  endfacet
  facet normal -0.978147 0.207916 0
    outer loop
      vertex -3.12361 -12.1803 0
      vertex -3.04052 -11.7894 12
      vertex -3.04052 -11.7894 0
    endloop
  endfacet
  facet normal -0.978147 0.207916 0
    outer loop
      vertex -3.04052 -11.7894 12
      vertex -3.12361 -12.1803 0
      vertex -3.12361 -12.1803 12
    endloop
  endfacet
  facet normal -0.179892 -0.983686 0
    outer loop
      vertex -6.06795 -7.7851 0
      vertex -5.67484 -7.85699 12
      vertex -6.06795 -7.7851 12
    endloop
  endfacet
  facet normal -0.179892 -0.983686 -0
    outer loop
      vertex -5.67484 -7.85699 12
      vertex -6.06795 -7.7851 0
      vertex -5.67484 -7.85699 0
    endloop
  endfacet
  facet normal -0.0665888 -0.997781 0
    outer loop
      vertex -6.46668 -7.75849 0
      vertex -6.06795 -7.7851 12
      vertex -6.46668 -7.75849 12
    endloop
  endfacet
  facet normal -0.0665888 -0.997781 -0
    outer loop
      vertex -6.06795 -7.7851 12
      vertex -6.46668 -7.75849 0
      vertex -6.06795 -7.7851 0
    endloop
  endfacet
  facet normal -0.995473 0.0950429 0
    outer loop
      vertex -3.04052 -11.7894 0
      vertex -3.00254 -11.3916 12
      vertex -3.00254 -11.3916 0
    endloop
  endfacet
  facet normal -0.995473 0.0950429 0
    outer loop
      vertex -3.00254 -11.3916 12
      vertex -3.04052 -11.7894 0
      vertex -3.04052 -11.7894 12
    endloop
  endfacet
  facet normal -0.888834 -0.45823 0
    outer loop
      vertex -3.30259 -9.83475 0
      vertex -3.48571 -9.47955 12
      vertex -3.48571 -9.47955 0
    endloop
  endfacet
  facet normal -0.888834 -0.45823 0
    outer loop
      vertex -3.48571 -9.47955 12
      vertex -3.30259 -9.83475 0
      vertex -3.30259 -9.83475 12
    endloop
  endfacet
  facet normal 0.161152 -0.98693 0
    outer loop
      vertex -7.26025 -7.8419 0
      vertex -6.86585 -7.7775 12
      vertex -7.26025 -7.8419 12
    endloop
  endfacet
  facet normal 0.161152 -0.98693 0
    outer loop
      vertex -6.86585 -7.7775 12
      vertex -7.26025 -7.8419 0
      vertex -6.86585 -7.7775 0
    endloop
  endfacet
  facet normal -0.935277 -0.353916 0
    outer loop
      vertex -3.16116 -10.2085 0
      vertex -3.30259 -9.83475 12
      vertex -3.30259 -9.83475 0
    endloop
  endfacet
  facet normal -0.935277 -0.353916 0
    outer loop
      vertex -3.30259 -9.83475 12
      vertex -3.16116 -10.2085 0
      vertex -3.16116 -10.2085 12
    endloop
  endfacet
  facet normal -0.830812 -0.556552 0
    outer loop
      vertex -3.48571 -9.47955 0
      vertex -3.70812 -9.14754 12
      vertex -3.70812 -9.14754 0
    endloop
  endfacet
  facet normal -0.830812 -0.556552 0
    outer loop
      vertex -3.70812 -9.14754 12
      vertex -3.48571 -9.47955 0
      vertex -3.48571 -9.47955 12
    endloop
  endfacet
  facet normal 0.669114 -0.74316 0
    outer loop
      vertex -8.98663 -8.79526 0
      vertex -8.68965 -8.52787 12
      vertex -8.98663 -8.79526 12
    endloop
  endfacet
  facet normal 0.669114 -0.74316 0
    outer loop
      vertex -8.68965 -8.52787 12
      vertex -8.98663 -8.79526 0
      vertex -8.68965 -8.52787 0
    endloop
  endfacet
  facet normal -0.290854 -0.956767 0
    outer loop
      vertex -5.67484 -7.85699 0
      vertex -5.2925 -7.97322 12
      vertex -5.67484 -7.85699 12
    endloop
  endfacet
  facet normal -0.290854 -0.956767 -0
    outer loop
      vertex -5.2925 -7.97322 12
      vertex -5.67484 -7.85699 0
      vertex -5.2925 -7.97322 0
    endloop
  endfacet
  facet normal -0.761947 -0.647639 0
    outer loop
      vertex -3.70812 -9.14754 0
      vertex -3.96693 -8.84305 12
      vertex -3.96693 -8.84305 0
    endloop
  endfacet
  facet normal -0.761947 -0.647639 0
    outer loop
      vertex -3.96693 -8.84305 12
      vertex -3.70812 -9.14754 0
      vertex -3.70812 -9.14754 12
    endloop
  endfacet
  facet normal -0.999819 -0.0190406 0
    outer loop
      vertex -3.00254 -11.3916 0
      vertex -3.01015 -10.992 12
      vertex -3.01015 -10.992 0
    endloop
  endfacet
  facet normal -0.999819 -0.0190406 0
    outer loop
      vertex -3.01015 -10.992 12
      vertex -3.00254 -11.3916 0
      vertex -3.00254 -11.3916 12
    endloop
  endfacet
  facet normal 0.272582 -0.962133 0
    outer loop
      vertex -7.64474 -7.95083 0
      vertex -7.26025 -7.8419 12
      vertex -7.64474 -7.95083 12
    endloop
  endfacet
  facet normal 0.272582 -0.962133 0
    outer loop
      vertex -7.26025 -7.8419 12
      vertex -7.64474 -7.95083 0
      vertex -7.26025 -7.8419 0
    endloop
  endfacet
  facet normal -0.96953 -0.244972 0
    outer loop
      vertex -3.06325 -10.596 0
      vertex -3.16116 -10.2085 12
      vertex -3.16116 -10.2085 0
    endloop
  endfacet
  facet normal -0.96953 -0.244972 0
    outer loop
      vertex -3.16116 -10.2085 12
      vertex -3.06325 -10.596 0
      vertex -3.06325 -10.596 12
    endloop
  endfacet
  facet normal 0.380489 -0.924785 0
    outer loop
      vertex -8.0143 -8.10288 0
      vertex -7.64474 -7.95083 12
      vertex -8.0143 -8.10288 12
    endloop
  endfacet
  facet normal 0.380489 -0.924785 0
    outer loop
      vertex -7.64474 -7.95083 12
      vertex -8.0143 -8.10288 0
      vertex -7.64474 -7.95083 0
    endloop
  endfacet
  facet normal -0.948056 0.318104 0
    outer loop
      vertex -3.25071 -12.5591 0
      vertex -3.12361 -12.1803 12
      vertex -3.12361 -12.1803 0
    endloop
  endfacet
  facet normal -0.948056 0.318104 0
    outer loop
      vertex -3.12361 -12.1803 12
      vertex -3.25071 -12.5591 0
      vertex -3.25071 -12.5591 12
    endloop
  endfacet
  facet normal -0.500001 -0.866025 0
    outer loop
      vertex -4.92589 -8.13228 0
      vertex -4.57981 -8.33209 12
      vertex -4.92589 -8.13228 12
    endloop
  endfacet
  facet normal -0.500001 -0.866025 -0
    outer loop
      vertex -4.57981 -8.33209 12
      vertex -4.92589 -8.13228 0
      vertex -4.57981 -8.33209 0
    endloop
  endfacet
  facet normal 0.749482 -0.662025 0
    outer loop
      vertex -9.25119 -9.09477 12
      vertex -8.98663 -8.79526 0
      vertex -8.98663 -8.79526 12
    endloop
  endfacet
  facet normal 0.749482 -0.662025 0
    outer loop
      vertex -8.98663 -8.79526 0
      vertex -9.25119 -9.09477 12
      vertex -9.25119 -9.09477 0
    endloop
  endfacet
  facet normal -0.991129 -0.132901 0
    outer loop
      vertex -3.01015 -10.992 0
      vertex -3.06325 -10.596 12
      vertex -3.06325 -10.596 0
    endloop
  endfacet
  facet normal -0.991129 -0.132901 0
    outer loop
      vertex -3.06325 -10.596 12
      vertex -3.01015 -10.992 0
      vertex -3.01015 -10.992 12
    endloop
  endfacet
  facet normal -0.39802 -0.917377 0
    outer loop
      vertex -5.2925 -7.97322 0
      vertex -4.92589 -8.13228 12
      vertex -5.2925 -7.97322 12
    endloop
  endfacet
  facet normal -0.39802 -0.917377 -0
    outer loop
      vertex -4.92589 -8.13228 12
      vertex -5.2925 -7.97322 0
      vertex -4.92589 -8.13228 0
    endloop
  endfacet
  facet normal -0.683154 -0.730274 0
    outer loop
      vertex -4.25876 -8.57005 0
      vertex -3.96693 -8.84305 12
      vertex -4.25876 -8.57005 12
    endloop
  endfacet
  facet normal -0.683154 -0.730274 -0
    outer loop
      vertex -3.96693 -8.84305 12
      vertex -4.25876 -8.57005 0
      vertex -3.96693 -8.84305 0
    endloop
  endfacet
  facet normal 0.580071 -0.814566 0
    outer loop
      vertex -8.68965 -8.52787 0
      vertex -8.36413 -8.29606 12
      vertex -8.68965 -8.52787 12
    endloop
  endfacet
  facet normal 0.580071 -0.814566 0
    outer loop
      vertex -8.36413 -8.29606 12
      vertex -8.68965 -8.52787 0
      vertex -8.36413 -8.29606 0
    endloop
  endfacet
  facet normal 0.0475699 -0.998868 0
    outer loop
      vertex -6.86585 -7.7775 0
      vertex -6.46668 -7.75849 12
      vertex -6.86585 -7.7775 12
    endloop
  endfacet
  facet normal 0.0475699 -0.998868 0
    outer loop
      vertex -6.46668 -7.75849 12
      vertex -6.86585 -7.7775 0
      vertex -6.46668 -7.75849 0
    endloop
  endfacet
  facet normal -0.906134 0.422991 0
    outer loop
      vertex -3.26168 -12.5826 0
      vertex -3.25071 -12.5591 12
      vertex -3.25071 -12.5591 0
    endloop
  endfacet
  facet normal -0.906134 0.422991 0
    outer loop
      vertex -3.25071 -12.5591 12
      vertex -3.26168 -12.5826 0
      vertex -3.26168 -12.5826 12
    endloop
  endfacet
  facet normal -0.595462 -0.803383 0
    outer loop
      vertex -4.57981 -8.33209 0
      vertex -4.25876 -8.57005 12
      vertex -4.57981 -8.33209 12
    endloop
  endfacet
  facet normal -0.595462 -0.803383 -0
    outer loop
      vertex -4.25876 -8.57005 12
      vertex -4.57981 -8.33209 0
      vertex -4.25876 -8.57005 0
    endloop
  endfacet
  facet normal 0.820211 -0.572061 0
    outer loop
      vertex -9.26599 -9.11599 12
      vertex -9.25119 -9.09477 0
      vertex -9.25119 -9.09477 12
    endloop
  endfacet
  facet normal 0.820211 -0.572061 0
    outer loop
      vertex -9.25119 -9.09477 0
      vertex -9.26599 -9.11599 12
      vertex -9.26599 -9.11599 0
    endloop
  endfacet
  facet normal 0.888834 -0.45823 0
    outer loop
      vertex 3.30259 -9.83475 12
      vertex 3.48571 -9.47955 0
      vertex 3.48571 -9.47955 12
    endloop
  endfacet
  facet normal 0.888834 -0.45823 0
    outer loop
      vertex 3.48571 -9.47955 0
      vertex 3.30259 -9.83475 12
      vertex 3.30259 -9.83475 0
    endloop
  endfacet
  facet normal 0.948056 0.318104 0
    outer loop
      vertex 3.25071 -12.5591 12
      vertex 3.12361 -12.1803 0
      vertex 3.12361 -12.1803 12
    endloop
  endfacet
  facet normal 0.948056 0.318104 0
    outer loop
      vertex 3.12361 -12.1803 0
      vertex 3.25071 -12.5591 12
      vertex 3.25071 -12.5591 0
    endloop
  endfacet
  facet normal 0.39802 -0.917377 0
    outer loop
      vertex 4.92589 -8.13228 0
      vertex 5.2925 -7.97322 12
      vertex 4.92589 -8.13228 12
    endloop
  endfacet
  facet normal 0.39802 -0.917377 0
    outer loop
      vertex 5.2925 -7.97322 12
      vertex 4.92589 -8.13228 0
      vertex 5.2925 -7.97322 0
    endloop
  endfacet
  facet normal 0.935277 -0.353916 0
    outer loop
      vertex 3.16116 -10.2085 12
      vertex 3.30259 -9.83475 0
      vertex 3.30259 -9.83475 12
    endloop
  endfacet
  facet normal 0.935277 -0.353916 0
    outer loop
      vertex 3.30259 -9.83475 0
      vertex 3.16116 -10.2085 12
      vertex 3.16116 -10.2085 0
    endloop
  endfacet
  facet normal -0.483404 -0.875397 0
    outer loop
      vertex 8.0143 -8.10288 0
      vertex 8.36413 -8.29606 12
      vertex 8.0143 -8.10288 12
    endloop
  endfacet
  facet normal -0.483404 -0.875397 -0
    outer loop
      vertex 8.36413 -8.29606 12
      vertex 8.0143 -8.10288 0
      vertex 8.36413 -8.29606 0
    endloop
  endfacet
  facet normal -0.380489 -0.924785 0
    outer loop
      vertex 7.64474 -7.95083 0
      vertex 8.0143 -8.10288 12
      vertex 7.64474 -7.95083 12
    endloop
  endfacet
  facet normal -0.380489 -0.924785 -0
    outer loop
      vertex 8.0143 -8.10288 12
      vertex 7.64474 -7.95083 0
      vertex 8.0143 -8.10288 0
    endloop
  endfacet
  facet normal -0.669114 -0.74316 0
    outer loop
      vertex 8.68965 -8.52787 0
      vertex 8.98663 -8.79526 12
      vertex 8.68965 -8.52787 12
    endloop
  endfacet
  facet normal -0.669114 -0.74316 -0
    outer loop
      vertex 8.98663 -8.79526 12
      vertex 8.68965 -8.52787 0
      vertex 8.98663 -8.79526 0
    endloop
  endfacet
  facet normal -0.272582 -0.962133 0
    outer loop
      vertex 7.26025 -7.8419 0
      vertex 7.64474 -7.95083 12
      vertex 7.26025 -7.8419 12
    endloop
  endfacet
  facet normal -0.272582 -0.962133 -0
    outer loop
      vertex 7.64474 -7.95083 12
      vertex 7.26025 -7.8419 0
      vertex 7.64474 -7.95083 0
    endloop
  endfacet
  facet normal -0.580071 -0.814566 0
    outer loop
      vertex 8.36413 -8.29606 0
      vertex 8.68965 -8.52787 12
      vertex 8.36413 -8.29606 12
    endloop
  endfacet
  facet normal -0.580071 -0.814566 -0
    outer loop
      vertex 8.68965 -8.52787 12
      vertex 8.36413 -8.29606 0
      vertex 8.68965 -8.52787 0
    endloop
  endfacet
  facet normal 0.290854 -0.956767 0
    outer loop
      vertex 5.2925 -7.97322 0
      vertex 5.67484 -7.85699 12
      vertex 5.2925 -7.97322 12
    endloop
  endfacet
  facet normal 0.290854 -0.956767 0
    outer loop
      vertex 5.67484 -7.85699 12
      vertex 5.2925 -7.97322 0
      vertex 5.67484 -7.85699 0
    endloop
  endfacet
  facet normal 0.500001 -0.866025 0
    outer loop
      vertex 4.57981 -8.33209 0
      vertex 4.92589 -8.13228 12
      vertex 4.57981 -8.33209 12
    endloop
  endfacet
  facet normal 0.500001 -0.866025 0
    outer loop
      vertex 4.92589 -8.13228 12
      vertex 4.57981 -8.33209 0
      vertex 4.92589 -8.13228 0
    endloop
  endfacet
  facet normal -0.161152 -0.98693 0
    outer loop
      vertex 6.86585 -7.7775 0
      vertex 7.26025 -7.8419 12
      vertex 6.86585 -7.7775 12
    endloop
  endfacet
  facet normal -0.161152 -0.98693 -0
    outer loop
      vertex 7.26025 -7.8419 12
      vertex 6.86585 -7.7775 0
      vertex 7.26025 -7.8419 0
    endloop
  endfacet
  facet normal 0.761947 -0.647639 0
    outer loop
      vertex 3.70812 -9.14754 12
      vertex 3.96693 -8.84305 0
      vertex 3.96693 -8.84305 12
    endloop
  endfacet
  facet normal 0.761947 -0.647639 0
    outer loop
      vertex 3.96693 -8.84305 0
      vertex 3.70812 -9.14754 12
      vertex 3.70812 -9.14754 0
    endloop
  endfacet
  facet normal -0.749482 -0.662025 0
    outer loop
      vertex 9.25119 -9.09477 0
      vertex 8.98663 -8.79526 12
      vertex 8.98663 -8.79526 0
    endloop
  endfacet
  facet normal -0.749482 -0.662025 0
    outer loop
      vertex 8.98663 -8.79526 12
      vertex 9.25119 -9.09477 0
      vertex 9.25119 -9.09477 12
    endloop
  endfacet
  facet normal 0.830812 -0.556552 0
    outer loop
      vertex 3.48571 -9.47955 12
      vertex 3.70812 -9.14754 0
      vertex 3.70812 -9.14754 12
    endloop
  endfacet
  facet normal 0.830812 -0.556552 0
    outer loop
      vertex 3.70812 -9.14754 0
      vertex 3.48571 -9.47955 12
      vertex 3.48571 -9.47955 0
    endloop
  endfacet
  facet normal 0.999819 -0.0190406 0
    outer loop
      vertex 3.00254 -11.3916 12
      vertex 3.01015 -10.992 0
      vertex 3.01015 -10.992 12
    endloop
  endfacet
  facet normal 0.999819 -0.0190406 0
    outer loop
      vertex 3.01015 -10.992 0
      vertex 3.00254 -11.3916 12
      vertex 3.00254 -11.3916 0
    endloop
  endfacet
  facet normal -0.0475699 -0.998868 0
    outer loop
      vertex 6.46668 -7.75849 0
      vertex 6.86585 -7.7775 12
      vertex 6.46668 -7.75849 12
    endloop
  endfacet
  facet normal -0.0475699 -0.998868 -0
    outer loop
      vertex 6.86585 -7.7775 12
      vertex 6.46668 -7.75849 0
      vertex 6.86585 -7.7775 0
    endloop
  endfacet
  facet normal 0.906134 0.422991 0
    outer loop
      vertex 3.26168 -12.5826 12
      vertex 3.25071 -12.5591 0
      vertex 3.25071 -12.5591 12
    endloop
  endfacet
  facet normal 0.906134 0.422991 0
    outer loop
      vertex 3.25071 -12.5591 0
      vertex 3.26168 -12.5826 12
      vertex 3.26168 -12.5826 0
    endloop
  endfacet
  facet normal 0.0665888 -0.997781 0
    outer loop
      vertex 6.06795 -7.7851 0
      vertex 6.46668 -7.75849 12
      vertex 6.06795 -7.7851 12
    endloop
  endfacet
  facet normal 0.0665888 -0.997781 0
    outer loop
      vertex 6.46668 -7.75849 12
      vertex 6.06795 -7.7851 0
      vertex 6.46668 -7.75849 0
    endloop
  endfacet
  facet normal 0.978147 0.207916 0
    outer loop
      vertex 3.12361 -12.1803 12
      vertex 3.04052 -11.7894 0
      vertex 3.04052 -11.7894 12
    endloop
  endfacet
  facet normal 0.978147 0.207916 0
    outer loop
      vertex 3.04052 -11.7894 0
      vertex 3.12361 -12.1803 12
      vertex 3.12361 -12.1803 0
    endloop
  endfacet
  facet normal -0.820211 -0.572061 0
    outer loop
      vertex 9.26599 -9.11599 0
      vertex 9.25119 -9.09477 12
      vertex 9.25119 -9.09477 0
    endloop
  endfacet
  facet normal -0.820211 -0.572061 0
    outer loop
      vertex 9.25119 -9.09477 12
      vertex 9.26599 -9.11599 0
      vertex 9.26599 -9.11599 12
    endloop
  endfacet
  facet normal 0.595462 -0.803383 0
    outer loop
      vertex 4.25876 -8.57005 0
      vertex 4.57981 -8.33209 12
      vertex 4.25876 -8.57005 12
    endloop
  endfacet
  facet normal 0.595462 -0.803383 0
    outer loop
      vertex 4.57981 -8.33209 12
      vertex 4.25876 -8.57005 0
      vertex 4.57981 -8.33209 0
    endloop
  endfacet
  facet normal 0.683154 -0.730274 0
    outer loop
      vertex 3.96693 -8.84305 0
      vertex 4.25876 -8.57005 12
      vertex 3.96693 -8.84305 12
    endloop
  endfacet
  facet normal 0.683154 -0.730274 0
    outer loop
      vertex 4.25876 -8.57005 12
      vertex 3.96693 -8.84305 0
      vertex 4.25876 -8.57005 0
    endloop
  endfacet
  facet normal 0.179892 -0.983686 0
    outer loop
      vertex 5.67484 -7.85699 0
      vertex 6.06795 -7.7851 12
      vertex 5.67484 -7.85699 12
    endloop
  endfacet
  facet normal 0.179892 -0.983686 0
    outer loop
      vertex 6.06795 -7.7851 12
      vertex 5.67484 -7.85699 0
      vertex 6.06795 -7.7851 0
    endloop
  endfacet
  facet normal 0.96953 -0.244972 0
    outer loop
      vertex 3.06325 -10.596 12
      vertex 3.16116 -10.2085 0
      vertex 3.16116 -10.2085 12
    endloop
  endfacet
  facet normal 0.96953 -0.244972 0
    outer loop
      vertex 3.16116 -10.2085 0
      vertex 3.06325 -10.596 12
      vertex 3.06325 -10.596 0
    endloop
  endfacet
  facet normal 0.991129 -0.132901 0
    outer loop
      vertex 3.01015 -10.992 12
      vertex 3.06325 -10.596 0
      vertex 3.06325 -10.596 12
    endloop
  endfacet
  facet normal 0.991129 -0.132901 0
    outer loop
      vertex 3.06325 -10.596 0
      vertex 3.01015 -10.992 12
      vertex 3.01015 -10.992 0
    endloop
  endfacet
  facet normal 0.995473 0.0950429 0
    outer loop
      vertex 3.04052 -11.7894 12
      vertex 3.00254 -11.3916 0
      vertex 3.00254 -11.3916 12
    endloop
  endfacet
  facet normal 0.995473 0.0950429 0
    outer loop
      vertex 3.00254 -11.3916 0
      vertex 3.04052 -11.7894 12
      vertex 3.04052 -11.7894 0
    endloop
  endfacet
  facet normal 0.906278 -0.422683 0
    outer loop
      vertex 11.6843 -5.69882 12
      vertex 11.8761 -5.28758 0
      vertex 11.8761 -5.28758 12
    endloop
  endfacet
  facet normal 0.906278 -0.422683 0
    outer loop
      vertex 11.8761 -5.28758 0
      vertex 11.6843 -5.69882 12
      vertex 11.6843 -5.69882 0
    endloop
  endfacet
  facet normal 0.777191 0.629264 0
    outer loop
      vertex 10.2441 8.0036 12
      vertex 9.95858 8.35624 0
      vertex 9.95858 8.35624 12
    endloop
  endfacet
  facet normal 0.777191 0.629264 0
    outer loop
      vertex 9.95858 8.35624 0
      vertex 10.2441 8.0036 12
      vertex 10.2441 8.0036 0
    endloop
  endfacet
  facet normal 0.891012 -0.45398 0
    outer loop
      vertex 11.4783 -6.10313 12
      vertex 11.6843 -5.69882 0
      vertex 11.6843 -5.69882 12
    endloop
  endfacet
  facet normal 0.891012 -0.45398 0
    outer loop
      vertex 11.6843 -5.69882 0
      vertex 11.4783 -6.10313 12
      vertex 11.4783 -6.10313 0
    endloop
  endfacet
  facet normal 0 0 -1
    outer loop
      vertex 3.14498 -12.6138 0
      vertex 3.25071 -12.5591 0
      vertex 3.26168 -12.5826 0
    endloop
  endfacet
  facet normal 0 0 -1
    outer loop
      vertex 3.14498 -12.6138 0
      vertex 3.12361 -12.1803 0
      vertex 3.25071 -12.5591 0
    endloop
  endfacet
  facet normal 0 0 -1
    outer loop
      vertex 2.70285 -12.7159 0
      vertex 3.12361 -12.1803 0
      vertex 3.14498 -12.6138 0
    endloop
  endfacet
  facet normal -0 0 -1
    outer loop
      vertex 4.57981 8.33209 0
      vertex 1.0503 2.21345 0
      vertex 4.25876 8.57005 0
    endloop
  endfacet
  facet normal -0 0 -1
    outer loop
      vertex 3.04052 -11.7894 0
      vertex 2.70285 -12.7159 0
      vertex 3.00254 -11.3916 0
    endloop
  endfacet
  facet normal -0 0 -1
    outer loop
      vertex 3.12361 -12.1803 0
      vertex 2.70285 -12.7159 0
      vertex 3.04052 -11.7894 0
    endloop
  endfacet
  facet normal 0 0 -1
    outer loop
      vertex 12.4964 -3.58329 0
      vertex 12.5019 -3.46437 0
      vertex 12.5277 -3.46659 0
    endloop
  endfacet
  facet normal 0 0 -1
    outer loop
      vertex 12.1102 -3.38501 0
      vertex 12.4964 -3.58329 0
      vertex 12.3637 -4.01722 0
    endloop
  endfacet
  facet normal 0 0 -1
    outer loop
      vertex 11.7302 -3.26152 0
      vertex 12.3637 -4.01722 0
      vertex 12.216 -4.44626 0
    endloop
  endfacet
  facet normal 0 0 -1
    outer loop
      vertex 12.4964 -3.58329 0
      vertex 12.1102 -3.38501 0
      vertex 12.5019 -3.46437 0
    endloop
  endfacet
  facet normal 0 0 -1
    outer loop
      vertex 11.3667 -3.09552 0
      vertex 12.216 -4.44626 0
      vertex 12.0534 -4.86989 0
    endloop
  endfacet
  facet normal 0 0 -1
    outer loop
      vertex 11.3667 -3.09552 0
      vertex 12.0534 -4.86989 0
      vertex 11.8761 -5.28758 0
    endloop
  endfacet
  facet normal 0 0 -1
    outer loop
      vertex 12.3637 -4.01722 0
      vertex 11.7302 -3.26152 0
      vertex 12.1102 -3.38501 0
    endloop
  endfacet
  facet normal 0 0 -1
    outer loop
      vertex 11.0244 -2.88915 0
      vertex 11.8761 -5.28758 0
      vertex 11.6843 -5.69882 0
    endloop
  endfacet
  facet normal 0 0 -1
    outer loop
      vertex 11.0244 -2.88915 0
      vertex 11.6843 -5.69882 0
      vertex 11.4783 -6.10313 0
    endloop
  endfacet
  facet normal 0 0 -1
    outer loop
      vertex 12.216 -4.44626 0
      vertex 11.3667 -3.09552 0
      vertex 11.7302 -3.26152 0
    endloop
  endfacet
  facet normal 0 0 -1
    outer loop
      vertex 10.708 -2.64512 0
      vertex 11.4783 -6.10313 0
      vertex 11.2583 -6.5 0
    endloop
  endfacet
  facet normal 0 0 -1
    outer loop
      vertex 7.64474 -7.95083 0
      vertex 11.2583 -6.5 0
      vertex 11.0246 -6.88895 0
    endloop
  endfacet
  facet normal 0 0 -1
    outer loop
      vertex 11.8761 -5.28758 0
      vertex 11.0244 -2.88915 0
      vertex 11.3667 -3.09552 0
    endloop
  endfacet
  facet normal 0 0 -1
    outer loop
      vertex 7.64474 -7.95083 0
      vertex 11.0246 -6.88895 0
      vertex 10.7775 -7.26951 0
    endloop
  endfacet
  facet normal 0 0 -1
    outer loop
      vertex 11.4783 -6.10313 0
      vertex 10.708 -2.64512 0
      vertex 11.0244 -2.88915 0
    endloop
  endfacet
  facet normal 0 0 -1
    outer loop
      vertex 8.0143 -8.10288 0
      vertex 10.7775 -7.26951 0
      vertex 10.5172 -7.64121 0
    endloop
  endfacet
  facet normal -0 0 -1
    outer loop
      vertex 11.2583 -6.5 0
      vertex 7.64474 -7.95083 0
      vertex 10.708 -2.64512 0
    endloop
  endfacet
  facet normal 0 0 -1
    outer loop
      vertex 8.36413 -8.29606 0
      vertex 10.5172 -7.64121 0
      vertex 10.2441 -8.0036 0
    endloop
  endfacet
  facet normal -0 0 -1
    outer loop
      vertex 10.708 -2.64512 0
      vertex 7.64474 -7.95083 0
      vertex 10.4214 -2.36661 0
    endloop
  endfacet
  facet normal 0 0 -1
    outer loop
      vertex 8.36413 -8.29606 0
      vertex 10.2441 -8.0036 0
      vertex 9.95858 -8.35624 0
    endloop
  endfacet
  facet normal 0 0 -1
    outer loop
      vertex 10.7775 -7.26951 0
      vertex 8.0143 -8.10288 0
      vertex 7.64474 -7.95083 0
    endloop
  endfacet
  facet normal 0 0 -1
    outer loop
      vertex 7.26025 -7.8419 0
      vertex 10.4214 -2.36661 0
      vertex 7.64474 -7.95083 0
    endloop
  endfacet
  facet normal 0 0 -1
    outer loop
      vertex 8.68965 -8.52787 0
      vertex 9.95858 -8.35624 0
      vertex 9.66088 -8.6987 0
    endloop
  endfacet
  facet normal 0 0 -1
    outer loop
      vertex 10.5172 -7.64121 0
      vertex 8.36413 -8.29606 0
      vertex 8.0143 -8.10288 0
    endloop
  endfacet
  facet normal -0 0 -1
    outer loop
      vertex 10.4214 -2.36661 0
      vertex 7.26025 -7.8419 0
      vertex 10.1684 -2.05725 0
    endloop
  endfacet
  facet normal 0 0 -1
    outer loop
      vertex 6.86585 -7.7775 0
      vertex 10.1684 -2.05725 0
      vertex 7.26025 -7.8419 0
    endloop
  endfacet
  facet normal -0 0 -1
    outer loop
      vertex 9.95858 -8.35624 0
      vertex 8.68965 -8.52787 0
      vertex 8.36413 -8.29606 0
    endloop
  endfacet
  facet normal 0 0 -1
    outer loop
      vertex 8.68965 -8.52787 0
      vertex 9.66088 -8.6987 0
      vertex 9.35142 -9.03056 0
    endloop
  endfacet
  facet normal 0 0 -1
    outer loop
      vertex 12.5019 3.46437 0
      vertex 12.4964 3.58329 0
      vertex 12.5277 3.46659 0
    endloop
  endfacet
  facet normal 0 0 -1
    outer loop
      vertex 12.1102 3.38501 0
      vertex 12.4964 3.58329 0
      vertex 12.5019 3.46437 0
    endloop
  endfacet
  facet normal -0 0 -1
    outer loop
      vertex 12.4964 3.58329 0
      vertex 12.1102 3.38501 0
      vertex 12.3637 4.01722 0
    endloop
  endfacet
  facet normal 0 0 -1
    outer loop
      vertex 11.7302 3.26152 0
      vertex 12.3637 4.01722 0
      vertex 12.1102 3.38501 0
    endloop
  endfacet
  facet normal -0 0 -1
    outer loop
      vertex 12.3637 4.01722 0
      vertex 11.7302 3.26152 0
      vertex 12.216 4.44626 0
    endloop
  endfacet
  facet normal 0 0 -1
    outer loop
      vertex 11.3667 3.09552 0
      vertex 12.216 4.44626 0
      vertex 11.7302 3.26152 0
    endloop
  endfacet
  facet normal -0 0 -1
    outer loop
      vertex 12.216 4.44626 0
      vertex 11.3667 3.09552 0
      vertex 12.0534 4.86989 0
    endloop
  endfacet
  facet normal -0 0 -1
    outer loop
      vertex 12.0534 4.86989 0
      vertex 11.3667 3.09552 0
      vertex 11.8761 5.28758 0
    endloop
  endfacet
  facet normal 0 0 -1
    outer loop
      vertex 11.0244 2.88915 0
      vertex 11.8761 5.28758 0
      vertex 11.3667 3.09552 0
    endloop
  endfacet
  facet normal -0 0 -1
    outer loop
      vertex 11.8761 5.28758 0
      vertex 11.0244 2.88915 0
      vertex 11.6843 5.69882 0
    endloop
  endfacet
  facet normal -0 0 -1
    outer loop
      vertex 11.6843 5.69882 0
      vertex 11.0244 2.88915 0
      vertex 11.4783 6.10313 0
    endloop
  endfacet
  facet normal 0 0 -1
    outer loop
      vertex 10.708 2.64512 0
      vertex 11.4783 6.10313 0
      vertex 11.0244 2.88915 0
    endloop
  endfacet
  facet normal -0 0 -1
    outer loop
      vertex 11.4783 6.10313 0
      vertex 10.708 2.64512 0
      vertex 11.2583 6.5 0
    endloop
  endfacet
  facet normal 0 0 -1
    outer loop
      vertex 7.64474 7.95083 0
      vertex 11.2583 6.5 0
      vertex 10.708 2.64512 0
    endloop
  endfacet
  facet normal 0 0 -1
    outer loop
      vertex 11.2583 6.5 0
      vertex 7.64474 7.95083 0
      vertex 11.0246 6.88895 0
    endloop
  endfacet
  facet normal 0 0 -1
    outer loop
      vertex 11.0246 6.88895 0
      vertex 7.64474 7.95083 0
      vertex 10.7775 7.26951 0
    endloop
  endfacet
  facet normal 0 0 -1
    outer loop
      vertex 7.64474 7.95083 0
      vertex 10.708 2.64512 0
      vertex 10.4214 2.36661 0
    endloop
  endfacet
  facet normal 0 -0 -1
    outer loop
      vertex 8.0143 8.10288 0
      vertex 10.7775 7.26951 0
      vertex 7.64474 7.95083 0
    endloop
  endfacet
  facet normal 0 0 -1
    outer loop
      vertex 7.26025 7.8419 0
      vertex 10.4214 2.36661 0
      vertex 10.1684 2.05725 0
    endloop
  endfacet
  facet normal 0 0 -1
    outer loop
      vertex 10.7775 7.26951 0
      vertex 8.0143 8.10288 0
      vertex 10.5172 7.64121 0
    endloop
  endfacet
  facet normal 0 0 -1
    outer loop
      vertex 6.86585 7.7775 0
      vertex 10.1684 2.05725 0
      vertex 9.95239 1.72106 0
    endloop
  endfacet
  facet normal 0 0 -1
    outer loop
      vertex 6.46668 7.75849 0
      vertex 9.95239 1.72106 0
      vertex 9.77607 1.36244 0
    endloop
  endfacet
  facet normal 0 0 -1
    outer loop
      vertex 10.5172 7.64121 0
      vertex 8.36413 8.29606 0
      vertex 10.2441 8.0036 0
    endloop
  endfacet
  facet normal 0 0 -1
    outer loop
      vertex 2.32391 0.775836 0
      vertex 9.55126 0.596828 0
      vertex 2.41827 0.393007 0
    endloop
  endfacet
  facet normal 0 0 -1
    outer loop
      vertex 9.50571 0.19981 0
      vertex 2.41827 0.393007 0
      vertex 9.55126 0.596828 0
    endloop
  endfacet
  facet normal 0 0 -1
    outer loop
      vertex 2.41827 0.393007 0
      vertex 9.50571 0.19981 0
      vertex 2.45 0 0
    endloop
  endfacet
  facet normal 0 -0 -1
    outer loop
      vertex 8.68965 8.52787 0
      vertex 9.95858 8.35624 0
      vertex 8.36413 8.29606 0
    endloop
  endfacet
  facet normal -0 0 -1
    outer loop
      vertex 10.1684 -2.05725 0
      vertex 6.86585 -7.7775 0
      vertex 9.95239 -1.72106 0
    endloop
  endfacet
  facet normal 0 0 -1
    outer loop
      vertex 9.25119 -9.09477 0
      vertex 9.35142 -9.03056 0
      vertex 9.26599 -9.11599 0
    endloop
  endfacet
  facet normal 0 0 -1
    outer loop
      vertex 8.98663 -8.79526 0
      vertex 9.35142 -9.03056 0
      vertex 9.25119 -9.09477 0
    endloop
  endfacet
  facet normal 0 0 -1
    outer loop
      vertex 8.68965 -8.52787 0
      vertex 9.35142 -9.03056 0
      vertex 8.98663 -8.79526 0
    endloop
  endfacet
  facet normal 0 0 -1
    outer loop
      vertex 9.35142 9.03056 0
      vertex 9.25119 9.09477 0
      vertex 9.26599 9.11599 0
    endloop
  endfacet
  facet normal 0 0 -1
    outer loop
      vertex 6.46668 -7.75849 0
      vertex 9.95239 -1.72106 0
      vertex 6.86585 -7.7775 0
    endloop
  endfacet
  facet normal -0 0 -1
    outer loop
      vertex 9.35142 9.03056 0
      vertex 8.98663 8.79526 0
      vertex 9.25119 9.09477 0
    endloop
  endfacet
  facet normal 0 -0 -1
    outer loop
      vertex 8.98663 8.79526 0
      vertex 9.66088 8.6987 0
      vertex 8.68965 8.52787 0
    endloop
  endfacet
  facet normal 0 0 -1
    outer loop
      vertex 9.66088 8.6987 0
      vertex 8.98663 8.79526 0
      vertex 9.35142 9.03056 0
    endloop
  endfacet
  facet normal -0 0 -1
    outer loop
      vertex 9.95239 -1.72106 0
      vertex 6.46668 -7.75849 0
      vertex 9.77607 -1.36244 0
    endloop
  endfacet
  facet normal 0 0 -1
    outer loop
      vertex 9.95858 8.35624 0
      vertex 8.68965 8.52787 0
      vertex 9.66088 8.6987 0
    endloop
  endfacet
  facet normal 0 0 -1
    outer loop
      vertex 6.06795 -7.7851 0
      vertex 9.77607 -1.36244 0
      vertex 6.46668 -7.75849 0
    endloop
  endfacet
  facet normal 0 0 -1
    outer loop
      vertex 10.2441 8.0036 0
      vertex 8.36413 8.29606 0
      vertex 9.95858 8.35624 0
    endloop
  endfacet
  facet normal 0 0 -1
    outer loop
      vertex 2.45 0 0
      vertex 9.77607 -1.36244 0
      vertex 6.06795 -7.7851 0
    endloop
  endfacet
  facet normal 0 -0 -1
    outer loop
      vertex 8.36413 8.29606 0
      vertex 10.5172 7.64121 0
      vertex 8.0143 8.10288 0
    endloop
  endfacet
  facet normal 0 0 -1
    outer loop
      vertex 2.45 0 0
      vertex 6.06795 -7.7851 0
      vertex 5.67484 -7.85699 0
    endloop
  endfacet
  facet normal 0 0 -1
    outer loop
      vertex 10.4214 2.36661 0
      vertex 7.26025 7.8419 0
      vertex 7.64474 7.95083 0
    endloop
  endfacet
  facet normal 0 0 -1
    outer loop
      vertex 9.77607 -1.36244 0
      vertex 2.45 0 0
      vertex 9.64177 -0.986063 0
    endloop
  endfacet
  facet normal 0 0 -1
    outer loop
      vertex 10.1684 2.05725 0
      vertex 6.86585 7.7775 0
      vertex 7.26025 7.8419 0
    endloop
  endfacet
  facet normal 0 0 -1
    outer loop
      vertex 2.45 0 0
      vertex 5.67484 -7.85699 0
      vertex 5.2925 -7.97322 0
    endloop
  endfacet
  facet normal 0 0 -1
    outer loop
      vertex 9.95239 1.72106 0
      vertex 6.46668 7.75849 0
      vertex 6.86585 7.7775 0
    endloop
  endfacet
  facet normal 0 0 -1
    outer loop
      vertex 9.64177 -0.986063 0
      vertex 2.45 0 0
      vertex 9.55126 -0.596828 0
    endloop
  endfacet
  facet normal 0 0 -1
    outer loop
      vertex 9.77607 1.36244 0
      vertex 6.06795 7.7851 0
      vertex 6.46668 7.75849 0
    endloop
  endfacet
  facet normal 0 0 -1
    outer loop
      vertex 2.45 0 0
      vertex 5.2925 -7.97322 0
      vertex 4.92589 -8.13228 0
    endloop
  endfacet
  facet normal 0 0 -1
    outer loop
      vertex 9.55126 0.596828 0
      vertex 2.32391 0.775836 0
      vertex 9.64177 0.986063 0
    endloop
  endfacet
  facet normal 0 0 -1
    outer loop
      vertex 9.55126 -0.596828 0
      vertex 2.45 0 0
      vertex 9.50571 -0.19981 0
    endloop
  endfacet
  facet normal -0 0 -1
    outer loop
      vertex 9.64177 0.986063 0
      vertex 2.32391 0.775836 0
      vertex 9.77607 1.36244 0
    endloop
  endfacet
  facet normal 0 0 -1
    outer loop
      vertex 9.50571 -0.19981 0
      vertex 2.45 0 0
      vertex 9.50571 0.19981 0
    endloop
  endfacet
  facet normal 0 0 -1
    outer loop
      vertex 2.16937 1.13857 0
      vertex 9.77607 1.36244 0
      vertex 2.32391 0.775836 0
    endloop
  endfacet
  facet normal 0 0 -1
    outer loop
      vertex 2.45 0 0
      vertex 4.92589 -8.13228 0
      vertex 4.57981 -8.33209 0
    endloop
  endfacet
  facet normal -0 0 -1
    outer loop
      vertex 9.77607 1.36244 0
      vertex 2.16937 1.13857 0
      vertex 6.06795 7.7851 0
    endloop
  endfacet
  facet normal 0 0 -1
    outer loop
      vertex 2.45 0 0
      vertex 4.57981 -8.33209 0
      vertex 4.25876 -8.57005 0
    endloop
  endfacet
  facet normal 0 0 -1
    outer loop
      vertex 1.95863 1.47182 0
      vertex 6.06795 7.7851 0
      vertex 2.16937 1.13857 0
    endloop
  endfacet
  facet normal 0 0 -1
    outer loop
      vertex 2.45 0 0
      vertex 4.25876 -8.57005 0
      vertex 3.96693 -8.84305 0
    endloop
  endfacet
  facet normal -0 0 -1
    outer loop
      vertex 6.06795 7.7851 0
      vertex 1.95863 1.47182 0
      vertex 5.67484 7.85699 0
    endloop
  endfacet
  facet normal 0 0 -1
    outer loop
      vertex 2.45 0 0
      vertex 3.96693 -8.84305 0
      vertex 3.70812 -9.14754 0
    endloop
  endfacet
  facet normal 0 0 -1
    outer loop
      vertex 1.69717 1.76695 0
      vertex 5.67484 7.85699 0
      vertex 1.95863 1.47182 0
    endloop
  endfacet
  facet normal 0 0 -1
    outer loop
      vertex 2.45 0 0
      vertex 3.70812 -9.14754 0
      vertex 3.48571 -9.47955 0
    endloop
  endfacet
  facet normal -0 0 -1
    outer loop
      vertex 5.67484 7.85699 0
      vertex 1.69717 1.76695 0
      vertex 5.2925 7.97322 0
    endloop
  endfacet
  facet normal 0 0 -1
    outer loop
      vertex 2.45 0 0
      vertex 3.48571 -9.47955 0
      vertex 3.30259 -9.83475 0
    endloop
  endfacet
  facet normal 0 0 -1
    outer loop
      vertex 1.39176 2.01631 0
      vertex 5.2925 7.97322 0
      vertex 1.69717 1.76695 0
    endloop
  endfacet
  facet normal 0 0 -1
    outer loop
      vertex 2.45 0 0
      vertex 3.30259 -9.83475 0
      vertex 3.16116 -10.2085 0
    endloop
  endfacet
  facet normal -0 0 -1
    outer loop
      vertex 5.2925 7.97322 0
      vertex 1.39176 2.01631 0
      vertex 4.92589 8.13228 0
    endloop
  endfacet
  facet normal 0 0 -1
    outer loop
      vertex 2.45 0 0
      vertex 3.16116 -10.2085 0
      vertex 3.06325 -10.596 0
    endloop
  endfacet
  facet normal -0 0 -1
    outer loop
      vertex 4.92589 8.13228 0
      vertex 1.39176 2.01631 0
      vertex 4.57981 8.33209 0
    endloop
  endfacet
  facet normal 0 0 -1
    outer loop
      vertex 2.70285 -12.7159 0
      vertex 3.06325 -10.596 0
      vertex 3.01015 -10.992 0
    endloop
  endfacet
  facet normal 0 0 -1
    outer loop
      vertex 2.45 0 0
      vertex 3.06325 -10.596 0
      vertex 2.70285 -12.7159 0
    endloop
  endfacet
  facet normal 0 0 -1
    outer loop
      vertex 2.70285 -12.7159 0
      vertex 3.01015 -10.992 0
      vertex 3.00254 -11.3916 0
    endloop
  endfacet
  facet normal 0 0 -1
    outer loop
      vertex 1.0503 2.21345 0
      vertex 4.57981 8.33209 0
      vertex 1.39176 2.01631 0
    endloop
  endfacet
  facet normal 0 0 -1
    outer loop
      vertex 3.25071 12.5591 0
      vertex 3.14498 12.6138 0
      vertex 3.26168 12.5826 0
    endloop
  endfacet
  facet normal 0 0 -1
    outer loop
      vertex 3.12361 12.1803 0
      vertex 3.14498 12.6138 0
      vertex 3.25071 12.5591 0
    endloop
  endfacet
  facet normal 0 0 -1
    outer loop
      vertex 2.70285 12.7159 0
      vertex 3.12361 12.1803 0
      vertex 3.04052 11.7894 0
    endloop
  endfacet
  facet normal 0 0 -1
    outer loop
      vertex 3.12361 12.1803 0
      vertex 2.70285 12.7159 0
      vertex 3.14498 12.6138 0
    endloop
  endfacet
  facet normal 0 0 -1
    outer loop
      vertex 2.25743 12.8025 0
      vertex 3.04052 11.7894 0
      vertex 3.00254 11.3916 0
    endloop
  endfacet
  facet normal 0 0 -1
    outer loop
      vertex 0.681632 2.35327 0
      vertex 4.25876 8.57005 0
      vertex 1.0503 2.21345 0
    endloop
  endfacet
  facet normal -0 0 -1
    outer loop
      vertex 4.25876 8.57005 0
      vertex 0.681632 2.35327 0
      vertex 3.96693 8.84305 0
    endloop
  endfacet
  facet normal 0 0 -1
    outer loop
      vertex 2.70285 -12.7159 0
      vertex 2.41827 -0.393007 0
      vertex 2.45 0 0
    endloop
  endfacet
  facet normal 0 0 -1
    outer loop
      vertex 2.70285 -12.7159 0
      vertex 2.32391 -0.775836 0
      vertex 2.41827 -0.393007 0
    endloop
  endfacet
  facet normal 0 0 -1
    outer loop
      vertex 0.295315 -2.43214 0
      vertex 2.70285 -12.7159 0
      vertex 2.25743 -12.8025 0
    endloop
  endfacet
  facet normal 0 0 -1
    outer loop
      vertex 2.70285 -12.7159 0
      vertex 2.16937 -1.13857 0
      vertex 2.32391 -0.775836 0
    endloop
  endfacet
  facet normal 0 0 -1
    outer loop
      vertex 2.70285 -12.7159 0
      vertex 1.95863 -1.47182 0
      vertex 2.16937 -1.13857 0
    endloop
  endfacet
  facet normal 0 0 -1
    outer loop
      vertex -3.30259 -9.83475 0
      vertex 2.25743 -12.8025 0
      vertex 1.80925 -12.8735 0
    endloop
  endfacet
  facet normal 0 0 -1
    outer loop
      vertex 2.70285 -12.7159 0
      vertex 1.69717 -1.76695 0
      vertex 1.95863 -1.47182 0
    endloop
  endfacet
  facet normal 0 0 -1
    outer loop
      vertex 2.70285 -12.7159 0
      vertex 1.39176 -2.01631 0
      vertex 1.69717 -1.76695 0
    endloop
  endfacet
  facet normal 0 0 -1
    outer loop
      vertex -3.30259 -9.83475 0
      vertex 1.80925 -12.8735 0
      vertex 1.35887 -12.9288 0
    endloop
  endfacet
  facet normal 0 0 -1
    outer loop
      vertex 2.70285 -12.7159 0
      vertex 1.0503 -2.21345 0
      vertex 1.39176 -2.01631 0
    endloop
  endfacet
  facet normal 0 0 -1
    outer loop
      vertex -3.16116 -10.2085 0
      vertex 1.35887 -12.9288 0
      vertex 0.906834 -12.9683 0
    endloop
  endfacet
  facet normal 0 0 -1
    outer loop
      vertex 2.70285 -12.7159 0
      vertex 0.681632 -2.35327 0
      vertex 1.0503 -2.21345 0
    endloop
  endfacet
  facet normal 0 0 -1
    outer loop
      vertex -3.16116 -10.2085 0
      vertex 0.906834 -12.9683 0
      vertex 0.453693 -12.9921 0
    endloop
  endfacet
  facet normal 0 0 -1
    outer loop
      vertex 2.25743 -12.8025 0
      vertex -3.30259 -9.83475 0
      vertex 0.295315 -2.43214 0
    endloop
  endfacet
  facet normal 0 0 -1
    outer loop
      vertex -3.06325 -10.596 0
      vertex 0.453693 -12.9921 0
      vertex 0 -13 0
    endloop
  endfacet
  facet normal 0 0 -1
    outer loop
      vertex 2.70285 -12.7159 0
      vertex 0.295315 -2.43214 0
      vertex 0.681632 -2.35327 0
    endloop
  endfacet
  facet normal 0 0 -1
    outer loop
      vertex -3.06325 -10.596 0
      vertex 0 -13 0
      vertex -0.453693 -12.9921 0
    endloop
  endfacet
  facet normal 0 0 -1
    outer loop
      vertex -3.48571 -9.47955 0
      vertex 0.295315 -2.43214 0
      vertex -3.30259 -9.83475 0
    endloop
  endfacet
  facet normal 0 0 -1
    outer loop
      vertex 0.295315 -2.43214 0
      vertex -3.48571 -9.47955 0
      vertex -0.0986509 -2.44801 0
    endloop
  endfacet
  facet normal 0 0 -1
    outer loop
      vertex -3.06325 -10.596 0
      vertex -0.453693 -12.9921 0
      vertex -0.906834 -12.9683 0
    endloop
  endfacet
  facet normal 0 0 -1
    outer loop
      vertex -3.70812 -9.14754 0
      vertex -0.0986509 -2.44801 0
      vertex -3.48571 -9.47955 0
    endloop
  endfacet
  facet normal 0 0 -1
    outer loop
      vertex -3.01015 -10.992 0
      vertex -0.906834 -12.9683 0
      vertex -1.35887 -12.9288 0
    endloop
  endfacet
  facet normal 0 0 -1
    outer loop
      vertex 1.35887 -12.9288 0
      vertex -3.16116 -10.2085 0
      vertex -3.30259 -9.83475 0
    endloop
  endfacet
  facet normal 0 0 -1
    outer loop
      vertex -3.01015 -10.992 0
      vertex -1.35887 -12.9288 0
      vertex -1.80925 -12.8735 0
    endloop
  endfacet
  facet normal -0 0 -1
    outer loop
      vertex -0.0986509 -2.44801 0
      vertex -3.70812 -9.14754 0
      vertex -0.490063 -2.40049 0
    endloop
  endfacet
  facet normal 0 0 -1
    outer loop
      vertex -3.96693 -8.84305 0
      vertex -0.490063 -2.40049 0
      vertex -3.70812 -9.14754 0
    endloop
  endfacet
  facet normal 0 0 -1
    outer loop
      vertex -4.25876 -8.57005 0
      vertex -0.490063 -2.40049 0
      vertex -3.96693 -8.84305 0
    endloop
  endfacet
  facet normal 0 0 -1
    outer loop
      vertex -3.01015 -10.992 0
      vertex -1.80925 -12.8735 0
      vertex -2.25743 -12.8025 0
    endloop
  endfacet
  facet normal -0 0 -1
    outer loop
      vertex -0.490063 -2.40049 0
      vertex -4.25876 -8.57005 0
      vertex -0.868781 -2.29079 0
    endloop
  endfacet
  facet normal 0 0 -1
    outer loop
      vertex -4.57981 -8.33209 0
      vertex -0.868781 -2.29079 0
      vertex -4.25876 -8.57005 0
    endloop
  endfacet
  facet normal 0 0 -1
    outer loop
      vertex -0.906834 -12.9683 0
      vertex -3.01015 -10.992 0
      vertex -3.06325 -10.596 0
    endloop
  endfacet
  facet normal 0 0 -1
    outer loop
      vertex -3.01015 -10.992 0
      vertex -2.25743 -12.8025 0
      vertex -2.70285 -12.7159 0
    endloop
  endfacet
  facet normal -0 0 -1
    outer loop
      vertex -0.868781 -2.29079 0
      vertex -4.57981 -8.33209 0
      vertex -1.225 -2.12176 0
    endloop
  endfacet
  facet normal 0 0 -1
    outer loop
      vertex -2.44205 0.197143 0
      vertex -3.01015 10.992 0
      vertex -3.00254 11.3916 0
    endloop
  endfacet
  facet normal 0 0 -1
    outer loop
      vertex -4.92589 -8.13228 0
      vertex -1.225 -2.12176 0
      vertex -4.57981 -8.33209 0
    endloop
  endfacet
  facet normal 0 0 -1
    outer loop
      vertex -2.44205 0.197143 0
      vertex -3.06325 10.596 0
      vertex -3.01015 10.992 0
    endloop
  endfacet
  facet normal -0 0 -1
    outer loop
      vertex -1.225 -2.12176 0
      vertex -4.92589 -8.13228 0
      vertex -1.54949 -1.89778 0
    endloop
  endfacet
  facet normal 0 0 -1
    outer loop
      vertex -2.44205 0.197143 0
      vertex -3.16116 10.2085 0
      vertex -3.06325 10.596 0
    endloop
  endfacet
  facet normal 0 0 -1
    outer loop
      vertex -5.2925 -7.97322 0
      vertex -1.54949 -1.89778 0
      vertex -4.92589 -8.13228 0
    endloop
  endfacet
  facet normal 0 0 -1
    outer loop
      vertex -2.44205 0.197143 0
      vertex -3.30259 9.83475 0
      vertex -3.16116 10.2085 0
    endloop
  endfacet
  facet normal -0 0 -1
    outer loop
      vertex -1.54949 -1.89778 0
      vertex -5.2925 -7.97322 0
      vertex -1.83385 -1.62465 0
    endloop
  endfacet
  facet normal 0 0 -1
    outer loop
      vertex -2.44205 0.197143 0
      vertex -3.48571 9.47955 0
      vertex -3.30259 9.83475 0
    endloop
  endfacet
  facet normal 0 0 -1
    outer loop
      vertex -5.67484 -7.85699 0
      vertex -1.83385 -1.62465 0
      vertex -5.2925 -7.97322 0
    endloop
  endfacet
  facet normal 0 0 -1
    outer loop
      vertex -2.44205 0.197143 0
      vertex -3.70812 9.14754 0
      vertex -3.48571 9.47955 0
    endloop
  endfacet
  facet normal -0 0 -1
    outer loop
      vertex -1.83385 -1.62465 0
      vertex -5.67484 -7.85699 0
      vertex -2.07071 -1.30944 0
    endloop
  endfacet
  facet normal 0 0 -1
    outer loop
      vertex -2.44205 0.197143 0
      vertex -3.96693 8.84305 0
      vertex -3.70812 9.14754 0
    endloop
  endfacet
  facet normal 0 0 -1
    outer loop
      vertex -6.06795 -7.7851 0
      vertex -2.07071 -1.30944 0
      vertex -5.67484 -7.85699 0
    endloop
  endfacet
  facet normal 0 0 -1
    outer loop
      vertex -2.44205 0.197143 0
      vertex -4.25876 8.57005 0
      vertex -3.96693 8.84305 0
    endloop
  endfacet
  facet normal 0 0 -1
    outer loop
      vertex -9.77607 -1.36244 0
      vertex -2.07071 -1.30944 0
      vertex -6.06795 -7.7851 0
    endloop
  endfacet
  facet normal 0 0 -1
    outer loop
      vertex -2.44205 0.197143 0
      vertex -4.57981 8.33209 0
      vertex -4.25876 8.57005 0
    endloop
  endfacet
  facet normal -0 0 -1
    outer loop
      vertex -2.07071 -1.30944 0
      vertex -9.77607 -1.36244 0
      vertex -2.25395 -0.960318 0
    endloop
  endfacet
  facet normal 0 0 -1
    outer loop
      vertex -2.44205 0.197143 0
      vertex -4.92589 8.13228 0
      vertex -4.57981 8.33209 0
    endloop
  endfacet
  facet normal 0 -0 -1
    outer loop
      vertex -9.64177 -0.986063 0
      vertex -2.25395 -0.960318 0
      vertex -9.77607 -1.36244 0
    endloop
  endfacet
  facet normal 0 0 -1
    outer loop
      vertex -9.50571 0.19981 0
      vertex -2.44205 0.197143 0
      vertex -9.50571 -0.19981 0
    endloop
  endfacet
  facet normal -0 0 -1
    outer loop
      vertex -2.25395 -0.960318 0
      vertex -9.64177 -0.986063 0
      vertex -2.37881 -0.586323 0
    endloop
  endfacet
  facet normal 0 0 -1
    outer loop
      vertex -9.55126 0.596828 0
      vertex -2.44205 0.197143 0
      vertex -9.50571 0.19981 0
    endloop
  endfacet
  facet normal 0 -0 -1
    outer loop
      vertex -9.55126 -0.596828 0
      vertex -2.37881 -0.586323 0
      vertex -9.64177 -0.986063 0
    endloop
  endfacet
  facet normal 0 0 -1
    outer loop
      vertex -2.44205 0.197143 0
      vertex -5.2925 7.97322 0
      vertex -4.92589 8.13228 0
    endloop
  endfacet
  facet normal 0 0 -1
    outer loop
      vertex -9.77607 -1.36244 0
      vertex -6.06795 -7.7851 0
      vertex -6.46668 -7.75849 0
    endloop
  endfacet
  facet normal 0 0 -1
    outer loop
      vertex -9.64177 0.986063 0
      vertex -2.44205 0.197143 0
      vertex -9.55126 0.596828 0
    endloop
  endfacet
  facet normal 0 0 -1
    outer loop
      vertex -9.95239 -1.72106 0
      vertex -6.46668 -7.75849 0
      vertex -6.86585 -7.7775 0
    endloop
  endfacet
  facet normal 0 0 -1
    outer loop
      vertex -2.44205 0.197143 0
      vertex -5.67484 7.85699 0
      vertex -5.2925 7.97322 0
    endloop
  endfacet
  facet normal 0 0 -1
    outer loop
      vertex -10.1684 -2.05725 0
      vertex -6.86585 -7.7775 0
      vertex -7.26025 -7.8419 0
    endloop
  endfacet
  facet normal 0 0 -1
    outer loop
      vertex -9.77607 1.36244 0
      vertex -2.44205 0.197143 0
      vertex -9.64177 0.986063 0
    endloop
  endfacet
  facet normal 0 0 -1
    outer loop
      vertex -10.4214 -2.36661 0
      vertex -7.26025 -7.8419 0
      vertex -7.64474 -7.95083 0
    endloop
  endfacet
  facet normal 0 0 -1
    outer loop
      vertex -2.44205 0.197143 0
      vertex -6.06795 7.7851 0
      vertex -5.67484 7.85699 0
    endloop
  endfacet
  facet normal 0 0 -1
    outer loop
      vertex -11.0246 -6.88895 0
      vertex -7.64474 -7.95083 0
      vertex -8.0143 -8.10288 0
    endloop
  endfacet
  facet normal 0 0 -1
    outer loop
      vertex -2.44205 0.197143 0
      vertex -9.77607 1.36244 0
      vertex -6.06795 7.7851 0
    endloop
  endfacet
  facet normal 0 0 -1
    outer loop
      vertex -10.5172 -7.64121 0
      vertex -8.0143 -8.10288 0
      vertex -8.36413 -8.29606 0
    endloop
  endfacet
  facet normal 0 0 -1
    outer loop
      vertex -6.06795 7.7851 0
      vertex -9.77607 1.36244 0
      vertex -6.46668 7.75849 0
    endloop
  endfacet
  facet normal 0 0 -1
    outer loop
      vertex -9.95858 -8.35624 0
      vertex -8.36413 -8.29606 0
      vertex -8.68965 -8.52787 0
    endloop
  endfacet
  facet normal 0 0 -1
    outer loop
      vertex -9.95239 1.72106 0
      vertex -6.46668 7.75849 0
      vertex -9.77607 1.36244 0
    endloop
  endfacet
  facet normal 0 0 -1
    outer loop
      vertex -9.66088 -8.6987 0
      vertex -8.68965 -8.52787 0
      vertex -8.98663 -8.79526 0
    endloop
  endfacet
  facet normal -0 0 -1
    outer loop
      vertex -6.46668 7.75849 0
      vertex -9.95239 1.72106 0
      vertex -6.86585 7.7775 0
    endloop
  endfacet
  facet normal 0 0 -1
    outer loop
      vertex -9.35142 -9.03056 0
      vertex -8.98663 -8.79526 0
      vertex -9.25119 -9.09477 0
    endloop
  endfacet
  facet normal 0 0 -1
    outer loop
      vertex -10.1684 2.05725 0
      vertex -6.86585 7.7775 0
      vertex -9.95239 1.72106 0
    endloop
  endfacet
  facet normal 0 0 -1
    outer loop
      vertex -9.35142 -9.03056 0
      vertex -9.25119 -9.09477 0
      vertex -9.26599 -9.11599 0
    endloop
  endfacet
  facet normal -0 0 -1
    outer loop
      vertex -6.86585 7.7775 0
      vertex -10.1684 2.05725 0
      vertex -7.26025 7.8419 0
    endloop
  endfacet
  facet normal -0 0 -1
    outer loop
      vertex -8.98663 -8.79526 0
      vertex -9.35142 -9.03056 0
      vertex -9.66088 -8.6987 0
    endloop
  endfacet
  facet normal 0 0 -1
    outer loop
      vertex -10.4214 2.36661 0
      vertex -7.26025 7.8419 0
      vertex -10.1684 2.05725 0
    endloop
  endfacet
  facet normal -0 0 -1
    outer loop
      vertex -7.26025 7.8419 0
      vertex -10.4214 2.36661 0
      vertex -7.64474 7.95083 0
    endloop
  endfacet
  facet normal -0 0 -1
    outer loop
      vertex -2.44205 -0.197143 0
      vertex -9.50571 -0.19981 0
      vertex -2.44205 0.197143 0
    endloop
  endfacet
  facet normal 0 -0 -1
    outer loop
      vertex -9.50571 -0.19981 0
      vertex -2.44205 -0.197143 0
      vertex -9.55126 -0.596828 0
    endloop
  endfacet
  facet normal -0 0 -1
    outer loop
      vertex -8.68965 -8.52787 0
      vertex -9.66088 -8.6987 0
      vertex -9.95858 -8.35624 0
    endloop
  endfacet
  facet normal -0 0 -1
    outer loop
      vertex -2.37881 -0.586323 0
      vertex -9.55126 -0.596828 0
      vertex -2.44205 -0.197143 0
    endloop
  endfacet
  facet normal 0 0 -1
    outer loop
      vertex -6.46668 -7.75849 0
      vertex -9.95239 -1.72106 0
      vertex -9.77607 -1.36244 0
    endloop
  endfacet
  facet normal -0 0 -1
    outer loop
      vertex -8.36413 -8.29606 0
      vertex -9.95858 -8.35624 0
      vertex -10.2441 -8.0036 0
    endloop
  endfacet
  facet normal 0 0 -1
    outer loop
      vertex -6.86585 -7.7775 0
      vertex -10.1684 -2.05725 0
      vertex -9.95239 -1.72106 0
    endloop
  endfacet
  facet normal 0 0 -1
    outer loop
      vertex -8.36413 -8.29606 0
      vertex -10.2441 -8.0036 0
      vertex -10.5172 -7.64121 0
    endloop
  endfacet
  facet normal 0 0 -1
    outer loop
      vertex -7.26025 -7.8419 0
      vertex -10.4214 -2.36661 0
      vertex -10.1684 -2.05725 0
    endloop
  endfacet
  facet normal 0 0 -1
    outer loop
      vertex -8.0143 -8.10288 0
      vertex -10.5172 -7.64121 0
      vertex -10.7775 -7.26951 0
    endloop
  endfacet
  facet normal 0 0 -1
    outer loop
      vertex -8.0143 -8.10288 0
      vertex -10.7775 -7.26951 0
      vertex -11.0246 -6.88895 0
    endloop
  endfacet
  facet normal 0 0 -1
    outer loop
      vertex -7.64474 -7.95083 0
      vertex -11.0246 -6.88895 0
      vertex -11.2583 -6.5 0
    endloop
  endfacet
  facet normal 0 0 -1
    outer loop
      vertex -7.64474 -7.95083 0
      vertex -10.708 -2.64512 0
      vertex -10.4214 -2.36661 0
    endloop
  endfacet
  facet normal 0 0 -1
    outer loop
      vertex -7.64474 -7.95083 0
      vertex -11.2583 -6.5 0
      vertex -10.708 -2.64512 0
    endloop
  endfacet
  facet normal 0 0 -1
    outer loop
      vertex -11.4783 -6.10313 0
      vertex -10.708 -2.64512 0
      vertex -11.2583 -6.5 0
    endloop
  endfacet
  facet normal 0 0 -1
    outer loop
      vertex -10.708 -2.64512 0
      vertex -11.4783 -6.10313 0
      vertex -11.0244 -2.88915 0
    endloop
  endfacet
  facet normal 0 0 -1
    outer loop
      vertex -11.6843 -5.69882 0
      vertex -11.0244 -2.88915 0
      vertex -11.4783 -6.10313 0
    endloop
  endfacet
  facet normal 0 0 -1
    outer loop
      vertex -11.8761 -5.28758 0
      vertex -11.0244 -2.88915 0
      vertex -11.6843 -5.69882 0
    endloop
  endfacet
  facet normal 0 0 -1
    outer loop
      vertex -11.0244 -2.88915 0
      vertex -11.8761 -5.28758 0
      vertex -11.3667 -3.09552 0
    endloop
  endfacet
  facet normal 0 0 -1
    outer loop
      vertex -12.0534 -4.86989 0
      vertex -11.3667 -3.09552 0
      vertex -11.8761 -5.28758 0
    endloop
  endfacet
  facet normal 0 0 -1
    outer loop
      vertex -12.216 -4.44626 0
      vertex -11.3667 -3.09552 0
      vertex -12.0534 -4.86989 0
    endloop
  endfacet
  facet normal 0 0 -1
    outer loop
      vertex -11.3667 -3.09552 0
      vertex -12.216 -4.44626 0
      vertex -11.7302 -3.26152 0
    endloop
  endfacet
  facet normal 0 0 -1
    outer loop
      vertex -12.3637 -4.01722 0
      vertex -11.7302 -3.26152 0
      vertex -12.216 -4.44626 0
    endloop
  endfacet
  facet normal 0 0 -1
    outer loop
      vertex -11.7302 -3.26152 0
      vertex -12.3637 -4.01722 0
      vertex -12.1102 -3.38501 0
    endloop
  endfacet
  facet normal 0 0 -1
    outer loop
      vertex -12.4964 -3.58329 0
      vertex -12.1102 -3.38501 0
      vertex -12.3637 -4.01722 0
    endloop
  endfacet
  facet normal 0 0 -1
    outer loop
      vertex -12.4964 -3.58329 0
      vertex -12.5019 -3.46437 0
      vertex -12.1102 -3.38501 0
    endloop
  endfacet
  facet normal 0 -0 -1
    outer loop
      vertex -12.5019 -3.46437 0
      vertex -12.4964 -3.58329 0
      vertex -12.5277 -3.46659 0
    endloop
  endfacet
  facet normal 0 0 -1
    outer loop
      vertex -3.04052 11.7894 0
      vertex -2.25743 12.8025 0
      vertex -3.00254 11.3916 0
    endloop
  endfacet
  facet normal 0 0 -1
    outer loop
      vertex -2.25743 12.8025 0
      vertex -3.04052 11.7894 0
      vertex -2.70285 12.7159 0
    endloop
  endfacet
  facet normal 0 0 -1
    outer loop
      vertex -3.12361 12.1803 0
      vertex -2.70285 12.7159 0
      vertex -3.04052 11.7894 0
    endloop
  endfacet
  facet normal 0 0 -1
    outer loop
      vertex -3.12361 12.1803 0
      vertex -3.14498 12.6138 0
      vertex -2.70285 12.7159 0
    endloop
  endfacet
  facet normal 0 0 -1
    outer loop
      vertex -3.25071 12.5591 0
      vertex -3.14498 12.6138 0
      vertex -3.12361 12.1803 0
    endloop
  endfacet
  facet normal 0 0 -1
    outer loop
      vertex -3.14498 12.6138 0
      vertex -3.25071 12.5591 0
      vertex -3.26168 12.5826 0
    endloop
  endfacet
  facet normal 0 0 -1
    outer loop
      vertex -10.708 2.64512 0
      vertex -7.64474 7.95083 0
      vertex -10.4214 2.36661 0
    endloop
  endfacet
  facet normal 0 0 -1
    outer loop
      vertex -11.2583 6.5 0
      vertex -7.64474 7.95083 0
      vertex -10.708 2.64512 0
    endloop
  endfacet
  facet normal 0 -0 -1
    outer loop
      vertex -11.0246 6.88895 0
      vertex -7.64474 7.95083 0
      vertex -11.2583 6.5 0
    endloop
  endfacet
  facet normal 0 -0 -1
    outer loop
      vertex -10.5172 7.64121 0
      vertex -8.0143 8.10288 0
      vertex -10.7775 7.26951 0
    endloop
  endfacet
  facet normal -0 0 -1
    outer loop
      vertex -9.25119 9.09477 0
      vertex -9.35142 9.03056 0
      vertex -9.26599 9.11599 0
    endloop
  endfacet
  facet normal 0 -0 -1
    outer loop
      vertex -9.35142 9.03056 0
      vertex -8.98663 8.79526 0
      vertex -9.66088 8.6987 0
    endloop
  endfacet
  facet normal 0 0 -1
    outer loop
      vertex -8.98663 8.79526 0
      vertex -9.35142 9.03056 0
      vertex -9.25119 9.09477 0
    endloop
  endfacet
  facet normal 0 0 -1
    outer loop
      vertex -8.68965 8.52787 0
      vertex -9.66088 8.6987 0
      vertex -8.98663 8.79526 0
    endloop
  endfacet
  facet normal 0 -0 -1
    outer loop
      vertex -9.66088 8.6987 0
      vertex -8.68965 8.52787 0
      vertex -9.95858 8.35624 0
    endloop
  endfacet
  facet normal 0 -0 -1
    outer loop
      vertex -10.2441 8.0036 0
      vertex -8.36413 8.29606 0
      vertex -10.5172 7.64121 0
    endloop
  endfacet
  facet normal 0 0 -1
    outer loop
      vertex -8.36413 8.29606 0
      vertex -9.95858 8.35624 0
      vertex -8.68965 8.52787 0
    endloop
  endfacet
  facet normal 0 -0 -1
    outer loop
      vertex -10.7775 7.26951 0
      vertex -8.0143 8.10288 0
      vertex -11.0246 6.88895 0
    endloop
  endfacet
  facet normal 0 -0 -1
    outer loop
      vertex -9.95858 8.35624 0
      vertex -8.36413 8.29606 0
      vertex -10.2441 8.0036 0
    endloop
  endfacet
  facet normal 0 0 -1
    outer loop
      vertex -11.4783 6.10313 0
      vertex -10.708 2.64512 0
      vertex -11.0244 2.88915 0
    endloop
  endfacet
  facet normal -0 0 -1
    outer loop
      vertex -8.0143 8.10288 0
      vertex -10.5172 7.64121 0
      vertex -8.36413 8.29606 0
    endloop
  endfacet
  facet normal -0 0 -1
    outer loop
      vertex -7.64474 7.95083 0
      vertex -11.0246 6.88895 0
      vertex -8.0143 8.10288 0
    endloop
  endfacet
  facet normal 0 0 -1
    outer loop
      vertex -11.8761 5.28758 0
      vertex -11.0244 2.88915 0
      vertex -11.3667 3.09552 0
    endloop
  endfacet
  facet normal 0 0 -1
    outer loop
      vertex -10.708 2.64512 0
      vertex -11.4783 6.10313 0
      vertex -11.2583 6.5 0
    endloop
  endfacet
  facet normal 0 0 -1
    outer loop
      vertex -11.0244 2.88915 0
      vertex -11.6843 5.69882 0
      vertex -11.4783 6.10313 0
    endloop
  endfacet
  facet normal 0 0 -1
    outer loop
      vertex -12.216 4.44626 0
      vertex -11.3667 3.09552 0
      vertex -11.7302 3.26152 0
    endloop
  endfacet
  facet normal 0 0 -1
    outer loop
      vertex -11.0244 2.88915 0
      vertex -11.8761 5.28758 0
      vertex -11.6843 5.69882 0
    endloop
  endfacet
  facet normal 0 0 -1
    outer loop
      vertex -11.3667 3.09552 0
      vertex -12.0534 4.86989 0
      vertex -11.8761 5.28758 0
    endloop
  endfacet
  facet normal 0 0 -1
    outer loop
      vertex -12.3637 4.01722 0
      vertex -11.7302 3.26152 0
      vertex -12.1102 3.38501 0
    endloop
  endfacet
  facet normal 0 0 -1
    outer loop
      vertex -11.3667 3.09552 0
      vertex -12.216 4.44626 0
      vertex -12.0534 4.86989 0
    endloop
  endfacet
  facet normal 0 0 -1
    outer loop
      vertex -11.7302 3.26152 0
      vertex -12.3637 4.01722 0
      vertex -12.216 4.44626 0
    endloop
  endfacet
  facet normal 0 0 -1
    outer loop
      vertex -12.1102 3.38501 0
      vertex -12.4964 3.58329 0
      vertex -12.3637 4.01722 0
    endloop
  endfacet
  facet normal 0 0 -1
    outer loop
      vertex -12.5019 3.46437 0
      vertex -12.4964 3.58329 0
      vertex -12.1102 3.38501 0
    endloop
  endfacet
  facet normal 0 0 -1
    outer loop
      vertex -12.4964 3.58329 0
      vertex -12.5019 3.46437 0
      vertex -12.5277 3.46659 0
    endloop
  endfacet
  facet normal 0 0 -1
    outer loop
      vertex 0.295315 2.43214 0
      vertex 3.96693 8.84305 0
      vertex 0.681632 2.35327 0
    endloop
  endfacet
  facet normal -0 0 -1
    outer loop
      vertex 3.96693 8.84305 0
      vertex 0.295315 2.43214 0
      vertex 3.70812 9.14754 0
    endloop
  endfacet
  facet normal 0 0 -1
    outer loop
      vertex -0.0986509 2.44801 0
      vertex 3.70812 9.14754 0
      vertex 0.295315 2.43214 0
    endloop
  endfacet
  facet normal -0 0 -1
    outer loop
      vertex 3.70812 9.14754 0
      vertex -0.0986509 2.44801 0
      vertex 3.48571 9.47955 0
    endloop
  endfacet
  facet normal 0 0 -1
    outer loop
      vertex -3.00254 11.3916 0
      vertex 3.48571 9.47955 0
      vertex -0.0986509 2.44801 0
    endloop
  endfacet
  facet normal 0 0 -1
    outer loop
      vertex 3.48571 9.47955 0
      vertex -3.00254 11.3916 0
      vertex 3.30259 9.83475 0
    endloop
  endfacet
  facet normal 0 0 -1
    outer loop
      vertex 3.30259 9.83475 0
      vertex -3.00254 11.3916 0
      vertex 3.16116 10.2085 0
    endloop
  endfacet
  facet normal 0 0 -1
    outer loop
      vertex 3.16116 10.2085 0
      vertex -3.00254 11.3916 0
      vertex 3.06325 10.596 0
    endloop
  endfacet
  facet normal 0 -0 -1
    outer loop
      vertex 0 13 0
      vertex 3.06325 10.596 0
      vertex -3.00254 11.3916 0
    endloop
  endfacet
  facet normal 0 0 -1
    outer loop
      vertex 3.04052 11.7894 0
      vertex 2.25743 12.8025 0
      vertex 2.70285 12.7159 0
    endloop
  endfacet
  facet normal 0 0 -1
    outer loop
      vertex 3.00254 11.3916 0
      vertex 1.80925 12.8735 0
      vertex 2.25743 12.8025 0
    endloop
  endfacet
  facet normal 0 0 -1
    outer loop
      vertex 3.00254 11.3916 0
      vertex 1.35887 12.9288 0
      vertex 1.80925 12.8735 0
    endloop
  endfacet
  facet normal 0 0 -1
    outer loop
      vertex 3.06325 10.596 0
      vertex 0.453693 12.9921 0
      vertex 3.01015 10.992 0
    endloop
  endfacet
  facet normal 0 0 -1
    outer loop
      vertex 3.01015 10.992 0
      vertex 1.35887 12.9288 0
      vertex 3.00254 11.3916 0
    endloop
  endfacet
  facet normal -0 -0 -1
    outer loop
      vertex 0.453693 12.9921 0
      vertex 3.06325 10.596 0
      vertex 0 13 0
    endloop
  endfacet
  facet normal -0 -0 -1
    outer loop
      vertex 1.35887 12.9288 0
      vertex 3.01015 10.992 0
      vertex 0.906834 12.9683 0
    endloop
  endfacet
  facet normal -0 -0 -1
    outer loop
      vertex 0.906834 12.9683 0
      vertex 3.01015 10.992 0
      vertex 0.453693 12.9921 0
    endloop
  endfacet
  facet normal 0 0 -1
    outer loop
      vertex -3.00254 11.3916 0
      vertex -0.0986509 2.44801 0
      vertex -0.490063 2.40049 0
    endloop
  endfacet
  facet normal 0 0 -1
    outer loop
      vertex -3.00254 11.3916 0
      vertex -0.490063 2.40049 0
      vertex -0.868781 2.29079 0
    endloop
  endfacet
  facet normal 0 0 -1
    outer loop
      vertex 0 13 0
      vertex -3.00254 11.3916 0
      vertex -0.453693 12.9921 0
    endloop
  endfacet
  facet normal 0 0 -1
    outer loop
      vertex -3.00254 11.3916 0
      vertex -0.868781 2.29079 0
      vertex -1.225 2.12176 0
    endloop
  endfacet
  facet normal 0 0 -1
    outer loop
      vertex -0.453693 12.9921 0
      vertex -3.00254 11.3916 0
      vertex -0.906834 12.9683 0
    endloop
  endfacet
  facet normal 0 0 -1
    outer loop
      vertex -3.00254 11.3916 0
      vertex -1.225 2.12176 0
      vertex -1.54949 1.89778 0
    endloop
  endfacet
  facet normal 0 0 -1
    outer loop
      vertex -0.906834 12.9683 0
      vertex -3.00254 11.3916 0
      vertex -1.35887 12.9288 0
    endloop
  endfacet
  facet normal 0 0 -1
    outer loop
      vertex -3.00254 11.3916 0
      vertex -1.54949 1.89778 0
      vertex -1.83385 1.62465 0
    endloop
  endfacet
  facet normal 0 0 -1
    outer loop
      vertex -3.00254 11.3916 0
      vertex -1.83385 1.62465 0
      vertex -2.07071 1.30944 0
    endloop
  endfacet
  facet normal 0 0 -1
    outer loop
      vertex -3.00254 11.3916 0
      vertex -2.07071 1.30944 0
      vertex -2.25395 0.960318 0
    endloop
  endfacet
  facet normal 0 0 -1
    outer loop
      vertex -1.35887 12.9288 0
      vertex -3.00254 11.3916 0
      vertex -1.80925 12.8735 0
    endloop
  endfacet
  facet normal 0 0 -1
    outer loop
      vertex -3.00254 11.3916 0
      vertex -2.25395 0.960318 0
      vertex -2.37881 0.586323 0
    endloop
  endfacet
  facet normal 0 0 -1
    outer loop
      vertex -3.00254 11.3916 0
      vertex -2.37881 0.586323 0
      vertex -2.44205 0.197143 0
    endloop
  endfacet
  facet normal 0 0 -1
    outer loop
      vertex -3.01015 -10.992 0
      vertex -2.70285 -12.7159 0
      vertex -3.00254 -11.3916 0
    endloop
  endfacet
  facet normal 0 0 -1
    outer loop
      vertex 0.453693 -12.9921 0
      vertex -3.06325 -10.596 0
      vertex -3.16116 -10.2085 0
    endloop
  endfacet
  facet normal 0 0 -1
    outer loop
      vertex -1.80925 12.8735 0
      vertex -3.00254 11.3916 0
      vertex -2.25743 12.8025 0
    endloop
  endfacet
  facet normal 0 0 -1
    outer loop
      vertex -2.70285 -12.7159 0
      vertex -3.04052 -11.7894 0
      vertex -3.00254 -11.3916 0
    endloop
  endfacet
  facet normal 0 0 -1
    outer loop
      vertex -2.70285 -12.7159 0
      vertex -3.12361 -12.1803 0
      vertex -3.04052 -11.7894 0
    endloop
  endfacet
  facet normal 0 0 -1
    outer loop
      vertex -3.14498 -12.6138 0
      vertex -3.12361 -12.1803 0
      vertex -2.70285 -12.7159 0
    endloop
  endfacet
  facet normal 0 0 -1
    outer loop
      vertex -3.14498 -12.6138 0
      vertex -3.25071 -12.5591 0
      vertex -3.12361 -12.1803 0
    endloop
  endfacet
  facet normal 0 -0 -1
    outer loop
      vertex -3.25071 -12.5591 0
      vertex -3.14498 -12.6138 0
      vertex -3.26168 -12.5826 0
    endloop
  endfacet
  facet normal -0.874609 0.484829 0
    outer loop
      vertex -11.4783 6.10313 0
      vertex -11.2583 6.5 12
      vertex -11.2583 6.5 0
    endloop
  endfacet
  facet normal -0.874609 0.484829 0
    outer loop
      vertex -11.2583 6.5 12
      vertex -11.4783 6.10313 0
      vertex -11.4783 6.10313 12
    endloop
  endfacet
  facet normal -0.933592 0.358337 0
    outer loop
      vertex -12.216 4.44626 0
      vertex -12.0534 4.86989 12
      vertex -12.0534 4.86989 0
    endloop
  endfacet
  facet normal -0.933592 0.358337 0
    outer loop
      vertex -12.0534 4.86989 12
      vertex -12.216 4.44626 0
      vertex -12.216 4.44626 12
    endloop
  endfacet
  facet normal -0.01741 0.999848 0
    outer loop
      vertex 0 13 0
      vertex -0.453693 12.9921 12
      vertex 0 13 12
    endloop
  endfacet
  facet normal -0.01741 0.999848 0
    outer loop
      vertex -0.453693 12.9921 12
      vertex 0 13 0
      vertex -0.453693 12.9921 0
    endloop
  endfacet
  facet normal -0.156467 0.987683 0
    outer loop
      vertex -1.80925 12.8735 0
      vertex -2.25743 12.8025 12
      vertex -1.80925 12.8735 12
    endloop
  endfacet
  facet normal -0.156467 0.987683 0
    outer loop
      vertex -2.25743 12.8025 12
      vertex -1.80925 12.8735 0
      vertex -2.25743 12.8025 0
    endloop
  endfacet
  facet normal 0.707107 0.707107 0
    outer loop
      vertex 9.35142 9.03056 12
      vertex 9.26599 9.11599 0
      vertex 9.26599 9.11599 12
    endloop
  endfacet
  facet normal 0.707107 0.707107 0
    outer loop
      vertex 9.26599 9.11599 0
      vertex 9.35142 9.03056 12
      vertex 9.35142 9.03056 0
    endloop
  endfacet
  facet normal 0.956284 0.292441 0
    outer loop
      vertex 12.4964 3.58329 12
      vertex 12.3637 4.01722 0
      vertex 12.3637 4.01722 12
    endloop
  endfacet
  facet normal 0.956284 0.292441 0
    outer loop
      vertex 12.3637 4.01722 0
      vertex 12.4964 3.58329 12
      vertex 12.4964 3.58329 0
    endloop
  endfacet
  facet normal 0.777191 -0.629264 0
    outer loop
      vertex 9.95858 -8.35624 12
      vertex 10.2441 -8.0036 0
      vertex 10.2441 -8.0036 12
    endloop
  endfacet
  facet normal 0.777191 -0.629264 0
    outer loop
      vertex 10.2441 -8.0036 0
      vertex 9.95858 -8.35624 12
      vertex 9.95858 -8.35624 0
    endloop
  endfacet
  facet normal -0.891012 0.45398 0
    outer loop
      vertex -11.6843 5.69882 0
      vertex -11.4783 6.10313 12
      vertex -11.4783 6.10313 0
    endloop
  endfacet
  facet normal -0.891012 0.45398 0
    outer loop
      vertex -11.4783 6.10313 12
      vertex -11.6843 5.69882 0
      vertex -11.6843 5.69882 12
    endloop
  endfacet
  facet normal 0.838709 0.544579 0
    outer loop
      vertex 11.0246 6.88895 12
      vertex 10.7775 7.26951 0
      vertex 10.7775 7.26951 12
    endloop
  endfacet
  facet normal 0.838709 0.544579 0
    outer loop
      vertex 10.7775 7.26951 0
      vertex 11.0246 6.88895 12
      vertex 11.0246 6.88895 0
    endloop
  endfacet
  facet normal 0.707107 -0.707107 0
    outer loop
      vertex 9.26599 -9.11599 12
      vertex 9.35142 -9.03056 0
      vertex 9.35142 -9.03056 12
    endloop
  endfacet
  facet normal 0.707107 -0.707107 0
    outer loop
      vertex 9.35142 -9.03056 0
      vertex 9.26599 -9.11599 12
      vertex 9.26599 -9.11599 0
    endloop
  endfacet
  facet normal 0.01741 -0.999848 0
    outer loop
      vertex 0 -13 0
      vertex 0.453693 -12.9921 12
      vertex 0 -13 12
    endloop
  endfacet
  facet normal 0.01741 -0.999848 0
    outer loop
      vertex 0.453693 -12.9921 12
      vertex 0 -13 0
      vertex 0.453693 -12.9921 0
    endloop
  endfacet
  facet normal -0.945539 -0.325508 0
    outer loop
      vertex -12.216 -4.44626 0
      vertex -12.3637 -4.01722 12
      vertex -12.3637 -4.01722 0
    endloop
  endfacet
  facet normal -0.945539 -0.325508 0
    outer loop
      vertex -12.3637 -4.01722 12
      vertex -12.216 -4.44626 0
      vertex -12.216 -4.44626 12
    endloop
  endfacet
  facet normal -0.920504 -0.390733 0
    outer loop
      vertex -11.8761 -5.28758 0
      vertex -12.0534 -4.86989 12
      vertex -12.0534 -4.86989 0
    endloop
  endfacet
  facet normal -0.920504 -0.390733 0
    outer loop
      vertex -12.0534 -4.86989 12
      vertex -11.8761 -5.28758 0
      vertex -11.8761 -5.28758 12
    endloop
  endfacet
  facet normal 0.819118 -0.573625 0
    outer loop
      vertex 10.5172 -7.64121 12
      vertex 10.7775 -7.26951 0
      vertex 10.7775 -7.26951 12
    endloop
  endfacet
  facet normal 0.819118 -0.573625 0
    outer loop
      vertex 10.7775 -7.26951 0
      vertex 10.5172 -7.64121 12
      vertex 10.5172 -7.64121 0
    endloop
  endfacet
  facet normal 0.857172 0.51503 0
    outer loop
      vertex 11.2583 6.5 12
      vertex 11.0246 6.88895 0
      vertex 11.0246 6.88895 12
    endloop
  endfacet
  facet normal 0.857172 0.51503 0
    outer loop
      vertex 11.0246 6.88895 0
      vertex 11.2583 6.5 12
      vertex 11.2583 6.5 0
    endloop
  endfacet
  facet normal -0.933592 -0.358337 0
    outer loop
      vertex -12.0534 -4.86989 0
      vertex -12.216 -4.44626 12
      vertex -12.216 -4.44626 0
    endloop
  endfacet
  facet normal -0.933592 -0.358337 0
    outer loop
      vertex -12.216 -4.44626 12
      vertex -12.0534 -4.86989 0
      vertex -12.0534 -4.86989 12
    endloop
  endfacet
  facet normal -0.874609 -0.484829 0
    outer loop
      vertex -11.2583 -6.5 0
      vertex -11.4783 -6.10313 12
      vertex -11.4783 -6.10313 0
    endloop
  endfacet
  facet normal -0.874609 -0.484829 0
    outer loop
      vertex -11.4783 -6.10313 12
      vertex -11.2583 -6.5 0
      vertex -11.2583 -6.5 12
    endloop
  endfacet
  facet normal 0.12187 0.992546 -0
    outer loop
      vertex 1.80925 12.8735 0
      vertex 1.35887 12.9288 12
      vertex 1.80925 12.8735 12
    endloop
  endfacet
  facet normal 0.12187 0.992546 0
    outer loop
      vertex 1.35887 12.9288 12
      vertex 1.80925 12.8735 0
      vertex 1.35887 12.9288 0
    endloop
  endfacet
  facet normal -0.225006 -0.974357 0
    outer loop
      vertex -3.14498 -12.6138 0
      vertex -2.70285 -12.7159 12
      vertex -3.14498 -12.6138 12
    endloop
  endfacet
  facet normal -0.225006 -0.974357 -0
    outer loop
      vertex -2.70285 -12.7159 12
      vertex -3.14498 -12.6138 0
      vertex -2.70285 -12.7159 0
    endloop
  endfacet
  facet normal 0.838709 -0.544579 0
    outer loop
      vertex 10.7775 -7.26951 12
      vertex 11.0246 -6.88895 0
      vertex 11.0246 -6.88895 12
    endloop
  endfacet
  facet normal 0.838709 -0.544579 0
    outer loop
      vertex 11.0246 -6.88895 0
      vertex 10.7775 -7.26951 12
      vertex 10.7775 -7.26951 0
    endloop
  endfacet
  facet normal 0.920504 -0.390733 0
    outer loop
      vertex 11.8761 -5.28758 12
      vertex 12.0534 -4.86989 0
      vertex 12.0534 -4.86989 12
    endloop
  endfacet
  facet normal 0.920504 -0.390733 0
    outer loop
      vertex 12.0534 -4.86989 0
      vertex 11.8761 -5.28758 12
      vertex 11.8761 -5.28758 0
    endloop
  endfacet
  facet normal 0.01741 0.999848 -0
    outer loop
      vertex 0.453693 12.9921 0
      vertex 0 13 12
      vertex 0.453693 12.9921 12
    endloop
  endfacet
  facet normal 0.01741 0.999848 0
    outer loop
      vertex 0 13 12
      vertex 0.453693 12.9921 0
      vertex 0 13 0
    endloop
  endfacet
  facet normal -0.777191 -0.629264 0
    outer loop
      vertex -9.95858 -8.35624 0
      vertex -10.2441 -8.0036 12
      vertex -10.2441 -8.0036 0
    endloop
  endfacet
  facet normal -0.777191 -0.629264 0
    outer loop
      vertex -10.2441 -8.0036 12
      vertex -9.95858 -8.35624 0
      vertex -9.95858 -8.35624 12
    endloop
  endfacet
  facet normal 0.857172 -0.51503 0
    outer loop
      vertex 11.0246 -6.88895 12
      vertex 11.2583 -6.5 0
      vertex 11.2583 -6.5 12
    endloop
  endfacet
  facet normal 0.857172 -0.51503 0
    outer loop
      vertex 11.2583 -6.5 0
      vertex 11.0246 -6.88895 12
      vertex 11.0246 -6.88895 0
    endloop
  endfacet
  facet normal -0.965863 0.259053 0
    outer loop
      vertex -12.5277 3.46659 0
      vertex -12.4964 3.58329 12
      vertex -12.4964 3.58329 0
    endloop
  endfacet
  facet normal -0.965863 0.259053 0
    outer loop
      vertex -12.4964 3.58329 12
      vertex -12.5277 3.46659 0
      vertex -12.5277 3.46659 12
    endloop
  endfacet
  facet normal 0.906278 0.422683 0
    outer loop
      vertex 11.8761 5.28758 12
      vertex 11.6843 5.69882 0
      vertex 11.6843 5.69882 12
    endloop
  endfacet
  facet normal 0.906278 0.422683 0
    outer loop
      vertex 11.6843 5.69882 0
      vertex 11.8761 5.28758 12
      vertex 11.8761 5.28758 0
    endloop
  endfacet
  facet normal -0.945539 0.325508 0
    outer loop
      vertex -12.3637 4.01722 0
      vertex -12.216 4.44626 12
      vertex -12.216 4.44626 0
    endloop
  endfacet
  facet normal -0.945539 0.325508 0
    outer loop
      vertex -12.216 4.44626 12
      vertex -12.3637 4.01722 0
      vertex -12.3637 4.01722 12
    endloop
  endfacet
  facet normal -0.707107 -0.707107 0
    outer loop
      vertex -9.26599 -9.11599 0
      vertex -9.35142 -9.03056 12
      vertex -9.35142 -9.03056 0
    endloop
  endfacet
  facet normal -0.707107 -0.707107 0
    outer loop
      vertex -9.35142 -9.03056 12
      vertex -9.26599 -9.11599 0
      vertex -9.26599 -9.11599 12
    endloop
  endfacet
  facet normal 0.956284 -0.292441 0
    outer loop
      vertex 12.3637 -4.01722 12
      vertex 12.4964 -3.58329 0
      vertex 12.4964 -3.58329 12
    endloop
  endfacet
  facet normal 0.956284 -0.292441 0
    outer loop
      vertex 12.4964 -3.58329 0
      vertex 12.3637 -4.01722 12
      vertex 12.3637 -4.01722 0
    endloop
  endfacet
  facet normal 0.156467 -0.987683 0
    outer loop
      vertex 1.80925 -12.8735 0
      vertex 2.25743 -12.8025 12
      vertex 1.80925 -12.8735 12
    endloop
  endfacet
  facet normal 0.156467 -0.987683 0
    outer loop
      vertex 2.25743 -12.8025 12
      vertex 1.80925 -12.8735 0
      vertex 2.25743 -12.8025 0
    endloop
  endfacet
  facet normal 0.258281 -0.96607 0
    outer loop
      vertex 3.14498 -12.6138 0
      vertex 3.26168 -12.5826 12
      vertex 3.14498 -12.6138 12
    endloop
  endfacet
  facet normal 0.258281 -0.96607 0
    outer loop
      vertex 3.26168 -12.5826 12
      vertex 3.14498 -12.6138 0
      vertex 3.26168 -12.5826 0
    endloop
  endfacet
  facet normal 0.258281 0.96607 -0
    outer loop
      vertex 3.26168 12.5826 0
      vertex 3.14498 12.6138 12
      vertex 3.26168 12.5826 12
    endloop
  endfacet
  facet normal 0.258281 0.96607 0
    outer loop
      vertex 3.14498 12.6138 12
      vertex 3.26168 12.5826 0
      vertex 3.14498 12.6138 0
    endloop
  endfacet
  facet normal 0.731359 -0.681993 0
    outer loop
      vertex 9.35142 -9.03056 12
      vertex 9.66088 -8.6987 0
      vertex 9.66088 -8.6987 12
    endloop
  endfacet
  facet normal 0.731359 -0.681993 0
    outer loop
      vertex 9.66088 -8.6987 0
      vertex 9.35142 -9.03056 12
      vertex 9.35142 -9.03056 0
    endloop
  endfacet
  facet normal 0.19085 0.981619 -0
    outer loop
      vertex 2.70285 12.7159 0
      vertex 2.25743 12.8025 12
      vertex 2.70285 12.7159 12
    endloop
  endfacet
  facet normal 0.19085 0.981619 0
    outer loop
      vertex 2.25743 12.8025 12
      vertex 2.70285 12.7159 0
      vertex 2.25743 12.8025 0
    endloop
  endfacet
  facet normal 0.754705 -0.656064 0
    outer loop
      vertex 9.66088 -8.6987 12
      vertex 9.95858 -8.35624 0
      vertex 9.95858 -8.35624 12
    endloop
  endfacet
  facet normal 0.754705 -0.656064 0
    outer loop
      vertex 9.95858 -8.35624 0
      vertex 9.66088 -8.6987 12
      vertex 9.66088 -8.6987 0
    endloop
  endfacet
  facet normal -0.05245 0.998624 0
    outer loop
      vertex -0.453693 12.9921 0
      vertex -0.906834 12.9683 12
      vertex -0.453693 12.9921 12
    endloop
  endfacet
  facet normal -0.05245 0.998624 0
    outer loop
      vertex -0.906834 12.9683 12
      vertex -0.453693 12.9921 0
      vertex -0.906834 12.9683 0
    endloop
  endfacet
  facet normal -0.12187 0.992546 0
    outer loop
      vertex -1.35887 12.9288 0
      vertex -1.80925 12.8735 12
      vertex -1.35887 12.9288 12
    endloop
  endfacet
  facet normal -0.12187 0.992546 0
    outer loop
      vertex -1.80925 12.8735 12
      vertex -1.35887 12.9288 0
      vertex -1.80925 12.8735 0
    endloop
  endfacet
  facet normal 0.156467 0.987683 -0
    outer loop
      vertex 2.25743 12.8025 0
      vertex 1.80925 12.8735 12
      vertex 2.25743 12.8025 12
    endloop
  endfacet
  facet normal 0.156467 0.987683 0
    outer loop
      vertex 1.80925 12.8735 12
      vertex 2.25743 12.8025 0
      vertex 1.80925 12.8735 0
    endloop
  endfacet
  facet normal -0.19085 0.981619 0
    outer loop
      vertex -2.25743 12.8025 0
      vertex -2.70285 12.7159 12
      vertex -2.25743 12.8025 12
    endloop
  endfacet
  facet normal -0.19085 0.981619 0
    outer loop
      vertex -2.70285 12.7159 12
      vertex -2.25743 12.8025 0
      vertex -2.70285 12.7159 0
    endloop
  endfacet
  facet normal 0.920504 0.390733 0
    outer loop
      vertex 12.0534 4.86989 12
      vertex 11.8761 5.28758 0
      vertex 11.8761 5.28758 12
    endloop
  endfacet
  facet normal 0.920504 0.390733 0
    outer loop
      vertex 11.8761 5.28758 0
      vertex 12.0534 4.86989 12
      vertex 12.0534 4.86989 0
    endloop
  endfacet
  facet normal 0.933592 0.358337 0
    outer loop
      vertex 12.216 4.44626 12
      vertex 12.0534 4.86989 0
      vertex 12.0534 4.86989 12
    endloop
  endfacet
  facet normal 0.933592 0.358337 0
    outer loop
      vertex 12.0534 4.86989 0
      vertex 12.216 4.44626 12
      vertex 12.216 4.44626 0
    endloop
  endfacet
  facet normal 0.225006 0.974357 -0
    outer loop
      vertex 3.14498 12.6138 0
      vertex 2.70285 12.7159 12
      vertex 3.14498 12.6138 12
    endloop
  endfacet
  facet normal 0.225006 0.974357 0
    outer loop
      vertex 2.70285 12.7159 12
      vertex 3.14498 12.6138 0
      vertex 2.70285 12.7159 0
    endloop
  endfacet
  facet normal 0.731359 0.681993 0
    outer loop
      vertex 9.66088 8.6987 12
      vertex 9.35142 9.03056 0
      vertex 9.35142 9.03056 12
    endloop
  endfacet
  facet normal 0.731359 0.681993 0
    outer loop
      vertex 9.35142 9.03056 0
      vertex 9.66088 8.6987 12
      vertex 9.66088 8.6987 0
    endloop
  endfacet
  facet normal -0.956284 -0.292441 0
    outer loop
      vertex -12.3637 -4.01722 0
      vertex -12.4964 -3.58329 12
      vertex -12.4964 -3.58329 0
    endloop
  endfacet
  facet normal -0.956284 -0.292441 0
    outer loop
      vertex -12.4964 -3.58329 12
      vertex -12.3637 -4.01722 0
      vertex -12.3637 -4.01722 12
    endloop
  endfacet
  facet normal -0.731359 -0.681993 0
    outer loop
      vertex -9.35142 -9.03056 0
      vertex -9.66088 -8.6987 12
      vertex -9.66088 -8.6987 0
    endloop
  endfacet
  facet normal -0.731359 -0.681993 0
    outer loop
      vertex -9.66088 -8.6987 12
      vertex -9.35142 -9.03056 0
      vertex -9.35142 -9.03056 12
    endloop
  endfacet
  facet normal -0.707107 0.707107 0
    outer loop
      vertex -9.35142 9.03056 0
      vertex -9.26599 9.11599 12
      vertex -9.26599 9.11599 0
    endloop
  endfacet
  facet normal -0.707107 0.707107 0
    outer loop
      vertex -9.26599 9.11599 12
      vertex -9.35142 9.03056 0
      vertex -9.35142 9.03056 12
    endloop
  endfacet
  facet normal 0.891012 0.45398 0
    outer loop
      vertex 11.6843 5.69882 12
      vertex 11.4783 6.10313 0
      vertex 11.4783 6.10313 12
    endloop
  endfacet
  facet normal 0.891012 0.45398 0
    outer loop
      vertex 11.4783 6.10313 0
      vertex 11.6843 5.69882 12
      vertex 11.6843 5.69882 0
    endloop
  endfacet
  facet normal -0.12187 -0.992546 0
    outer loop
      vertex -1.80925 -12.8735 0
      vertex -1.35887 -12.9288 12
      vertex -1.80925 -12.8735 12
    endloop
  endfacet
  facet normal -0.12187 -0.992546 -0
    outer loop
      vertex -1.35887 -12.9288 12
      vertex -1.80925 -12.8735 0
      vertex -1.35887 -12.9288 0
    endloop
  endfacet
  facet normal 0.874609 0.484829 0
    outer loop
      vertex 11.4783 6.10313 12
      vertex 11.2583 6.5 0
      vertex 11.2583 6.5 12
    endloop
  endfacet
  facet normal 0.874609 0.484829 0
    outer loop
      vertex 11.2583 6.5 0
      vertex 11.4783 6.10313 12
      vertex 11.4783 6.10313 0
    endloop
  endfacet
  facet normal -0.819118 0.573625 0
    outer loop
      vertex -10.7775 7.26951 0
      vertex -10.5172 7.64121 12
      vertex -10.5172 7.64121 0
    endloop
  endfacet
  facet normal -0.819118 0.573625 0
    outer loop
      vertex -10.5172 7.64121 12
      vertex -10.7775 7.26951 0
      vertex -10.7775 7.26951 12
    endloop
  endfacet
  facet normal 0.754705 0.656064 0
    outer loop
      vertex 9.95858 8.35624 12
      vertex 9.66088 8.6987 0
      vertex 9.66088 8.6987 12
    endloop
  endfacet
  facet normal 0.754705 0.656064 0
    outer loop
      vertex 9.66088 8.6987 0
      vertex 9.95858 8.35624 12
      vertex 9.95858 8.35624 0
    endloop
  endfacet
  facet normal 0.874609 -0.484829 0
    outer loop
      vertex 11.2583 -6.5 12
      vertex 11.4783 -6.10313 0
      vertex 11.4783 -6.10313 12
    endloop
  endfacet
  facet normal 0.874609 -0.484829 0
    outer loop
      vertex 11.4783 -6.10313 0
      vertex 11.2583 -6.5 12
      vertex 11.2583 -6.5 0
    endloop
  endfacet
  facet normal -0.777191 0.629264 0
    outer loop
      vertex -10.2441 8.0036 0
      vertex -9.95858 8.35624 12
      vertex -9.95858 8.35624 0
    endloop
  endfacet
  facet normal -0.777191 0.629264 0
    outer loop
      vertex -9.95858 8.35624 12
      vertex -10.2441 8.0036 0
      vertex -10.2441 8.0036 12
    endloop
  endfacet
  facet normal 0.933592 -0.358337 0
    outer loop
      vertex 12.0534 -4.86989 12
      vertex 12.216 -4.44626 0
      vertex 12.216 -4.44626 12
    endloop
  endfacet
  facet normal 0.933592 -0.358337 0
    outer loop
      vertex 12.216 -4.44626 0
      vertex 12.0534 -4.86989 12
      vertex 12.0534 -4.86989 0
    endloop
  endfacet
  facet normal -0.956284 0.292441 0
    outer loop
      vertex -12.4964 3.58329 0
      vertex -12.3637 4.01722 12
      vertex -12.3637 4.01722 0
    endloop
  endfacet
  facet normal -0.956284 0.292441 0
    outer loop
      vertex -12.3637 4.01722 12
      vertex -12.4964 3.58329 0
      vertex -12.4964 3.58329 12
    endloop
  endfacet
  facet normal 0.798615 0.601842 0
    outer loop
      vertex 10.5172 7.64121 12
      vertex 10.2441 8.0036 0
      vertex 10.2441 8.0036 12
    endloop
  endfacet
  facet normal 0.798615 0.601842 0
    outer loop
      vertex 10.2441 8.0036 0
      vertex 10.5172 7.64121 12
      vertex 10.5172 7.64121 0
    endloop
  endfacet
  facet normal 0.19085 -0.981619 0
    outer loop
      vertex 2.25743 -12.8025 0
      vertex 2.70285 -12.7159 12
      vertex 2.25743 -12.8025 12
    endloop
  endfacet
  facet normal 0.19085 -0.981619 0
    outer loop
      vertex 2.70285 -12.7159 12
      vertex 2.25743 -12.8025 0
      vertex 2.70285 -12.7159 0
    endloop
  endfacet
  facet normal 0.12187 -0.992546 0
    outer loop
      vertex 1.35887 -12.9288 0
      vertex 1.80925 -12.8735 12
      vertex 1.35887 -12.9288 12
    endloop
  endfacet
  facet normal 0.12187 -0.992546 0
    outer loop
      vertex 1.80925 -12.8735 12
      vertex 1.35887 -12.9288 0
      vertex 1.80925 -12.8735 0
    endloop
  endfacet
  facet normal 0 0 1
    outer loop
      vertex 3.14498 12.6138 12
      vertex 3.25071 12.5591 12
      vertex 3.26168 12.5826 12
    endloop
  endfacet
  facet normal 0 0 1
    outer loop
      vertex 3.14498 12.6138 12
      vertex 3.12361 12.1803 12
      vertex 3.25071 12.5591 12
    endloop
  endfacet
  facet normal 0 0 1
    outer loop
      vertex 2.70285 12.7159 12
      vertex 3.12361 12.1803 12
      vertex 3.14498 12.6138 12
    endloop
  endfacet
  facet normal 0 0 1
    outer loop
      vertex 2.25743 12.8025 12
      vertex 3.04052 11.7894 12
      vertex 2.70285 12.7159 12
    endloop
  endfacet
  facet normal 0 0 1
    outer loop
      vertex 3.12361 12.1803 12
      vertex 2.70285 12.7159 12
      vertex 3.04052 11.7894 12
    endloop
  endfacet
  facet normal 0 0 1
    outer loop
      vertex 12.4964 3.58329 12
      vertex 12.5019 3.46437 12
      vertex 12.5277 3.46659 12
    endloop
  endfacet
  facet normal 0 0 1
    outer loop
      vertex 12.1102 3.38501 12
      vertex 12.4964 3.58329 12
      vertex 12.3637 4.01722 12
    endloop
  endfacet
  facet normal 0 0 1
    outer loop
      vertex 11.7302 3.26152 12
      vertex 12.3637 4.01722 12
      vertex 12.216 4.44626 12
    endloop
  endfacet
  facet normal 0 0 1
    outer loop
      vertex 12.4964 3.58329 12
      vertex 12.1102 3.38501 12
      vertex 12.5019 3.46437 12
    endloop
  endfacet
  facet normal 0 0 1
    outer loop
      vertex 11.3667 3.09552 12
      vertex 12.216 4.44626 12
      vertex 12.0534 4.86989 12
    endloop
  endfacet
  facet normal 0 0 1
    outer loop
      vertex 11.3667 3.09552 12
      vertex 12.0534 4.86989 12
      vertex 11.8761 5.28758 12
    endloop
  endfacet
  facet normal 0 0 1
    outer loop
      vertex 12.3637 4.01722 12
      vertex 11.7302 3.26152 12
      vertex 12.1102 3.38501 12
    endloop
  endfacet
  facet normal 0 0 1
    outer loop
      vertex 11.0244 2.88915 12
      vertex 11.8761 5.28758 12
      vertex 11.6843 5.69882 12
    endloop
  endfacet
  facet normal 0 0 1
    outer loop
      vertex 11.0244 2.88915 12
      vertex 11.6843 5.69882 12
      vertex 11.4783 6.10313 12
    endloop
  endfacet
  facet normal 0 0 1
    outer loop
      vertex 12.216 4.44626 12
      vertex 11.3667 3.09552 12
      vertex 11.7302 3.26152 12
    endloop
  endfacet
  facet normal 0 0 1
    outer loop
      vertex 10.708 2.64512 12
      vertex 11.4783 6.10313 12
      vertex 11.2583 6.5 12
    endloop
  endfacet
  facet normal 0 0 1
    outer loop
      vertex 7.64474 7.95083 12
      vertex 11.2583 6.5 12
      vertex 11.0246 6.88895 12
    endloop
  endfacet
  facet normal 0 0 1
    outer loop
      vertex 11.8761 5.28758 12
      vertex 11.0244 2.88915 12
      vertex 11.3667 3.09552 12
    endloop
  endfacet
  facet normal 0 0 1
    outer loop
      vertex 7.64474 7.95083 12
      vertex 11.0246 6.88895 12
      vertex 10.7775 7.26951 12
    endloop
  endfacet
  facet normal 0 0 1
    outer loop
      vertex 11.4783 6.10313 12
      vertex 10.708 2.64512 12
      vertex 11.0244 2.88915 12
    endloop
  endfacet
  facet normal 0 0 1
    outer loop
      vertex 8.0143 8.10288 12
      vertex 10.7775 7.26951 12
      vertex 10.5172 7.64121 12
    endloop
  endfacet
  facet normal 0 0 1
    outer loop
      vertex 11.2583 6.5 12
      vertex 7.64474 7.95083 12
      vertex 10.708 2.64512 12
    endloop
  endfacet
  facet normal 0 0 1
    outer loop
      vertex 8.36413 8.29606 12
      vertex 10.5172 7.64121 12
      vertex 10.2441 8.0036 12
    endloop
  endfacet
  facet normal 0 0 1
    outer loop
      vertex 10.708 2.64512 12
      vertex 7.64474 7.95083 12
      vertex 10.4214 2.36661 12
    endloop
  endfacet
  facet normal -0 0 1
    outer loop
      vertex 8.36413 8.29606 12
      vertex 10.2441 8.0036 12
      vertex 9.95858 8.35624 12
    endloop
  endfacet
  facet normal 0 0 1
    outer loop
      vertex 10.7775 7.26951 12
      vertex 8.0143 8.10288 12
      vertex 7.64474 7.95083 12
    endloop
  endfacet
  facet normal -0 0 1
    outer loop
      vertex 7.26025 7.8419 12
      vertex 10.4214 2.36661 12
      vertex 7.64474 7.95083 12
    endloop
  endfacet
  facet normal -0 0 1
    outer loop
      vertex 8.68965 8.52787 12
      vertex 9.95858 8.35624 12
      vertex 9.66088 8.6987 12
    endloop
  endfacet
  facet normal 0 0 1
    outer loop
      vertex 10.5172 7.64121 12
      vertex 8.36413 8.29606 12
      vertex 8.0143 8.10288 12
    endloop
  endfacet
  facet normal 0 0 1
    outer loop
      vertex 10.4214 2.36661 12
      vertex 7.26025 7.8419 12
      vertex 10.1684 2.05725 12
    endloop
  endfacet
  facet normal -0 0 1
    outer loop
      vertex 6.86585 7.7775 12
      vertex 10.1684 2.05725 12
      vertex 7.26025 7.8419 12
    endloop
  endfacet
  facet normal 0 0 1
    outer loop
      vertex 9.95858 8.35624 12
      vertex 8.68965 8.52787 12
      vertex 8.36413 8.29606 12
    endloop
  endfacet
  facet normal 0 0 1
    outer loop
      vertex 8.68965 8.52787 12
      vertex 9.66088 8.6987 12
      vertex 9.35142 9.03056 12
    endloop
  endfacet
  facet normal 0 0 1
    outer loop
      vertex 12.5019 -3.46437 12
      vertex 12.4964 -3.58329 12
      vertex 12.5277 -3.46659 12
    endloop
  endfacet
  facet normal 0 0 1
    outer loop
      vertex 12.1102 -3.38501 12
      vertex 12.4964 -3.58329 12
      vertex 12.5019 -3.46437 12
    endloop
  endfacet
  facet normal 0 0 1
    outer loop
      vertex 12.4964 -3.58329 12
      vertex 12.1102 -3.38501 12
      vertex 12.3637 -4.01722 12
    endloop
  endfacet
  facet normal 0 0 1
    outer loop
      vertex 11.7302 -3.26152 12
      vertex 12.3637 -4.01722 12
      vertex 12.1102 -3.38501 12
    endloop
  endfacet
  facet normal 0 0 1
    outer loop
      vertex 12.3637 -4.01722 12
      vertex 11.7302 -3.26152 12
      vertex 12.216 -4.44626 12
    endloop
  endfacet
  facet normal 0 0 1
    outer loop
      vertex 11.3667 -3.09552 12
      vertex 12.216 -4.44626 12
      vertex 11.7302 -3.26152 12
    endloop
  endfacet
  facet normal 0 0 1
    outer loop
      vertex 12.216 -4.44626 12
      vertex 11.3667 -3.09552 12
      vertex 12.0534 -4.86989 12
    endloop
  endfacet
  facet normal 0 0 1
    outer loop
      vertex 12.0534 -4.86989 12
      vertex 11.3667 -3.09552 12
      vertex 11.8761 -5.28758 12
    endloop
  endfacet
  facet normal 0 0 1
    outer loop
      vertex 11.0244 -2.88915 12
      vertex 11.8761 -5.28758 12
      vertex 11.3667 -3.09552 12
    endloop
  endfacet
  facet normal 0 0 1
    outer loop
      vertex 11.8761 -5.28758 12
      vertex 11.0244 -2.88915 12
      vertex 11.6843 -5.69882 12
    endloop
  endfacet
  facet normal 0 0 1
    outer loop
      vertex 11.6843 -5.69882 12
      vertex 11.0244 -2.88915 12
      vertex 11.4783 -6.10313 12
    endloop
  endfacet
  facet normal 0 0 1
    outer loop
      vertex 10.708 -2.64512 12
      vertex 11.4783 -6.10313 12
      vertex 11.0244 -2.88915 12
    endloop
  endfacet
  facet normal 0 0 1
    outer loop
      vertex 11.4783 -6.10313 12
      vertex 10.708 -2.64512 12
      vertex 11.2583 -6.5 12
    endloop
  endfacet
  facet normal 0 0 1
    outer loop
      vertex 7.64474 -7.95083 12
      vertex 11.2583 -6.5 12
      vertex 10.708 -2.64512 12
    endloop
  endfacet
  facet normal 0 0 1
    outer loop
      vertex 11.2583 -6.5 12
      vertex 7.64474 -7.95083 12
      vertex 11.0246 -6.88895 12
    endloop
  endfacet
  facet normal 0 0 1
    outer loop
      vertex 11.0246 -6.88895 12
      vertex 7.64474 -7.95083 12
      vertex 10.7775 -7.26951 12
    endloop
  endfacet
  facet normal 0 0 1
    outer loop
      vertex 7.64474 -7.95083 12
      vertex 10.708 -2.64512 12
      vertex 10.4214 -2.36661 12
    endloop
  endfacet
  facet normal 0 -0 1
    outer loop
      vertex 8.0143 -8.10288 12
      vertex 10.7775 -7.26951 12
      vertex 7.64474 -7.95083 12
    endloop
  endfacet
  facet normal 0 0 1
    outer loop
      vertex 7.26025 -7.8419 12
      vertex 10.4214 -2.36661 12
      vertex 10.1684 -2.05725 12
    endloop
  endfacet
  facet normal 0 0 1
    outer loop
      vertex 10.7775 -7.26951 12
      vertex 8.0143 -8.10288 12
      vertex 10.5172 -7.64121 12
    endloop
  endfacet
  facet normal 0 0 1
    outer loop
      vertex 6.86585 -7.7775 12
      vertex 10.1684 -2.05725 12
      vertex 9.95239 -1.72106 12
    endloop
  endfacet
  facet normal 0 0 1
    outer loop
      vertex 4.7688 0 12
      vertex 9.95239 -1.72106 12
      vertex 9.77607 -1.36244 12
    endloop
  endfacet
  facet normal 0 0 1
    outer loop
      vertex 10.5172 -7.64121 12
      vertex 8.36413 -8.29606 12
      vertex 10.2441 -8.0036 12
    endloop
  endfacet
  facet normal 0 0 1
    outer loop
      vertex 4.7688 0 12
      vertex 9.77607 -1.36244 12
      vertex 9.64177 -0.986063 12
    endloop
  endfacet
  facet normal 0 0 1
    outer loop
      vertex 4.7688 0 12
      vertex 9.64177 -0.986063 12
      vertex 9.55126 -0.596828 12
    endloop
  endfacet
  facet normal 0 0 1
    outer loop
      vertex 4.7688 0 12
      vertex 9.55126 -0.596828 12
      vertex 9.50571 -0.19981 12
    endloop
  endfacet
  facet normal 0 -0 1
    outer loop
      vertex 8.68965 -8.52787 12
      vertex 9.95858 -8.35624 12
      vertex 8.36413 -8.29606 12
    endloop
  endfacet
  facet normal 0 0 1
    outer loop
      vertex 10.1684 2.05725 12
      vertex 6.86585 7.7775 12
      vertex 9.95239 1.72106 12
    endloop
  endfacet
  facet normal -0 0 1
    outer loop
      vertex 9.25119 9.09477 12
      vertex 9.35142 9.03056 12
      vertex 9.26599 9.11599 12
    endloop
  endfacet
  facet normal 0 0 1
    outer loop
      vertex 8.98663 8.79526 12
      vertex 9.35142 9.03056 12
      vertex 9.25119 9.09477 12
    endloop
  endfacet
  facet normal 0 0 1
    outer loop
      vertex 8.68965 8.52787 12
      vertex 9.35142 9.03056 12
      vertex 8.98663 8.79526 12
    endloop
  endfacet
  facet normal 0 0 1
    outer loop
      vertex 9.35142 -9.03056 12
      vertex 9.25119 -9.09477 12
      vertex 9.26599 -9.11599 12
    endloop
  endfacet
  facet normal -0 0 1
    outer loop
      vertex 6.46668 7.75849 12
      vertex 9.95239 1.72106 12
      vertex 6.86585 7.7775 12
    endloop
  endfacet
  facet normal 0 0 1
    outer loop
      vertex 9.35142 -9.03056 12
      vertex 8.98663 -8.79526 12
      vertex 9.25119 -9.09477 12
    endloop
  endfacet
  facet normal 0 0 1
    outer loop
      vertex 9.95239 -1.72106 12
      vertex 4.7688 0 12
      vertex 6.46668 -7.75849 12
    endloop
  endfacet
  facet normal 0 0 1
    outer loop
      vertex 9.66088 -8.6987 12
      vertex 8.98663 -8.79526 12
      vertex 9.35142 -9.03056 12
    endloop
  endfacet
  facet normal 0 0 1
    outer loop
      vertex 4.7688 0 12
      vertex 9.95239 1.72106 12
      vertex 6.46668 7.75849 12
    endloop
  endfacet
  facet normal 0 -0 1
    outer loop
      vertex 8.98663 -8.79526 12
      vertex 9.66088 -8.6987 12
      vertex 8.68965 -8.52787 12
    endloop
  endfacet
  facet normal 0 0 1
    outer loop
      vertex 9.95239 1.72106 12
      vertex 4.7688 0 12
      vertex 9.77607 1.36244 12
    endloop
  endfacet
  facet normal 0 0 1
    outer loop
      vertex 9.95858 -8.35624 12
      vertex 8.68965 -8.52787 12
      vertex 9.66088 -8.6987 12
    endloop
  endfacet
  facet normal 0 0 1
    outer loop
      vertex 9.77607 1.36244 12
      vertex 4.7688 0 12
      vertex 9.64177 0.986063 12
    endloop
  endfacet
  facet normal 0 0 1
    outer loop
      vertex 10.2441 -8.0036 12
      vertex 8.36413 -8.29606 12
      vertex 9.95858 -8.35624 12
    endloop
  endfacet
  facet normal 0 0 1
    outer loop
      vertex 9.55126 0.596828 12
      vertex 4.7688 0 12
      vertex 9.50571 0.19981 12
    endloop
  endfacet
  facet normal 0 -0 1
    outer loop
      vertex 8.36413 -8.29606 12
      vertex 10.5172 -7.64121 12
      vertex 8.0143 -8.10288 12
    endloop
  endfacet
  facet normal 0 0 1
    outer loop
      vertex 9.50571 0.19981 12
      vertex 4.7688 0 12
      vertex 9.50571 -0.19981 12
    endloop
  endfacet
  facet normal 0 0 1
    outer loop
      vertex 10.4214 -2.36661 12
      vertex 7.26025 -7.8419 12
      vertex 7.64474 -7.95083 12
    endloop
  endfacet
  facet normal 0 0 1
    outer loop
      vertex 9.64177 0.986063 12
      vertex 4.7688 0 12
      vertex 9.55126 0.596828 12
    endloop
  endfacet
  facet normal 0 0 1
    outer loop
      vertex 10.1684 -2.05725 12
      vertex 6.86585 -7.7775 12
      vertex 7.26025 -7.8419 12
    endloop
  endfacet
  facet normal 0 0 1
    outer loop
      vertex 2.3844 4.1299 12
      vertex 6.46668 7.75849 12
      vertex 6.06795 7.7851 12
    endloop
  endfacet
  facet normal 0 0 1
    outer loop
      vertex 9.95239 -1.72106 12
      vertex 6.46668 -7.75849 12
      vertex 6.86585 -7.7775 12
    endloop
  endfacet
  facet normal 0 0 1
    outer loop
      vertex 2.3844 4.1299 12
      vertex 6.06795 7.7851 12
      vertex 5.67484 7.85699 12
    endloop
  endfacet
  facet normal -0 0 1
    outer loop
      vertex 2.3844 -4.1299 12
      vertex 6.46668 -7.75849 12
      vertex 4.7688 0 12
    endloop
  endfacet
  facet normal 0 0 1
    outer loop
      vertex 2.3844 4.1299 12
      vertex 5.67484 7.85699 12
      vertex 5.2925 7.97322 12
    endloop
  endfacet
  facet normal 0 0 1
    outer loop
      vertex 6.46668 -7.75849 12
      vertex 2.3844 -4.1299 12
      vertex 6.06795 -7.7851 12
    endloop
  endfacet
  facet normal 0 0 1
    outer loop
      vertex 2.3844 4.1299 12
      vertex 5.2925 7.97322 12
      vertex 4.92589 8.13228 12
    endloop
  endfacet
  facet normal 0 0 1
    outer loop
      vertex 6.06795 -7.7851 12
      vertex 2.3844 -4.1299 12
      vertex 5.67484 -7.85699 12
    endloop
  endfacet
  facet normal 0 0 1
    outer loop
      vertex 5.67484 -7.85699 12
      vertex 2.3844 -4.1299 12
      vertex 5.2925 -7.97322 12
    endloop
  endfacet
  facet normal 0 0 1
    outer loop
      vertex 2.3844 4.1299 12
      vertex 4.92589 8.13228 12
      vertex 4.57981 8.33209 12
    endloop
  endfacet
  facet normal 0 0 1
    outer loop
      vertex 2.3844 4.1299 12
      vertex 4.57981 8.33209 12
      vertex 4.25876 8.57005 12
    endloop
  endfacet
  facet normal 0 0 1
    outer loop
      vertex 2.3844 4.1299 12
      vertex 4.25876 8.57005 12
      vertex 3.96693 8.84305 12
    endloop
  endfacet
  facet normal 0 0 1
    outer loop
      vertex 2.3844 4.1299 12
      vertex 3.96693 8.84305 12
      vertex 3.70812 9.14754 12
    endloop
  endfacet
  facet normal 0 0 1
    outer loop
      vertex 2.3844 4.1299 12
      vertex 3.70812 9.14754 12
      vertex 3.48571 9.47955 12
    endloop
  endfacet
  facet normal 0 0 1
    outer loop
      vertex -3.48571 9.47955 12
      vertex 3.48571 9.47955 12
      vertex 3.30259 9.83475 12
    endloop
  endfacet
  facet normal 0 0 1
    outer loop
      vertex -3.30259 9.83475 12
      vertex 3.30259 9.83475 12
      vertex 3.16116 10.2085 12
    endloop
  endfacet
  facet normal 0 0 1
    outer loop
      vertex -3.16116 10.2085 12
      vertex 3.16116 10.2085 12
      vertex 3.06325 10.596 12
    endloop
  endfacet
  facet normal 0 0 1
    outer loop
      vertex 3.04052 11.7894 12
      vertex 2.25743 12.8025 12
      vertex 3.00254 11.3916 12
    endloop
  endfacet
  facet normal 0 0 1
    outer loop
      vertex 1.80925 12.8735 12
      vertex 3.00254 11.3916 12
      vertex 2.25743 12.8025 12
    endloop
  endfacet
  facet normal 0 0 1
    outer loop
      vertex 1.35887 12.9288 12
      vertex 3.00254 11.3916 12
      vertex 1.80925 12.8735 12
    endloop
  endfacet
  facet normal 0 0 1
    outer loop
      vertex 6.46668 7.75849 12
      vertex 2.3844 4.1299 12
      vertex 4.7688 0 12
    endloop
  endfacet
  facet normal 0 0 1
    outer loop
      vertex 3.00254 11.3916 12
      vertex 1.35887 12.9288 12
      vertex 3.01015 10.992 12
    endloop
  endfacet
  facet normal 0 0 1
    outer loop
      vertex 0.906834 12.9683 12
      vertex 3.01015 10.992 12
      vertex 1.35887 12.9288 12
    endloop
  endfacet
  facet normal 0 0 1
    outer loop
      vertex 3.01015 10.992 12
      vertex 0.906834 12.9683 12
      vertex 3.06325 10.596 12
    endloop
  endfacet
  facet normal 0 0 1
    outer loop
      vertex 0.453693 12.9921 12
      vertex 3.06325 10.596 12
      vertex 0.906834 12.9683 12
    endloop
  endfacet
  facet normal 0 0 1
    outer loop
      vertex 0 13 12
      vertex 3.06325 10.596 12
      vertex 0.453693 12.9921 12
    endloop
  endfacet
  facet normal 0 0 1
    outer loop
      vertex 3.06325 10.596 12
      vertex 0 13 12
      vertex -3.06325 10.596 12
    endloop
  endfacet
  facet normal 0 0 1
    outer loop
      vertex -3.06325 10.596 12
      vertex 0 13 12
      vertex -0.453693 12.9921 12
    endloop
  endfacet
  facet normal 0 0 1
    outer loop
      vertex -3.06325 10.596 12
      vertex -0.453693 12.9921 12
      vertex -0.906834 12.9683 12
    endloop
  endfacet
  facet normal 0 0 1
    outer loop
      vertex -3.01015 10.992 12
      vertex -0.906834 12.9683 12
      vertex -1.35887 12.9288 12
    endloop
  endfacet
  facet normal 0 0 1
    outer loop
      vertex -3.00254 11.3916 12
      vertex -1.35887 12.9288 12
      vertex -1.80925 12.8735 12
    endloop
  endfacet
  facet normal 0 0 1
    outer loop
      vertex -3.00254 11.3916 12
      vertex -1.80925 12.8735 12
      vertex -2.25743 12.8025 12
    endloop
  endfacet
  facet normal 0 0 1
    outer loop
      vertex 3.06325 10.596 12
      vertex -3.06325 10.596 12
      vertex -3.16116 10.2085 12
    endloop
  endfacet
  facet normal 0 0 1
    outer loop
      vertex -3.04052 11.7894 12
      vertex -2.25743 12.8025 12
      vertex -2.70285 12.7159 12
    endloop
  endfacet
  facet normal 0 0 1
    outer loop
      vertex -1.35887 12.9288 12
      vertex -3.00254 11.3916 12
      vertex -3.01015 10.992 12
    endloop
  endfacet
  facet normal 0 0 1
    outer loop
      vertex -0.906834 12.9683 12
      vertex -3.01015 10.992 12
      vertex -3.06325 10.596 12
    endloop
  endfacet
  facet normal 0 0 1
    outer loop
      vertex 3.16116 10.2085 12
      vertex -3.16116 10.2085 12
      vertex -3.30259 9.83475 12
    endloop
  endfacet
  facet normal 0 0 1
    outer loop
      vertex 3.30259 9.83475 12
      vertex -3.30259 9.83475 12
      vertex -3.48571 9.47955 12
    endloop
  endfacet
  facet normal 0 0 1
    outer loop
      vertex 3.48571 9.47955 12
      vertex -3.48571 9.47955 12
      vertex 2.3844 4.1299 12
    endloop
  endfacet
  facet normal 0 0 1
    outer loop
      vertex 2.3844 4.1299 12
      vertex -3.48571 9.47955 12
      vertex -2.3844 4.1299 12
    endloop
  endfacet
  facet normal -0 0 1
    outer loop
      vertex -3.70812 9.14754 12
      vertex -2.3844 4.1299 12
      vertex -3.48571 9.47955 12
    endloop
  endfacet
  facet normal -0 0 1
    outer loop
      vertex -3.96693 8.84305 12
      vertex -2.3844 4.1299 12
      vertex -3.70812 9.14754 12
    endloop
  endfacet
  facet normal -0 0 1
    outer loop
      vertex -4.25876 8.57005 12
      vertex -2.3844 4.1299 12
      vertex -3.96693 8.84305 12
    endloop
  endfacet
  facet normal -0 0 1
    outer loop
      vertex -4.57981 8.33209 12
      vertex -2.3844 4.1299 12
      vertex -4.25876 8.57005 12
    endloop
  endfacet
  facet normal -0 0 1
    outer loop
      vertex -4.92589 8.13228 12
      vertex -2.3844 4.1299 12
      vertex -4.57981 8.33209 12
    endloop
  endfacet
  facet normal -0 0 1
    outer loop
      vertex -5.2925 7.97322 12
      vertex -2.3844 4.1299 12
      vertex -4.92589 8.13228 12
    endloop
  endfacet
  facet normal 0 0 1
    outer loop
      vertex 5.2925 -7.97322 12
      vertex 2.3844 -4.1299 12
      vertex 4.92589 -8.13228 12
    endloop
  endfacet
  facet normal 0 0 1
    outer loop
      vertex 4.92589 -8.13228 12
      vertex 2.3844 -4.1299 12
      vertex 4.57981 -8.33209 12
    endloop
  endfacet
  facet normal 0 0 1
    outer loop
      vertex 4.57981 -8.33209 12
      vertex 2.3844 -4.1299 12
      vertex 4.25876 -8.57005 12
    endloop
  endfacet
  facet normal 0 0 1
    outer loop
      vertex 4.25876 -8.57005 12
      vertex 2.3844 -4.1299 12
      vertex 3.96693 -8.84305 12
    endloop
  endfacet
  facet normal 0 0 1
    outer loop
      vertex 3.96693 -8.84305 12
      vertex 2.3844 -4.1299 12
      vertex 3.70812 -9.14754 12
    endloop
  endfacet
  facet normal 0 0 1
    outer loop
      vertex 3.70812 -9.14754 12
      vertex 2.3844 -4.1299 12
      vertex 3.48571 -9.47955 12
    endloop
  endfacet
  facet normal 0 0 1
    outer loop
      vertex -3.48571 -9.47955 12
      vertex 3.48571 -9.47955 12
      vertex 2.3844 -4.1299 12
    endloop
  endfacet
  facet normal 0 0 1
    outer loop
      vertex 3.48571 -9.47955 12
      vertex -3.48571 -9.47955 12
      vertex 3.30259 -9.83475 12
    endloop
  endfacet
  facet normal 0 0 1
    outer loop
      vertex 1.35887 -12.9288 12
      vertex 3.00254 -11.3916 12
      vertex 3.01015 -10.992 12
    endloop
  endfacet
  facet normal 0 0 1
    outer loop
      vertex 0.906834 -12.9683 12
      vertex 3.01015 -10.992 12
      vertex 3.06325 -10.596 12
    endloop
  endfacet
  facet normal 0 -0 1
    outer loop
      vertex -3.30259 -9.83475 12
      vertex 3.30259 -9.83475 12
      vertex -3.48571 -9.47955 12
    endloop
  endfacet
  facet normal 0 0 1
    outer loop
      vertex 3.30259 -9.83475 12
      vertex -3.30259 -9.83475 12
      vertex 3.16116 -10.2085 12
    endloop
  endfacet
  facet normal 0 0 1
    outer loop
      vertex 3.00254 -11.3916 12
      vertex 2.25743 -12.8025 12
      vertex 2.70285 -12.7159 12
    endloop
  endfacet
  facet normal 0 0 1
    outer loop
      vertex 3.00254 -11.3916 12
      vertex 1.80925 -12.8735 12
      vertex 2.25743 -12.8025 12
    endloop
  endfacet
  facet normal 0 0 1
    outer loop
      vertex 3.00254 -11.3916 12
      vertex 1.35887 -12.9288 12
      vertex 1.80925 -12.8735 12
    endloop
  endfacet
  facet normal 0 -0 1
    outer loop
      vertex -3.06325 -10.596 12
      vertex 3.06325 -10.596 12
      vertex -3.16116 -10.2085 12
    endloop
  endfacet
  facet normal 0 0 1
    outer loop
      vertex 3.01015 -10.992 12
      vertex 0.906834 -12.9683 12
      vertex 1.35887 -12.9288 12
    endloop
  endfacet
  facet normal 0 0 1
    outer loop
      vertex 3.06325 -10.596 12
      vertex 0.453693 -12.9921 12
      vertex 0.906834 -12.9683 12
    endloop
  endfacet
  facet normal 0 -0 1
    outer loop
      vertex 0 -13 12
      vertex 3.06325 -10.596 12
      vertex -3.06325 -10.596 12
    endloop
  endfacet
  facet normal 0 0 1
    outer loop
      vertex 3.06325 -10.596 12
      vertex 0 -13 12
      vertex 0.453693 -12.9921 12
    endloop
  endfacet
  facet normal 0 0 1
    outer loop
      vertex 0 -13 12
      vertex -3.06325 -10.596 12
      vertex -0.453693 -12.9921 12
    endloop
  endfacet
  facet normal 0 0 1
    outer loop
      vertex -0.453693 -12.9921 12
      vertex -3.06325 -10.596 12
      vertex -0.906834 -12.9683 12
    endloop
  endfacet
  facet normal 0 0 1
    outer loop
      vertex -0.906834 -12.9683 12
      vertex -3.01015 -10.992 12
      vertex -1.35887 -12.9288 12
    endloop
  endfacet
  facet normal 0 0 1
    outer loop
      vertex -3.48571 -9.47955 12
      vertex 2.3844 -4.1299 12
      vertex -2.3844 -4.1299 12
    endloop
  endfacet
  facet normal -0 -0 1
    outer loop
      vertex -3.00254 -11.3916 12
      vertex -1.35887 -12.9288 12
      vertex -3.01015 -10.992 12
    endloop
  endfacet
  facet normal 0 0 1
    outer loop
      vertex -1.80925 -12.8735 12
      vertex -3.00254 -11.3916 12
      vertex -2.25743 -12.8025 12
    endloop
  endfacet
  facet normal -0 0 1
    outer loop
      vertex -3.04052 -11.7894 12
      vertex -2.25743 -12.8025 12
      vertex -3.00254 -11.3916 12
    endloop
  endfacet
  facet normal 0 0 1
    outer loop
      vertex -1.35887 -12.9288 12
      vertex -3.00254 -11.3916 12
      vertex -1.80925 -12.8735 12
    endloop
  endfacet
  facet normal -0 -0 1
    outer loop
      vertex -3.01015 -10.992 12
      vertex -0.906834 -12.9683 12
      vertex -3.06325 -10.596 12
    endloop
  endfacet
  facet normal 0 0 1
    outer loop
      vertex 3.16116 -10.2085 12
      vertex -3.16116 -10.2085 12
      vertex 3.06325 -10.596 12
    endloop
  endfacet
  facet normal 0 -0 1
    outer loop
      vertex -3.16116 -10.2085 12
      vertex 3.16116 -10.2085 12
      vertex -3.30259 -9.83475 12
    endloop
  endfacet
  facet normal 0 0 1
    outer loop
      vertex -2.3844 -4.1299 12
      vertex -3.70812 -9.14754 12
      vertex -3.48571 -9.47955 12
    endloop
  endfacet
  facet normal 0 0 1
    outer loop
      vertex -2.3844 -4.1299 12
      vertex -3.96693 -8.84305 12
      vertex -3.70812 -9.14754 12
    endloop
  endfacet
  facet normal 0 0 1
    outer loop
      vertex -2.3844 -4.1299 12
      vertex -4.25876 -8.57005 12
      vertex -3.96693 -8.84305 12
    endloop
  endfacet
  facet normal 0 0 1
    outer loop
      vertex -2.3844 -4.1299 12
      vertex -4.57981 -8.33209 12
      vertex -4.25876 -8.57005 12
    endloop
  endfacet
  facet normal 0 0 1
    outer loop
      vertex -6.46668 -7.75849 12
      vertex -2.3844 -4.1299 12
      vertex -4.7688 0 12
    endloop
  endfacet
  facet normal 0 0 1
    outer loop
      vertex -2.3844 -4.1299 12
      vertex -4.92589 -8.13228 12
      vertex -4.57981 -8.33209 12
    endloop
  endfacet
  facet normal -0 0 1
    outer loop
      vertex -5.67484 7.85699 12
      vertex -2.3844 4.1299 12
      vertex -5.2925 7.97322 12
    endloop
  endfacet
  facet normal -0 0 1
    outer loop
      vertex -6.06795 7.7851 12
      vertex -2.3844 4.1299 12
      vertex -5.67484 7.85699 12
    endloop
  endfacet
  facet normal 0 0 1
    outer loop
      vertex -9.50571 -0.19981 12
      vertex -4.7688 0 12
      vertex -9.50571 0.19981 12
    endloop
  endfacet
  facet normal -0 0 1
    outer loop
      vertex -6.46668 7.75849 12
      vertex -2.3844 4.1299 12
      vertex -6.06795 7.7851 12
    endloop
  endfacet
  facet normal 0 0 1
    outer loop
      vertex -9.55126 -0.596828 12
      vertex -4.7688 0 12
      vertex -9.50571 -0.19981 12
    endloop
  endfacet
  facet normal 0 0 1
    outer loop
      vertex -2.3844 4.1299 12
      vertex -6.46668 7.75849 12
      vertex -4.7688 0 12
    endloop
  endfacet
  facet normal 0 0 1
    outer loop
      vertex -2.3844 -4.1299 12
      vertex -5.2925 -7.97322 12
      vertex -4.92589 -8.13228 12
    endloop
  endfacet
  facet normal -0 0 1
    outer loop
      vertex -9.95239 1.72106 12
      vertex -4.7688 0 12
      vertex -6.46668 7.75849 12
    endloop
  endfacet
  facet normal 0 0 1
    outer loop
      vertex -9.64177 -0.986063 12
      vertex -4.7688 0 12
      vertex -9.55126 -0.596828 12
    endloop
  endfacet
  facet normal 0 0 1
    outer loop
      vertex -9.95239 1.72106 12
      vertex -6.46668 7.75849 12
      vertex -6.86585 7.7775 12
    endloop
  endfacet
  facet normal 0 0 1
    outer loop
      vertex -2.3844 -4.1299 12
      vertex -5.67484 -7.85699 12
      vertex -5.2925 -7.97322 12
    endloop
  endfacet
  facet normal 0 0 1
    outer loop
      vertex -10.1684 2.05725 12
      vertex -6.86585 7.7775 12
      vertex -7.26025 7.8419 12
    endloop
  endfacet
  facet normal 0 0 1
    outer loop
      vertex -9.77607 -1.36244 12
      vertex -4.7688 0 12
      vertex -9.64177 -0.986063 12
    endloop
  endfacet
  facet normal 0 0 1
    outer loop
      vertex -10.4214 2.36661 12
      vertex -7.26025 7.8419 12
      vertex -7.64474 7.95083 12
    endloop
  endfacet
  facet normal 0 0 1
    outer loop
      vertex -2.3844 -4.1299 12
      vertex -6.06795 -7.7851 12
      vertex -5.67484 -7.85699 12
    endloop
  endfacet
  facet normal 0 0 1
    outer loop
      vertex -11.0246 6.88895 12
      vertex -7.64474 7.95083 12
      vertex -8.0143 8.10288 12
    endloop
  endfacet
  facet normal 0 0 1
    outer loop
      vertex -9.95239 -1.72106 12
      vertex -4.7688 0 12
      vertex -9.77607 -1.36244 12
    endloop
  endfacet
  facet normal 0 0 1
    outer loop
      vertex -10.5172 7.64121 12
      vertex -8.0143 8.10288 12
      vertex -8.36413 8.29606 12
    endloop
  endfacet
  facet normal 0 0 1
    outer loop
      vertex -2.3844 -4.1299 12
      vertex -6.46668 -7.75849 12
      vertex -6.06795 -7.7851 12
    endloop
  endfacet
  facet normal -0 0 1
    outer loop
      vertex -9.95858 8.35624 12
      vertex -8.36413 8.29606 12
      vertex -8.68965 8.52787 12
    endloop
  endfacet
  facet normal 0 0 1
    outer loop
      vertex -4.7688 0 12
      vertex -9.95239 -1.72106 12
      vertex -6.46668 -7.75849 12
    endloop
  endfacet
  facet normal -0 0 1
    outer loop
      vertex -9.66088 8.6987 12
      vertex -8.68965 8.52787 12
      vertex -8.98663 8.79526 12
    endloop
  endfacet
  facet normal 0 0 1
    outer loop
      vertex -6.46668 -7.75849 12
      vertex -9.95239 -1.72106 12
      vertex -6.86585 -7.7775 12
    endloop
  endfacet
  facet normal -0 0 1
    outer loop
      vertex -9.35142 9.03056 12
      vertex -8.98663 8.79526 12
      vertex -9.25119 9.09477 12
    endloop
  endfacet
  facet normal -0 0 1
    outer loop
      vertex -10.1684 -2.05725 12
      vertex -6.86585 -7.7775 12
      vertex -9.95239 -1.72106 12
    endloop
  endfacet
  facet normal 0 0 1
    outer loop
      vertex -9.35142 9.03056 12
      vertex -9.25119 9.09477 12
      vertex -9.26599 9.11599 12
    endloop
  endfacet
  facet normal 0 0 1
    outer loop
      vertex -6.86585 -7.7775 12
      vertex -10.1684 -2.05725 12
      vertex -7.26025 -7.8419 12
    endloop
  endfacet
  facet normal 0 0 1
    outer loop
      vertex -8.98663 8.79526 12
      vertex -9.35142 9.03056 12
      vertex -9.66088 8.6987 12
    endloop
  endfacet
  facet normal -0 0 1
    outer loop
      vertex -10.4214 -2.36661 12
      vertex -7.26025 -7.8419 12
      vertex -10.1684 -2.05725 12
    endloop
  endfacet
  facet normal 0 0 1
    outer loop
      vertex -7.26025 -7.8419 12
      vertex -10.4214 -2.36661 12
      vertex -7.64474 -7.95083 12
    endloop
  endfacet
  facet normal 0 0 1
    outer loop
      vertex -4.7688 0 12
      vertex -9.55126 0.596828 12
      vertex -9.50571 0.19981 12
    endloop
  endfacet
  facet normal 0 0 1
    outer loop
      vertex -4.7688 0 12
      vertex -9.64177 0.986063 12
      vertex -9.55126 0.596828 12
    endloop
  endfacet
  facet normal 0 0 1
    outer loop
      vertex -8.68965 8.52787 12
      vertex -9.66088 8.6987 12
      vertex -9.95858 8.35624 12
    endloop
  endfacet
  facet normal 0 0 1
    outer loop
      vertex -4.7688 0 12
      vertex -9.77607 1.36244 12
      vertex -9.64177 0.986063 12
    endloop
  endfacet
  facet normal 0 0 1
    outer loop
      vertex -4.7688 0 12
      vertex -9.95239 1.72106 12
      vertex -9.77607 1.36244 12
    endloop
  endfacet
  facet normal 0 0 1
    outer loop
      vertex -8.36413 8.29606 12
      vertex -9.95858 8.35624 12
      vertex -10.2441 8.0036 12
    endloop
  endfacet
  facet normal 0 0 1
    outer loop
      vertex -6.86585 7.7775 12
      vertex -10.1684 2.05725 12
      vertex -9.95239 1.72106 12
    endloop
  endfacet
  facet normal 0 0 1
    outer loop
      vertex -8.36413 8.29606 12
      vertex -10.2441 8.0036 12
      vertex -10.5172 7.64121 12
    endloop
  endfacet
  facet normal 0 0 1
    outer loop
      vertex -7.26025 7.8419 12
      vertex -10.4214 2.36661 12
      vertex -10.1684 2.05725 12
    endloop
  endfacet
  facet normal 0 0 1
    outer loop
      vertex -8.0143 8.10288 12
      vertex -10.5172 7.64121 12
      vertex -10.7775 7.26951 12
    endloop
  endfacet
  facet normal 0 0 1
    outer loop
      vertex -8.0143 8.10288 12
      vertex -10.7775 7.26951 12
      vertex -11.0246 6.88895 12
    endloop
  endfacet
  facet normal 0 0 1
    outer loop
      vertex -7.64474 7.95083 12
      vertex -11.0246 6.88895 12
      vertex -11.2583 6.5 12
    endloop
  endfacet
  facet normal 0 0 1
    outer loop
      vertex -7.64474 7.95083 12
      vertex -10.708 2.64512 12
      vertex -10.4214 2.36661 12
    endloop
  endfacet
  facet normal 0 0 1
    outer loop
      vertex -7.64474 7.95083 12
      vertex -11.2583 6.5 12
      vertex -10.708 2.64512 12
    endloop
  endfacet
  facet normal -0 0 1
    outer loop
      vertex -11.4783 6.10313 12
      vertex -10.708 2.64512 12
      vertex -11.2583 6.5 12
    endloop
  endfacet
  facet normal 0 0 1
    outer loop
      vertex -10.708 2.64512 12
      vertex -11.4783 6.10313 12
      vertex -11.0244 2.88915 12
    endloop
  endfacet
  facet normal -0 0 1
    outer loop
      vertex -11.6843 5.69882 12
      vertex -11.0244 2.88915 12
      vertex -11.4783 6.10313 12
    endloop
  endfacet
  facet normal -0 0 1
    outer loop
      vertex -11.8761 5.28758 12
      vertex -11.0244 2.88915 12
      vertex -11.6843 5.69882 12
    endloop
  endfacet
  facet normal 0 0 1
    outer loop
      vertex -11.0244 2.88915 12
      vertex -11.8761 5.28758 12
      vertex -11.3667 3.09552 12
    endloop
  endfacet
  facet normal -0 0 1
    outer loop
      vertex -12.0534 4.86989 12
      vertex -11.3667 3.09552 12
      vertex -11.8761 5.28758 12
    endloop
  endfacet
  facet normal -0 0 1
    outer loop
      vertex -12.216 4.44626 12
      vertex -11.3667 3.09552 12
      vertex -12.0534 4.86989 12
    endloop
  endfacet
  facet normal 0 0 1
    outer loop
      vertex -11.3667 3.09552 12
      vertex -12.216 4.44626 12
      vertex -11.7302 3.26152 12
    endloop
  endfacet
  facet normal -0 0 1
    outer loop
      vertex -12.3637 4.01722 12
      vertex -11.7302 3.26152 12
      vertex -12.216 4.44626 12
    endloop
  endfacet
  facet normal 0 0 1
    outer loop
      vertex -11.7302 3.26152 12
      vertex -12.3637 4.01722 12
      vertex -12.1102 3.38501 12
    endloop
  endfacet
  facet normal -0 0 1
    outer loop
      vertex -12.4964 3.58329 12
      vertex -12.1102 3.38501 12
      vertex -12.3637 4.01722 12
    endloop
  endfacet
  facet normal 0 0 1
    outer loop
      vertex -12.4964 3.58329 12
      vertex -12.5019 3.46437 12
      vertex -12.1102 3.38501 12
    endloop
  endfacet
  facet normal 0 -0 1
    outer loop
      vertex -12.5019 3.46437 12
      vertex -12.4964 3.58329 12
      vertex -12.5277 3.46659 12
    endloop
  endfacet
  facet normal -0 0 1
    outer loop
      vertex -10.708 -2.64512 12
      vertex -7.64474 -7.95083 12
      vertex -10.4214 -2.36661 12
    endloop
  endfacet
  facet normal -0 0 1
    outer loop
      vertex -11.2583 -6.5 12
      vertex -7.64474 -7.95083 12
      vertex -10.708 -2.64512 12
    endloop
  endfacet
  facet normal -0 -0 1
    outer loop
      vertex -11.0246 -6.88895 12
      vertex -7.64474 -7.95083 12
      vertex -11.2583 -6.5 12
    endloop
  endfacet
  facet normal -0 -0 1
    outer loop
      vertex -10.5172 -7.64121 12
      vertex -8.0143 -8.10288 12
      vertex -10.7775 -7.26951 12
    endloop
  endfacet
  facet normal 0 0 1
    outer loop
      vertex -9.25119 -9.09477 12
      vertex -9.35142 -9.03056 12
      vertex -9.26599 -9.11599 12
    endloop
  endfacet
  facet normal 0 -0 1
    outer loop
      vertex -9.35142 -9.03056 12
      vertex -8.98663 -8.79526 12
      vertex -9.66088 -8.6987 12
    endloop
  endfacet
  facet normal 0 0 1
    outer loop
      vertex -8.98663 -8.79526 12
      vertex -9.35142 -9.03056 12
      vertex -9.25119 -9.09477 12
    endloop
  endfacet
  facet normal 0 0 1
    outer loop
      vertex -8.68965 -8.52787 12
      vertex -9.66088 -8.6987 12
      vertex -8.98663 -8.79526 12
    endloop
  endfacet
  facet normal 0 -0 1
    outer loop
      vertex -9.66088 -8.6987 12
      vertex -8.68965 -8.52787 12
      vertex -9.95858 -8.35624 12
    endloop
  endfacet
  facet normal -0 -0 1
    outer loop
      vertex -10.2441 -8.0036 12
      vertex -8.36413 -8.29606 12
      vertex -10.5172 -7.64121 12
    endloop
  endfacet
  facet normal 0 0 1
    outer loop
      vertex -8.36413 -8.29606 12
      vertex -9.95858 -8.35624 12
      vertex -8.68965 -8.52787 12
    endloop
  endfacet
  facet normal -0 -0 1
    outer loop
      vertex -10.7775 -7.26951 12
      vertex -8.0143 -8.10288 12
      vertex -11.0246 -6.88895 12
    endloop
  endfacet
  facet normal 0 -0 1
    outer loop
      vertex -9.95858 -8.35624 12
      vertex -8.36413 -8.29606 12
      vertex -10.2441 -8.0036 12
    endloop
  endfacet
  facet normal 0 0 1
    outer loop
      vertex -11.4783 -6.10313 12
      vertex -10.708 -2.64512 12
      vertex -11.0244 -2.88915 12
    endloop
  endfacet
  facet normal 0 0 1
    outer loop
      vertex -8.0143 -8.10288 12
      vertex -10.5172 -7.64121 12
      vertex -8.36413 -8.29606 12
    endloop
  endfacet
  facet normal 0 0 1
    outer loop
      vertex -7.64474 -7.95083 12
      vertex -11.0246 -6.88895 12
      vertex -8.0143 -8.10288 12
    endloop
  endfacet
  facet normal 0 0 1
    outer loop
      vertex -11.8761 -5.28758 12
      vertex -11.0244 -2.88915 12
      vertex -11.3667 -3.09552 12
    endloop
  endfacet
  facet normal 0 0 1
    outer loop
      vertex -10.708 -2.64512 12
      vertex -11.4783 -6.10313 12
      vertex -11.2583 -6.5 12
    endloop
  endfacet
  facet normal 0 0 1
    outer loop
      vertex -11.0244 -2.88915 12
      vertex -11.6843 -5.69882 12
      vertex -11.4783 -6.10313 12
    endloop
  endfacet
  facet normal 0 0 1
    outer loop
      vertex -12.216 -4.44626 12
      vertex -11.3667 -3.09552 12
      vertex -11.7302 -3.26152 12
    endloop
  endfacet
  facet normal 0 0 1
    outer loop
      vertex -11.0244 -2.88915 12
      vertex -11.8761 -5.28758 12
      vertex -11.6843 -5.69882 12
    endloop
  endfacet
  facet normal 0 0 1
    outer loop
      vertex -11.3667 -3.09552 12
      vertex -12.0534 -4.86989 12
      vertex -11.8761 -5.28758 12
    endloop
  endfacet
  facet normal 0 0 1
    outer loop
      vertex -12.3637 -4.01722 12
      vertex -11.7302 -3.26152 12
      vertex -12.1102 -3.38501 12
    endloop
  endfacet
  facet normal 0 0 1
    outer loop
      vertex -11.3667 -3.09552 12
      vertex -12.216 -4.44626 12
      vertex -12.0534 -4.86989 12
    endloop
  endfacet
  facet normal 0 0 1
    outer loop
      vertex -11.7302 -3.26152 12
      vertex -12.3637 -4.01722 12
      vertex -12.216 -4.44626 12
    endloop
  endfacet
  facet normal 0 0 1
    outer loop
      vertex -12.1102 -3.38501 12
      vertex -12.4964 -3.58329 12
      vertex -12.3637 -4.01722 12
    endloop
  endfacet
  facet normal -0 0 1
    outer loop
      vertex -12.5019 -3.46437 12
      vertex -12.4964 -3.58329 12
      vertex -12.1102 -3.38501 12
    endloop
  endfacet
  facet normal 0 0 1
    outer loop
      vertex -12.4964 -3.58329 12
      vertex -12.5019 -3.46437 12
      vertex -12.5277 -3.46659 12
    endloop
  endfacet
  facet normal 0 0 1
    outer loop
      vertex -2.25743 12.8025 12
      vertex -3.04052 11.7894 12
      vertex -3.00254 11.3916 12
    endloop
  endfacet
  facet normal 0 0 1
    outer loop
      vertex -2.70285 12.7159 12
      vertex -3.12361 12.1803 12
      vertex -3.04052 11.7894 12
    endloop
  endfacet
  facet normal -0 0 1
    outer loop
      vertex -3.14498 12.6138 12
      vertex -3.12361 12.1803 12
      vertex -2.70285 12.7159 12
    endloop
  endfacet
  facet normal 0 0 1
    outer loop
      vertex -3.14498 12.6138 12
      vertex -3.25071 12.5591 12
      vertex -3.12361 12.1803 12
    endloop
  endfacet
  facet normal 0 -0 1
    outer loop
      vertex -3.25071 12.5591 12
      vertex -3.14498 12.6138 12
      vertex -3.26168 12.5826 12
    endloop
  endfacet
  facet normal 0 0 1
    outer loop
      vertex 3.25071 -12.5591 12
      vertex 3.14498 -12.6138 12
      vertex 3.26168 -12.5826 12
    endloop
  endfacet
  facet normal 0 0 1
    outer loop
      vertex 3.12361 -12.1803 12
      vertex 3.14498 -12.6138 12
      vertex 3.25071 -12.5591 12
    endloop
  endfacet
  facet normal 0 0 1
    outer loop
      vertex 2.70285 -12.7159 12
      vertex 3.12361 -12.1803 12
      vertex 3.04052 -11.7894 12
    endloop
  endfacet
  facet normal 0 0 1
    outer loop
      vertex 3.12361 -12.1803 12
      vertex 2.70285 -12.7159 12
      vertex 3.14498 -12.6138 12
    endloop
  endfacet
  facet normal 0 0 1
    outer loop
      vertex 2.70285 -12.7159 12
      vertex 3.04052 -11.7894 12
      vertex 3.00254 -11.3916 12
    endloop
  endfacet
  facet normal 0 0 1
    outer loop
      vertex -2.25743 -12.8025 12
      vertex -3.04052 -11.7894 12
      vertex -2.70285 -12.7159 12
    endloop
  endfacet
  facet normal -0 0 1
    outer loop
      vertex -3.12361 -12.1803 12
      vertex -2.70285 -12.7159 12
      vertex -3.04052 -11.7894 12
    endloop
  endfacet
  facet normal 0 0 1
    outer loop
      vertex -3.12361 -12.1803 12
      vertex -3.14498 -12.6138 12
      vertex -2.70285 -12.7159 12
    endloop
  endfacet
  facet normal -0 0 1
    outer loop
      vertex -3.25071 -12.5591 12
      vertex -3.14498 -12.6138 12
      vertex -3.12361 -12.1803 12
    endloop
  endfacet
  facet normal 0 0 1
    outer loop
      vertex -3.14498 -12.6138 12
      vertex -3.25071 -12.5591 12
      vertex -3.26168 -12.5826 12
    endloop
  endfacet
  facet normal -0.156467 -0.987683 0
    outer loop
      vertex -2.25743 -12.8025 0
      vertex -1.80925 -12.8735 12
      vertex -2.25743 -12.8025 12
    endloop
  endfacet
  facet normal -0.156467 -0.987683 -0
    outer loop
      vertex -1.80925 -12.8735 12
      vertex -2.25743 -12.8025 0
      vertex -1.80925 -12.8735 0
    endloop
  endfacet
  facet normal 0.945539 -0.325508 0
    outer loop
      vertex 12.216 -4.44626 12
      vertex 12.3637 -4.01722 0
      vertex 12.3637 -4.01722 12
    endloop
  endfacet
  facet normal 0.945539 -0.325508 0
    outer loop
      vertex 12.3637 -4.01722 0
      vertex 12.216 -4.44626 12
      vertex 12.216 -4.44626 0
    endloop
  endfacet
  facet normal -0.838709 -0.544579 0
    outer loop
      vertex -10.7775 -7.26951 0
      vertex -11.0246 -6.88895 12
      vertex -11.0246 -6.88895 0
    endloop
  endfacet
  facet normal -0.838709 -0.544579 0
    outer loop
      vertex -11.0246 -6.88895 12
      vertex -10.7775 -7.26951 0
      vertex -10.7775 -7.26951 12
    endloop
  endfacet
  facet normal -0.798615 -0.601842 0
    outer loop
      vertex -10.2441 -8.0036 0
      vertex -10.5172 -7.64121 12
      vertex -10.5172 -7.64121 0
    endloop
  endfacet
  facet normal -0.798615 -0.601842 0
    outer loop
      vertex -10.5172 -7.64121 12
      vertex -10.2441 -8.0036 0
      vertex -10.2441 -8.0036 12
    endloop
  endfacet
  facet normal 0.819118 0.573625 0
    outer loop
      vertex 10.7775 7.26951 12
      vertex 10.5172 7.64121 0
      vertex 10.5172 7.64121 12
    endloop
  endfacet
  facet normal 0.819118 0.573625 0
    outer loop
      vertex 10.5172 7.64121 0
      vertex 10.7775 7.26951 12
      vertex 10.7775 7.26951 0
    endloop
  endfacet
  facet normal 0.965863 0.259053 0
    outer loop
      vertex 12.5277 3.46659 12
      vertex 12.4964 3.58329 0
      vertex 12.4964 3.58329 12
    endloop
  endfacet
  facet normal 0.965863 0.259053 0
    outer loop
      vertex 12.4964 3.58329 0
      vertex 12.5277 3.46659 12
      vertex 12.5277 3.46659 0
    endloop
  endfacet
  facet normal 0.05245 0.998624 -0
    outer loop
      vertex 0.906834 12.9683 0
      vertex 0.453693 12.9921 12
      vertex 0.906834 12.9683 12
    endloop
  endfacet
  facet normal 0.05245 0.998624 0
    outer loop
      vertex 0.453693 12.9921 12
      vertex 0.906834 12.9683 0
      vertex 0.453693 12.9921 0
    endloop
  endfacet
  facet normal 0.798615 -0.601842 0
    outer loop
      vertex 10.2441 -8.0036 12
      vertex 10.5172 -7.64121 0
      vertex 10.5172 -7.64121 12
    endloop
  endfacet
  facet normal 0.798615 -0.601842 0
    outer loop
      vertex 10.5172 -7.64121 0
      vertex 10.2441 -8.0036 12
      vertex 10.2441 -8.0036 0
    endloop
  endfacet
  facet normal -0.01741 -0.999848 0
    outer loop
      vertex -0.453693 -12.9921 0
      vertex 0 -13 12
      vertex -0.453693 -12.9921 12
    endloop
  endfacet
  facet normal -0.01741 -0.999848 -0
    outer loop
      vertex 0 -13 12
      vertex -0.453693 -12.9921 0
      vertex 0 -13 0
    endloop
  endfacet
  facet normal 0.0870507 0.996204 -0
    outer loop
      vertex 1.35887 12.9288 0
      vertex 0.906834 12.9683 12
      vertex 1.35887 12.9288 12
    endloop
  endfacet
  facet normal 0.0870507 0.996204 0
    outer loop
      vertex 0.906834 12.9683 12
      vertex 1.35887 12.9288 0
      vertex 0.906834 12.9683 0
    endloop
  endfacet
  facet normal -0.225006 0.974357 0
    outer loop
      vertex -2.70285 12.7159 0
      vertex -3.14498 12.6138 12
      vertex -2.70285 12.7159 12
    endloop
  endfacet
  facet normal -0.225006 0.974357 0
    outer loop
      vertex -3.14498 12.6138 12
      vertex -2.70285 12.7159 0
      vertex -3.14498 12.6138 0
    endloop
  endfacet
  facet normal 0.945539 0.325508 0
    outer loop
      vertex 12.3637 4.01722 12
      vertex 12.216 4.44626 0
      vertex 12.216 4.44626 12
    endloop
  endfacet
  facet normal 0.945539 0.325508 0
    outer loop
      vertex 12.216 4.44626 0
      vertex 12.3637 4.01722 12
      vertex 12.3637 4.01722 0
    endloop
  endfacet
  facet normal -0.754705 0.656064 0
    outer loop
      vertex -9.95858 8.35624 0
      vertex -9.66088 8.6987 12
      vertex -9.66088 8.6987 0
    endloop
  endfacet
  facet normal -0.754705 0.656064 0
    outer loop
      vertex -9.66088 8.6987 12
      vertex -9.95858 8.35624 0
      vertex -9.95858 8.35624 12
    endloop
  endfacet
  facet normal -0.965863 -0.259053 0
    outer loop
      vertex -12.4964 -3.58329 0
      vertex -12.5277 -3.46659 12
      vertex -12.5277 -3.46659 0
    endloop
  endfacet
  facet normal -0.965863 -0.259053 0
    outer loop
      vertex -12.5277 -3.46659 12
      vertex -12.4964 -3.58329 0
      vertex -12.4964 -3.58329 12
    endloop
  endfacet
  facet normal -0.0870507 0.996204 0
    outer loop
      vertex -0.906834 12.9683 0
      vertex -1.35887 12.9288 12
      vertex -0.906834 12.9683 12
    endloop
  endfacet
  facet normal -0.0870507 0.996204 0
    outer loop
      vertex -1.35887 12.9288 12
      vertex -0.906834 12.9683 0
      vertex -1.35887 12.9288 0
    endloop
  endfacet
  facet normal -0.754705 -0.656064 0
    outer loop
      vertex -9.66088 -8.6987 0
      vertex -9.95858 -8.35624 12
      vertex -9.95858 -8.35624 0
    endloop
  endfacet
  facet normal -0.754705 -0.656064 0
    outer loop
      vertex -9.95858 -8.35624 12
      vertex -9.66088 -8.6987 0
      vertex -9.66088 -8.6987 12
    endloop
  endfacet
  facet normal -0.857172 -0.51503 0
    outer loop
      vertex -11.0246 -6.88895 0
      vertex -11.2583 -6.5 12
      vertex -11.2583 -6.5 0
    endloop
  endfacet
  facet normal -0.857172 -0.51503 0
    outer loop
      vertex -11.2583 -6.5 12
      vertex -11.0246 -6.88895 0
      vertex -11.0246 -6.88895 12
    endloop
  endfacet
  facet normal 0.225006 -0.974357 0
    outer loop
      vertex 2.70285 -12.7159 0
      vertex 3.14498 -12.6138 12
      vertex 2.70285 -12.7159 12
    endloop
  endfacet
  facet normal 0.225006 -0.974357 0
    outer loop
      vertex 3.14498 -12.6138 12
      vertex 2.70285 -12.7159 0
      vertex 3.14498 -12.6138 0
    endloop
  endfacet
  facet normal -0.0870507 -0.996204 0
    outer loop
      vertex -1.35887 -12.9288 0
      vertex -0.906834 -12.9683 12
      vertex -1.35887 -12.9288 12
    endloop
  endfacet
  facet normal -0.0870507 -0.996204 -0
    outer loop
      vertex -0.906834 -12.9683 12
      vertex -1.35887 -12.9288 0
      vertex -0.906834 -12.9683 0
    endloop
  endfacet
  facet normal 0.0870507 -0.996204 0
    outer loop
      vertex 0.906834 -12.9683 0
      vertex 1.35887 -12.9288 12
      vertex 0.906834 -12.9683 12
    endloop
  endfacet
  facet normal 0.0870507 -0.996204 0
    outer loop
      vertex 1.35887 -12.9288 12
      vertex 0.906834 -12.9683 0
      vertex 1.35887 -12.9288 0
    endloop
  endfacet
  facet normal 0.05245 -0.998624 0
    outer loop
      vertex 0.453693 -12.9921 0
      vertex 0.906834 -12.9683 12
      vertex 0.453693 -12.9921 12
    endloop
  endfacet
  facet normal 0.05245 -0.998624 0
    outer loop
      vertex 0.906834 -12.9683 12
      vertex 0.453693 -12.9921 0
      vertex 0.906834 -12.9683 0
    endloop
  endfacet
  facet normal -0.258281 0.96607 0
    outer loop
      vertex -3.14498 12.6138 0
      vertex -3.26168 12.5826 12
      vertex -3.14498 12.6138 12
    endloop
  endfacet
  facet normal -0.258281 0.96607 0
    outer loop
      vertex -3.26168 12.5826 12
      vertex -3.14498 12.6138 0
      vertex -3.26168 12.5826 0
    endloop
  endfacet
  facet normal 0.965863 -0.259053 0
    outer loop
      vertex 12.4964 -3.58329 12
      vertex 12.5277 -3.46659 0
      vertex 12.5277 -3.46659 12
    endloop
  endfacet
  facet normal 0.965863 -0.259053 0
    outer loop
      vertex 12.5277 -3.46659 0
      vertex 12.4964 -3.58329 12
      vertex 12.4964 -3.58329 0
    endloop
  endfacet
  facet normal -0.731359 0.681993 0
    outer loop
      vertex -9.66088 8.6987 0
      vertex -9.35142 9.03056 12
      vertex -9.35142 9.03056 0
    endloop
  endfacet
  facet normal -0.731359 0.681993 0
    outer loop
      vertex -9.35142 9.03056 12
      vertex -9.66088 8.6987 0
      vertex -9.66088 8.6987 12
    endloop
  endfacet
  facet normal -0.05245 -0.998624 0
    outer loop
      vertex -0.906834 -12.9683 0
      vertex -0.453693 -12.9921 12
      vertex -0.906834 -12.9683 12
    endloop
  endfacet
  facet normal -0.05245 -0.998624 -0
    outer loop
      vertex -0.453693 -12.9921 12
      vertex -0.906834 -12.9683 0
      vertex -0.453693 -12.9921 0
    endloop
  endfacet
  facet normal -0.19085 -0.981619 0
    outer loop
      vertex -2.70285 -12.7159 0
      vertex -2.25743 -12.8025 12
      vertex -2.70285 -12.7159 12
    endloop
  endfacet
  facet normal -0.19085 -0.981619 -0
    outer loop
      vertex -2.25743 -12.8025 12
      vertex -2.70285 -12.7159 0
      vertex -2.25743 -12.8025 0
    endloop
  endfacet
  facet normal -0.819118 -0.573625 0
    outer loop
      vertex -10.5172 -7.64121 0
      vertex -10.7775 -7.26951 12
      vertex -10.7775 -7.26951 0
    endloop
  endfacet
  facet normal -0.819118 -0.573625 0
    outer loop
      vertex -10.7775 -7.26951 12
      vertex -10.5172 -7.64121 0
      vertex -10.5172 -7.64121 12
    endloop
  endfacet
  facet normal -0.920504 0.390733 0
    outer loop
      vertex -12.0534 4.86989 0
      vertex -11.8761 5.28758 12
      vertex -11.8761 5.28758 0
    endloop
  endfacet
  facet normal -0.920504 0.390733 0
    outer loop
      vertex -11.8761 5.28758 12
      vertex -12.0534 4.86989 0
      vertex -12.0534 4.86989 12
    endloop
  endfacet
  facet normal -0.891012 -0.45398 0
    outer loop
      vertex -11.4783 -6.10313 0
      vertex -11.6843 -5.69882 12
      vertex -11.6843 -5.69882 0
    endloop
  endfacet
  facet normal -0.891012 -0.45398 0
    outer loop
      vertex -11.6843 -5.69882 12
      vertex -11.4783 -6.10313 0
      vertex -11.4783 -6.10313 12
    endloop
  endfacet
  facet normal -0.906278 0.422683 0
    outer loop
      vertex -11.8761 5.28758 0
      vertex -11.6843 5.69882 12
      vertex -11.6843 5.69882 0
    endloop
  endfacet
  facet normal -0.906278 0.422683 0
    outer loop
      vertex -11.6843 5.69882 12
      vertex -11.8761 5.28758 0
      vertex -11.8761 5.28758 12
    endloop
  endfacet
  facet normal -0.798615 0.601842 0
    outer loop
      vertex -10.5172 7.64121 0
      vertex -10.2441 8.0036 12
      vertex -10.2441 8.0036 0
    endloop
  endfacet
  facet normal -0.798615 0.601842 0
    outer loop
      vertex -10.2441 8.0036 12
      vertex -10.5172 7.64121 0
      vertex -10.5172 7.64121 12
    endloop
  endfacet
  facet normal -0.906278 -0.422683 0
    outer loop
      vertex -11.6843 -5.69882 0
      vertex -11.8761 -5.28758 12
      vertex -11.8761 -5.28758 0
    endloop
  endfacet
  facet normal -0.906278 -0.422683 0
    outer loop
      vertex -11.8761 -5.28758 12
      vertex -11.6843 -5.69882 0
      vertex -11.6843 -5.69882 12
    endloop
  endfacet
  facet normal -0.258281 -0.96607 0
    outer loop
      vertex -3.26168 -12.5826 0
      vertex -3.14498 -12.6138 12
      vertex -3.26168 -12.5826 12
    endloop
  endfacet
  facet normal -0.258281 -0.96607 -0
    outer loop
      vertex -3.14498 -12.6138 12
      vertex -3.26168 -12.5826 0
      vertex -3.14498 -12.6138 0
    endloop
  endfacet
  facet normal -0.838709 0.544579 0
    outer loop
      vertex -11.0246 6.88895 0
      vertex -10.7775 7.26951 12
      vertex -10.7775 7.26951 0
    endloop
  endfacet
  facet normal -0.838709 0.544579 0
    outer loop
      vertex -10.7775 7.26951 12
      vertex -11.0246 6.88895 0
      vertex -11.0246 6.88895 12
    endloop
  endfacet
  facet normal -0.857172 0.51503 0
    outer loop
      vertex -11.2583 6.5 0
      vertex -11.0246 6.88895 12
      vertex -11.0246 6.88895 0
    endloop
  endfacet
  facet normal -0.857172 0.51503 0
    outer loop
      vertex -11.0246 6.88895 12
      vertex -11.2583 6.5 0
      vertex -11.2583 6.5 12
    endloop
  endfacet
  facet normal 0 1 -0
    outer loop
      vertex 2.3844 -4.1299 7.8
      vertex -2.3844 -4.1299 12
      vertex 2.3844 -4.1299 12
    endloop
  endfacet
  facet normal 0 1 0
    outer loop
      vertex -2.3844 -4.1299 12
      vertex 2.3844 -4.1299 7.8
      vertex -2.3844 -4.1299 7.8
    endloop
  endfacet
  facet normal -0.866025 0.5 0
    outer loop
      vertex 2.3844 -4.1299 7.8
      vertex 4.7688 0 12
      vertex 4.7688 0 7.8
    endloop
  endfacet
  facet normal -0.866025 0.5 0
    outer loop
      vertex 4.7688 0 12
      vertex 2.3844 -4.1299 7.8
      vertex 2.3844 -4.1299 12
    endloop
  endfacet
  facet normal 0 -1 0
    outer loop
      vertex -2.3844 4.1299 7.8
      vertex 2.3844 4.1299 12
      vertex -2.3844 4.1299 12
    endloop
  endfacet
  facet normal 0 -1 -0
    outer loop
      vertex 2.3844 4.1299 12
      vertex -2.3844 4.1299 7.8
      vertex 2.3844 4.1299 7.8
    endloop
  endfacet
  facet normal -0.866025 -0.5 0
    outer loop
      vertex 4.7688 0 7.8
      vertex 2.3844 4.1299 12
      vertex 2.3844 4.1299 7.8
    endloop
  endfacet
  facet normal -0.866025 -0.5 0
    outer loop
      vertex 2.3844 4.1299 12
      vertex 4.7688 0 7.8
      vertex 4.7688 0 12
    endloop
  endfacet
  facet normal 0.866025 -0.5 0
    outer loop
      vertex -4.7688 0 12
      vertex -2.3844 4.1299 7.8
      vertex -2.3844 4.1299 12
    endloop
  endfacet
  facet normal 0.866025 -0.5 0
    outer loop
      vertex -2.3844 4.1299 7.8
      vertex -4.7688 0 12
      vertex -4.7688 0 7.8
    endloop
  endfacet
  facet normal 0.866025 0.5 0
    outer loop
      vertex -2.3844 -4.1299 12
      vertex -4.7688 0 7.8
      vertex -4.7688 0 12
    endloop
  endfacet
  facet normal 0.866025 0.5 0
    outer loop
      vertex -4.7688 0 7.8
      vertex -2.3844 -4.1299 12
      vertex -2.3844 -4.1299 7.8
    endloop
  endfacet
  facet normal 0 0 1
    outer loop
      vertex 4.7688 0 7.8
      vertex 2.41827 0.393007 7.8
      vertex 2.45 0 7.8
    endloop
  endfacet
  facet normal -0 0 1
    outer loop
      vertex 2.16937 1.13857 7.8
      vertex 4.7688 0 7.8
      vertex 2.3844 4.1299 7.8
    endloop
  endfacet
  facet normal 0 0 1
    outer loop
      vertex 4.7688 0 7.8
      vertex 2.32391 0.775836 7.8
      vertex 2.41827 0.393007 7.8
    endloop
  endfacet
  facet normal 0 0 1
    outer loop
      vertex 4.7688 0 7.8
      vertex 2.16937 1.13857 7.8
      vertex 2.32391 0.775836 7.8
    endloop
  endfacet
  facet normal 0 0 1
    outer loop
      vertex 2.3844 4.1299 7.8
      vertex 1.95863 1.47182 7.8
      vertex 2.16937 1.13857 7.8
    endloop
  endfacet
  facet normal 0 0 1
    outer loop
      vertex 2.3844 4.1299 7.8
      vertex 1.69717 1.76695 7.8
      vertex 1.95863 1.47182 7.8
    endloop
  endfacet
  facet normal 0 0 1
    outer loop
      vertex 2.3844 4.1299 7.8
      vertex 1.39176 2.01631 7.8
      vertex 1.69717 1.76695 7.8
    endloop
  endfacet
  facet normal 0 0 1
    outer loop
      vertex 2.3844 4.1299 7.8
      vertex 1.0503 2.21345 7.8
      vertex 1.39176 2.01631 7.8
    endloop
  endfacet
  facet normal 0 0 1
    outer loop
      vertex 2.3844 4.1299 7.8
      vertex 0.681632 2.35327 7.8
      vertex 1.0503 2.21345 7.8
    endloop
  endfacet
  facet normal 0 0 1
    outer loop
      vertex 2.3844 4.1299 7.8
      vertex 0.295315 2.43214 7.8
      vertex 0.681632 2.35327 7.8
    endloop
  endfacet
  facet normal 0 0 1
    outer loop
      vertex 2.3844 4.1299 7.8
      vertex -0.0986509 2.44801 7.8
      vertex 0.295315 2.43214 7.8
    endloop
  endfacet
  facet normal -0 0 1
    outer loop
      vertex -2.3844 4.1299 7.8
      vertex -0.0986509 2.44801 7.8
      vertex 2.3844 4.1299 7.8
    endloop
  endfacet
  facet normal 0 0 1
    outer loop
      vertex -0.0986509 2.44801 7.8
      vertex -2.3844 4.1299 7.8
      vertex -0.490063 2.40049 7.8
    endloop
  endfacet
  facet normal 0 0 1
    outer loop
      vertex -0.490063 2.40049 7.8
      vertex -2.3844 4.1299 7.8
      vertex -0.868781 2.29079 7.8
    endloop
  endfacet
  facet normal 0 0 1
    outer loop
      vertex -0.868781 2.29079 7.8
      vertex -2.3844 4.1299 7.8
      vertex -1.225 2.12176 7.8
    endloop
  endfacet
  facet normal 0 0 1
    outer loop
      vertex -2.3844 4.1299 7.8
      vertex -1.54949 1.89778 7.8
      vertex -1.225 2.12176 7.8
    endloop
  endfacet
  facet normal 0 0 1
    outer loop
      vertex -2.3844 4.1299 7.8
      vertex -1.83385 1.62465 7.8
      vertex -1.54949 1.89778 7.8
    endloop
  endfacet
  facet normal 0 0 1
    outer loop
      vertex -2.3844 4.1299 7.8
      vertex -2.07071 1.30944 7.8
      vertex -1.83385 1.62465 7.8
    endloop
  endfacet
  facet normal 0 0 1
    outer loop
      vertex -4.7688 0 7.8
      vertex -2.07071 1.30944 7.8
      vertex -2.3844 4.1299 7.8
    endloop
  endfacet
  facet normal 0 0 1
    outer loop
      vertex -2.07071 1.30944 7.8
      vertex -4.7688 0 7.8
      vertex -2.25395 0.960318 7.8
    endloop
  endfacet
  facet normal 0 0 1
    outer loop
      vertex -2.25395 0.960318 7.8
      vertex -4.7688 0 7.8
      vertex -2.37881 0.586323 7.8
    endloop
  endfacet
  facet normal 0 0 1
    outer loop
      vertex -2.44205 0.197143 7.8
      vertex -4.7688 0 7.8
      vertex -2.44205 -0.197143 7.8
    endloop
  endfacet
  facet normal 0 0 1
    outer loop
      vertex -2.37881 0.586323 7.8
      vertex -4.7688 0 7.8
      vertex -2.44205 0.197143 7.8
    endloop
  endfacet
  facet normal 0 0 1
    outer loop
      vertex 2.41827 -0.393007 7.8
      vertex 4.7688 0 7.8
      vertex 2.45 0 7.8
    endloop
  endfacet
  facet normal 0 0 1
    outer loop
      vertex 2.32391 -0.775836 7.8
      vertex 4.7688 0 7.8
      vertex 2.41827 -0.393007 7.8
    endloop
  endfacet
  facet normal 0 0 1
    outer loop
      vertex 2.16937 -1.13857 7.8
      vertex 4.7688 0 7.8
      vertex 2.32391 -0.775836 7.8
    endloop
  endfacet
  facet normal 0 0 1
    outer loop
      vertex 4.7688 0 7.8
      vertex 2.16937 -1.13857 7.8
      vertex 2.3844 -4.1299 7.8
    endloop
  endfacet
  facet normal -0 0 1
    outer loop
      vertex 1.95863 -1.47182 7.8
      vertex 2.3844 -4.1299 7.8
      vertex 2.16937 -1.13857 7.8
    endloop
  endfacet
  facet normal -0 0 1
    outer loop
      vertex 1.69717 -1.76695 7.8
      vertex 2.3844 -4.1299 7.8
      vertex 1.95863 -1.47182 7.8
    endloop
  endfacet
  facet normal -0 0 1
    outer loop
      vertex 1.39176 -2.01631 7.8
      vertex 2.3844 -4.1299 7.8
      vertex 1.69717 -1.76695 7.8
    endloop
  endfacet
  facet normal -0 0 1
    outer loop
      vertex 1.0503 -2.21345 7.8
      vertex 2.3844 -4.1299 7.8
      vertex 1.39176 -2.01631 7.8
    endloop
  endfacet
  facet normal -0 0 1
    outer loop
      vertex 0.681632 -2.35327 7.8
      vertex 2.3844 -4.1299 7.8
      vertex 1.0503 -2.21345 7.8
    endloop
  endfacet
  facet normal -0 0 1
    outer loop
      vertex 0.295315 -2.43214 7.8
      vertex 2.3844 -4.1299 7.8
      vertex 0.681632 -2.35327 7.8
    endloop
  endfacet
  facet normal -0 0 1
    outer loop
      vertex -0.0986509 -2.44801 7.8
      vertex 2.3844 -4.1299 7.8
      vertex 0.295315 -2.43214 7.8
    endloop
  endfacet
  facet normal 0 0 1
    outer loop
      vertex -2.3844 -4.1299 7.8
      vertex -0.0986509 -2.44801 7.8
      vertex -0.490063 -2.40049 7.8
    endloop
  endfacet
  facet normal 0 0 1
    outer loop
      vertex -2.3844 -4.1299 7.8
      vertex -0.490063 -2.40049 7.8
      vertex -0.868781 -2.29079 7.8
    endloop
  endfacet
  facet normal 0 0 1
    outer loop
      vertex -2.3844 -4.1299 7.8
      vertex -0.868781 -2.29079 7.8
      vertex -1.225 -2.12176 7.8
    endloop
  endfacet
  facet normal 0 0 1
    outer loop
      vertex -0.0986509 -2.44801 7.8
      vertex -2.3844 -4.1299 7.8
      vertex 2.3844 -4.1299 7.8
    endloop
  endfacet
  facet normal 0 0 1
    outer loop
      vertex -1.54949 -1.89778 7.8
      vertex -2.3844 -4.1299 7.8
      vertex -1.225 -2.12176 7.8
    endloop
  endfacet
  facet normal 0 0 1
    outer loop
      vertex -1.83385 -1.62465 7.8
      vertex -2.3844 -4.1299 7.8
      vertex -1.54949 -1.89778 7.8
    endloop
  endfacet
  facet normal 0 0 1
    outer loop
      vertex -2.07071 -1.30944 7.8
      vertex -2.3844 -4.1299 7.8
      vertex -1.83385 -1.62465 7.8
    endloop
  endfacet
  facet normal 0 0 1
    outer loop
      vertex -4.7688 0 7.8
      vertex -2.07071 -1.30944 7.8
      vertex -2.25395 -0.960318 7.8
    endloop
  endfacet
  facet normal 0 0 1
    outer loop
      vertex -4.7688 0 7.8
      vertex -2.25395 -0.960318 7.8
      vertex -2.37881 -0.586323 7.8
    endloop
  endfacet
  facet normal 0 0 1
    outer loop
      vertex -4.7688 0 7.8
      vertex -2.37881 -0.586323 7.8
      vertex -2.44205 -0.197143 7.8
    endloop
  endfacet
  facet normal 0 0 1
    outer loop
      vertex -2.07071 -1.30944 7.8
      vertex -4.7688 0 7.8
      vertex -2.3844 -4.1299 7.8
    endloop
  endfacet
  facet normal -0.970941 -0.239318 0
    outer loop
      vertex 2.41827 0.393007 0
      vertex 2.32391 0.775836 7.8
      vertex 2.32391 0.775836 0
    endloop
  endfacet
  facet normal -0.970941 -0.239318 0
    outer loop
      vertex 2.32391 0.775836 7.8
      vertex 2.41827 0.393007 0
      vertex 2.41827 0.393007 7.8
    endloop
  endfacet
  facet normal -0.996757 -0.0804746 0
    outer loop
      vertex 2.45 0 0
      vertex 2.41827 0.393007 7.8
      vertex 2.41827 0.393007 0
    endloop
  endfacet
  facet normal -0.996757 -0.0804746 0
    outer loop
      vertex 2.41827 0.393007 7.8
      vertex 2.45 0 0
      vertex 2.45 0 7.8
    endloop
  endfacet
  facet normal -0.919985 -0.391953 0
    outer loop
      vertex 2.32391 0.775836 0
      vertex 2.16937 1.13857 7.8
      vertex 2.16937 1.13857 0
    endloop
  endfacet
  facet normal -0.919985 -0.391953 0
    outer loop
      vertex 2.16937 1.13857 7.8
      vertex 2.32391 0.775836 0
      vertex 2.32391 0.775836 7.8
    endloop
  endfacet
  facet normal 0.120522 -0.992711 0
    outer loop
      vertex -0.490063 2.40049 0
      vertex -0.0986509 2.44801 7.8
      vertex -0.490063 2.40049 7.8
    endloop
  endfacet
  facet normal 0.120522 -0.992711 0
    outer loop
      vertex -0.0986509 2.44801 7.8
      vertex -0.490063 2.40049 0
      vertex -0.0986509 2.44801 0
    endloop
  endfacet
  facet normal -0.354611 0.935014 0
    outer loop
      vertex 1.0503 -2.21345 0
      vertex 0.681632 -2.35327 7.8
      vertex 1.0503 -2.21345 7.8
    endloop
  endfacet
  facet normal -0.354611 0.935014 0
    outer loop
      vertex 0.681632 -2.35327 7.8
      vertex 1.0503 -2.21345 0
      vertex 0.681632 -2.35327 0
    endloop
  endfacet
  facet normal 0.799449 0.600734 0
    outer loop
      vertex -1.83385 -1.62465 7.8
      vertex -2.07071 -1.30944 0
      vertex -2.07071 -1.30944 7.8
    endloop
  endfacet
  facet normal 0.799449 0.600734 0
    outer loop
      vertex -2.07071 -1.30944 0
      vertex -1.83385 -1.62465 7.8
      vertex -1.83385 -1.62465 0
    endloop
  endfacet
  facet normal -0.632446 -0.774604 0
    outer loop
      vertex 1.39176 2.01631 0
      vertex 1.69717 1.76695 7.8
      vertex 1.39176 2.01631 7.8
    endloop
  endfacet
  facet normal -0.632446 -0.774604 -0
    outer loop
      vertex 1.69717 1.76695 7.8
      vertex 1.39176 2.01631 0
      vertex 1.69717 1.76695 0
    endloop
  endfacet
  facet normal -0.04025 0.99919 0
    outer loop
      vertex 0.295315 -2.43214 0
      vertex -0.0986509 -2.44801 7.8
      vertex 0.295315 -2.43214 7.8
    endloop
  endfacet
  facet normal -0.04025 0.99919 0
    outer loop
      vertex -0.0986509 -2.44801 7.8
      vertex 0.295315 -2.43214 0
      vertex -0.0986509 -2.44801 0
    endloop
  endfacet
  facet normal -0.632446 0.774604 0
    outer loop
      vertex 1.69717 -1.76695 0
      vertex 1.39176 -2.01631 7.8
      vertex 1.69717 -1.76695 7.8
    endloop
  endfacet
  facet normal -0.632446 0.774604 0
    outer loop
      vertex 1.39176 -2.01631 7.8
      vertex 1.69717 -1.76695 0
      vertex 1.39176 -2.01631 0
    endloop
  endfacet
  facet normal 0.987053 -0.160392 0
    outer loop
      vertex -2.44205 0.197143 7.8
      vertex -2.37881 0.586323 0
      vertex -2.37881 0.586323 7.8
    endloop
  endfacet
  facet normal 0.987053 -0.160392 0
    outer loop
      vertex -2.37881 0.586323 0
      vertex -2.44205 0.197143 7.8
      vertex -2.44205 0.197143 0
    endloop
  endfacet
  facet normal -0.996757 0.0804746 0
    outer loop
      vertex 2.41827 -0.393007 0
      vertex 2.45 0 7.8
      vertex 2.45 0 0
    endloop
  endfacet
  facet normal -0.996757 0.0804746 0
    outer loop
      vertex 2.45 0 7.8
      vertex 2.41827 -0.393007 0
      vertex 2.41827 -0.393007 7.8
    endloop
  endfacet
  facet normal 0.568066 -0.822983 0
    outer loop
      vertex -1.54949 1.89778 0
      vertex -1.225 2.12176 7.8
      vertex -1.54949 1.89778 7.8
    endloop
  endfacet
  facet normal 0.568066 -0.822983 0
    outer loop
      vertex -1.225 2.12176 7.8
      vertex -1.54949 1.89778 0
      vertex -1.225 2.12176 0
    endloop
  endfacet
  facet normal 0.120522 0.992711 -0
    outer loop
      vertex -0.0986509 -2.44801 0
      vertex -0.490063 -2.40049 7.8
      vertex -0.0986509 -2.44801 7.8
    endloop
  endfacet
  facet normal 0.120522 0.992711 0
    outer loop
      vertex -0.490063 -2.40049 7.8
      vertex -0.0986509 -2.44801 0
      vertex -0.490063 -2.40049 0
    endloop
  endfacet
  facet normal -0.919985 0.391953 0
    outer loop
      vertex 2.16937 -1.13857 0
      vertex 2.32391 -0.775836 7.8
      vertex 2.32391 -0.775836 0
    endloop
  endfacet
  facet normal -0.919985 0.391953 0
    outer loop
      vertex 2.32391 -0.775836 7.8
      vertex 2.16937 -1.13857 0
      vertex 2.16937 -1.13857 7.8
    endloop
  endfacet
  facet normal -0.499996 0.866028 0
    outer loop
      vertex 1.39176 -2.01631 0
      vertex 1.0503 -2.21345 7.8
      vertex 1.39176 -2.01631 7.8
    endloop
  endfacet
  facet normal -0.499996 0.866028 0
    outer loop
      vertex 1.0503 -2.21345 7.8
      vertex 1.39176 -2.01631 0
      vertex 1.0503 -2.21345 0
    endloop
  endfacet
  facet normal 0.885449 -0.464736 0
    outer loop
      vertex -2.25395 0.960318 7.8
      vertex -2.07071 1.30944 0
      vertex -2.07071 1.30944 7.8
    endloop
  endfacet
  facet normal 0.885449 -0.464736 0
    outer loop
      vertex -2.07071 1.30944 0
      vertex -2.25395 0.960318 7.8
      vertex -2.25395 0.960318 0
    endloop
  endfacet
  facet normal -0.200033 0.979789 0
    outer loop
      vertex 0.681632 -2.35327 0
      vertex 0.295315 -2.43214 7.8
      vertex 0.681632 -2.35327 7.8
    endloop
  endfacet
  facet normal -0.200033 0.979789 0
    outer loop
      vertex 0.295315 -2.43214 7.8
      vertex 0.681632 -2.35327 0
      vertex 0.295315 -2.43214 0
    endloop
  endfacet
  facet normal 0.692722 -0.721204 0
    outer loop
      vertex -1.83385 1.62465 0
      vertex -1.54949 1.89778 7.8
      vertex -1.83385 1.62465 7.8
    endloop
  endfacet
  facet normal 0.692722 -0.721204 0
    outer loop
      vertex -1.54949 1.89778 7.8
      vertex -1.83385 1.62465 0
      vertex -1.54949 1.89778 0
    endloop
  endfacet
  facet normal 0.278224 -0.960516 0
    outer loop
      vertex -0.868781 2.29079 0
      vertex -0.490063 2.40049 7.8
      vertex -0.868781 2.29079 7.8
    endloop
  endfacet
  facet normal 0.278224 -0.960516 0
    outer loop
      vertex -0.490063 2.40049 7.8
      vertex -0.868781 2.29079 0
      vertex -0.490063 2.40049 0
    endloop
  endfacet
  facet normal 0.568066 0.822983 -0
    outer loop
      vertex -1.225 -2.12176 0
      vertex -1.54949 -1.89778 7.8
      vertex -1.225 -2.12176 7.8
    endloop
  endfacet
  facet normal 0.568066 0.822983 0
    outer loop
      vertex -1.54949 -1.89778 7.8
      vertex -1.225 -2.12176 0
      vertex -1.54949 -1.89778 0
    endloop
  endfacet
  facet normal -0.748514 0.663119 0
    outer loop
      vertex 1.69717 -1.76695 0
      vertex 1.95863 -1.47182 7.8
      vertex 1.95863 -1.47182 0
    endloop
  endfacet
  facet normal -0.748514 0.663119 0
    outer loop
      vertex 1.95863 -1.47182 7.8
      vertex 1.69717 -1.76695 0
      vertex 1.69717 -1.76695 7.8
    endloop
  endfacet
  facet normal -0.04025 -0.99919 0
    outer loop
      vertex -0.0986509 2.44801 0
      vertex 0.295315 2.43214 7.8
      vertex -0.0986509 2.44801 7.8
    endloop
  endfacet
  facet normal -0.04025 -0.99919 -0
    outer loop
      vertex 0.295315 2.43214 7.8
      vertex -0.0986509 2.44801 0
      vertex 0.295315 2.43214 0
    endloop
  endfacet
  facet normal 0.987053 0.160392 0
    outer loop
      vertex -2.37881 -0.586323 7.8
      vertex -2.44205 -0.197143 0
      vertex -2.44205 -0.197143 7.8
    endloop
  endfacet
  facet normal 0.987053 0.160392 0
    outer loop
      vertex -2.44205 -0.197143 0
      vertex -2.37881 -0.586323 7.8
      vertex -2.37881 -0.586323 0
    endloop
  endfacet
  facet normal 0.428697 0.903448 -0
    outer loop
      vertex -0.868781 -2.29079 0
      vertex -1.225 -2.12176 7.8
      vertex -0.868781 -2.29079 7.8
    endloop
  endfacet
  facet normal 0.428697 0.903448 0
    outer loop
      vertex -1.225 -2.12176 7.8
      vertex -0.868781 -2.29079 0
      vertex -1.225 -2.12176 0
    endloop
  endfacet
  facet normal -0.354611 -0.935014 0
    outer loop
      vertex 0.681632 2.35327 0
      vertex 1.0503 2.21345 7.8
      vertex 0.681632 2.35327 7.8
    endloop
  endfacet
  facet normal -0.354611 -0.935014 -0
    outer loop
      vertex 1.0503 2.21345 7.8
      vertex 0.681632 2.35327 0
      vertex 1.0503 2.21345 0
    endloop
  endfacet
  facet normal 0.948535 -0.316673 0
    outer loop
      vertex -2.37881 0.586323 7.8
      vertex -2.25395 0.960318 0
      vertex -2.25395 0.960318 7.8
    endloop
  endfacet
  facet normal 0.948535 -0.316673 0
    outer loop
      vertex -2.25395 0.960318 0
      vertex -2.37881 0.586323 7.8
      vertex -2.37881 0.586323 0
    endloop
  endfacet
  facet normal -0.499996 -0.866028 0
    outer loop
      vertex 1.0503 2.21345 0
      vertex 1.39176 2.01631 7.8
      vertex 1.0503 2.21345 7.8
    endloop
  endfacet
  facet normal -0.499996 -0.866028 -0
    outer loop
      vertex 1.39176 2.01631 7.8
      vertex 1.0503 2.21345 0
      vertex 1.39176 2.01631 0
    endloop
  endfacet
  facet normal 0.428697 -0.903448 0
    outer loop
      vertex -1.225 2.12176 0
      vertex -0.868781 2.29079 7.8
      vertex -1.225 2.12176 7.8
    endloop
  endfacet
  facet normal 0.428697 -0.903448 0
    outer loop
      vertex -0.868781 2.29079 7.8
      vertex -1.225 2.12176 0
      vertex -0.868781 2.29079 0
    endloop
  endfacet
  facet normal -0.970941 0.239318 0
    outer loop
      vertex 2.32391 -0.775836 0
      vertex 2.41827 -0.393007 7.8
      vertex 2.41827 -0.393007 0
    endloop
  endfacet
  facet normal -0.970941 0.239318 0
    outer loop
      vertex 2.41827 -0.393007 7.8
      vertex 2.32391 -0.775836 0
      vertex 2.32391 -0.775836 7.8
    endloop
  endfacet
  facet normal 0.948535 0.316673 0
    outer loop
      vertex -2.25395 -0.960318 7.8
      vertex -2.37881 -0.586323 0
      vertex -2.37881 -0.586323 7.8
    endloop
  endfacet
  facet normal 0.948535 0.316673 0
    outer loop
      vertex -2.37881 -0.586323 0
      vertex -2.25395 -0.960318 7.8
      vertex -2.25395 -0.960318 0
    endloop
  endfacet
  facet normal -0.200033 -0.979789 0
    outer loop
      vertex 0.295315 2.43214 0
      vertex 0.681632 2.35327 7.8
      vertex 0.295315 2.43214 7.8
    endloop
  endfacet
  facet normal -0.200033 -0.979789 -0
    outer loop
      vertex 0.681632 2.35327 7.8
      vertex 0.295315 2.43214 0
      vertex 0.681632 2.35327 0
    endloop
  endfacet
  facet normal -0.845184 0.534476 0
    outer loop
      vertex 1.95863 -1.47182 0
      vertex 2.16937 -1.13857 7.8
      vertex 2.16937 -1.13857 0
    endloop
  endfacet
  facet normal -0.845184 0.534476 0
    outer loop
      vertex 2.16937 -1.13857 7.8
      vertex 1.95863 -1.47182 0
      vertex 1.95863 -1.47182 7.8
    endloop
  endfacet
  facet normal -0.748514 -0.663119 0
    outer loop
      vertex 1.95863 1.47182 0
      vertex 1.69717 1.76695 7.8
      vertex 1.69717 1.76695 0
    endloop
  endfacet
  facet normal -0.748514 -0.663119 0
    outer loop
      vertex 1.69717 1.76695 7.8
      vertex 1.95863 1.47182 0
      vertex 1.95863 1.47182 7.8
    endloop
  endfacet
  facet normal 0.278224 0.960516 -0
    outer loop
      vertex -0.490063 -2.40049 0
      vertex -0.868781 -2.29079 7.8
      vertex -0.490063 -2.40049 7.8
    endloop
  endfacet
  facet normal 0.278224 0.960516 0
    outer loop
      vertex -0.868781 -2.29079 7.8
      vertex -0.490063 -2.40049 0
      vertex -0.868781 -2.29079 0
    endloop
  endfacet
  facet normal 0.692722 0.721204 -0
    outer loop
      vertex -1.54949 -1.89778 0
      vertex -1.83385 -1.62465 7.8
      vertex -1.54949 -1.89778 7.8
    endloop
  endfacet
  facet normal 0.692722 0.721204 0
    outer loop
      vertex -1.83385 -1.62465 7.8
      vertex -1.54949 -1.89778 0
      vertex -1.83385 -1.62465 0
    endloop
  endfacet
  facet normal -0.845184 -0.534476 0
    outer loop
      vertex 2.16937 1.13857 0
      vertex 1.95863 1.47182 7.8
      vertex 1.95863 1.47182 0
    endloop
  endfacet
  facet normal -0.845184 -0.534476 0
    outer loop
      vertex 1.95863 1.47182 7.8
      vertex 2.16937 1.13857 0
      vertex 2.16937 1.13857 7.8
    endloop
  endfacet
  facet normal 1 -0 0
    outer loop
      vertex -2.44205 -0.197143 7.8
      vertex -2.44205 0.197143 0
      vertex -2.44205 0.197143 7.8
    endloop
  endfacet
  facet normal 1 0 0
    outer loop
      vertex -2.44205 0.197143 0
      vertex -2.44205 -0.197143 7.8
      vertex -2.44205 -0.197143 0
    endloop
  endfacet
  facet normal 0.885449 0.464736 0
    outer loop
      vertex -2.07071 -1.30944 7.8
      vertex -2.25395 -0.960318 0
      vertex -2.25395 -0.960318 7.8
    endloop
  endfacet
  facet normal 0.885449 0.464736 0
    outer loop
      vertex -2.25395 -0.960318 0
      vertex -2.07071 -1.30944 7.8
      vertex -2.07071 -1.30944 0
    endloop
  endfacet
  facet normal 0.799449 -0.600734 0
    outer loop
      vertex -2.07071 1.30944 7.8
      vertex -1.83385 1.62465 0
      vertex -1.83385 1.62465 7.8
    endloop
  endfacet
  facet normal 0.799449 -0.600734 0
    outer loop
      vertex -1.83385 1.62465 0
      vertex -2.07071 1.30944 7.8
      vertex -2.07071 1.30944 0
    endloop
  endfacet
endsolid OpenSCAD_Model
