solid OpenSCAD_Model
  facet normal 0 0 -1
    outer loop
      vertex 14.325 -14.325 0
      vertex 7.325 0 0
      vertex 14.325 14.325 0
    endloop
  endfacet
  facet normal 0 0 -1
    outer loop
      vertex 14.325 -14.325 0
      vertex 7.31426 -0.396567 0
      vertex 7.325 0 0
    endloop
  endfacet
  facet normal 0 0 -1
    outer loop
      vertex 14.325 -14.325 0
      vertex 7.28206 -0.791971 0
      vertex 7.31426 -0.396567 0
    endloop
  endfacet
  facet normal 0 0 -1
    outer loop
      vertex 14.325 -14.325 0
      vertex 7.2285 -1.18505 0
      vertex 7.28206 -0.791971 0
    endloop
  endfacet
  facet normal 0 0 -1
    outer loop
      vertex 14.325 -14.325 0
      vertex 7.15374 -1.57466 0
      vertex 7.2285 -1.18505 0
    endloop
  endfacet
  facet normal 0 0 -1
    outer loop
      vertex 14.325 -14.325 0
      vertex 7.058 -1.95964 0
      vertex 7.15374 -1.57466 0
    endloop
  endfacet
  facet normal 0 0 -1
    outer loop
      vertex 14.325 -14.325 0
      vertex 6.94156 -2.33888 0
      vertex 7.058 -1.95964 0
    endloop
  endfacet
  facet normal 0 0 -1
    outer loop
      vertex 14.325 -14.325 0
      vertex 6.80475 -2.71126 0
      vertex 6.94156 -2.33888 0
    endloop
  endfacet
  facet normal 0 0 -1
    outer loop
      vertex 14.325 -14.325 0
      vertex 6.64799 -3.07569 0
      vertex 6.80475 -2.71126 0
    endloop
  endfacet
  facet normal 0 0 -1
    outer loop
      vertex 14.325 -14.325 0
      vertex 6.47173 -3.43109 0
      vertex 6.64799 -3.07569 0
    endloop
  endfacet
  facet normal 0 0 -1
    outer loop
      vertex 14.325 -14.325 0
      vertex 6.27648 -3.77643 0
      vertex 6.47173 -3.43109 0
    endloop
  endfacet
  facet normal 0 0 -1
    outer loop
      vertex 14.325 -14.325 0
      vertex 6.06282 -4.11069 0
      vertex 6.27648 -3.77643 0
    endloop
  endfacet
  facet normal 0 0 -1
    outer loop
      vertex 14.325 -14.325 0
      vertex 5.83138 -4.4329 0
      vertex 6.06282 -4.11069 0
    endloop
  endfacet
  facet normal 0 0 -1
    outer loop
      vertex 14.325 -14.325 0
      vertex 5.58284 -4.7421 0
      vertex 5.83138 -4.4329 0
    endloop
  endfacet
  facet normal 0 0 -1
    outer loop
      vertex 14.325 -14.325 0
      vertex 5.31792 -5.0374 0
      vertex 5.58284 -4.7421 0
    endloop
  endfacet
  facet normal 0 0 -1
    outer loop
      vertex 14.325 -14.325 0
      vertex 5.0374 -5.31792 0
      vertex 5.31792 -5.0374 0
    endloop
  endfacet
  facet normal 0 0 -1
    outer loop
      vertex 14.325 -14.325 0
      vertex 4.7421 -5.58284 0
      vertex 5.0374 -5.31792 0
    endloop
  endfacet
  facet normal 0 0 -1
    outer loop
      vertex 14.325 -14.325 0
      vertex 4.4329 -5.83138 0
      vertex 4.7421 -5.58284 0
    endloop
  endfacet
  facet normal 0 0 -1
    outer loop
      vertex 14.325 -14.325 0
      vertex 4.11069 -6.06282 0
      vertex 4.4329 -5.83138 0
    endloop
  endfacet
  facet normal 0 0 -1
    outer loop
      vertex 14.325 -14.325 0
      vertex 3.77643 -6.27648 0
      vertex 4.11069 -6.06282 0
    endloop
  endfacet
  facet normal 0 0 -1
    outer loop
      vertex 14.325 -14.325 0
      vertex 3.43109 -6.47173 0
      vertex 3.77643 -6.27648 0
    endloop
  endfacet
  facet normal 0 0 -1
    outer loop
      vertex 14.325 -14.325 0
      vertex 3.07569 -6.64799 0
      vertex 3.43109 -6.47173 0
    endloop
  endfacet
  facet normal 0 0 -1
    outer loop
      vertex 14.325 -14.325 0
      vertex 2.71126 -6.80475 0
      vertex 3.07569 -6.64799 0
    endloop
  endfacet
  facet normal 0 0 -1
    outer loop
      vertex 14.325 -14.325 0
      vertex 2.33888 -6.94156 0
      vertex 2.71126 -6.80475 0
    endloop
  endfacet
  facet normal 0 0 -1
    outer loop
      vertex 14.325 -14.325 0
      vertex 1.95964 -7.058 0
      vertex 2.33888 -6.94156 0
    endloop
  endfacet
  facet normal 0 0 -1
    outer loop
      vertex 14.325 -14.325 0
      vertex 1.57466 -7.15374 0
      vertex 1.95964 -7.058 0
    endloop
  endfacet
  facet normal 0 0 -1
    outer loop
      vertex 14.325 -14.325 0
      vertex 1.18505 -7.2285 0
      vertex 1.57466 -7.15374 0
    endloop
  endfacet
  facet normal 0 0 -1
    outer loop
      vertex 14.325 -14.325 0
      vertex 0.791971 -7.28206 0
      vertex 1.18505 -7.2285 0
    endloop
  endfacet
  facet normal 0 0 -1
    outer loop
      vertex 14.325 -14.325 0
      vertex 0.396567 -7.31426 0
      vertex 0.791971 -7.28206 0
    endloop
  endfacet
  facet normal 0 0 -1
    outer loop
      vertex 14.325 -14.325 0
      vertex 0 -7.325 0
      vertex 0.396567 -7.31426 0
    endloop
  endfacet
  facet normal 0 0 -1
    outer loop
      vertex -14.325 -14.325 0
      vertex 0 -7.325 0
      vertex 14.325 -14.325 0
    endloop
  endfacet
  facet normal -0 0 -1
    outer loop
      vertex 0 -7.325 0
      vertex -14.325 -14.325 0
      vertex -0.396567 -7.31426 0
    endloop
  endfacet
  facet normal -0 0 -1
    outer loop
      vertex -0.396567 -7.31426 0
      vertex -14.325 -14.325 0
      vertex -0.791971 -7.28206 0
    endloop
  endfacet
  facet normal -0 0 -1
    outer loop
      vertex -0.791971 -7.28206 0
      vertex -14.325 -14.325 0
      vertex -1.18505 -7.2285 0
    endloop
  endfacet
  facet normal -0 0 -1
    outer loop
      vertex -1.18505 -7.2285 0
      vertex -14.325 -14.325 0
      vertex -1.57466 -7.15374 0
    endloop
  endfacet
  facet normal -0 0 -1
    outer loop
      vertex -1.57466 -7.15374 0
      vertex -14.325 -14.325 0
      vertex -1.95964 -7.058 0
    endloop
  endfacet
  facet normal -0 0 -1
    outer loop
      vertex -1.95964 -7.058 0
      vertex -14.325 -14.325 0
      vertex -2.33888 -6.94156 0
    endloop
  endfacet
  facet normal -0 0 -1
    outer loop
      vertex -2.33888 -6.94156 0
      vertex -14.325 -14.325 0
      vertex -2.71126 -6.80475 0
    endloop
  endfacet
  facet normal -0 0 -1
    outer loop
      vertex -7.31426 -0.396567 0
      vertex -14.325 -14.325 0
      vertex -7.325 0 0
    endloop
  endfacet
  facet normal -0 0 -1
    outer loop
      vertex -7.28206 -0.791971 0
      vertex -14.325 -14.325 0
      vertex -7.31426 -0.396567 0
    endloop
  endfacet
  facet normal -0 0 -1
    outer loop
      vertex -7.2285 -1.18505 0
      vertex -14.325 -14.325 0
      vertex -7.28206 -0.791971 0
    endloop
  endfacet
  facet normal -0 0 -1
    outer loop
      vertex -7.15374 -1.57466 0
      vertex -14.325 -14.325 0
      vertex -7.2285 -1.18505 0
    endloop
  endfacet
  facet normal -0 0 -1
    outer loop
      vertex -7.058 -1.95964 0
      vertex -14.325 -14.325 0
      vertex -7.15374 -1.57466 0
    endloop
  endfacet
  facet normal -0 0 -1
    outer loop
      vertex -6.94156 -2.33888 0
      vertex -14.325 -14.325 0
      vertex -7.058 -1.95964 0
    endloop
  endfacet
  facet normal -0 0 -1
    outer loop
      vertex -6.80475 -2.71126 0
      vertex -14.325 -14.325 0
      vertex -6.94156 -2.33888 0
    endloop
  endfacet
  facet normal -0 0 -1
    outer loop
      vertex -6.64799 -3.07569 0
      vertex -14.325 -14.325 0
      vertex -6.80475 -2.71126 0
    endloop
  endfacet
  facet normal -0 0 -1
    outer loop
      vertex -6.47173 -3.43109 0
      vertex -14.325 -14.325 0
      vertex -6.64799 -3.07569 0
    endloop
  endfacet
  facet normal -0 0 -1
    outer loop
      vertex -6.27648 -3.77643 0
      vertex -14.325 -14.325 0
      vertex -6.47173 -3.43109 0
    endloop
  endfacet
  facet normal -0 0 -1
    outer loop
      vertex -6.06282 -4.11069 0
      vertex -14.325 -14.325 0
      vertex -6.27648 -3.77643 0
    endloop
  endfacet
  facet normal -0 0 -1
    outer loop
      vertex -5.83138 -4.4329 0
      vertex -14.325 -14.325 0
      vertex -6.06282 -4.11069 0
    endloop
  endfacet
  facet normal -0 0 -1
    outer loop
      vertex -5.58284 -4.7421 0
      vertex -14.325 -14.325 0
      vertex -5.83138 -4.4329 0
    endloop
  endfacet
  facet normal -0 0 -1
    outer loop
      vertex -5.31792 -5.0374 0
      vertex -14.325 -14.325 0
      vertex -5.58284 -4.7421 0
    endloop
  endfacet
  facet normal -0 0 -1
    outer loop
      vertex -5.0374 -5.31792 0
      vertex -14.325 -14.325 0
      vertex -5.31792 -5.0374 0
    endloop
  endfacet
  facet normal -0 0 -1
    outer loop
      vertex -4.7421 -5.58284 0
      vertex -14.325 -14.325 0
      vertex -5.0374 -5.31792 0
    endloop
  endfacet
  facet normal -0 0 -1
    outer loop
      vertex -4.4329 -5.83138 0
      vertex -14.325 -14.325 0
      vertex -4.7421 -5.58284 0
    endloop
  endfacet
  facet normal -0 0 -1
    outer loop
      vertex -4.11069 -6.06282 0
      vertex -14.325 -14.325 0
      vertex -4.4329 -5.83138 0
    endloop
  endfacet
  facet normal -0 0 -1
    outer loop
      vertex -3.77643 -6.27648 0
      vertex -14.325 -14.325 0
      vertex -4.11069 -6.06282 0
    endloop
  endfacet
  facet normal -0 0 -1
    outer loop
      vertex -3.43109 -6.47173 0
      vertex -14.325 -14.325 0
      vertex -3.77643 -6.27648 0
    endloop
  endfacet
  facet normal -0 0 -1
    outer loop
      vertex -3.07569 -6.64799 0
      vertex -14.325 -14.325 0
      vertex -3.43109 -6.47173 0
    endloop
  endfacet
  facet normal -0 0 -1
    outer loop
      vertex -2.71126 -6.80475 0
      vertex -14.325 -14.325 0
      vertex -3.07569 -6.64799 0
    endloop
  endfacet
  facet normal 0 0 -1
    outer loop
      vertex 7.31426 0.396567 0
      vertex 14.325 14.325 0
      vertex 7.325 0 0
    endloop
  endfacet
  facet normal 0 0 -1
    outer loop
      vertex 7.28206 0.791971 0
      vertex 14.325 14.325 0
      vertex 7.31426 0.396567 0
    endloop
  endfacet
  facet normal 0 0 -1
    outer loop
      vertex 7.2285 1.18505 0
      vertex 14.325 14.325 0
      vertex 7.28206 0.791971 0
    endloop
  endfacet
  facet normal 0 0 -1
    outer loop
      vertex 7.15374 1.57466 0
      vertex 14.325 14.325 0
      vertex 7.2285 1.18505 0
    endloop
  endfacet
  facet normal 0 0 -1
    outer loop
      vertex 7.058 1.95964 0
      vertex 14.325 14.325 0
      vertex 7.15374 1.57466 0
    endloop
  endfacet
  facet normal 0 0 -1
    outer loop
      vertex 6.94156 2.33888 0
      vertex 14.325 14.325 0
      vertex 7.058 1.95964 0
    endloop
  endfacet
  facet normal 0 0 -1
    outer loop
      vertex 6.80475 2.71126 0
      vertex 14.325 14.325 0
      vertex 6.94156 2.33888 0
    endloop
  endfacet
  facet normal 0 0 -1
    outer loop
      vertex 6.64799 3.07569 0
      vertex 14.325 14.325 0
      vertex 6.80475 2.71126 0
    endloop
  endfacet
  facet normal 0 0 -1
    outer loop
      vertex 6.47173 3.43109 0
      vertex 14.325 14.325 0
      vertex 6.64799 3.07569 0
    endloop
  endfacet
  facet normal 0 0 -1
    outer loop
      vertex 6.27648 3.77643 0
      vertex 14.325 14.325 0
      vertex 6.47173 3.43109 0
    endloop
  endfacet
  facet normal 0 0 -1
    outer loop
      vertex 6.06282 4.11069 0
      vertex 14.325 14.325 0
      vertex 6.27648 3.77643 0
    endloop
  endfacet
  facet normal 0 0 -1
    outer loop
      vertex 5.83138 4.4329 0
      vertex 14.325 14.325 0
      vertex 6.06282 4.11069 0
    endloop
  endfacet
  facet normal 0 0 -1
    outer loop
      vertex 5.58284 4.7421 0
      vertex 14.325 14.325 0
      vertex 5.83138 4.4329 0
    endloop
  endfacet
  facet normal 0 0 -1
    outer loop
      vertex 5.31792 5.0374 0
      vertex 14.325 14.325 0
      vertex 5.58284 4.7421 0
    endloop
  endfacet
  facet normal 0 0 -1
    outer loop
      vertex 5.0374 5.31792 0
      vertex 14.325 14.325 0
      vertex 5.31792 5.0374 0
    endloop
  endfacet
  facet normal 0 0 -1
    outer loop
      vertex 4.7421 5.58284 0
      vertex 14.325 14.325 0
      vertex 5.0374 5.31792 0
    endloop
  endfacet
  facet normal 0 0 -1
    outer loop
      vertex 4.4329 5.83138 0
      vertex 14.325 14.325 0
      vertex 4.7421 5.58284 0
    endloop
  endfacet
  facet normal 0 0 -1
    outer loop
      vertex 4.11069 6.06282 0
      vertex 14.325 14.325 0
      vertex 4.4329 5.83138 0
    endloop
  endfacet
  facet normal 0 0 -1
    outer loop
      vertex 3.77643 6.27648 0
      vertex 14.325 14.325 0
      vertex 4.11069 6.06282 0
    endloop
  endfacet
  facet normal 0 0 -1
    outer loop
      vertex 3.43109 6.47173 0
      vertex 14.325 14.325 0
      vertex 3.77643 6.27648 0
    endloop
  endfacet
  facet normal 0 0 -1
    outer loop
      vertex 3.07569 6.64799 0
      vertex 14.325 14.325 0
      vertex 3.43109 6.47173 0
    endloop
  endfacet
  facet normal 0 0 -1
    outer loop
      vertex 2.71126 6.80475 0
      vertex 14.325 14.325 0
      vertex 3.07569 6.64799 0
    endloop
  endfacet
  facet normal 0 0 -1
    outer loop
      vertex 2.33888 6.94156 0
      vertex 14.325 14.325 0
      vertex 2.71126 6.80475 0
    endloop
  endfacet
  facet normal 0 0 -1
    outer loop
      vertex 1.95964 7.058 0
      vertex 14.325 14.325 0
      vertex 2.33888 6.94156 0
    endloop
  endfacet
  facet normal 0 0 -1
    outer loop
      vertex 1.57466 7.15374 0
      vertex 14.325 14.325 0
      vertex 1.95964 7.058 0
    endloop
  endfacet
  facet normal 0 0 -1
    outer loop
      vertex 1.18505 7.2285 0
      vertex 14.325 14.325 0
      vertex 1.57466 7.15374 0
    endloop
  endfacet
  facet normal 0 0 -1
    outer loop
      vertex 0.791971 7.28206 0
      vertex 14.325 14.325 0
      vertex 1.18505 7.2285 0
    endloop
  endfacet
  facet normal 0 0 -1
    outer loop
      vertex 0.396567 7.31426 0
      vertex 14.325 14.325 0
      vertex 0.791971 7.28206 0
    endloop
  endfacet
  facet normal 0 0 -1
    outer loop
      vertex 0 7.325 0
      vertex 14.325 14.325 0
      vertex 0.396567 7.31426 0
    endloop
  endfacet
  facet normal 0 0 -1
    outer loop
      vertex -14.325 14.325 0
      vertex 0 7.325 0
      vertex -0.396567 7.31426 0
    endloop
  endfacet
  facet normal 0 0 -1
    outer loop
      vertex -14.325 14.325 0
      vertex -0.396567 7.31426 0
      vertex -0.791971 7.28206 0
    endloop
  endfacet
  facet normal 0 0 -1
    outer loop
      vertex -14.325 14.325 0
      vertex -0.791971 7.28206 0
      vertex -1.18505 7.2285 0
    endloop
  endfacet
  facet normal 0 0 -1
    outer loop
      vertex -14.325 14.325 0
      vertex -1.18505 7.2285 0
      vertex -1.57466 7.15374 0
    endloop
  endfacet
  facet normal 0 0 -1
    outer loop
      vertex -14.325 14.325 0
      vertex -1.57466 7.15374 0
      vertex -1.95964 7.058 0
    endloop
  endfacet
  facet normal 0 0 -1
    outer loop
      vertex -14.325 14.325 0
      vertex -1.95964 7.058 0
      vertex -2.33888 6.94156 0
    endloop
  endfacet
  facet normal 0 0 -1
    outer loop
      vertex -14.325 14.325 0
      vertex -2.33888 6.94156 0
      vertex -2.71126 6.80475 0
    endloop
  endfacet
  facet normal 0 0 -1
    outer loop
      vertex -14.325 14.325 0
      vertex -2.71126 6.80475 0
      vertex -3.07569 6.64799 0
    endloop
  endfacet
  facet normal 0 0 -1
    outer loop
      vertex -14.325 14.325 0
      vertex -7.325 0 0
      vertex -14.325 -14.325 0
    endloop
  endfacet
  facet normal 0 0 -1
    outer loop
      vertex -7.325 0 0
      vertex -14.325 14.325 0
      vertex -7.31426 0.396567 0
    endloop
  endfacet
  facet normal 0 0 -1
    outer loop
      vertex -7.31426 0.396567 0
      vertex -14.325 14.325 0
      vertex -7.28206 0.791971 0
    endloop
  endfacet
  facet normal 0 0 -1
    outer loop
      vertex -7.28206 0.791971 0
      vertex -14.325 14.325 0
      vertex -7.2285 1.18505 0
    endloop
  endfacet
  facet normal 0 0 -1
    outer loop
      vertex -7.2285 1.18505 0
      vertex -14.325 14.325 0
      vertex -7.15374 1.57466 0
    endloop
  endfacet
  facet normal 0 0 -1
    outer loop
      vertex -7.15374 1.57466 0
      vertex -14.325 14.325 0
      vertex -7.058 1.95964 0
    endloop
  endfacet
  facet normal 0 0 -1
    outer loop
      vertex -7.058 1.95964 0
      vertex -14.325 14.325 0
      vertex -6.94156 2.33888 0
    endloop
  endfacet
  facet normal 0 0 -1
    outer loop
      vertex -6.94156 2.33888 0
      vertex -14.325 14.325 0
      vertex -6.80475 2.71126 0
    endloop
  endfacet
  facet normal 0 0 -1
    outer loop
      vertex 0 7.325 0
      vertex -14.325 14.325 0
      vertex 14.325 14.325 0
    endloop
  endfacet
  facet normal 0 0 -1
    outer loop
      vertex -3.43109 6.47173 0
      vertex -14.325 14.325 0
      vertex -3.07569 6.64799 0
    endloop
  endfacet
  facet normal 0 0 -1
    outer loop
      vertex -3.77643 6.27648 0
      vertex -14.325 14.325 0
      vertex -3.43109 6.47173 0
    endloop
  endfacet
  facet normal 0 0 -1
    outer loop
      vertex -4.11069 6.06282 0
      vertex -14.325 14.325 0
      vertex -3.77643 6.27648 0
    endloop
  endfacet
  facet normal 0 0 -1
    outer loop
      vertex -4.4329 5.83138 0
      vertex -14.325 14.325 0
      vertex -4.11069 6.06282 0
    endloop
  endfacet
  facet normal 0 0 -1
    outer loop
      vertex -4.7421 5.58284 0
      vertex -14.325 14.325 0
      vertex -4.4329 5.83138 0
    endloop
  endfacet
  facet normal 0 0 -1
    outer loop
      vertex -5.0374 5.31792 0
      vertex -14.325 14.325 0
      vertex -4.7421 5.58284 0
    endloop
  endfacet
  facet normal 0 0 -1
    outer loop
      vertex -5.31792 5.0374 0
      vertex -14.325 14.325 0
      vertex -5.0374 5.31792 0
    endloop
  endfacet
  facet normal 0 0 -1
    outer loop
      vertex -5.58284 4.7421 0
      vertex -14.325 14.325 0
      vertex -5.31792 5.0374 0
    endloop
  endfacet
  facet normal 0 0 -1
    outer loop
      vertex -5.83138 4.4329 0
      vertex -14.325 14.325 0
      vertex -5.58284 4.7421 0
    endloop
  endfacet
  facet normal 0 0 -1
    outer loop
      vertex -6.06282 4.11069 0
      vertex -14.325 14.325 0
      vertex -5.83138 4.4329 0
    endloop
  endfacet
  facet normal 0 0 -1
    outer loop
      vertex -6.27648 3.77643 0
      vertex -14.325 14.325 0
      vertex -6.06282 4.11069 0
    endloop
  endfacet
  facet normal 0 0 -1
    outer loop
      vertex -6.47173 3.43109 0
      vertex -14.325 14.325 0
      vertex -6.27648 3.77643 0
    endloop
  endfacet
  facet normal 0 0 -1
    outer loop
      vertex -6.64799 3.07569 0
      vertex -14.325 14.325 0
      vertex -6.47173 3.43109 0
    endloop
  endfacet
  facet normal 0 0 -1
    outer loop
      vertex -6.80475 2.71126 0
      vertex -14.325 14.325 0
      vertex -6.64799 3.07569 0
    endloop
  endfacet
  facet normal -1 0 0
    outer loop
      vertex -14.325 14.325 0
      vertex -14.325 2.25 18.5
      vertex -14.325 14.325 38.5
    endloop
  endfacet
  facet normal -1 0 0
    outer loop
      vertex -14.325 14.325 0
      vertex -14.325 2.21582 18.1093
      vertex -14.325 2.25 18.5
    endloop
  endfacet
  facet normal -1 0 0
    outer loop
      vertex -14.325 14.325 0
      vertex -14.325 2.11431 17.7305
      vertex -14.325 2.21582 18.1093
    endloop
  endfacet
  facet normal -1 0 0
    outer loop
      vertex -14.325 14.325 0
      vertex -14.325 1.94856 17.375
      vertex -14.325 2.11431 17.7305
    endloop
  endfacet
  facet normal -1 0 0
    outer loop
      vertex -14.325 14.325 0
      vertex -14.325 1.7236 17.0537
      vertex -14.325 1.94856 17.375
    endloop
  endfacet
  facet normal -1 0 0
    outer loop
      vertex -14.325 14.325 0
      vertex -14.325 1.44627 16.7764
      vertex -14.325 1.7236 17.0537
    endloop
  endfacet
  facet normal -1 0 0
    outer loop
      vertex -14.325 14.325 0
      vertex -14.325 1.125 16.5514
      vertex -14.325 1.44627 16.7764
    endloop
  endfacet
  facet normal -1 0 0
    outer loop
      vertex -14.325 14.325 0
      vertex -14.325 0.769545 16.3857
      vertex -14.325 1.125 16.5514
    endloop
  endfacet
  facet normal -1 0 0
    outer loop
      vertex -14.325 14.325 0
      vertex -14.325 0.390708 16.2842
      vertex -14.325 0.769545 16.3857
    endloop
  endfacet
  facet normal -1 0 0
    outer loop
      vertex -14.325 14.325 0
      vertex -14.325 0 16.25
      vertex -14.325 0.390708 16.2842
    endloop
  endfacet
  facet normal -1 0 0
    outer loop
      vertex -14.325 -14.325 0
      vertex -14.325 0 16.25
      vertex -14.325 14.325 0
    endloop
  endfacet
  facet normal -1 -0 0
    outer loop
      vertex -14.325 0 16.25
      vertex -14.325 -14.325 0
      vertex -14.325 -0.390708 16.2842
    endloop
  endfacet
  facet normal -1 -0 0
    outer loop
      vertex -14.325 -0.390708 16.2842
      vertex -14.325 -14.325 0
      vertex -14.325 -0.769545 16.3857
    endloop
  endfacet
  facet normal -1 -0 0
    outer loop
      vertex -14.325 -0.769545 16.3857
      vertex -14.325 -14.325 0
      vertex -14.325 -1.125 16.5514
    endloop
  endfacet
  facet normal -1 -0 0
    outer loop
      vertex -14.325 -1.125 16.5514
      vertex -14.325 -14.325 0
      vertex -14.325 -1.44627 16.7764
    endloop
  endfacet
  facet normal -1 -0 0
    outer loop
      vertex -14.325 -2.21582 18.1093
      vertex -14.325 -14.325 0
      vertex -14.325 -2.25 18.5
    endloop
  endfacet
  facet normal -1 -0 0
    outer loop
      vertex -14.325 -2.11431 17.7305
      vertex -14.325 -14.325 0
      vertex -14.325 -2.21582 18.1093
    endloop
  endfacet
  facet normal -1 -0 0
    outer loop
      vertex -14.325 -1.94856 17.375
      vertex -14.325 -14.325 0
      vertex -14.325 -2.11431 17.7305
    endloop
  endfacet
  facet normal -1 -0 0
    outer loop
      vertex -14.325 -1.7236 17.0537
      vertex -14.325 -14.325 0
      vertex -14.325 -1.94856 17.375
    endloop
  endfacet
  facet normal -1 -0 0
    outer loop
      vertex -14.325 -1.44627 16.7764
      vertex -14.325 -14.325 0
      vertex -14.325 -1.7236 17.0537
    endloop
  endfacet
  facet normal -1 0 0
    outer loop
      vertex -14.325 2.21582 18.8907
      vertex -14.325 14.325 38.5
      vertex -14.325 2.25 18.5
    endloop
  endfacet
  facet normal -1 0 0
    outer loop
      vertex -14.325 2.11431 19.2695
      vertex -14.325 14.325 38.5
      vertex -14.325 2.21582 18.8907
    endloop
  endfacet
  facet normal -1 0 0
    outer loop
      vertex -14.325 1.94856 19.625
      vertex -14.325 14.325 38.5
      vertex -14.325 2.11431 19.2695
    endloop
  endfacet
  facet normal -1 0 0
    outer loop
      vertex -14.325 1.7236 19.9463
      vertex -14.325 14.325 38.5
      vertex -14.325 1.94856 19.625
    endloop
  endfacet
  facet normal -1 0 0
    outer loop
      vertex -14.325 1.44627 20.2236
      vertex -14.325 14.325 38.5
      vertex -14.325 1.7236 19.9463
    endloop
  endfacet
  facet normal -1 0 0
    outer loop
      vertex -14.325 1.125 20.4486
      vertex -14.325 14.325 38.5
      vertex -14.325 1.44627 20.2236
    endloop
  endfacet
  facet normal -1 0 0
    outer loop
      vertex -14.325 0.769545 20.6143
      vertex -14.325 14.325 38.5
      vertex -14.325 1.125 20.4486
    endloop
  endfacet
  facet normal -1 0 0
    outer loop
      vertex -14.325 0.390708 20.7158
      vertex -14.325 14.325 38.5
      vertex -14.325 0.769545 20.6143
    endloop
  endfacet
  facet normal -1 0 0
    outer loop
      vertex -14.325 0 20.75
      vertex -14.325 14.325 38.5
      vertex -14.325 0.390708 20.7158
    endloop
  endfacet
  facet normal -1 0 0
    outer loop
      vertex -14.325 -14.325 38.5
      vertex -14.325 0 20.75
      vertex -14.325 -0.390708 20.7158
    endloop
  endfacet
  facet normal -1 0 0
    outer loop
      vertex -14.325 -14.325 38.5
      vertex -14.325 -0.390708 20.7158
      vertex -14.325 -0.769545 20.6143
    endloop
  endfacet
  facet normal -1 0 0
    outer loop
      vertex -14.325 -14.325 38.5
      vertex -14.325 -0.769545 20.6143
      vertex -14.325 -1.125 20.4486
    endloop
  endfacet
  facet normal -1 0 0
    outer loop
      vertex -14.325 -14.325 38.5
      vertex -14.325 -1.125 20.4486
      vertex -14.325 -1.44627 20.2236
    endloop
  endfacet
  facet normal -1 0 0
    outer loop
      vertex -14.325 -14.325 38.5
      vertex -14.325 -1.44627 20.2236
      vertex -14.325 -1.7236 19.9463
    endloop
  endfacet
  facet normal -1 0 0
    outer loop
      vertex -14.325 -14.325 38.5
      vertex -14.325 -2.25 18.5
      vertex -14.325 -14.325 0
    endloop
  endfacet
  facet normal -1 0 0
    outer loop
      vertex -14.325 -2.25 18.5
      vertex -14.325 -14.325 38.5
      vertex -14.325 -2.21582 18.8907
    endloop
  endfacet
  facet normal -1 0 0
    outer loop
      vertex -14.325 -2.21582 18.8907
      vertex -14.325 -14.325 38.5
      vertex -14.325 -2.11431 19.2695
    endloop
  endfacet
  facet normal -1 0 0
    outer loop
      vertex -14.325 0 20.75
      vertex -14.325 -14.325 38.5
      vertex -14.325 14.325 38.5
    endloop
  endfacet
  facet normal -1 0 0
    outer loop
      vertex -14.325 -1.94856 19.625
      vertex -14.325 -14.325 38.5
      vertex -14.325 -1.7236 19.9463
    endloop
  endfacet
  facet normal -1 0 0
    outer loop
      vertex -14.325 -2.11431 19.2695
      vertex -14.325 -14.325 38.5
      vertex -14.325 -1.94856 19.625
    endloop
  endfacet
  facet normal -1 0 0
    outer loop
      vertex -14.325 14.325 41.5
      vertex -14.325 2.25 61.5
      vertex -14.325 14.325 80
    endloop
  endfacet
  facet normal -1 0 0
    outer loop
      vertex -14.325 14.325 41.5
      vertex -14.325 2.21582 61.1093
      vertex -14.325 2.25 61.5
    endloop
  endfacet
  facet normal -1 0 0
    outer loop
      vertex -14.325 14.325 41.5
      vertex -14.325 2.11431 60.7305
      vertex -14.325 2.21582 61.1093
    endloop
  endfacet
  facet normal -1 0 0
    outer loop
      vertex -14.325 14.325 41.5
      vertex -14.325 1.94856 60.375
      vertex -14.325 2.11431 60.7305
    endloop
  endfacet
  facet normal -1 0 0
    outer loop
      vertex -14.325 14.325 41.5
      vertex -14.325 1.7236 60.0537
      vertex -14.325 1.94856 60.375
    endloop
  endfacet
  facet normal -1 0 0
    outer loop
      vertex -14.325 14.325 41.5
      vertex -14.325 1.44627 59.7764
      vertex -14.325 1.7236 60.0537
    endloop
  endfacet
  facet normal -1 0 0
    outer loop
      vertex -14.325 14.325 41.5
      vertex -14.325 1.125 59.5514
      vertex -14.325 1.44627 59.7764
    endloop
  endfacet
  facet normal -1 0 0
    outer loop
      vertex -14.325 14.325 41.5
      vertex -14.325 0.769545 59.3857
      vertex -14.325 1.125 59.5514
    endloop
  endfacet
  facet normal -1 0 0
    outer loop
      vertex -14.325 14.325 41.5
      vertex -14.325 0.390708 59.2842
      vertex -14.325 0.769545 59.3857
    endloop
  endfacet
  facet normal -1 0 0
    outer loop
      vertex -14.325 14.325 41.5
      vertex -14.325 0 59.25
      vertex -14.325 0.390708 59.2842
    endloop
  endfacet
  facet normal -1 0 0
    outer loop
      vertex -14.325 -14.325 41.5
      vertex -14.325 0 59.25
      vertex -14.325 14.325 41.5
    endloop
  endfacet
  facet normal -1 -0 0
    outer loop
      vertex -14.325 0 59.25
      vertex -14.325 -14.325 41.5
      vertex -14.325 -0.390708 59.2842
    endloop
  endfacet
  facet normal -1 -0 0
    outer loop
      vertex -14.325 -0.390708 59.2842
      vertex -14.325 -14.325 41.5
      vertex -14.325 -0.769545 59.3857
    endloop
  endfacet
  facet normal -1 -0 0
    outer loop
      vertex -14.325 -0.769545 59.3857
      vertex -14.325 -14.325 41.5
      vertex -14.325 -1.125 59.5514
    endloop
  endfacet
  facet normal -1 -0 0
    outer loop
      vertex -14.325 -1.125 59.5514
      vertex -14.325 -14.325 41.5
      vertex -14.325 -1.44627 59.7764
    endloop
  endfacet
  facet normal -1 -0 0
    outer loop
      vertex -14.325 -2.21582 61.1093
      vertex -14.325 -14.325 41.5
      vertex -14.325 -2.25 61.5
    endloop
  endfacet
  facet normal -1 -0 0
    outer loop
      vertex -14.325 -2.11431 60.7305
      vertex -14.325 -14.325 41.5
      vertex -14.325 -2.21582 61.1093
    endloop
  endfacet
  facet normal -1 -0 0
    outer loop
      vertex -14.325 -1.94856 60.375
      vertex -14.325 -14.325 41.5
      vertex -14.325 -2.11431 60.7305
    endloop
  endfacet
  facet normal -1 -0 0
    outer loop
      vertex -14.325 -1.7236 60.0537
      vertex -14.325 -14.325 41.5
      vertex -14.325 -1.94856 60.375
    endloop
  endfacet
  facet normal -1 -0 0
    outer loop
      vertex -14.325 -1.44627 59.7764
      vertex -14.325 -14.325 41.5
      vertex -14.325 -1.7236 60.0537
    endloop
  endfacet
  facet normal -1 0 0
    outer loop
      vertex -14.325 2.21582 61.8907
      vertex -14.325 14.325 80
      vertex -14.325 2.25 61.5
    endloop
  endfacet
  facet normal -1 0 0
    outer loop
      vertex -14.325 2.11431 62.2695
      vertex -14.325 14.325 80
      vertex -14.325 2.21582 61.8907
    endloop
  endfacet
  facet normal -1 0 0
    outer loop
      vertex -14.325 1.94856 62.625
      vertex -14.325 14.325 80
      vertex -14.325 2.11431 62.2695
    endloop
  endfacet
  facet normal -1 0 0
    outer loop
      vertex -14.325 1.7236 62.9463
      vertex -14.325 14.325 80
      vertex -14.325 1.94856 62.625
    endloop
  endfacet
  facet normal -1 0 0
    outer loop
      vertex -14.325 1.44627 63.2236
      vertex -14.325 14.325 80
      vertex -14.325 1.7236 62.9463
    endloop
  endfacet
  facet normal -1 0 0
    outer loop
      vertex -14.325 1.125 63.4486
      vertex -14.325 14.325 80
      vertex -14.325 1.44627 63.2236
    endloop
  endfacet
  facet normal -1 0 0
    outer loop
      vertex -14.325 0.769545 63.6143
      vertex -14.325 14.325 80
      vertex -14.325 1.125 63.4486
    endloop
  endfacet
  facet normal -1 0 0
    outer loop
      vertex -14.325 0.390708 63.7158
      vertex -14.325 14.325 80
      vertex -14.325 0.769545 63.6143
    endloop
  endfacet
  facet normal -1 0 0
    outer loop
      vertex -14.325 0 63.75
      vertex -14.325 14.325 80
      vertex -14.325 0.390708 63.7158
    endloop
  endfacet
  facet normal -1 0 0
    outer loop
      vertex -14.325 -14.325 80
      vertex -14.325 0 63.75
      vertex -14.325 -0.390708 63.7158
    endloop
  endfacet
  facet normal -1 0 0
    outer loop
      vertex -14.325 -14.325 80
      vertex -14.325 -0.390708 63.7158
      vertex -14.325 -0.769545 63.6143
    endloop
  endfacet
  facet normal -1 0 0
    outer loop
      vertex -14.325 -14.325 80
      vertex -14.325 -0.769545 63.6143
      vertex -14.325 -1.125 63.4486
    endloop
  endfacet
  facet normal -1 0 0
    outer loop
      vertex -14.325 -14.325 80
      vertex -14.325 -1.125 63.4486
      vertex -14.325 -1.44627 63.2236
    endloop
  endfacet
  facet normal -1 0 0
    outer loop
      vertex -14.325 -14.325 80
      vertex -14.325 -1.44627 63.2236
      vertex -14.325 -1.7236 62.9463
    endloop
  endfacet
  facet normal -1 0 0
    outer loop
      vertex -14.325 -14.325 80
      vertex -14.325 -2.25 61.5
      vertex -14.325 -14.325 41.5
    endloop
  endfacet
  facet normal -1 0 0
    outer loop
      vertex -14.325 -2.25 61.5
      vertex -14.325 -14.325 80
      vertex -14.325 -2.21582 61.8907
    endloop
  endfacet
  facet normal -1 0 0
    outer loop
      vertex -14.325 -2.21582 61.8907
      vertex -14.325 -14.325 80
      vertex -14.325 -2.11431 62.2695
    endloop
  endfacet
  facet normal -1 0 0
    outer loop
      vertex -14.325 0 63.75
      vertex -14.325 -14.325 80
      vertex -14.325 14.325 80
    endloop
  endfacet
  facet normal -1 0 0
    outer loop
      vertex -14.325 -1.94856 62.625
      vertex -14.325 -14.325 80
      vertex -14.325 -1.7236 62.9463
    endloop
  endfacet
  facet normal -1 0 0
    outer loop
      vertex -14.325 -2.11431 62.2695
      vertex -14.325 -14.325 80
      vertex -14.325 -1.94856 62.625
    endloop
  endfacet
  facet normal 0 0 1
    outer loop
      vertex 14.325 14.325 80
      vertex 7.325 0 80
      vertex 14.325 -14.325 80
    endloop
  endfacet
  facet normal 0 0 1
    outer loop
      vertex 14.325 14.325 80
      vertex 7.31426 0.396567 80
      vertex 7.325 0 80
    endloop
  endfacet
  facet normal 0 0 1
    outer loop
      vertex 14.325 14.325 80
      vertex 7.28206 0.791971 80
      vertex 7.31426 0.396567 80
    endloop
  endfacet
  facet normal 0 0 1
    outer loop
      vertex 14.325 14.325 80
      vertex 7.2285 1.18505 80
      vertex 7.28206 0.791971 80
    endloop
  endfacet
  facet normal 0 0 1
    outer loop
      vertex 14.325 14.325 80
      vertex 7.15374 1.57466 80
      vertex 7.2285 1.18505 80
    endloop
  endfacet
  facet normal 0 0 1
    outer loop
      vertex 14.325 14.325 80
      vertex 7.058 1.95964 80
      vertex 7.15374 1.57466 80
    endloop
  endfacet
  facet normal 0 0 1
    outer loop
      vertex 14.325 14.325 80
      vertex 6.94156 2.33888 80
      vertex 7.058 1.95964 80
    endloop
  endfacet
  facet normal 0 0 1
    outer loop
      vertex 14.325 14.325 80
      vertex 6.80475 2.71126 80
      vertex 6.94156 2.33888 80
    endloop
  endfacet
  facet normal 0 0 1
    outer loop
      vertex 14.325 14.325 80
      vertex 6.64799 3.07569 80
      vertex 6.80475 2.71126 80
    endloop
  endfacet
  facet normal 0 0 1
    outer loop
      vertex 14.325 14.325 80
      vertex 6.47173 3.43109 80
      vertex 6.64799 3.07569 80
    endloop
  endfacet
  facet normal 0 0 1
    outer loop
      vertex 14.325 14.325 80
      vertex 6.27648 3.77643 80
      vertex 6.47173 3.43109 80
    endloop
  endfacet
  facet normal 0 0 1
    outer loop
      vertex 14.325 14.325 80
      vertex 6.06282 4.11069 80
      vertex 6.27648 3.77643 80
    endloop
  endfacet
  facet normal 0 0 1
    outer loop
      vertex 14.325 14.325 80
      vertex 5.83138 4.4329 80
      vertex 6.06282 4.11069 80
    endloop
  endfacet
  facet normal 0 0 1
    outer loop
      vertex 14.325 14.325 80
      vertex 5.58284 4.7421 80
      vertex 5.83138 4.4329 80
    endloop
  endfacet
  facet normal 0 0 1
    outer loop
      vertex 14.325 14.325 80
      vertex 5.31792 5.0374 80
      vertex 5.58284 4.7421 80
    endloop
  endfacet
  facet normal 0 0 1
    outer loop
      vertex 14.325 14.325 80
      vertex 5.0374 5.31792 80
      vertex 5.31792 5.0374 80
    endloop
  endfacet
  facet normal 0 0 1
    outer loop
      vertex 14.325 14.325 80
      vertex 4.7421 5.58284 80
      vertex 5.0374 5.31792 80
    endloop
  endfacet
  facet normal 0 0 1
    outer loop
      vertex 14.325 14.325 80
      vertex 4.4329 5.83138 80
      vertex 4.7421 5.58284 80
    endloop
  endfacet
  facet normal 0 0 1
    outer loop
      vertex 14.325 14.325 80
      vertex 4.11069 6.06282 80
      vertex 4.4329 5.83138 80
    endloop
  endfacet
  facet normal 0 0 1
    outer loop
      vertex 14.325 14.325 80
      vertex 3.77643 6.27648 80
      vertex 4.11069 6.06282 80
    endloop
  endfacet
  facet normal 0 0 1
    outer loop
      vertex 14.325 14.325 80
      vertex 3.43109 6.47173 80
      vertex 3.77643 6.27648 80
    endloop
  endfacet
  facet normal 0 0 1
    outer loop
      vertex 14.325 14.325 80
      vertex 3.07569 6.64799 80
      vertex 3.43109 6.47173 80
    endloop
  endfacet
  facet normal 0 0 1
    outer loop
      vertex 14.325 14.325 80
      vertex 2.71126 6.80475 80
      vertex 3.07569 6.64799 80
    endloop
  endfacet
  facet normal 0 0 1
    outer loop
      vertex 14.325 14.325 80
      vertex 2.33888 6.94156 80
      vertex 2.71126 6.80475 80
    endloop
  endfacet
  facet normal 0 0 1
    outer loop
      vertex 14.325 14.325 80
      vertex 1.95964 7.058 80
      vertex 2.33888 6.94156 80
    endloop
  endfacet
  facet normal 0 0 1
    outer loop
      vertex 14.325 14.325 80
      vertex 1.57466 7.15374 80
      vertex 1.95964 7.058 80
    endloop
  endfacet
  facet normal 0 0 1
    outer loop
      vertex 14.325 14.325 80
      vertex 1.18505 7.2285 80
      vertex 1.57466 7.15374 80
    endloop
  endfacet
  facet normal 0 0 1
    outer loop
      vertex 14.325 14.325 80
      vertex 0.791971 7.28206 80
      vertex 1.18505 7.2285 80
    endloop
  endfacet
  facet normal 0 0 1
    outer loop
      vertex 14.325 14.325 80
      vertex 0.396567 7.31426 80
      vertex 0.791971 7.28206 80
    endloop
  endfacet
  facet normal 0 0 1
    outer loop
      vertex 14.325 14.325 80
      vertex 0 7.325 80
      vertex 0.396567 7.31426 80
    endloop
  endfacet
  facet normal -0 0 1
    outer loop
      vertex -14.325 14.325 80
      vertex 0 7.325 80
      vertex 14.325 14.325 80
    endloop
  endfacet
  facet normal 0 0 1
    outer loop
      vertex 0 7.325 80
      vertex -14.325 14.325 80
      vertex -0.396567 7.31426 80
    endloop
  endfacet
  facet normal 0 0 1
    outer loop
      vertex -0.396567 7.31426 80
      vertex -14.325 14.325 80
      vertex -0.791971 7.28206 80
    endloop
  endfacet
  facet normal 0 0 1
    outer loop
      vertex -0.791971 7.28206 80
      vertex -14.325 14.325 80
      vertex -1.18505 7.2285 80
    endloop
  endfacet
  facet normal 0 0 1
    outer loop
      vertex -1.18505 7.2285 80
      vertex -14.325 14.325 80
      vertex -1.57466 7.15374 80
    endloop
  endfacet
  facet normal 0 0 1
    outer loop
      vertex -1.57466 7.15374 80
      vertex -14.325 14.325 80
      vertex -1.95964 7.058 80
    endloop
  endfacet
  facet normal 0 0 1
    outer loop
      vertex -1.95964 7.058 80
      vertex -14.325 14.325 80
      vertex -2.33888 6.94156 80
    endloop
  endfacet
  facet normal 0 0 1
    outer loop
      vertex -2.33888 6.94156 80
      vertex -14.325 14.325 80
      vertex -2.71126 6.80475 80
    endloop
  endfacet
  facet normal 0 0 1
    outer loop
      vertex -7.31426 0.396567 80
      vertex -14.325 14.325 80
      vertex -7.325 0 80
    endloop
  endfacet
  facet normal 0 0 1
    outer loop
      vertex -7.28206 0.791971 80
      vertex -14.325 14.325 80
      vertex -7.31426 0.396567 80
    endloop
  endfacet
  facet normal 0 0 1
    outer loop
      vertex -7.2285 1.18505 80
      vertex -14.325 14.325 80
      vertex -7.28206 0.791971 80
    endloop
  endfacet
  facet normal 0 0 1
    outer loop
      vertex -7.15374 1.57466 80
      vertex -14.325 14.325 80
      vertex -7.2285 1.18505 80
    endloop
  endfacet
  facet normal 0 0 1
    outer loop
      vertex -7.058 1.95964 80
      vertex -14.325 14.325 80
      vertex -7.15374 1.57466 80
    endloop
  endfacet
  facet normal 0 0 1
    outer loop
      vertex -6.94156 2.33888 80
      vertex -14.325 14.325 80
      vertex -7.058 1.95964 80
    endloop
  endfacet
  facet normal 0 0 1
    outer loop
      vertex -6.80475 2.71126 80
      vertex -14.325 14.325 80
      vertex -6.94156 2.33888 80
    endloop
  endfacet
  facet normal 0 0 1
    outer loop
      vertex -6.64799 3.07569 80
      vertex -14.325 14.325 80
      vertex -6.80475 2.71126 80
    endloop
  endfacet
  facet normal 0 0 1
    outer loop
      vertex -6.47173 3.43109 80
      vertex -14.325 14.325 80
      vertex -6.64799 3.07569 80
    endloop
  endfacet
  facet normal 0 0 1
    outer loop
      vertex -6.27648 3.77643 80
      vertex -14.325 14.325 80
      vertex -6.47173 3.43109 80
    endloop
  endfacet
  facet normal 0 0 1
    outer loop
      vertex -6.06282 4.11069 80
      vertex -14.325 14.325 80
      vertex -6.27648 3.77643 80
    endloop
  endfacet
  facet normal 0 0 1
    outer loop
      vertex -5.83138 4.4329 80
      vertex -14.325 14.325 80
      vertex -6.06282 4.11069 80
    endloop
  endfacet
  facet normal 0 0 1
    outer loop
      vertex -5.58284 4.7421 80
      vertex -14.325 14.325 80
      vertex -5.83138 4.4329 80
    endloop
  endfacet
  facet normal 0 0 1
    outer loop
      vertex -5.31792 5.0374 80
      vertex -14.325 14.325 80
      vertex -5.58284 4.7421 80
    endloop
  endfacet
  facet normal 0 0 1
    outer loop
      vertex -5.0374 5.31792 80
      vertex -14.325 14.325 80
      vertex -5.31792 5.0374 80
    endloop
  endfacet
  facet normal 0 0 1
    outer loop
      vertex -4.7421 5.58284 80
      vertex -14.325 14.325 80
      vertex -5.0374 5.31792 80
    endloop
  endfacet
  facet normal 0 0 1
    outer loop
      vertex -4.4329 5.83138 80
      vertex -14.325 14.325 80
      vertex -4.7421 5.58284 80
    endloop
  endfacet
  facet normal 0 0 1
    outer loop
      vertex -4.11069 6.06282 80
      vertex -14.325 14.325 80
      vertex -4.4329 5.83138 80
    endloop
  endfacet
  facet normal 0 0 1
    outer loop
      vertex -3.77643 6.27648 80
      vertex -14.325 14.325 80
      vertex -4.11069 6.06282 80
    endloop
  endfacet
  facet normal 0 0 1
    outer loop
      vertex -3.43109 6.47173 80
      vertex -14.325 14.325 80
      vertex -3.77643 6.27648 80
    endloop
  endfacet
  facet normal 0 0 1
    outer loop
      vertex -3.07569 6.64799 80
      vertex -14.325 14.325 80
      vertex -3.43109 6.47173 80
    endloop
  endfacet
  facet normal 0 0 1
    outer loop
      vertex -2.71126 6.80475 80
      vertex -14.325 14.325 80
      vertex -3.07569 6.64799 80
    endloop
  endfacet
  facet normal -0 0 1
    outer loop
      vertex 7.31426 -0.396567 80
      vertex 14.325 -14.325 80
      vertex 7.325 0 80
    endloop
  endfacet
  facet normal -0 0 1
    outer loop
      vertex 7.28206 -0.791971 80
      vertex 14.325 -14.325 80
      vertex 7.31426 -0.396567 80
    endloop
  endfacet
  facet normal -0 0 1
    outer loop
      vertex 7.2285 -1.18505 80
      vertex 14.325 -14.325 80
      vertex 7.28206 -0.791971 80
    endloop
  endfacet
  facet normal -0 0 1
    outer loop
      vertex 7.15374 -1.57466 80
      vertex 14.325 -14.325 80
      vertex 7.2285 -1.18505 80
    endloop
  endfacet
  facet normal -0 0 1
    outer loop
      vertex 7.058 -1.95964 80
      vertex 14.325 -14.325 80
      vertex 7.15374 -1.57466 80
    endloop
  endfacet
  facet normal -0 0 1
    outer loop
      vertex 6.94156 -2.33888 80
      vertex 14.325 -14.325 80
      vertex 7.058 -1.95964 80
    endloop
  endfacet
  facet normal -0 0 1
    outer loop
      vertex 6.80475 -2.71126 80
      vertex 14.325 -14.325 80
      vertex 6.94156 -2.33888 80
    endloop
  endfacet
  facet normal -0 0 1
    outer loop
      vertex 6.64799 -3.07569 80
      vertex 14.325 -14.325 80
      vertex 6.80475 -2.71126 80
    endloop
  endfacet
  facet normal -0 0 1
    outer loop
      vertex 6.47173 -3.43109 80
      vertex 14.325 -14.325 80
      vertex 6.64799 -3.07569 80
    endloop
  endfacet
  facet normal -0 0 1
    outer loop
      vertex 6.27648 -3.77643 80
      vertex 14.325 -14.325 80
      vertex 6.47173 -3.43109 80
    endloop
  endfacet
  facet normal -0 0 1
    outer loop
      vertex 6.06282 -4.11069 80
      vertex 14.325 -14.325 80
      vertex 6.27648 -3.77643 80
    endloop
  endfacet
  facet normal -0 0 1
    outer loop
      vertex 5.83138 -4.4329 80
      vertex 14.325 -14.325 80
      vertex 6.06282 -4.11069 80
    endloop
  endfacet
  facet normal -0 0 1
    outer loop
      vertex 5.58284 -4.7421 80
      vertex 14.325 -14.325 80
      vertex 5.83138 -4.4329 80
    endloop
  endfacet
  facet normal -0 0 1
    outer loop
      vertex 5.31792 -5.0374 80
      vertex 14.325 -14.325 80
      vertex 5.58284 -4.7421 80
    endloop
  endfacet
  facet normal -0 0 1
    outer loop
      vertex 5.0374 -5.31792 80
      vertex 14.325 -14.325 80
      vertex 5.31792 -5.0374 80
    endloop
  endfacet
  facet normal -0 0 1
    outer loop
      vertex 4.7421 -5.58284 80
      vertex 14.325 -14.325 80
      vertex 5.0374 -5.31792 80
    endloop
  endfacet
  facet normal -0 0 1
    outer loop
      vertex 4.4329 -5.83138 80
      vertex 14.325 -14.325 80
      vertex 4.7421 -5.58284 80
    endloop
  endfacet
  facet normal -0 0 1
    outer loop
      vertex 4.11069 -6.06282 80
      vertex 14.325 -14.325 80
      vertex 4.4329 -5.83138 80
    endloop
  endfacet
  facet normal -0 0 1
    outer loop
      vertex 3.77643 -6.27648 80
      vertex 14.325 -14.325 80
      vertex 4.11069 -6.06282 80
    endloop
  endfacet
  facet normal -0 0 1
    outer loop
      vertex 3.43109 -6.47173 80
      vertex 14.325 -14.325 80
      vertex 3.77643 -6.27648 80
    endloop
  endfacet
  facet normal -0 0 1
    outer loop
      vertex 3.07569 -6.64799 80
      vertex 14.325 -14.325 80
      vertex 3.43109 -6.47173 80
    endloop
  endfacet
  facet normal -0 0 1
    outer loop
      vertex 2.71126 -6.80475 80
      vertex 14.325 -14.325 80
      vertex 3.07569 -6.64799 80
    endloop
  endfacet
  facet normal -0 0 1
    outer loop
      vertex 2.33888 -6.94156 80
      vertex 14.325 -14.325 80
      vertex 2.71126 -6.80475 80
    endloop
  endfacet
  facet normal -0 0 1
    outer loop
      vertex 1.95964 -7.058 80
      vertex 14.325 -14.325 80
      vertex 2.33888 -6.94156 80
    endloop
  endfacet
  facet normal -0 0 1
    outer loop
      vertex 1.57466 -7.15374 80
      vertex 14.325 -14.325 80
      vertex 1.95964 -7.058 80
    endloop
  endfacet
  facet normal -0 0 1
    outer loop
      vertex 1.18505 -7.2285 80
      vertex 14.325 -14.325 80
      vertex 1.57466 -7.15374 80
    endloop
  endfacet
  facet normal -0 0 1
    outer loop
      vertex 0.791971 -7.28206 80
      vertex 14.325 -14.325 80
      vertex 1.18505 -7.2285 80
    endloop
  endfacet
  facet normal -0 0 1
    outer loop
      vertex 0.396567 -7.31426 80
      vertex 14.325 -14.325 80
      vertex 0.791971 -7.28206 80
    endloop
  endfacet
  facet normal -0 0 1
    outer loop
      vertex 0 -7.325 80
      vertex 14.325 -14.325 80
      vertex 0.396567 -7.31426 80
    endloop
  endfacet
  facet normal 0 0 1
    outer loop
      vertex -14.325 -14.325 80
      vertex 0 -7.325 80
      vertex -0.396567 -7.31426 80
    endloop
  endfacet
  facet normal 0 0 1
    outer loop
      vertex -14.325 -14.325 80
      vertex -0.396567 -7.31426 80
      vertex -0.791971 -7.28206 80
    endloop
  endfacet
  facet normal 0 0 1
    outer loop
      vertex -14.325 -14.325 80
      vertex -0.791971 -7.28206 80
      vertex -1.18505 -7.2285 80
    endloop
  endfacet
  facet normal 0 0 1
    outer loop
      vertex -14.325 -14.325 80
      vertex -1.18505 -7.2285 80
      vertex -1.57466 -7.15374 80
    endloop
  endfacet
  facet normal 0 0 1
    outer loop
      vertex -14.325 -14.325 80
      vertex -1.57466 -7.15374 80
      vertex -1.95964 -7.058 80
    endloop
  endfacet
  facet normal 0 0 1
    outer loop
      vertex -14.325 -14.325 80
      vertex -1.95964 -7.058 80
      vertex -2.33888 -6.94156 80
    endloop
  endfacet
  facet normal 0 0 1
    outer loop
      vertex -14.325 -14.325 80
      vertex -2.33888 -6.94156 80
      vertex -2.71126 -6.80475 80
    endloop
  endfacet
  facet normal 0 0 1
    outer loop
      vertex -14.325 -14.325 80
      vertex -2.71126 -6.80475 80
      vertex -3.07569 -6.64799 80
    endloop
  endfacet
  facet normal 0 0 1
    outer loop
      vertex -14.325 -14.325 80
      vertex -7.325 0 80
      vertex -14.325 14.325 80
    endloop
  endfacet
  facet normal 0 0 1
    outer loop
      vertex -7.325 0 80
      vertex -14.325 -14.325 80
      vertex -7.31426 -0.396567 80
    endloop
  endfacet
  facet normal 0 0 1
    outer loop
      vertex -7.31426 -0.396567 80
      vertex -14.325 -14.325 80
      vertex -7.28206 -0.791971 80
    endloop
  endfacet
  facet normal 0 0 1
    outer loop
      vertex -7.28206 -0.791971 80
      vertex -14.325 -14.325 80
      vertex -7.2285 -1.18505 80
    endloop
  endfacet
  facet normal 0 0 1
    outer loop
      vertex -7.2285 -1.18505 80
      vertex -14.325 -14.325 80
      vertex -7.15374 -1.57466 80
    endloop
  endfacet
  facet normal 0 0 1
    outer loop
      vertex -7.15374 -1.57466 80
      vertex -14.325 -14.325 80
      vertex -7.058 -1.95964 80
    endloop
  endfacet
  facet normal 0 0 1
    outer loop
      vertex -7.058 -1.95964 80
      vertex -14.325 -14.325 80
      vertex -6.94156 -2.33888 80
    endloop
  endfacet
  facet normal 0 0 1
    outer loop
      vertex -6.94156 -2.33888 80
      vertex -14.325 -14.325 80
      vertex -6.80475 -2.71126 80
    endloop
  endfacet
  facet normal 0 0 1
    outer loop
      vertex 0 -7.325 80
      vertex -14.325 -14.325 80
      vertex 14.325 -14.325 80
    endloop
  endfacet
  facet normal 0 0 1
    outer loop
      vertex -3.43109 -6.47173 80
      vertex -14.325 -14.325 80
      vertex -3.07569 -6.64799 80
    endloop
  endfacet
  facet normal 0 0 1
    outer loop
      vertex -3.77643 -6.27648 80
      vertex -14.325 -14.325 80
      vertex -3.43109 -6.47173 80
    endloop
  endfacet
  facet normal 0 0 1
    outer loop
      vertex -4.11069 -6.06282 80
      vertex -14.325 -14.325 80
      vertex -3.77643 -6.27648 80
    endloop
  endfacet
  facet normal 0 0 1
    outer loop
      vertex -4.4329 -5.83138 80
      vertex -14.325 -14.325 80
      vertex -4.11069 -6.06282 80
    endloop
  endfacet
  facet normal 0 0 1
    outer loop
      vertex -4.7421 -5.58284 80
      vertex -14.325 -14.325 80
      vertex -4.4329 -5.83138 80
    endloop
  endfacet
  facet normal 0 0 1
    outer loop
      vertex -5.0374 -5.31792 80
      vertex -14.325 -14.325 80
      vertex -4.7421 -5.58284 80
    endloop
  endfacet
  facet normal 0 0 1
    outer loop
      vertex -5.31792 -5.0374 80
      vertex -14.325 -14.325 80
      vertex -5.0374 -5.31792 80
    endloop
  endfacet
  facet normal 0 0 1
    outer loop
      vertex -5.58284 -4.7421 80
      vertex -14.325 -14.325 80
      vertex -5.31792 -5.0374 80
    endloop
  endfacet
  facet normal 0 0 1
    outer loop
      vertex -5.83138 -4.4329 80
      vertex -14.325 -14.325 80
      vertex -5.58284 -4.7421 80
    endloop
  endfacet
  facet normal 0 0 1
    outer loop
      vertex -6.06282 -4.11069 80
      vertex -14.325 -14.325 80
      vertex -5.83138 -4.4329 80
    endloop
  endfacet
  facet normal 0 0 1
    outer loop
      vertex -6.27648 -3.77643 80
      vertex -14.325 -14.325 80
      vertex -6.06282 -4.11069 80
    endloop
  endfacet
  facet normal 0 0 1
    outer loop
      vertex -6.47173 -3.43109 80
      vertex -14.325 -14.325 80
      vertex -6.27648 -3.77643 80
    endloop
  endfacet
  facet normal 0 0 1
    outer loop
      vertex -6.64799 -3.07569 80
      vertex -14.325 -14.325 80
      vertex -6.47173 -3.43109 80
    endloop
  endfacet
  facet normal 0 0 1
    outer loop
      vertex -6.80475 -2.71126 80
      vertex -14.325 -14.325 80
      vertex -6.64799 -3.07569 80
    endloop
  endfacet
  facet normal 0 1 -0
    outer loop
      vertex 14.325 14.325 41.5
      vertex -14.325 14.325 80
      vertex 14.325 14.325 80
    endloop
  endfacet
  facet normal 0 1 0
    outer loop
      vertex -14.325 14.325 80
      vertex 14.325 14.325 41.5
      vertex -14.325 14.325 41.5
    endloop
  endfacet
  facet normal 0 1 -0
    outer loop
      vertex 14.325 14.325 0
      vertex -14.325 14.325 38.5
      vertex 14.325 14.325 38.5
    endloop
  endfacet
  facet normal 0 1 0
    outer loop
      vertex -14.325 14.325 38.5
      vertex 14.325 14.325 0
      vertex -14.325 14.325 0
    endloop
  endfacet
  facet normal 1 0 0
    outer loop
      vertex 14.325 3.5 59.4793
      vertex 14.325 14.325 80
      vertex 14.325 3.5 63.5207
    endloop
  endfacet
  facet normal 1 0 0
    outer loop
      vertex 14.325 14.325 80
      vertex 14.325 0 65.5415
      vertex 14.325 3.5 63.5207
    endloop
  endfacet
  facet normal 1 -0 0
    outer loop
      vertex 14.325 -14.325 80
      vertex 14.325 0 65.5415
      vertex 14.325 14.325 80
    endloop
  endfacet
  facet normal 1 0 0
    outer loop
      vertex 14.325 -3.5 63.5207
      vertex 14.325 -14.325 80
      vertex 14.325 -3.5 59.4793
    endloop
  endfacet
  facet normal 1 0 0
    outer loop
      vertex 14.325 0 65.5415
      vertex 14.325 -14.325 80
      vertex 14.325 -3.5 63.5207
    endloop
  endfacet
  facet normal 1 0 0
    outer loop
      vertex 14.325 14.325 80
      vertex 14.325 3.5 59.4793
      vertex 14.325 14.325 41.5
    endloop
  endfacet
  facet normal 1 -0 0
    outer loop
      vertex 14.325 0 57.4585
      vertex 14.325 14.325 41.5
      vertex 14.325 3.5 59.4793
    endloop
  endfacet
  facet normal 1 0 0
    outer loop
      vertex 14.325 -14.325 41.5
      vertex 14.325 0 57.4585
      vertex 14.325 -3.5 59.4793
    endloop
  endfacet
  facet normal 1 0 0
    outer loop
      vertex 14.325 0 57.4585
      vertex 14.325 -14.325 41.5
      vertex 14.325 14.325 41.5
    endloop
  endfacet
  facet normal 1 0 0
    outer loop
      vertex 14.325 -14.325 41.5
      vertex 14.325 -3.5 59.4793
      vertex 14.325 -14.325 80
    endloop
  endfacet
  facet normal 1 0 0
    outer loop
      vertex 14.325 14.325 38.5
      vertex 14.325 3.5 20.5207
      vertex 14.325 14.325 0
    endloop
  endfacet
  facet normal 1 0 0
    outer loop
      vertex 14.325 14.325 38.5
      vertex 14.325 0 22.5415
      vertex 14.325 3.5 20.5207
    endloop
  endfacet
  facet normal 1 -0 0
    outer loop
      vertex 14.325 -14.325 38.5
      vertex 14.325 0 22.5415
      vertex 14.325 14.325 38.5
    endloop
  endfacet
  facet normal 1 0 0
    outer loop
      vertex 14.325 -14.325 0
      vertex 14.325 -3.5 20.5207
      vertex 14.325 -14.325 38.5
    endloop
  endfacet
  facet normal 1 0 0
    outer loop
      vertex 14.325 0 22.5415
      vertex 14.325 -14.325 38.5
      vertex 14.325 -3.5 20.5207
    endloop
  endfacet
  facet normal 1 -0 0
    outer loop
      vertex 14.325 3.5 16.4793
      vertex 14.325 14.325 0
      vertex 14.325 3.5 20.5207
    endloop
  endfacet
  facet normal 1 -0 0
    outer loop
      vertex 14.325 0 14.4585
      vertex 14.325 14.325 0
      vertex 14.325 3.5 16.4793
    endloop
  endfacet
  facet normal 1 0 0
    outer loop
      vertex 14.325 -14.325 0
      vertex 14.325 0 14.4585
      vertex 14.325 -3.5 16.4793
    endloop
  endfacet
  facet normal 1 0 0
    outer loop
      vertex 14.325 0 14.4585
      vertex 14.325 -14.325 0
      vertex 14.325 14.325 0
    endloop
  endfacet
  facet normal 1 0 0
    outer loop
      vertex 14.325 -3.5 20.5207
      vertex 14.325 -14.325 0
      vertex 14.325 -3.5 16.4793
    endloop
  endfacet
  facet normal 0 -1 0
    outer loop
      vertex -14.325 -14.325 0
      vertex 14.325 -14.325 38.5
      vertex -14.325 -14.325 38.5
    endloop
  endfacet
  facet normal 0 -1 -0
    outer loop
      vertex 14.325 -14.325 38.5
      vertex -14.325 -14.325 0
      vertex 14.325 -14.325 0
    endloop
  endfacet
  facet normal 0 -1 0
    outer loop
      vertex -14.325 -14.325 41.5
      vertex 14.325 -14.325 80
      vertex -14.325 -14.325 80
    endloop
  endfacet
  facet normal 0 -1 -0
    outer loop
      vertex 14.325 -14.325 80
      vertex -14.325 -14.325 41.5
      vertex 14.325 -14.325 41.5
    endloop
  endfacet
  facet normal 0 0 -1
    outer loop
      vertex 15.5 -15.5 38.5
      vertex 14.325 -14.325 38.5
      vertex 15.5 15.5 38.5
    endloop
  endfacet
  facet normal 0 0 -1
    outer loop
      vertex 15.5 -15.5 38.5
      vertex -14.325 -14.325 38.5
      vertex 14.325 -14.325 38.5
    endloop
  endfacet
  facet normal -0 0 -1
    outer loop
      vertex -14.325 -14.325 38.5
      vertex -15.5 -15.5 38.5
      vertex -14.325 14.325 38.5
    endloop
  endfacet
  facet normal 0 0 -1
    outer loop
      vertex -15.5 -15.5 38.5
      vertex -14.325 -14.325 38.5
      vertex 15.5 -15.5 38.5
    endloop
  endfacet
  facet normal 0 0 -1
    outer loop
      vertex 14.325 14.325 38.5
      vertex 15.5 15.5 38.5
      vertex 14.325 -14.325 38.5
    endloop
  endfacet
  facet normal 0 0 -1
    outer loop
      vertex -14.325 14.325 38.5
      vertex 15.5 15.5 38.5
      vertex 14.325 14.325 38.5
    endloop
  endfacet
  facet normal 0 0 -1
    outer loop
      vertex -14.325 14.325 38.5
      vertex -15.5 15.5 38.5
      vertex 15.5 15.5 38.5
    endloop
  endfacet
  facet normal 0 0 -1
    outer loop
      vertex -15.5 15.5 38.5
      vertex -14.325 14.325 38.5
      vertex -15.5 -15.5 38.5
    endloop
  endfacet
  facet normal -1 0 0
    outer loop
      vertex -15.5 -15.5 38.5
      vertex -15.5 15.5 41.5
      vertex -15.5 15.5 38.5
    endloop
  endfacet
  facet normal -1 -0 0
    outer loop
      vertex -15.5 15.5 41.5
      vertex -15.5 -15.5 38.5
      vertex -15.5 -15.5 41.5
    endloop
  endfacet
  facet normal 0 0 1
    outer loop
      vertex 15.5 15.5 41.5
      vertex 14.325 14.325 41.5
      vertex 15.5 -15.5 41.5
    endloop
  endfacet
  facet normal 0 0 1
    outer loop
      vertex 15.5 15.5 41.5
      vertex -14.325 14.325 41.5
      vertex 14.325 14.325 41.5
    endloop
  endfacet
  facet normal 0 0 1
    outer loop
      vertex -14.325 14.325 41.5
      vertex -15.5 15.5 41.5
      vertex -14.325 -14.325 41.5
    endloop
  endfacet
  facet normal -0 0 1
    outer loop
      vertex -15.5 15.5 41.5
      vertex -14.325 14.325 41.5
      vertex 15.5 15.5 41.5
    endloop
  endfacet
  facet normal -0 0 1
    outer loop
      vertex 14.325 -14.325 41.5
      vertex 15.5 -15.5 41.5
      vertex 14.325 14.325 41.5
    endloop
  endfacet
  facet normal -0 0 1
    outer loop
      vertex -14.325 -14.325 41.5
      vertex 15.5 -15.5 41.5
      vertex 14.325 -14.325 41.5
    endloop
  endfacet
  facet normal 0 0 1
    outer loop
      vertex -14.325 -14.325 41.5
      vertex -15.5 -15.5 41.5
      vertex 15.5 -15.5 41.5
    endloop
  endfacet
  facet normal 0 0 1
    outer loop
      vertex -15.5 -15.5 41.5
      vertex -14.325 -14.325 41.5
      vertex -15.5 15.5 41.5
    endloop
  endfacet
  facet normal 0 1 -0
    outer loop
      vertex 15.5 15.5 38.5
      vertex -15.5 15.5 41.5
      vertex 15.5 15.5 41.5
    endloop
  endfacet
  facet normal 0 1 0
    outer loop
      vertex -15.5 15.5 41.5
      vertex 15.5 15.5 38.5
      vertex -15.5 15.5 38.5
    endloop
  endfacet
  facet normal 1 -0 0
    outer loop
      vertex 15.5 -15.5 41.5
      vertex 15.5 15.5 38.5
      vertex 15.5 15.5 41.5
    endloop
  endfacet
  facet normal 1 0 0
    outer loop
      vertex 15.5 15.5 38.5
      vertex 15.5 -15.5 41.5
      vertex 15.5 -15.5 38.5
    endloop
  endfacet
  facet normal 0 -1 0
    outer loop
      vertex -15.5 -15.5 38.5
      vertex 15.5 -15.5 41.5
      vertex -15.5 -15.5 41.5
    endloop
  endfacet
  facet normal 0 -1 -0
    outer loop
      vertex 15.5 -15.5 41.5
      vertex -15.5 -15.5 38.5
      vertex 15.5 -15.5 38.5
    endloop
  endfacet
  facet normal -0 0.996195 0.0871511
    outer loop
      vertex 6.97935 -2.21582 18.1093
      vertex 10.925 -2.25 18.5
      vertex 10.925 -2.21582 18.1093
    endloop
  endfacet
  facet normal 0 0.996195 0.0871511
    outer loop
      vertex 10.925 -2.25 18.5
      vertex 6.97935 -2.21582 18.1093
      vertex 6.96885 -2.25 18.5
    endloop
  endfacet
  facet normal 0 0.996195 0.0871511
    outer loop
      vertex -6.97935 -2.21582 18.1093
      vertex -14.325 -2.25 18.5
      vertex -6.96885 -2.25 18.5
    endloop
  endfacet
  facet normal 0 0.996195 0.0871511
    outer loop
      vertex -14.325 -2.25 18.5
      vertex -6.97935 -2.21582 18.1093
      vertex -14.325 -2.21582 18.1093
    endloop
  endfacet
  facet normal 0 -0.422511 0.906358
    outer loop
      vertex 10.925 1.125 16.5514
      vertex 7.28389 0.769545 16.3857
      vertex 10.925 0.769545 16.3857
    endloop
  endfacet
  facet normal -0.000212245 -0.420724 0.907189
    outer loop
      vertex 10.925 1.125 16.5514
      vertex 7.28206 0.791971 16.3961
      vertex 7.28389 0.769545 16.3857
    endloop
  endfacet
  facet normal 0 -0.422632 0.906302
    outer loop
      vertex 7.28206 0.791971 16.3961
      vertex 10.925 1.125 16.5514
      vertex 7.23669 1.125 16.5514
    endloop
  endfacet
  facet normal 0 -0.422632 0.906302
    outer loop
      vertex -14.325 1.125 16.5514
      vertex -7.28206 0.791971 16.3961
      vertex -7.23669 1.125 16.5514
    endloop
  endfacet
  facet normal 0.000110177 -0.420717 0.907192
    outer loop
      vertex -14.325 1.125 16.5514
      vertex -7.28389 0.769545 16.3857
      vertex -7.28206 0.791971 16.3961
    endloop
  endfacet
  facet normal 0 -0.422511 0.906358
    outer loop
      vertex -7.28389 0.769545 16.3857
      vertex -14.325 1.125 16.5514
      vertex -14.325 0.769545 16.3857
    endloop
  endfacet
  facet normal 0 0.263438 0.964676
    outer loop
      vertex 7.31426 -0.396567 16.2858
      vertex 10.925 -0.390708 16.2842
      vertex 7.31442 -0.390708 16.2842
    endloop
  endfacet
  facet normal 8.08593e-06 0.258797 0.965932
    outer loop
      vertex 10.925 -0.390708 16.2842
      vertex 7.31426 -0.396567 16.2858
      vertex 10.925 -0.769545 16.3857
    endloop
  endfacet
  facet normal 0 0.258724 0.965951
    outer loop
      vertex 10.925 -0.769545 16.3857
      vertex 7.31426 -0.396567 16.2858
      vertex 7.28389 -0.769545 16.3857
    endloop
  endfacet
  facet normal -0 0.263438 0.964676
    outer loop
      vertex -14.325 -0.390708 16.2842
      vertex -7.31426 -0.396567 16.2858
      vertex -7.31442 -0.390708 16.2842
    endloop
  endfacet
  facet normal -4.16449e-06 0.258797 0.965932
    outer loop
      vertex -14.325 -0.769545 16.3857
      vertex -7.31426 -0.396567 16.2858
      vertex -14.325 -0.390708 16.2842
    endloop
  endfacet
  facet normal 0 0.258724 0.965951
    outer loop
      vertex -7.31426 -0.396567 16.2858
      vertex -14.325 -0.769545 16.3857
      vertex -7.28389 -0.769545 16.3857
    endloop
  endfacet
  facet normal 0 -0.0872 0.996191
    outer loop
      vertex 10.925 0.390708 16.2842
      vertex 7.325 0 16.25
      vertex 10.925 0 16.25
    endloop
  endfacet
  facet normal 0 -0.0872 0.996191
    outer loop
      vertex 7.325 0 16.25
      vertex 10.925 0.390708 16.2842
      vertex 7.31442 0.390708 16.2842
    endloop
  endfacet
  facet normal 0 -0.0872 0.996191
    outer loop
      vertex -14.325 0.390708 16.2842
      vertex -7.325 0 16.25
      vertex -7.31442 0.390708 16.2842
    endloop
  endfacet
  facet normal 0 -0.0872 0.996191
    outer loop
      vertex -7.325 0 16.25
      vertex -14.325 0.390708 16.2842
      vertex -14.325 0 16.25
    endloop
  endfacet
  facet normal 0 0.996195 -0.0871511
    outer loop
      vertex 10.925 -2.25 18.5
      vertex 6.97935 -2.21582 18.8907
      vertex 10.925 -2.21582 18.8907
    endloop
  endfacet
  facet normal 0 0.996195 -0.0871511
    outer loop
      vertex 6.97935 -2.21582 18.8907
      vertex 10.925 -2.25 18.5
      vertex 6.96885 -2.25 18.5
    endloop
  endfacet
  facet normal 0 0.996195 -0.0871511
    outer loop
      vertex -14.325 -2.25 18.5
      vertex -6.97935 -2.21582 18.8907
      vertex -6.96885 -2.25 18.5
    endloop
  endfacet
  facet normal 0 0.996195 -0.0871511
    outer loop
      vertex -6.97935 -2.21582 18.8907
      vertex -14.325 -2.25 18.5
      vertex -14.325 -2.21582 18.8907
    endloop
  endfacet
  facet normal 0 -0.906312 0.422609
    outer loop
      vertex 7.058 1.95964 17.3988
      vertex 10.925 2.11431 17.7305
      vertex 7.01051 2.11431 17.7305
    endloop
  endfacet
  facet normal 5.7642e-05 -0.906569 0.422057
    outer loop
      vertex 7.06076 1.94856 17.375
      vertex 10.925 2.11431 17.7305
      vertex 7.058 1.95964 17.3988
    endloop
  endfacet
  facet normal 0 -0.90633 0.422571
    outer loop
      vertex 10.925 2.11431 17.7305
      vertex 7.06076 1.94856 17.375
      vertex 10.925 1.94856 17.375
    endloop
  endfacet
  facet normal 0 -0.906312 0.422609
    outer loop
      vertex -14.325 2.11431 17.7305
      vertex -7.058 1.95964 17.3988
      vertex -7.01051 2.11431 17.7305
    endloop
  endfacet
  facet normal 0 -0.90633 0.422571
    outer loop
      vertex -7.06076 1.94856 17.375
      vertex -14.325 2.11431 17.7305
      vertex -14.325 1.94856 17.375
    endloop
  endfacet
  facet normal -3.08151e-05 -0.906571 0.422054
    outer loop
      vertex -14.325 2.11431 17.7305
      vertex -7.06076 1.94856 17.375
      vertex -7.058 1.95964 17.3988
    endloop
  endfacet
  facet normal -0 0.422511 0.906358
    outer loop
      vertex 7.28389 -0.769545 16.3857
      vertex 10.925 -1.125 16.5514
      vertex 10.925 -0.769545 16.3857
    endloop
  endfacet
  facet normal -0.000212245 0.420724 0.907189
    outer loop
      vertex 7.28206 -0.791971 16.3961
      vertex 10.925 -1.125 16.5514
      vertex 7.28389 -0.769545 16.3857
    endloop
  endfacet
  facet normal 0 0.422632 0.906302
    outer loop
      vertex 10.925 -1.125 16.5514
      vertex 7.28206 -0.791971 16.3961
      vertex 7.23669 -1.125 16.5514
    endloop
  endfacet
  facet normal 0 0.422511 0.906358
    outer loop
      vertex -14.325 -1.125 16.5514
      vertex -7.28389 -0.769545 16.3857
      vertex -14.325 -0.769545 16.3857
    endloop
  endfacet
  facet normal 0.000110177 0.420717 0.907192
    outer loop
      vertex -7.28389 -0.769545 16.3857
      vertex -14.325 -1.125 16.5514
      vertex -7.28206 -0.791971 16.3961
    endloop
  endfacet
  facet normal 0 0.422632 0.906302
    outer loop
      vertex -7.28206 -0.791971 16.3961
      vertex -14.325 -1.125 16.5514
      vertex -7.23669 -1.125 16.5514
    endloop
  endfacet
  facet normal -0 0.707069 0.707145
    outer loop
      vertex 7.17838 -1.44627 16.7764
      vertex 10.925 -1.7236 17.0537
      vertex 10.925 -1.44627 16.7764
    endloop
  endfacet
  facet normal 9.60191e-06 0.707133 0.70708
    outer loop
      vertex 7.15374 -1.57466 16.9048
      vertex 10.925 -1.7236 17.0537
      vertex 7.17838 -1.44627 16.7764
    endloop
  endfacet
  facet normal 0 0.707012 0.707202
    outer loop
      vertex 10.925 -1.7236 17.0537
      vertex 7.15374 -1.57466 16.9048
      vertex 7.1167 -1.7236 17.0537
    endloop
  endfacet
  facet normal 0 0.707069 0.707145
    outer loop
      vertex -14.325 -1.7236 17.0537
      vertex -7.17838 -1.44627 16.7764
      vertex -14.325 -1.44627 16.7764
    endloop
  endfacet
  facet normal -5.06757e-06 0.707134 0.70708
    outer loop
      vertex -7.17838 -1.44627 16.7764
      vertex -14.325 -1.7236 17.0537
      vertex -7.15374 -1.57466 16.9048
    endloop
  endfacet
  facet normal 0 0.707012 0.707202
    outer loop
      vertex -7.15374 -1.57466 16.9048
      vertex -14.325 -1.7236 17.0537
      vertex -7.1167 -1.7236 17.0537
    endloop
  endfacet
  facet normal -0 0.573652 0.819099
    outer loop
      vertex 7.23669 -1.125 16.5514
      vertex 10.925 -1.44627 16.7764
      vertex 10.925 -1.125 16.5514
    endloop
  endfacet
  facet normal 5.19429e-05 0.574052 0.818819
    outer loop
      vertex 7.2285 -1.18505 16.5935
      vertex 10.925 -1.44627 16.7764
      vertex 7.23669 -1.125 16.5514
    endloop
  endfacet
  facet normal 0 0.573559 0.819164
    outer loop
      vertex 10.925 -1.44627 16.7764
      vertex 7.2285 -1.18505 16.5935
      vertex 7.17838 -1.44627 16.7764
    endloop
  endfacet
  facet normal 0 0.573652 0.819099
    outer loop
      vertex -14.325 -1.44627 16.7764
      vertex -7.23669 -1.125 16.5514
      vertex -14.325 -1.125 16.5514
    endloop
  endfacet
  facet normal -2.71808e-05 0.574055 0.818817
    outer loop
      vertex -7.23669 -1.125 16.5514
      vertex -14.325 -1.44627 16.7764
      vertex -7.2285 -1.18505 16.5935
    endloop
  endfacet
  facet normal 0 0.573559 0.819164
    outer loop
      vertex -7.2285 -1.18505 16.5935
      vertex -14.325 -1.44627 16.7764
      vertex -7.17838 -1.44627 16.7764
    endloop
  endfacet
  facet normal -0 0.965919 0.258845
    outer loop
      vertex 7.01051 -2.11431 17.7305
      vertex 10.925 -2.21582 18.1093
      vertex 10.925 -2.11431 17.7305
    endloop
  endfacet
  facet normal 0 0.965919 0.258845
    outer loop
      vertex 10.925 -2.21582 18.1093
      vertex 7.01051 -2.11431 17.7305
      vertex 6.97935 -2.21582 18.1093
    endloop
  endfacet
  facet normal 0 0.965919 0.258845
    outer loop
      vertex -7.01051 -2.11431 17.7305
      vertex -14.325 -2.21582 18.1093
      vertex -6.97935 -2.21582 18.1093
    endloop
  endfacet
  facet normal 0 0.965919 0.258845
    outer loop
      vertex -14.325 -2.21582 18.1093
      vertex -7.01051 -2.11431 17.7305
      vertex -14.325 -2.11431 17.7305
    endloop
  endfacet
  facet normal 0 0.0872 -0.996191
    outer loop
      vertex 10.925 -0.390708 20.7158
      vertex 7.325 0 20.75
      vertex 10.925 0 20.75
    endloop
  endfacet
  facet normal 0 0.0872 -0.996191
    outer loop
      vertex 7.325 0 20.75
      vertex 10.925 -0.390708 20.7158
      vertex 7.31442 -0.390708 20.7158
    endloop
  endfacet
  facet normal 0 0.0872 -0.996191
    outer loop
      vertex -14.325 -0.390708 20.7158
      vertex -7.325 0 20.75
      vertex -7.31442 -0.390708 20.7158
    endloop
  endfacet
  facet normal 0 0.0872 -0.996191
    outer loop
      vertex -7.325 0 20.75
      vertex -14.325 -0.390708 20.7158
      vertex -14.325 0 20.75
    endloop
  endfacet
  facet normal -0 -0.819172 -0.573548
    outer loop
      vertex 10.925 1.94856 19.625
      vertex 7.1167 1.7236 19.9463
      vertex 7.06076 1.94856 19.625
    endloop
  endfacet
  facet normal 0 -0.819172 -0.573548
    outer loop
      vertex 7.1167 1.7236 19.9463
      vertex 10.925 1.94856 19.625
      vertex 10.925 1.7236 19.9463
    endloop
  endfacet
  facet normal 0 -0.819172 -0.573548
    outer loop
      vertex -14.325 1.94856 19.625
      vertex -7.1167 1.7236 19.9463
      vertex -14.325 1.7236 19.9463
    endloop
  endfacet
  facet normal 0 -0.819172 -0.573548
    outer loop
      vertex -7.1167 1.7236 19.9463
      vertex -14.325 1.94856 19.625
      vertex -7.06076 1.94856 19.625
    endloop
  endfacet
  facet normal 0 -0.573652 0.819099
    outer loop
      vertex 10.925 1.44627 16.7764
      vertex 7.23669 1.125 16.5514
      vertex 10.925 1.125 16.5514
    endloop
  endfacet
  facet normal 5.19429e-05 -0.574052 0.818819
    outer loop
      vertex 10.925 1.44627 16.7764
      vertex 7.2285 1.18505 16.5935
      vertex 7.23669 1.125 16.5514
    endloop
  endfacet
  facet normal 0 -0.573559 0.819164
    outer loop
      vertex 7.2285 1.18505 16.5935
      vertex 10.925 1.44627 16.7764
      vertex 7.17838 1.44627 16.7764
    endloop
  endfacet
  facet normal 0 -0.573559 0.819164
    outer loop
      vertex -14.325 1.44627 16.7764
      vertex -7.2285 1.18505 16.5935
      vertex -7.17838 1.44627 16.7764
    endloop
  endfacet
  facet normal -2.71808e-05 -0.574055 0.818817
    outer loop
      vertex -14.325 1.44627 16.7764
      vertex -7.23669 1.125 16.5514
      vertex -7.2285 1.18505 16.5935
    endloop
  endfacet
  facet normal 0 -0.573652 0.819099
    outer loop
      vertex -7.23669 1.125 16.5514
      vertex -14.325 1.44627 16.7764
      vertex -14.325 1.125 16.5514
    endloop
  endfacet
  facet normal -0 -0.965919 -0.258845
    outer loop
      vertex 10.925 2.21582 18.8907
      vertex 7.01051 2.11431 19.2695
      vertex 6.97935 2.21582 18.8907
    endloop
  endfacet
  facet normal 0 -0.965919 -0.258845
    outer loop
      vertex 7.01051 2.11431 19.2695
      vertex 10.925 2.21582 18.8907
      vertex 10.925 2.11431 19.2695
    endloop
  endfacet
  facet normal 0 -0.965919 -0.258845
    outer loop
      vertex -14.325 2.21582 18.8907
      vertex -7.01051 2.11431 19.2695
      vertex -14.325 2.11431 19.2695
    endloop
  endfacet
  facet normal 0 -0.965919 -0.258845
    outer loop
      vertex -7.01051 2.11431 19.2695
      vertex -14.325 2.21582 18.8907
      vertex -6.97935 2.21582 18.8907
    endloop
  endfacet
  facet normal -0 -0.996195 -0.0871511
    outer loop
      vertex 10.925 2.25 18.5
      vertex 6.97935 2.21582 18.8907
      vertex 6.96885 2.25 18.5
    endloop
  endfacet
  facet normal 0 -0.996195 -0.0871511
    outer loop
      vertex 6.97935 2.21582 18.8907
      vertex 10.925 2.25 18.5
      vertex 10.925 2.21582 18.8907
    endloop
  endfacet
  facet normal 0 -0.996195 -0.0871511
    outer loop
      vertex -14.325 2.25 18.5
      vertex -6.97935 2.21582 18.8907
      vertex -14.325 2.21582 18.8907
    endloop
  endfacet
  facet normal 0 -0.996195 -0.0871511
    outer loop
      vertex -6.97935 2.21582 18.8907
      vertex -14.325 2.25 18.5
      vertex -6.96885 2.25 18.5
    endloop
  endfacet
  facet normal -0 0.819172 0.573548
    outer loop
      vertex 7.1167 -1.7236 17.0537
      vertex 10.925 -1.94856 17.375
      vertex 10.925 -1.7236 17.0537
    endloop
  endfacet
  facet normal 0 0.819172 0.573548
    outer loop
      vertex 10.925 -1.94856 17.375
      vertex 7.1167 -1.7236 17.0537
      vertex 7.06076 -1.94856 17.375
    endloop
  endfacet
  facet normal 0 0.819172 0.573548
    outer loop
      vertex -7.1167 -1.7236 17.0537
      vertex -14.325 -1.94856 17.375
      vertex -7.06076 -1.94856 17.375
    endloop
  endfacet
  facet normal 0 0.819172 0.573548
    outer loop
      vertex -14.325 -1.94856 17.375
      vertex -7.1167 -1.7236 17.0537
      vertex -14.325 -1.7236 17.0537
    endloop
  endfacet
  facet normal 8.08593e-06 -0.258797 0.965932
    outer loop
      vertex 7.31426 0.396567 16.2858
      vertex 10.925 0.390708 16.2842
      vertex 10.925 0.769545 16.3857
    endloop
  endfacet
  facet normal 0 -0.263438 0.964676
    outer loop
      vertex 10.925 0.390708 16.2842
      vertex 7.31426 0.396567 16.2858
      vertex 7.31442 0.390708 16.2842
    endloop
  endfacet
  facet normal 0 -0.258724 0.965951
    outer loop
      vertex 7.31426 0.396567 16.2858
      vertex 10.925 0.769545 16.3857
      vertex 7.28389 0.769545 16.3857
    endloop
  endfacet
  facet normal 0 -0.258724 0.965951
    outer loop
      vertex -14.325 0.769545 16.3857
      vertex -7.31426 0.396567 16.2858
      vertex -7.28389 0.769545 16.3857
    endloop
  endfacet
  facet normal -4.16449e-06 -0.258797 0.965932
    outer loop
      vertex -14.325 0.390708 16.2842
      vertex -7.31426 0.396567 16.2858
      vertex -14.325 0.769545 16.3857
    endloop
  endfacet
  facet normal 0 -0.263438 0.964676
    outer loop
      vertex -7.31426 0.396567 16.2858
      vertex -14.325 0.390708 16.2842
      vertex -7.31442 0.390708 16.2842
    endloop
  endfacet
  facet normal 0 0.90633 -0.422571
    outer loop
      vertex 10.925 -2.11431 19.2695
      vertex 7.06076 -1.94856 19.625
      vertex 10.925 -1.94856 19.625
    endloop
  endfacet
  facet normal 5.7642e-05 0.906569 -0.422057
    outer loop
      vertex 7.06076 -1.94856 19.625
      vertex 10.925 -2.11431 19.2695
      vertex 7.058 -1.95964 19.6012
    endloop
  endfacet
  facet normal 0 0.906312 -0.422609
    outer loop
      vertex 7.058 -1.95964 19.6012
      vertex 10.925 -2.11431 19.2695
      vertex 7.01051 -2.11431 19.2695
    endloop
  endfacet
  facet normal -3.08151e-05 0.906571 -0.422054
    outer loop
      vertex -14.325 -2.11431 19.2695
      vertex -7.06076 -1.94856 19.625
      vertex -7.058 -1.95964 19.6012
    endloop
  endfacet
  facet normal 0 0.906312 -0.422609
    outer loop
      vertex -14.325 -2.11431 19.2695
      vertex -7.058 -1.95964 19.6012
      vertex -7.01051 -2.11431 19.2695
    endloop
  endfacet
  facet normal 0 0.90633 -0.422571
    outer loop
      vertex -7.06076 -1.94856 19.625
      vertex -14.325 -2.11431 19.2695
      vertex -14.325 -1.94856 19.625
    endloop
  endfacet
  facet normal 5.7642e-05 -0.906569 -0.422057
    outer loop
      vertex 10.925 2.11431 19.2695
      vertex 7.06076 1.94856 19.625
      vertex 7.058 1.95964 19.6012
    endloop
  endfacet
  facet normal -0 -0.906312 -0.422609
    outer loop
      vertex 10.925 2.11431 19.2695
      vertex 7.058 1.95964 19.6012
      vertex 7.01051 2.11431 19.2695
    endloop
  endfacet
  facet normal 0 -0.90633 -0.422571
    outer loop
      vertex 7.06076 1.94856 19.625
      vertex 10.925 2.11431 19.2695
      vertex 10.925 1.94856 19.625
    endloop
  endfacet
  facet normal 0 -0.90633 -0.422571
    outer loop
      vertex -14.325 2.11431 19.2695
      vertex -7.06076 1.94856 19.625
      vertex -14.325 1.94856 19.625
    endloop
  endfacet
  facet normal -3.08151e-05 -0.906571 -0.422054
    outer loop
      vertex -7.06076 1.94856 19.625
      vertex -14.325 2.11431 19.2695
      vertex -7.058 1.95964 19.6012
    endloop
  endfacet
  facet normal 0 -0.906312 -0.422609
    outer loop
      vertex -7.058 1.95964 19.6012
      vertex -14.325 2.11431 19.2695
      vertex -7.01051 2.11431 19.2695
    endloop
  endfacet
  facet normal 0 0.573652 -0.819099
    outer loop
      vertex 10.925 -1.44627 20.2236
      vertex 7.23669 -1.125 20.4486
      vertex 10.925 -1.125 20.4486
    endloop
  endfacet
  facet normal 5.19429e-05 0.574052 -0.818819
    outer loop
      vertex 10.925 -1.44627 20.2236
      vertex 7.2285 -1.18505 20.4065
      vertex 7.23669 -1.125 20.4486
    endloop
  endfacet
  facet normal 0 0.573559 -0.819164
    outer loop
      vertex 7.2285 -1.18505 20.4065
      vertex 10.925 -1.44627 20.2236
      vertex 7.17838 -1.44627 20.2236
    endloop
  endfacet
  facet normal 0 0.573559 -0.819164
    outer loop
      vertex -14.325 -1.44627 20.2236
      vertex -7.2285 -1.18505 20.4065
      vertex -7.17838 -1.44627 20.2236
    endloop
  endfacet
  facet normal -2.71808e-05 0.574055 -0.818817
    outer loop
      vertex -14.325 -1.44627 20.2236
      vertex -7.23669 -1.125 20.4486
      vertex -7.2285 -1.18505 20.4065
    endloop
  endfacet
  facet normal 0 0.573652 -0.819099
    outer loop
      vertex -7.23669 -1.125 20.4486
      vertex -14.325 -1.44627 20.2236
      vertex -14.325 -1.125 20.4486
    endloop
  endfacet
  facet normal 0 -0.0872 -0.996191
    outer loop
      vertex 7.325 0 20.75
      vertex 10.925 0.390708 20.7158
      vertex 10.925 0 20.75
    endloop
  endfacet
  facet normal -0 -0.0872 -0.996191
    outer loop
      vertex 10.925 0.390708 20.7158
      vertex 7.325 0 20.75
      vertex 7.31442 0.390708 20.7158
    endloop
  endfacet
  facet normal 0 -0.0872 -0.996191
    outer loop
      vertex -14.325 0.390708 20.7158
      vertex -7.325 0 20.75
      vertex -14.325 0 20.75
    endloop
  endfacet
  facet normal 0 -0.0872 -0.996191
    outer loop
      vertex -7.325 0 20.75
      vertex -14.325 0.390708 20.7158
      vertex -7.31442 0.390708 20.7158
    endloop
  endfacet
  facet normal 0 -0.707069 0.707145
    outer loop
      vertex 10.925 1.7236 17.0537
      vertex 7.17838 1.44627 16.7764
      vertex 10.925 1.44627 16.7764
    endloop
  endfacet
  facet normal 9.60191e-06 -0.707133 0.70708
    outer loop
      vertex 10.925 1.7236 17.0537
      vertex 7.15374 1.57466 16.9048
      vertex 7.17838 1.44627 16.7764
    endloop
  endfacet
  facet normal 0 -0.707012 0.707202
    outer loop
      vertex 7.15374 1.57466 16.9048
      vertex 10.925 1.7236 17.0537
      vertex 7.1167 1.7236 17.0537
    endloop
  endfacet
  facet normal 0 -0.707012 0.707202
    outer loop
      vertex -14.325 1.7236 17.0537
      vertex -7.15374 1.57466 16.9048
      vertex -7.1167 1.7236 17.0537
    endloop
  endfacet
  facet normal -5.06757e-06 -0.707134 0.70708
    outer loop
      vertex -14.325 1.7236 17.0537
      vertex -7.17838 1.44627 16.7764
      vertex -7.15374 1.57466 16.9048
    endloop
  endfacet
  facet normal 0 -0.707069 0.707145
    outer loop
      vertex -7.17838 1.44627 16.7764
      vertex -14.325 1.7236 17.0537
      vertex -14.325 1.44627 16.7764
    endloop
  endfacet
  facet normal 0 -0.573652 -0.819099
    outer loop
      vertex 7.23669 1.125 20.4486
      vertex 10.925 1.44627 20.2236
      vertex 10.925 1.125 20.4486
    endloop
  endfacet
  facet normal 5.19429e-05 -0.574052 -0.818819
    outer loop
      vertex 7.2285 1.18505 20.4065
      vertex 10.925 1.44627 20.2236
      vertex 7.23669 1.125 20.4486
    endloop
  endfacet
  facet normal -0 -0.573559 -0.819164
    outer loop
      vertex 10.925 1.44627 20.2236
      vertex 7.2285 1.18505 20.4065
      vertex 7.17838 1.44627 20.2236
    endloop
  endfacet
  facet normal 0 -0.573652 -0.819099
    outer loop
      vertex -14.325 1.44627 20.2236
      vertex -7.23669 1.125 20.4486
      vertex -14.325 1.125 20.4486
    endloop
  endfacet
  facet normal -2.71808e-05 -0.574055 -0.818817
    outer loop
      vertex -7.23669 1.125 20.4486
      vertex -14.325 1.44627 20.2236
      vertex -7.2285 1.18505 20.4065
    endloop
  endfacet
  facet normal 0 -0.573559 -0.819164
    outer loop
      vertex -7.2285 1.18505 20.4065
      vertex -14.325 1.44627 20.2236
      vertex -7.17838 1.44627 20.2236
    endloop
  endfacet
  facet normal 0 -0.819172 0.573548
    outer loop
      vertex 7.1167 1.7236 17.0537
      vertex 10.925 1.94856 17.375
      vertex 7.06076 1.94856 17.375
    endloop
  endfacet
  facet normal 0 -0.819172 0.573548
    outer loop
      vertex 10.925 1.94856 17.375
      vertex 7.1167 1.7236 17.0537
      vertex 10.925 1.7236 17.0537
    endloop
  endfacet
  facet normal 0 -0.819172 0.573548
    outer loop
      vertex -7.1167 1.7236 17.0537
      vertex -14.325 1.94856 17.375
      vertex -14.325 1.7236 17.0537
    endloop
  endfacet
  facet normal 0 -0.819172 0.573548
    outer loop
      vertex -14.325 1.94856 17.375
      vertex -7.1167 1.7236 17.0537
      vertex -7.06076 1.94856 17.375
    endloop
  endfacet
  facet normal 0 -0.422511 -0.906358
    outer loop
      vertex 7.28389 0.769545 20.6143
      vertex 10.925 1.125 20.4486
      vertex 10.925 0.769545 20.6143
    endloop
  endfacet
  facet normal -0.000212245 -0.420724 -0.907189
    outer loop
      vertex 7.28206 0.791971 20.6039
      vertex 10.925 1.125 20.4486
      vertex 7.28389 0.769545 20.6143
    endloop
  endfacet
  facet normal -0 -0.422632 -0.906302
    outer loop
      vertex 10.925 1.125 20.4486
      vertex 7.28206 0.791971 20.6039
      vertex 7.23669 1.125 20.4486
    endloop
  endfacet
  facet normal 0 -0.422511 -0.906358
    outer loop
      vertex -14.325 1.125 20.4486
      vertex -7.28389 0.769545 20.6143
      vertex -14.325 0.769545 20.6143
    endloop
  endfacet
  facet normal 0.000110177 -0.420717 -0.907192
    outer loop
      vertex -7.28389 0.769545 20.6143
      vertex -14.325 1.125 20.4486
      vertex -7.28206 0.791971 20.6039
    endloop
  endfacet
  facet normal 0 -0.422632 -0.906302
    outer loop
      vertex -7.28206 0.791971 20.6039
      vertex -14.325 1.125 20.4486
      vertex -7.23669 1.125 20.4486
    endloop
  endfacet
  facet normal -0 0.0872 0.996191
    outer loop
      vertex 7.325 0 16.25
      vertex 10.925 -0.390708 16.2842
      vertex 10.925 0 16.25
    endloop
  endfacet
  facet normal 0 0.0872 0.996191
    outer loop
      vertex 10.925 -0.390708 16.2842
      vertex 7.325 0 16.25
      vertex 7.31442 -0.390708 16.2842
    endloop
  endfacet
  facet normal 0 0.0872 0.996191
    outer loop
      vertex -14.325 -0.390708 16.2842
      vertex -7.325 0 16.25
      vertex -14.325 0 16.25
    endloop
  endfacet
  facet normal 0 0.0872 0.996191
    outer loop
      vertex -7.325 0 16.25
      vertex -14.325 -0.390708 16.2842
      vertex -7.31442 -0.390708 16.2842
    endloop
  endfacet
  facet normal 8.08593e-06 0.258797 -0.965932
    outer loop
      vertex 7.31426 -0.396567 20.7142
      vertex 10.925 -0.390708 20.7158
      vertex 10.925 -0.769545 20.6143
    endloop
  endfacet
  facet normal 0 0.263438 -0.964676
    outer loop
      vertex 10.925 -0.390708 20.7158
      vertex 7.31426 -0.396567 20.7142
      vertex 7.31442 -0.390708 20.7158
    endloop
  endfacet
  facet normal 0 0.258724 -0.965951
    outer loop
      vertex 7.31426 -0.396567 20.7142
      vertex 10.925 -0.769545 20.6143
      vertex 7.28389 -0.769545 20.6143
    endloop
  endfacet
  facet normal 0 0.258724 -0.965951
    outer loop
      vertex -14.325 -0.769545 20.6143
      vertex -7.31426 -0.396567 20.7142
      vertex -7.28389 -0.769545 20.6143
    endloop
  endfacet
  facet normal -4.16449e-06 0.258797 -0.965932
    outer loop
      vertex -14.325 -0.390708 20.7158
      vertex -7.31426 -0.396567 20.7142
      vertex -14.325 -0.769545 20.6143
    endloop
  endfacet
  facet normal 0 0.263438 -0.964676
    outer loop
      vertex -7.31426 -0.396567 20.7142
      vertex -14.325 -0.390708 20.7158
      vertex -7.31442 -0.390708 20.7158
    endloop
  endfacet
  facet normal 0 0.422511 -0.906358
    outer loop
      vertex 10.925 -1.125 20.4486
      vertex 7.28389 -0.769545 20.6143
      vertex 10.925 -0.769545 20.6143
    endloop
  endfacet
  facet normal -0.000212245 0.420724 -0.907189
    outer loop
      vertex 10.925 -1.125 20.4486
      vertex 7.28206 -0.791971 20.6039
      vertex 7.28389 -0.769545 20.6143
    endloop
  endfacet
  facet normal 0 0.422632 -0.906302
    outer loop
      vertex 7.28206 -0.791971 20.6039
      vertex 10.925 -1.125 20.4486
      vertex 7.23669 -1.125 20.4486
    endloop
  endfacet
  facet normal 0 0.422632 -0.906302
    outer loop
      vertex -14.325 -1.125 20.4486
      vertex -7.28206 -0.791971 20.6039
      vertex -7.23669 -1.125 20.4486
    endloop
  endfacet
  facet normal 0.000110177 0.420717 -0.907192
    outer loop
      vertex -14.325 -1.125 20.4486
      vertex -7.28389 -0.769545 20.6143
      vertex -7.28206 -0.791971 20.6039
    endloop
  endfacet
  facet normal 0 0.422511 -0.906358
    outer loop
      vertex -7.28389 -0.769545 20.6143
      vertex -14.325 -1.125 20.4486
      vertex -14.325 -0.769545 20.6143
    endloop
  endfacet
  facet normal 0 0.965919 -0.258845
    outer loop
      vertex 10.925 -2.21582 18.8907
      vertex 7.01051 -2.11431 19.2695
      vertex 10.925 -2.11431 19.2695
    endloop
  endfacet
  facet normal 0 0.965919 -0.258845
    outer loop
      vertex 7.01051 -2.11431 19.2695
      vertex 10.925 -2.21582 18.8907
      vertex 6.97935 -2.21582 18.8907
    endloop
  endfacet
  facet normal 0 0.965919 -0.258845
    outer loop
      vertex -14.325 -2.21582 18.8907
      vertex -7.01051 -2.11431 19.2695
      vertex -6.97935 -2.21582 18.8907
    endloop
  endfacet
  facet normal 0 0.965919 -0.258845
    outer loop
      vertex -7.01051 -2.11431 19.2695
      vertex -14.325 -2.21582 18.8907
      vertex -14.325 -2.11431 19.2695
    endloop
  endfacet
  facet normal 0 -0.965919 0.258845
    outer loop
      vertex 7.01051 2.11431 17.7305
      vertex 10.925 2.21582 18.1093
      vertex 6.97935 2.21582 18.1093
    endloop
  endfacet
  facet normal 0 -0.965919 0.258845
    outer loop
      vertex 10.925 2.21582 18.1093
      vertex 7.01051 2.11431 17.7305
      vertex 10.925 2.11431 17.7305
    endloop
  endfacet
  facet normal 0 -0.965919 0.258845
    outer loop
      vertex -7.01051 2.11431 17.7305
      vertex -14.325 2.21582 18.1093
      vertex -14.325 2.11431 17.7305
    endloop
  endfacet
  facet normal 0 -0.965919 0.258845
    outer loop
      vertex -14.325 2.21582 18.1093
      vertex -7.01051 2.11431 17.7305
      vertex -6.97935 2.21582 18.1093
    endloop
  endfacet
  facet normal 0 -0.996195 0.0871511
    outer loop
      vertex 6.97935 2.21582 18.1093
      vertex 10.925 2.25 18.5
      vertex 6.96885 2.25 18.5
    endloop
  endfacet
  facet normal 0 -0.996195 0.0871511
    outer loop
      vertex 10.925 2.25 18.5
      vertex 6.97935 2.21582 18.1093
      vertex 10.925 2.21582 18.1093
    endloop
  endfacet
  facet normal 0 -0.996195 0.0871511
    outer loop
      vertex -6.97935 2.21582 18.1093
      vertex -14.325 2.25 18.5
      vertex -14.325 2.21582 18.1093
    endloop
  endfacet
  facet normal 0 -0.996195 0.0871511
    outer loop
      vertex -14.325 2.25 18.5
      vertex -6.97935 2.21582 18.1093
      vertex -6.96885 2.25 18.5
    endloop
  endfacet
  facet normal 0 0.707069 -0.707145
    outer loop
      vertex 10.925 -1.7236 19.9463
      vertex 7.17838 -1.44627 20.2236
      vertex 10.925 -1.44627 20.2236
    endloop
  endfacet
  facet normal 9.60191e-06 0.707133 -0.70708
    outer loop
      vertex 10.925 -1.7236 19.9463
      vertex 7.15374 -1.57466 20.0952
      vertex 7.17838 -1.44627 20.2236
    endloop
  endfacet
  facet normal 0 0.707012 -0.707202
    outer loop
      vertex 7.15374 -1.57466 20.0952
      vertex 10.925 -1.7236 19.9463
      vertex 7.1167 -1.7236 19.9463
    endloop
  endfacet
  facet normal 0 0.707012 -0.707202
    outer loop
      vertex -14.325 -1.7236 19.9463
      vertex -7.15374 -1.57466 20.0952
      vertex -7.1167 -1.7236 19.9463
    endloop
  endfacet
  facet normal -5.06757e-06 0.707134 -0.70708
    outer loop
      vertex -14.325 -1.7236 19.9463
      vertex -7.17838 -1.44627 20.2236
      vertex -7.15374 -1.57466 20.0952
    endloop
  endfacet
  facet normal 0 0.707069 -0.707145
    outer loop
      vertex -7.17838 -1.44627 20.2236
      vertex -14.325 -1.7236 19.9463
      vertex -14.325 -1.44627 20.2236
    endloop
  endfacet
  facet normal 0 0.906312 0.422609
    outer loop
      vertex 10.925 -2.11431 17.7305
      vertex 7.058 -1.95964 17.3988
      vertex 7.01051 -2.11431 17.7305
    endloop
  endfacet
  facet normal -0 0.90633 0.422571
    outer loop
      vertex 7.06076 -1.94856 17.375
      vertex 10.925 -2.11431 17.7305
      vertex 10.925 -1.94856 17.375
    endloop
  endfacet
  facet normal 5.7642e-05 0.906569 0.422057
    outer loop
      vertex 10.925 -2.11431 17.7305
      vertex 7.06076 -1.94856 17.375
      vertex 7.058 -1.95964 17.3988
    endloop
  endfacet
  facet normal 0 0.906312 0.422609
    outer loop
      vertex -7.058 -1.95964 17.3988
      vertex -14.325 -2.11431 17.7305
      vertex -7.01051 -2.11431 17.7305
    endloop
  endfacet
  facet normal -3.08151e-05 0.906571 0.422054
    outer loop
      vertex -7.06076 -1.94856 17.375
      vertex -14.325 -2.11431 17.7305
      vertex -7.058 -1.95964 17.3988
    endloop
  endfacet
  facet normal 0 0.90633 0.422571
    outer loop
      vertex -14.325 -2.11431 17.7305
      vertex -7.06076 -1.94856 17.375
      vertex -14.325 -1.94856 17.375
    endloop
  endfacet
  facet normal 0 -0.263438 -0.964676
    outer loop
      vertex 7.31426 0.396567 20.7142
      vertex 10.925 0.390708 20.7158
      vertex 7.31442 0.390708 20.7158
    endloop
  endfacet
  facet normal 8.08593e-06 -0.258797 -0.965932
    outer loop
      vertex 10.925 0.390708 20.7158
      vertex 7.31426 0.396567 20.7142
      vertex 10.925 0.769545 20.6143
    endloop
  endfacet
  facet normal -0 -0.258724 -0.965951
    outer loop
      vertex 10.925 0.769545 20.6143
      vertex 7.31426 0.396567 20.7142
      vertex 7.28389 0.769545 20.6143
    endloop
  endfacet
  facet normal 0 -0.263438 -0.964676
    outer loop
      vertex -14.325 0.390708 20.7158
      vertex -7.31426 0.396567 20.7142
      vertex -7.31442 0.390708 20.7158
    endloop
  endfacet
  facet normal -4.16449e-06 -0.258797 -0.965932
    outer loop
      vertex -14.325 0.769545 20.6143
      vertex -7.31426 0.396567 20.7142
      vertex -14.325 0.390708 20.7158
    endloop
  endfacet
  facet normal 0 -0.258724 -0.965951
    outer loop
      vertex -7.31426 0.396567 20.7142
      vertex -14.325 0.769545 20.6143
      vertex -7.28389 0.769545 20.6143
    endloop
  endfacet
  facet normal 0 0.819172 -0.573548
    outer loop
      vertex 10.925 -1.94856 19.625
      vertex 7.1167 -1.7236 19.9463
      vertex 10.925 -1.7236 19.9463
    endloop
  endfacet
  facet normal 0 0.819172 -0.573548
    outer loop
      vertex 7.1167 -1.7236 19.9463
      vertex 10.925 -1.94856 19.625
      vertex 7.06076 -1.94856 19.625
    endloop
  endfacet
  facet normal 0 0.819172 -0.573548
    outer loop
      vertex -14.325 -1.94856 19.625
      vertex -7.1167 -1.7236 19.9463
      vertex -7.06076 -1.94856 19.625
    endloop
  endfacet
  facet normal 0 0.819172 -0.573548
    outer loop
      vertex -7.1167 -1.7236 19.9463
      vertex -14.325 -1.94856 19.625
      vertex -14.325 -1.7236 19.9463
    endloop
  endfacet
  facet normal 0 -0.707069 -0.707145
    outer loop
      vertex 7.17838 1.44627 20.2236
      vertex 10.925 1.7236 19.9463
      vertex 10.925 1.44627 20.2236
    endloop
  endfacet
  facet normal 9.60191e-06 -0.707133 -0.70708
    outer loop
      vertex 7.15374 1.57466 20.0952
      vertex 10.925 1.7236 19.9463
      vertex 7.17838 1.44627 20.2236
    endloop
  endfacet
  facet normal -0 -0.707012 -0.707202
    outer loop
      vertex 10.925 1.7236 19.9463
      vertex 7.15374 1.57466 20.0952
      vertex 7.1167 1.7236 19.9463
    endloop
  endfacet
  facet normal 0 -0.707069 -0.707145
    outer loop
      vertex -14.325 1.7236 19.9463
      vertex -7.17838 1.44627 20.2236
      vertex -14.325 1.44627 20.2236
    endloop
  endfacet
  facet normal -5.06757e-06 -0.707134 -0.70708
    outer loop
      vertex -7.17838 1.44627 20.2236
      vertex -14.325 1.7236 19.9463
      vertex -7.15374 1.57466 20.0952
    endloop
  endfacet
  facet normal 0 -0.707012 -0.707202
    outer loop
      vertex -7.15374 1.57466 20.0952
      vertex -14.325 1.7236 19.9463
      vertex -7.1167 1.7236 19.9463
    endloop
  endfacet
  facet normal -0 0.500014 0.866017
    outer loop
      vertex 10.925 0 14.4585
      vertex 14.325 -3.5 16.4793
      vertex 14.325 0 14.4585
    endloop
  endfacet
  facet normal 0 0.500014 0.866017
    outer loop
      vertex 14.325 -3.5 16.4793
      vertex 10.925 0 14.4585
      vertex 10.925 -3.5 16.4793
    endloop
  endfacet
  facet normal 0 -0.500014 -0.866017
    outer loop
      vertex 10.925 0 22.5415
      vertex 14.325 3.5 20.5207
      vertex 14.325 0 22.5415
    endloop
  endfacet
  facet normal -0 -0.500014 -0.866017
    outer loop
      vertex 14.325 3.5 20.5207
      vertex 10.925 0 22.5415
      vertex 10.925 3.5 20.5207
    endloop
  endfacet
  facet normal 1 0 0
    outer loop
      vertex 10.925 3.5 20.5207
      vertex 10.925 2.25 18.5
      vertex 10.925 3.5 16.4793
    endloop
  endfacet
  facet normal 1 0 0
    outer loop
      vertex 10.925 3.5 20.5207
      vertex 10.925 2.21582 18.8907
      vertex 10.925 2.25 18.5
    endloop
  endfacet
  facet normal 1 0 0
    outer loop
      vertex 10.925 3.5 20.5207
      vertex 10.925 2.11431 19.2695
      vertex 10.925 2.21582 18.8907
    endloop
  endfacet
  facet normal 1 0 0
    outer loop
      vertex 10.925 3.5 20.5207
      vertex 10.925 1.94856 19.625
      vertex 10.925 2.11431 19.2695
    endloop
  endfacet
  facet normal 1 0 0
    outer loop
      vertex 10.925 3.5 20.5207
      vertex 10.925 1.7236 19.9463
      vertex 10.925 1.94856 19.625
    endloop
  endfacet
  facet normal 1 0 0
    outer loop
      vertex 10.925 3.5 20.5207
      vertex 10.925 1.44627 20.2236
      vertex 10.925 1.7236 19.9463
    endloop
  endfacet
  facet normal 1 0 0
    outer loop
      vertex 10.925 3.5 20.5207
      vertex 10.925 1.125 20.4486
      vertex 10.925 1.44627 20.2236
    endloop
  endfacet
  facet normal 1 0 0
    outer loop
      vertex 10.925 0 22.5415
      vertex 10.925 1.125 20.4486
      vertex 10.925 3.5 20.5207
    endloop
  endfacet
  facet normal 1 0 0
    outer loop
      vertex 10.925 1.125 20.4486
      vertex 10.925 0 22.5415
      vertex 10.925 0.769545 20.6143
    endloop
  endfacet
  facet normal 1 0 0
    outer loop
      vertex 10.925 0.769545 20.6143
      vertex 10.925 0 22.5415
      vertex 10.925 0.390708 20.7158
    endloop
  endfacet
  facet normal 1 0 0
    outer loop
      vertex 10.925 0 22.5415
      vertex 10.925 0 20.75
      vertex 10.925 0.390708 20.7158
    endloop
  endfacet
  facet normal 1 0 0
    outer loop
      vertex 10.925 0 22.5415
      vertex 10.925 -0.390708 20.7158
      vertex 10.925 0 20.75
    endloop
  endfacet
  facet normal 1 0 0
    outer loop
      vertex 10.925 0 22.5415
      vertex 10.925 -0.769545 20.6143
      vertex 10.925 -0.390708 20.7158
    endloop
  endfacet
  facet normal 1 0 0
    outer loop
      vertex 10.925 0 22.5415
      vertex 10.925 -1.125 20.4486
      vertex 10.925 -0.769545 20.6143
    endloop
  endfacet
  facet normal 1 -0 0
    outer loop
      vertex 10.925 -3.5 20.5207
      vertex 10.925 -1.125 20.4486
      vertex 10.925 0 22.5415
    endloop
  endfacet
  facet normal 1 0 0
    outer loop
      vertex 10.925 -1.125 20.4486
      vertex 10.925 -3.5 20.5207
      vertex 10.925 -1.44627 20.2236
    endloop
  endfacet
  facet normal 1 0 0
    outer loop
      vertex 10.925 -1.44627 20.2236
      vertex 10.925 -3.5 20.5207
      vertex 10.925 -1.7236 19.9463
    endloop
  endfacet
  facet normal 1 0 0
    outer loop
      vertex 10.925 -2.21582 18.8907
      vertex 10.925 -3.5 20.5207
      vertex 10.925 -2.25 18.5
    endloop
  endfacet
  facet normal 1 0 0
    outer loop
      vertex 10.925 -2.11431 19.2695
      vertex 10.925 -3.5 20.5207
      vertex 10.925 -2.21582 18.8907
    endloop
  endfacet
  facet normal 1 0 0
    outer loop
      vertex 10.925 -1.94856 19.625
      vertex 10.925 -3.5 20.5207
      vertex 10.925 -2.11431 19.2695
    endloop
  endfacet
  facet normal 1 0 0
    outer loop
      vertex 10.925 -1.7236 19.9463
      vertex 10.925 -3.5 20.5207
      vertex 10.925 -1.94856 19.625
    endloop
  endfacet
  facet normal 1 -0 0
    outer loop
      vertex 10.925 2.21582 18.1093
      vertex 10.925 3.5 16.4793
      vertex 10.925 2.25 18.5
    endloop
  endfacet
  facet normal 1 -0 0
    outer loop
      vertex 10.925 2.11431 17.7305
      vertex 10.925 3.5 16.4793
      vertex 10.925 2.21582 18.1093
    endloop
  endfacet
  facet normal 1 -0 0
    outer loop
      vertex 10.925 1.94856 17.375
      vertex 10.925 3.5 16.4793
      vertex 10.925 2.11431 17.7305
    endloop
  endfacet
  facet normal 1 -0 0
    outer loop
      vertex 10.925 1.7236 17.0537
      vertex 10.925 3.5 16.4793
      vertex 10.925 1.94856 17.375
    endloop
  endfacet
  facet normal 1 -0 0
    outer loop
      vertex 10.925 1.44627 16.7764
      vertex 10.925 3.5 16.4793
      vertex 10.925 1.7236 17.0537
    endloop
  endfacet
  facet normal 1 -0 0
    outer loop
      vertex 10.925 1.125 16.5514
      vertex 10.925 3.5 16.4793
      vertex 10.925 1.44627 16.7764
    endloop
  endfacet
  facet normal 1 0 0
    outer loop
      vertex 10.925 0 14.4585
      vertex 10.925 1.125 16.5514
      vertex 10.925 0.769545 16.3857
    endloop
  endfacet
  facet normal 1 0 0
    outer loop
      vertex 10.925 0 14.4585
      vertex 10.925 0.769545 16.3857
      vertex 10.925 0.390708 16.2842
    endloop
  endfacet
  facet normal 1 0 0
    outer loop
      vertex 10.925 0 14.4585
      vertex 10.925 0.390708 16.2842
      vertex 10.925 0 16.25
    endloop
  endfacet
  facet normal 1 0 0
    outer loop
      vertex 10.925 1.125 16.5514
      vertex 10.925 0 14.4585
      vertex 10.925 3.5 16.4793
    endloop
  endfacet
  facet normal 1 0 0
    outer loop
      vertex 10.925 -0.390708 16.2842
      vertex 10.925 0 14.4585
      vertex 10.925 0 16.25
    endloop
  endfacet
  facet normal 1 0 0
    outer loop
      vertex 10.925 -0.769545 16.3857
      vertex 10.925 0 14.4585
      vertex 10.925 -0.390708 16.2842
    endloop
  endfacet
  facet normal 1 0 0
    outer loop
      vertex 10.925 -1.125 16.5514
      vertex 10.925 0 14.4585
      vertex 10.925 -0.769545 16.3857
    endloop
  endfacet
  facet normal 1 0 0
    outer loop
      vertex 10.925 -3.5 16.4793
      vertex 10.925 -1.125 16.5514
      vertex 10.925 -1.44627 16.7764
    endloop
  endfacet
  facet normal 1 0 0
    outer loop
      vertex 10.925 -3.5 16.4793
      vertex 10.925 -1.44627 16.7764
      vertex 10.925 -1.7236 17.0537
    endloop
  endfacet
  facet normal 1 0 0
    outer loop
      vertex 10.925 -3.5 16.4793
      vertex 10.925 -1.7236 17.0537
      vertex 10.925 -1.94856 17.375
    endloop
  endfacet
  facet normal 1 0 0
    outer loop
      vertex 10.925 -3.5 16.4793
      vertex 10.925 -2.25 18.5
      vertex 10.925 -3.5 20.5207
    endloop
  endfacet
  facet normal 1 0 0
    outer loop
      vertex 10.925 -2.25 18.5
      vertex 10.925 -3.5 16.4793
      vertex 10.925 -2.21582 18.1093
    endloop
  endfacet
  facet normal 1 0 0
    outer loop
      vertex 10.925 -2.21582 18.1093
      vertex 10.925 -3.5 16.4793
      vertex 10.925 -2.11431 17.7305
    endloop
  endfacet
  facet normal 1 0 0
    outer loop
      vertex 10.925 -1.125 16.5514
      vertex 10.925 -3.5 16.4793
      vertex 10.925 0 14.4585
    endloop
  endfacet
  facet normal 1 0 0
    outer loop
      vertex 10.925 -2.11431 17.7305
      vertex 10.925 -3.5 16.4793
      vertex 10.925 -1.94856 17.375
    endloop
  endfacet
  facet normal 0 1 -0
    outer loop
      vertex 14.325 -3.5 16.4793
      vertex 10.925 -3.5 20.5207
      vertex 14.325 -3.5 20.5207
    endloop
  endfacet
  facet normal 0 1 0
    outer loop
      vertex 10.925 -3.5 20.5207
      vertex 14.325 -3.5 16.4793
      vertex 10.925 -3.5 16.4793
    endloop
  endfacet
  facet normal 0 -0.500014 0.866017
    outer loop
      vertex 10.925 3.5 16.4793
      vertex 14.325 0 14.4585
      vertex 14.325 3.5 16.4793
    endloop
  endfacet
  facet normal 0 -0.500014 0.866017
    outer loop
      vertex 14.325 0 14.4585
      vertex 10.925 3.5 16.4793
      vertex 10.925 0 14.4585
    endloop
  endfacet
  facet normal 0 -1 0
    outer loop
      vertex 10.925 3.5 16.4793
      vertex 14.325 3.5 20.5207
      vertex 10.925 3.5 20.5207
    endloop
  endfacet
  facet normal 0 -1 -0
    outer loop
      vertex 14.325 3.5 20.5207
      vertex 10.925 3.5 16.4793
      vertex 14.325 3.5 16.4793
    endloop
  endfacet
  facet normal 0 0.500014 -0.866017
    outer loop
      vertex 10.925 -3.5 20.5207
      vertex 14.325 0 22.5415
      vertex 14.325 -3.5 20.5207
    endloop
  endfacet
  facet normal 0 0.500014 -0.866017
    outer loop
      vertex 14.325 0 22.5415
      vertex 10.925 -3.5 20.5207
      vertex 10.925 0 22.5415
    endloop
  endfacet
  facet normal -0 0.996195 0.0871511
    outer loop
      vertex 6.97935 -2.21582 61.1093
      vertex 10.925 -2.25 61.5
      vertex 10.925 -2.21582 61.1093
    endloop
  endfacet
  facet normal 0 0.996195 0.0871511
    outer loop
      vertex 10.925 -2.25 61.5
      vertex 6.97935 -2.21582 61.1093
      vertex 6.96885 -2.25 61.5
    endloop
  endfacet
  facet normal 0 0.996195 0.0871511
    outer loop
      vertex -6.97935 -2.21582 61.1093
      vertex -14.325 -2.25 61.5
      vertex -6.96885 -2.25 61.5
    endloop
  endfacet
  facet normal 0 0.996195 0.0871511
    outer loop
      vertex -14.325 -2.25 61.5
      vertex -6.97935 -2.21582 61.1093
      vertex -14.325 -2.21582 61.1093
    endloop
  endfacet
  facet normal 0 -0.422511 0.906358
    outer loop
      vertex 10.925 1.125 59.5514
      vertex 7.28389 0.769545 59.3857
      vertex 10.925 0.769545 59.3857
    endloop
  endfacet
  facet normal -0.000212245 -0.420724 0.907189
    outer loop
      vertex 10.925 1.125 59.5514
      vertex 7.28206 0.791971 59.3961
      vertex 7.28389 0.769545 59.3857
    endloop
  endfacet
  facet normal 0 -0.422632 0.906302
    outer loop
      vertex 7.28206 0.791971 59.3961
      vertex 10.925 1.125 59.5514
      vertex 7.23669 1.125 59.5514
    endloop
  endfacet
  facet normal 0 -0.422632 0.906302
    outer loop
      vertex -14.325 1.125 59.5514
      vertex -7.28206 0.791971 59.3961
      vertex -7.23669 1.125 59.5514
    endloop
  endfacet
  facet normal 0.000110177 -0.420717 0.907192
    outer loop
      vertex -14.325 1.125 59.5514
      vertex -7.28389 0.769545 59.3857
      vertex -7.28206 0.791971 59.3961
    endloop
  endfacet
  facet normal 0 -0.422511 0.906358
    outer loop
      vertex -7.28389 0.769545 59.3857
      vertex -14.325 1.125 59.5514
      vertex -14.325 0.769545 59.3857
    endloop
  endfacet
  facet normal 0 0.263438 0.964676
    outer loop
      vertex 7.31426 -0.396567 59.2858
      vertex 10.925 -0.390708 59.2842
      vertex 7.31442 -0.390708 59.2842
    endloop
  endfacet
  facet normal 8.08593e-06 0.258797 0.965932
    outer loop
      vertex 10.925 -0.390708 59.2842
      vertex 7.31426 -0.396567 59.2858
      vertex 10.925 -0.769545 59.3857
    endloop
  endfacet
  facet normal 0 0.258724 0.965951
    outer loop
      vertex 10.925 -0.769545 59.3857
      vertex 7.31426 -0.396567 59.2858
      vertex 7.28389 -0.769545 59.3857
    endloop
  endfacet
  facet normal -0 0.263438 0.964676
    outer loop
      vertex -14.325 -0.390708 59.2842
      vertex -7.31426 -0.396567 59.2858
      vertex -7.31442 -0.390708 59.2842
    endloop
  endfacet
  facet normal -4.16449e-06 0.258797 0.965932
    outer loop
      vertex -14.325 -0.769545 59.3857
      vertex -7.31426 -0.396567 59.2858
      vertex -14.325 -0.390708 59.2842
    endloop
  endfacet
  facet normal 0 0.258724 0.965951
    outer loop
      vertex -7.31426 -0.396567 59.2858
      vertex -14.325 -0.769545 59.3857
      vertex -7.28389 -0.769545 59.3857
    endloop
  endfacet
  facet normal 0 -0.0872 0.996191
    outer loop
      vertex 10.925 0.390708 59.2842
      vertex 7.325 0 59.25
      vertex 10.925 0 59.25
    endloop
  endfacet
  facet normal 0 -0.0872 0.996191
    outer loop
      vertex 7.325 0 59.25
      vertex 10.925 0.390708 59.2842
      vertex 7.31442 0.390708 59.2842
    endloop
  endfacet
  facet normal 0 -0.0872 0.996191
    outer loop
      vertex -14.325 0.390708 59.2842
      vertex -7.325 0 59.25
      vertex -7.31442 0.390708 59.2842
    endloop
  endfacet
  facet normal 0 -0.0872 0.996191
    outer loop
      vertex -7.325 0 59.25
      vertex -14.325 0.390708 59.2842
      vertex -14.325 0 59.25
    endloop
  endfacet
  facet normal 0 0.996195 -0.0871511
    outer loop
      vertex 10.925 -2.25 61.5
      vertex 6.97935 -2.21582 61.8907
      vertex 10.925 -2.21582 61.8907
    endloop
  endfacet
  facet normal 0 0.996195 -0.0871511
    outer loop
      vertex 6.97935 -2.21582 61.8907
      vertex 10.925 -2.25 61.5
      vertex 6.96885 -2.25 61.5
    endloop
  endfacet
  facet normal 0 0.996195 -0.0871511
    outer loop
      vertex -14.325 -2.25 61.5
      vertex -6.97935 -2.21582 61.8907
      vertex -6.96885 -2.25 61.5
    endloop
  endfacet
  facet normal 0 0.996195 -0.0871511
    outer loop
      vertex -6.97935 -2.21582 61.8907
      vertex -14.325 -2.25 61.5
      vertex -14.325 -2.21582 61.8907
    endloop
  endfacet
  facet normal 0 -0.906312 0.422609
    outer loop
      vertex 7.058 1.95964 60.3988
      vertex 10.925 2.11431 60.7305
      vertex 7.01051 2.11431 60.7305
    endloop
  endfacet
  facet normal 5.7642e-05 -0.906569 0.422057
    outer loop
      vertex 7.06076 1.94856 60.375
      vertex 10.925 2.11431 60.7305
      vertex 7.058 1.95964 60.3988
    endloop
  endfacet
  facet normal 0 -0.90633 0.422571
    outer loop
      vertex 10.925 2.11431 60.7305
      vertex 7.06076 1.94856 60.375
      vertex 10.925 1.94856 60.375
    endloop
  endfacet
  facet normal 0 -0.906312 0.422609
    outer loop
      vertex -14.325 2.11431 60.7305
      vertex -7.058 1.95964 60.3988
      vertex -7.01051 2.11431 60.7305
    endloop
  endfacet
  facet normal 0 -0.90633 0.422571
    outer loop
      vertex -7.06076 1.94856 60.375
      vertex -14.325 2.11431 60.7305
      vertex -14.325 1.94856 60.375
    endloop
  endfacet
  facet normal -3.08151e-05 -0.906571 0.422054
    outer loop
      vertex -14.325 2.11431 60.7305
      vertex -7.06076 1.94856 60.375
      vertex -7.058 1.95964 60.3988
    endloop
  endfacet
  facet normal -0 0.422511 0.906358
    outer loop
      vertex 7.28389 -0.769545 59.3857
      vertex 10.925 -1.125 59.5514
      vertex 10.925 -0.769545 59.3857
    endloop
  endfacet
  facet normal -0.000212245 0.420724 0.907189
    outer loop
      vertex 7.28206 -0.791971 59.3961
      vertex 10.925 -1.125 59.5514
      vertex 7.28389 -0.769545 59.3857
    endloop
  endfacet
  facet normal 0 0.422632 0.906302
    outer loop
      vertex 10.925 -1.125 59.5514
      vertex 7.28206 -0.791971 59.3961
      vertex 7.23669 -1.125 59.5514
    endloop
  endfacet
  facet normal 0 0.422511 0.906358
    outer loop
      vertex -14.325 -1.125 59.5514
      vertex -7.28389 -0.769545 59.3857
      vertex -14.325 -0.769545 59.3857
    endloop
  endfacet
  facet normal 0.000110177 0.420717 0.907192
    outer loop
      vertex -7.28389 -0.769545 59.3857
      vertex -14.325 -1.125 59.5514
      vertex -7.28206 -0.791971 59.3961
    endloop
  endfacet
  facet normal 0 0.422632 0.906302
    outer loop
      vertex -7.28206 -0.791971 59.3961
      vertex -14.325 -1.125 59.5514
      vertex -7.23669 -1.125 59.5514
    endloop
  endfacet
  facet normal 0 0.707012 0.707202
    outer loop
      vertex 10.925 -1.7236 60.0537
      vertex 7.15374 -1.57466 59.9048
      vertex 7.1167 -1.7236 60.0537
    endloop
  endfacet
  facet normal -0 0.707069 0.707145
    outer loop
      vertex 7.17838 -1.44627 59.7764
      vertex 10.925 -1.7236 60.0537
      vertex 10.925 -1.44627 59.7764
    endloop
  endfacet
  facet normal 9.60191e-06 0.707133 0.70708
    outer loop
      vertex 10.925 -1.7236 60.0537
      vertex 7.17838 -1.44627 59.7764
      vertex 7.15374 -1.57466 59.9048
    endloop
  endfacet
  facet normal 0 0.707012 0.707202
    outer loop
      vertex -7.15374 -1.57466 59.9048
      vertex -14.325 -1.7236 60.0537
      vertex -7.1167 -1.7236 60.0537
    endloop
  endfacet
  facet normal -5.06757e-06 0.707134 0.70708
    outer loop
      vertex -7.17838 -1.44627 59.7764
      vertex -14.325 -1.7236 60.0537
      vertex -7.15374 -1.57466 59.9048
    endloop
  endfacet
  facet normal 0 0.707069 0.707145
    outer loop
      vertex -14.325 -1.7236 60.0537
      vertex -7.17838 -1.44627 59.7764
      vertex -14.325 -1.44627 59.7764
    endloop
  endfacet
  facet normal -0 0.573652 0.819099
    outer loop
      vertex 7.23669 -1.125 59.5514
      vertex 10.925 -1.44627 59.7764
      vertex 10.925 -1.125 59.5514
    endloop
  endfacet
  facet normal 5.19429e-05 0.574052 0.818819
    outer loop
      vertex 7.2285 -1.18505 59.5935
      vertex 10.925 -1.44627 59.7764
      vertex 7.23669 -1.125 59.5514
    endloop
  endfacet
  facet normal 0 0.573559 0.819164
    outer loop
      vertex 10.925 -1.44627 59.7764
      vertex 7.2285 -1.18505 59.5935
      vertex 7.17838 -1.44627 59.7764
    endloop
  endfacet
  facet normal 0 0.573652 0.819099
    outer loop
      vertex -14.325 -1.44627 59.7764
      vertex -7.23669 -1.125 59.5514
      vertex -14.325 -1.125 59.5514
    endloop
  endfacet
  facet normal -2.71808e-05 0.574055 0.818817
    outer loop
      vertex -7.23669 -1.125 59.5514
      vertex -14.325 -1.44627 59.7764
      vertex -7.2285 -1.18505 59.5935
    endloop
  endfacet
  facet normal 0 0.573559 0.819164
    outer loop
      vertex -7.2285 -1.18505 59.5935
      vertex -14.325 -1.44627 59.7764
      vertex -7.17838 -1.44627 59.7764
    endloop
  endfacet
  facet normal -0 0.965919 0.258845
    outer loop
      vertex 7.01051 -2.11431 60.7305
      vertex 10.925 -2.21582 61.1093
      vertex 10.925 -2.11431 60.7305
    endloop
  endfacet
  facet normal 0 0.965919 0.258845
    outer loop
      vertex 10.925 -2.21582 61.1093
      vertex 7.01051 -2.11431 60.7305
      vertex 6.97935 -2.21582 61.1093
    endloop
  endfacet
  facet normal 0 0.965919 0.258845
    outer loop
      vertex -7.01051 -2.11431 60.7305
      vertex -14.325 -2.21582 61.1093
      vertex -6.97935 -2.21582 61.1093
    endloop
  endfacet
  facet normal 0 0.965919 0.258845
    outer loop
      vertex -14.325 -2.21582 61.1093
      vertex -7.01051 -2.11431 60.7305
      vertex -14.325 -2.11431 60.7305
    endloop
  endfacet
  facet normal 0 0.0872 -0.996191
    outer loop
      vertex 10.925 -0.390708 63.7158
      vertex 7.325 0 63.75
      vertex 10.925 0 63.75
    endloop
  endfacet
  facet normal 0 0.0872 -0.996191
    outer loop
      vertex 7.325 0 63.75
      vertex 10.925 -0.390708 63.7158
      vertex 7.31442 -0.390708 63.7158
    endloop
  endfacet
  facet normal 0 0.0872 -0.996191
    outer loop
      vertex -14.325 -0.390708 63.7158
      vertex -7.325 0 63.75
      vertex -7.31442 -0.390708 63.7158
    endloop
  endfacet
  facet normal 0 0.0872 -0.996191
    outer loop
      vertex -7.325 0 63.75
      vertex -14.325 -0.390708 63.7158
      vertex -14.325 0 63.75
    endloop
  endfacet
  facet normal -0 -0.819172 -0.573548
    outer loop
      vertex 10.925 1.94856 62.625
      vertex 7.1167 1.7236 62.9463
      vertex 7.06076 1.94856 62.625
    endloop
  endfacet
  facet normal 0 -0.819172 -0.573548
    outer loop
      vertex 7.1167 1.7236 62.9463
      vertex 10.925 1.94856 62.625
      vertex 10.925 1.7236 62.9463
    endloop
  endfacet
  facet normal 0 -0.819172 -0.573548
    outer loop
      vertex -14.325 1.94856 62.625
      vertex -7.1167 1.7236 62.9463
      vertex -14.325 1.7236 62.9463
    endloop
  endfacet
  facet normal 0 -0.819172 -0.573548
    outer loop
      vertex -7.1167 1.7236 62.9463
      vertex -14.325 1.94856 62.625
      vertex -7.06076 1.94856 62.625
    endloop
  endfacet
  facet normal 0 -0.573652 0.819099
    outer loop
      vertex 10.925 1.44627 59.7764
      vertex 7.23669 1.125 59.5514
      vertex 10.925 1.125 59.5514
    endloop
  endfacet
  facet normal 5.19429e-05 -0.574052 0.818819
    outer loop
      vertex 10.925 1.44627 59.7764
      vertex 7.2285 1.18505 59.5935
      vertex 7.23669 1.125 59.5514
    endloop
  endfacet
  facet normal 0 -0.573559 0.819164
    outer loop
      vertex 7.2285 1.18505 59.5935
      vertex 10.925 1.44627 59.7764
      vertex 7.17838 1.44627 59.7764
    endloop
  endfacet
  facet normal 0 -0.573559 0.819164
    outer loop
      vertex -14.325 1.44627 59.7764
      vertex -7.2285 1.18505 59.5935
      vertex -7.17838 1.44627 59.7764
    endloop
  endfacet
  facet normal -2.71808e-05 -0.574055 0.818817
    outer loop
      vertex -14.325 1.44627 59.7764
      vertex -7.23669 1.125 59.5514
      vertex -7.2285 1.18505 59.5935
    endloop
  endfacet
  facet normal 0 -0.573652 0.819099
    outer loop
      vertex -7.23669 1.125 59.5514
      vertex -14.325 1.44627 59.7764
      vertex -14.325 1.125 59.5514
    endloop
  endfacet
  facet normal -0 -0.965919 -0.258845
    outer loop
      vertex 10.925 2.21582 61.8907
      vertex 7.01051 2.11431 62.2695
      vertex 6.97935 2.21582 61.8907
    endloop
  endfacet
  facet normal 0 -0.965919 -0.258845
    outer loop
      vertex 7.01051 2.11431 62.2695
      vertex 10.925 2.21582 61.8907
      vertex 10.925 2.11431 62.2695
    endloop
  endfacet
  facet normal 0 -0.965919 -0.258845
    outer loop
      vertex -14.325 2.21582 61.8907
      vertex -7.01051 2.11431 62.2695
      vertex -14.325 2.11431 62.2695
    endloop
  endfacet
  facet normal 0 -0.965919 -0.258845
    outer loop
      vertex -7.01051 2.11431 62.2695
      vertex -14.325 2.21582 61.8907
      vertex -6.97935 2.21582 61.8907
    endloop
  endfacet
  facet normal -0 -0.996195 -0.0871511
    outer loop
      vertex 10.925 2.25 61.5
      vertex 6.97935 2.21582 61.8907
      vertex 6.96885 2.25 61.5
    endloop
  endfacet
  facet normal 0 -0.996195 -0.0871511
    outer loop
      vertex 6.97935 2.21582 61.8907
      vertex 10.925 2.25 61.5
      vertex 10.925 2.21582 61.8907
    endloop
  endfacet
  facet normal 0 -0.996195 -0.0871511
    outer loop
      vertex -14.325 2.25 61.5
      vertex -6.97935 2.21582 61.8907
      vertex -14.325 2.21582 61.8907
    endloop
  endfacet
  facet normal 0 -0.996195 -0.0871511
    outer loop
      vertex -6.97935 2.21582 61.8907
      vertex -14.325 2.25 61.5
      vertex -6.96885 2.25 61.5
    endloop
  endfacet
  facet normal -0 0.819172 0.573548
    outer loop
      vertex 7.1167 -1.7236 60.0537
      vertex 10.925 -1.94856 60.375
      vertex 10.925 -1.7236 60.0537
    endloop
  endfacet
  facet normal 0 0.819172 0.573548
    outer loop
      vertex 10.925 -1.94856 60.375
      vertex 7.1167 -1.7236 60.0537
      vertex 7.06076 -1.94856 60.375
    endloop
  endfacet
  facet normal 0 0.819172 0.573548
    outer loop
      vertex -7.1167 -1.7236 60.0537
      vertex -14.325 -1.94856 60.375
      vertex -7.06076 -1.94856 60.375
    endloop
  endfacet
  facet normal 0 0.819172 0.573548
    outer loop
      vertex -14.325 -1.94856 60.375
      vertex -7.1167 -1.7236 60.0537
      vertex -14.325 -1.7236 60.0537
    endloop
  endfacet
  facet normal 0 -0.0872 -0.996191
    outer loop
      vertex 7.325 0 63.75
      vertex 10.925 0.390708 63.7158
      vertex 10.925 0 63.75
    endloop
  endfacet
  facet normal -0 -0.0872 -0.996191
    outer loop
      vertex 10.925 0.390708 63.7158
      vertex 7.325 0 63.75
      vertex 7.31442 0.390708 63.7158
    endloop
  endfacet
  facet normal 0 -0.0872 -0.996191
    outer loop
      vertex -14.325 0.390708 63.7158
      vertex -7.325 0 63.75
      vertex -14.325 0 63.75
    endloop
  endfacet
  facet normal 0 -0.0872 -0.996191
    outer loop
      vertex -7.325 0 63.75
      vertex -14.325 0.390708 63.7158
      vertex -7.31442 0.390708 63.7158
    endloop
  endfacet
  facet normal 8.08593e-06 -0.258797 0.965932
    outer loop
      vertex 7.31426 0.396567 59.2858
      vertex 10.925 0.390708 59.2842
      vertex 10.925 0.769545 59.3857
    endloop
  endfacet
  facet normal 0 -0.263438 0.964676
    outer loop
      vertex 10.925 0.390708 59.2842
      vertex 7.31426 0.396567 59.2858
      vertex 7.31442 0.390708 59.2842
    endloop
  endfacet
  facet normal 0 -0.258724 0.965951
    outer loop
      vertex 7.31426 0.396567 59.2858
      vertex 10.925 0.769545 59.3857
      vertex 7.28389 0.769545 59.3857
    endloop
  endfacet
  facet normal 0 -0.258724 0.965951
    outer loop
      vertex -14.325 0.769545 59.3857
      vertex -7.31426 0.396567 59.2858
      vertex -7.28389 0.769545 59.3857
    endloop
  endfacet
  facet normal -4.16449e-06 -0.258797 0.965932
    outer loop
      vertex -14.325 0.390708 59.2842
      vertex -7.31426 0.396567 59.2858
      vertex -14.325 0.769545 59.3857
    endloop
  endfacet
  facet normal 0 -0.263438 0.964676
    outer loop
      vertex -7.31426 0.396567 59.2858
      vertex -14.325 0.390708 59.2842
      vertex -7.31442 0.390708 59.2842
    endloop
  endfacet
  facet normal 0 0.90633 -0.422571
    outer loop
      vertex 10.925 -2.11431 62.2695
      vertex 7.06076 -1.94856 62.625
      vertex 10.925 -1.94856 62.625
    endloop
  endfacet
  facet normal 5.7642e-05 0.906569 -0.422057
    outer loop
      vertex 7.06076 -1.94856 62.625
      vertex 10.925 -2.11431 62.2695
      vertex 7.058 -1.95964 62.6012
    endloop
  endfacet
  facet normal 0 0.906312 -0.422609
    outer loop
      vertex 7.058 -1.95964 62.6012
      vertex 10.925 -2.11431 62.2695
      vertex 7.01051 -2.11431 62.2695
    endloop
  endfacet
  facet normal -3.08151e-05 0.906571 -0.422054
    outer loop
      vertex -14.325 -2.11431 62.2695
      vertex -7.06076 -1.94856 62.625
      vertex -7.058 -1.95964 62.6012
    endloop
  endfacet
  facet normal 0 0.906312 -0.422609
    outer loop
      vertex -14.325 -2.11431 62.2695
      vertex -7.058 -1.95964 62.6012
      vertex -7.01051 -2.11431 62.2695
    endloop
  endfacet
  facet normal 0 0.90633 -0.422571
    outer loop
      vertex -7.06076 -1.94856 62.625
      vertex -14.325 -2.11431 62.2695
      vertex -14.325 -1.94856 62.625
    endloop
  endfacet
  facet normal 5.7642e-05 -0.906569 -0.422057
    outer loop
      vertex 10.925 2.11431 62.2695
      vertex 7.06076 1.94856 62.625
      vertex 7.058 1.95964 62.6012
    endloop
  endfacet
  facet normal -0 -0.906312 -0.422609
    outer loop
      vertex 10.925 2.11431 62.2695
      vertex 7.058 1.95964 62.6012
      vertex 7.01051 2.11431 62.2695
    endloop
  endfacet
  facet normal 0 -0.90633 -0.422571
    outer loop
      vertex 7.06076 1.94856 62.625
      vertex 10.925 2.11431 62.2695
      vertex 10.925 1.94856 62.625
    endloop
  endfacet
  facet normal 0 -0.90633 -0.422571
    outer loop
      vertex -14.325 2.11431 62.2695
      vertex -7.06076 1.94856 62.625
      vertex -14.325 1.94856 62.625
    endloop
  endfacet
  facet normal -3.08151e-05 -0.906571 -0.422054
    outer loop
      vertex -7.06076 1.94856 62.625
      vertex -14.325 2.11431 62.2695
      vertex -7.058 1.95964 62.6012
    endloop
  endfacet
  facet normal 0 -0.906312 -0.422609
    outer loop
      vertex -7.058 1.95964 62.6012
      vertex -14.325 2.11431 62.2695
      vertex -7.01051 2.11431 62.2695
    endloop
  endfacet
  facet normal 0 0.573652 -0.819099
    outer loop
      vertex 10.925 -1.44627 63.2236
      vertex 7.23669 -1.125 63.4486
      vertex 10.925 -1.125 63.4486
    endloop
  endfacet
  facet normal 5.19429e-05 0.574052 -0.818819
    outer loop
      vertex 10.925 -1.44627 63.2236
      vertex 7.2285 -1.18505 63.4065
      vertex 7.23669 -1.125 63.4486
    endloop
  endfacet
  facet normal 0 0.573559 -0.819164
    outer loop
      vertex 7.2285 -1.18505 63.4065
      vertex 10.925 -1.44627 63.2236
      vertex 7.17838 -1.44627 63.2236
    endloop
  endfacet
  facet normal 0 0.573559 -0.819164
    outer loop
      vertex -14.325 -1.44627 63.2236
      vertex -7.2285 -1.18505 63.4065
      vertex -7.17838 -1.44627 63.2236
    endloop
  endfacet
  facet normal -2.71808e-05 0.574055 -0.818817
    outer loop
      vertex -14.325 -1.44627 63.2236
      vertex -7.23669 -1.125 63.4486
      vertex -7.2285 -1.18505 63.4065
    endloop
  endfacet
  facet normal 0 0.573652 -0.819099
    outer loop
      vertex -7.23669 -1.125 63.4486
      vertex -14.325 -1.44627 63.2236
      vertex -14.325 -1.125 63.4486
    endloop
  endfacet
  facet normal 0 -0.707012 0.707202
    outer loop
      vertex 7.15374 1.57466 59.9048
      vertex 10.925 1.7236 60.0537
      vertex 7.1167 1.7236 60.0537
    endloop
  endfacet
  facet normal 9.60191e-06 -0.707133 0.70708
    outer loop
      vertex 7.17838 1.44627 59.7764
      vertex 10.925 1.7236 60.0537
      vertex 7.15374 1.57466 59.9048
    endloop
  endfacet
  facet normal 0 -0.707069 0.707145
    outer loop
      vertex 10.925 1.7236 60.0537
      vertex 7.17838 1.44627 59.7764
      vertex 10.925 1.44627 59.7764
    endloop
  endfacet
  facet normal 0 -0.707012 0.707202
    outer loop
      vertex -14.325 1.7236 60.0537
      vertex -7.15374 1.57466 59.9048
      vertex -7.1167 1.7236 60.0537
    endloop
  endfacet
  facet normal 0 -0.707069 0.707145
    outer loop
      vertex -7.17838 1.44627 59.7764
      vertex -14.325 1.7236 60.0537
      vertex -14.325 1.44627 59.7764
    endloop
  endfacet
  facet normal -5.06757e-06 -0.707134 0.70708
    outer loop
      vertex -14.325 1.7236 60.0537
      vertex -7.17838 1.44627 59.7764
      vertex -7.15374 1.57466 59.9048
    endloop
  endfacet
  facet normal 0 -0.573652 -0.819099
    outer loop
      vertex 7.23669 1.125 63.4486
      vertex 10.925 1.44627 63.2236
      vertex 10.925 1.125 63.4486
    endloop
  endfacet
  facet normal 5.19429e-05 -0.574052 -0.818819
    outer loop
      vertex 7.2285 1.18505 63.4065
      vertex 10.925 1.44627 63.2236
      vertex 7.23669 1.125 63.4486
    endloop
  endfacet
  facet normal -0 -0.573559 -0.819164
    outer loop
      vertex 10.925 1.44627 63.2236
      vertex 7.2285 1.18505 63.4065
      vertex 7.17838 1.44627 63.2236
    endloop
  endfacet
  facet normal 0 -0.573652 -0.819099
    outer loop
      vertex -14.325 1.44627 63.2236
      vertex -7.23669 1.125 63.4486
      vertex -14.325 1.125 63.4486
    endloop
  endfacet
  facet normal -2.71808e-05 -0.574055 -0.818817
    outer loop
      vertex -7.23669 1.125 63.4486
      vertex -14.325 1.44627 63.2236
      vertex -7.2285 1.18505 63.4065
    endloop
  endfacet
  facet normal 0 -0.573559 -0.819164
    outer loop
      vertex -7.2285 1.18505 63.4065
      vertex -14.325 1.44627 63.2236
      vertex -7.17838 1.44627 63.2236
    endloop
  endfacet
  facet normal 0 -0.819172 0.573548
    outer loop
      vertex 7.1167 1.7236 60.0537
      vertex 10.925 1.94856 60.375
      vertex 7.06076 1.94856 60.375
    endloop
  endfacet
  facet normal 0 -0.819172 0.573548
    outer loop
      vertex 10.925 1.94856 60.375
      vertex 7.1167 1.7236 60.0537
      vertex 10.925 1.7236 60.0537
    endloop
  endfacet
  facet normal 0 -0.819172 0.573548
    outer loop
      vertex -7.1167 1.7236 60.0537
      vertex -14.325 1.94856 60.375
      vertex -14.325 1.7236 60.0537
    endloop
  endfacet
  facet normal 0 -0.819172 0.573548
    outer loop
      vertex -14.325 1.94856 60.375
      vertex -7.1167 1.7236 60.0537
      vertex -7.06076 1.94856 60.375
    endloop
  endfacet
  facet normal 0 -0.422511 -0.906358
    outer loop
      vertex 7.28389 0.769545 63.6143
      vertex 10.925 1.125 63.4486
      vertex 10.925 0.769545 63.6143
    endloop
  endfacet
  facet normal -0.000212245 -0.420724 -0.907189
    outer loop
      vertex 7.28206 0.791971 63.6039
      vertex 10.925 1.125 63.4486
      vertex 7.28389 0.769545 63.6143
    endloop
  endfacet
  facet normal -0 -0.422632 -0.906302
    outer loop
      vertex 10.925 1.125 63.4486
      vertex 7.28206 0.791971 63.6039
      vertex 7.23669 1.125 63.4486
    endloop
  endfacet
  facet normal 0 -0.422511 -0.906358
    outer loop
      vertex -14.325 1.125 63.4486
      vertex -7.28389 0.769545 63.6143
      vertex -14.325 0.769545 63.6143
    endloop
  endfacet
  facet normal 0.000110177 -0.420717 -0.907192
    outer loop
      vertex -7.28389 0.769545 63.6143
      vertex -14.325 1.125 63.4486
      vertex -7.28206 0.791971 63.6039
    endloop
  endfacet
  facet normal 0 -0.422632 -0.906302
    outer loop
      vertex -7.28206 0.791971 63.6039
      vertex -14.325 1.125 63.4486
      vertex -7.23669 1.125 63.4486
    endloop
  endfacet
  facet normal -0 0.0872 0.996191
    outer loop
      vertex 7.325 0 59.25
      vertex 10.925 -0.390708 59.2842
      vertex 10.925 0 59.25
    endloop
  endfacet
  facet normal 0 0.0872 0.996191
    outer loop
      vertex 10.925 -0.390708 59.2842
      vertex 7.325 0 59.25
      vertex 7.31442 -0.390708 59.2842
    endloop
  endfacet
  facet normal 0 0.0872 0.996191
    outer loop
      vertex -14.325 -0.390708 59.2842
      vertex -7.325 0 59.25
      vertex -14.325 0 59.25
    endloop
  endfacet
  facet normal 0 0.0872 0.996191
    outer loop
      vertex -7.325 0 59.25
      vertex -14.325 -0.390708 59.2842
      vertex -7.31442 -0.390708 59.2842
    endloop
  endfacet
  facet normal 8.08593e-06 0.258797 -0.965932
    outer loop
      vertex 7.31426 -0.396567 63.7142
      vertex 10.925 -0.390708 63.7158
      vertex 10.925 -0.769545 63.6143
    endloop
  endfacet
  facet normal 0 0.263438 -0.964676
    outer loop
      vertex 10.925 -0.390708 63.7158
      vertex 7.31426 -0.396567 63.7142
      vertex 7.31442 -0.390708 63.7158
    endloop
  endfacet
  facet normal 0 0.258724 -0.965951
    outer loop
      vertex 7.31426 -0.396567 63.7142
      vertex 10.925 -0.769545 63.6143
      vertex 7.28389 -0.769545 63.6143
    endloop
  endfacet
  facet normal 0 0.258724 -0.965951
    outer loop
      vertex -14.325 -0.769545 63.6143
      vertex -7.31426 -0.396567 63.7142
      vertex -7.28389 -0.769545 63.6143
    endloop
  endfacet
  facet normal -4.16449e-06 0.258797 -0.965932
    outer loop
      vertex -14.325 -0.390708 63.7158
      vertex -7.31426 -0.396567 63.7142
      vertex -14.325 -0.769545 63.6143
    endloop
  endfacet
  facet normal 0 0.263438 -0.964676
    outer loop
      vertex -7.31426 -0.396567 63.7142
      vertex -14.325 -0.390708 63.7158
      vertex -7.31442 -0.390708 63.7158
    endloop
  endfacet
  facet normal 0 0.422511 -0.906358
    outer loop
      vertex 10.925 -1.125 63.4486
      vertex 7.28389 -0.769545 63.6143
      vertex 10.925 -0.769545 63.6143
    endloop
  endfacet
  facet normal -0.000212245 0.420724 -0.907189
    outer loop
      vertex 10.925 -1.125 63.4486
      vertex 7.28206 -0.791971 63.6039
      vertex 7.28389 -0.769545 63.6143
    endloop
  endfacet
  facet normal 0 0.422632 -0.906302
    outer loop
      vertex 7.28206 -0.791971 63.6039
      vertex 10.925 -1.125 63.4486
      vertex 7.23669 -1.125 63.4486
    endloop
  endfacet
  facet normal 0 0.422632 -0.906302
    outer loop
      vertex -14.325 -1.125 63.4486
      vertex -7.28206 -0.791971 63.6039
      vertex -7.23669 -1.125 63.4486
    endloop
  endfacet
  facet normal 0.000110177 0.420717 -0.907192
    outer loop
      vertex -14.325 -1.125 63.4486
      vertex -7.28389 -0.769545 63.6143
      vertex -7.28206 -0.791971 63.6039
    endloop
  endfacet
  facet normal 0 0.422511 -0.906358
    outer loop
      vertex -7.28389 -0.769545 63.6143
      vertex -14.325 -1.125 63.4486
      vertex -14.325 -0.769545 63.6143
    endloop
  endfacet
  facet normal 0 0.965919 -0.258845
    outer loop
      vertex 10.925 -2.21582 61.8907
      vertex 7.01051 -2.11431 62.2695
      vertex 10.925 -2.11431 62.2695
    endloop
  endfacet
  facet normal 0 0.965919 -0.258845
    outer loop
      vertex 7.01051 -2.11431 62.2695
      vertex 10.925 -2.21582 61.8907
      vertex 6.97935 -2.21582 61.8907
    endloop
  endfacet
  facet normal 0 0.965919 -0.258845
    outer loop
      vertex -14.325 -2.21582 61.8907
      vertex -7.01051 -2.11431 62.2695
      vertex -6.97935 -2.21582 61.8907
    endloop
  endfacet
  facet normal 0 0.965919 -0.258845
    outer loop
      vertex -7.01051 -2.11431 62.2695
      vertex -14.325 -2.21582 61.8907
      vertex -14.325 -2.11431 62.2695
    endloop
  endfacet
  facet normal 0 -0.965919 0.258845
    outer loop
      vertex 7.01051 2.11431 60.7305
      vertex 10.925 2.21582 61.1093
      vertex 6.97935 2.21582 61.1093
    endloop
  endfacet
  facet normal 0 -0.965919 0.258845
    outer loop
      vertex 10.925 2.21582 61.1093
      vertex 7.01051 2.11431 60.7305
      vertex 10.925 2.11431 60.7305
    endloop
  endfacet
  facet normal 0 -0.965919 0.258845
    outer loop
      vertex -7.01051 2.11431 60.7305
      vertex -14.325 2.21582 61.1093
      vertex -14.325 2.11431 60.7305
    endloop
  endfacet
  facet normal 0 -0.965919 0.258845
    outer loop
      vertex -14.325 2.21582 61.1093
      vertex -7.01051 2.11431 60.7305
      vertex -6.97935 2.21582 61.1093
    endloop
  endfacet
  facet normal 0 -0.996195 0.0871511
    outer loop
      vertex 6.97935 2.21582 61.1093
      vertex 10.925 2.25 61.5
      vertex 6.96885 2.25 61.5
    endloop
  endfacet
  facet normal 0 -0.996195 0.0871511
    outer loop
      vertex 10.925 2.25 61.5
      vertex 6.97935 2.21582 61.1093
      vertex 10.925 2.21582 61.1093
    endloop
  endfacet
  facet normal 0 -0.996195 0.0871511
    outer loop
      vertex -6.97935 2.21582 61.1093
      vertex -14.325 2.25 61.5
      vertex -14.325 2.21582 61.1093
    endloop
  endfacet
  facet normal 0 -0.996195 0.0871511
    outer loop
      vertex -14.325 2.25 61.5
      vertex -6.97935 2.21582 61.1093
      vertex -6.96885 2.25 61.5
    endloop
  endfacet
  facet normal 0 0.707069 -0.707145
    outer loop
      vertex 10.925 -1.7236 62.9463
      vertex 7.17838 -1.44627 63.2236
      vertex 10.925 -1.44627 63.2236
    endloop
  endfacet
  facet normal 9.60191e-06 0.707133 -0.70708
    outer loop
      vertex 10.925 -1.7236 62.9463
      vertex 7.15374 -1.57466 63.0952
      vertex 7.17838 -1.44627 63.2236
    endloop
  endfacet
  facet normal 0 0.707012 -0.707202
    outer loop
      vertex 7.15374 -1.57466 63.0952
      vertex 10.925 -1.7236 62.9463
      vertex 7.1167 -1.7236 62.9463
    endloop
  endfacet
  facet normal 0 0.707012 -0.707202
    outer loop
      vertex -14.325 -1.7236 62.9463
      vertex -7.15374 -1.57466 63.0952
      vertex -7.1167 -1.7236 62.9463
    endloop
  endfacet
  facet normal -5.06757e-06 0.707134 -0.70708
    outer loop
      vertex -14.325 -1.7236 62.9463
      vertex -7.17838 -1.44627 63.2236
      vertex -7.15374 -1.57466 63.0952
    endloop
  endfacet
  facet normal 0 0.707069 -0.707145
    outer loop
      vertex -7.17838 -1.44627 63.2236
      vertex -14.325 -1.7236 62.9463
      vertex -14.325 -1.44627 63.2236
    endloop
  endfacet
  facet normal 0 0.906312 0.422609
    outer loop
      vertex 10.925 -2.11431 60.7305
      vertex 7.058 -1.95964 60.3988
      vertex 7.01051 -2.11431 60.7305
    endloop
  endfacet
  facet normal -0 0.90633 0.422571
    outer loop
      vertex 7.06076 -1.94856 60.375
      vertex 10.925 -2.11431 60.7305
      vertex 10.925 -1.94856 60.375
    endloop
  endfacet
  facet normal 5.7642e-05 0.906569 0.422057
    outer loop
      vertex 10.925 -2.11431 60.7305
      vertex 7.06076 -1.94856 60.375
      vertex 7.058 -1.95964 60.3988
    endloop
  endfacet
  facet normal 0 0.906312 0.422609
    outer loop
      vertex -7.058 -1.95964 60.3988
      vertex -14.325 -2.11431 60.7305
      vertex -7.01051 -2.11431 60.7305
    endloop
  endfacet
  facet normal -3.08151e-05 0.906571 0.422054
    outer loop
      vertex -7.06076 -1.94856 60.375
      vertex -14.325 -2.11431 60.7305
      vertex -7.058 -1.95964 60.3988
    endloop
  endfacet
  facet normal 0 0.90633 0.422571
    outer loop
      vertex -14.325 -2.11431 60.7305
      vertex -7.06076 -1.94856 60.375
      vertex -14.325 -1.94856 60.375
    endloop
  endfacet
  facet normal 0 -0.263438 -0.964676
    outer loop
      vertex 7.31426 0.396567 63.7142
      vertex 10.925 0.390708 63.7158
      vertex 7.31442 0.390708 63.7158
    endloop
  endfacet
  facet normal 8.08593e-06 -0.258797 -0.965932
    outer loop
      vertex 10.925 0.390708 63.7158
      vertex 7.31426 0.396567 63.7142
      vertex 10.925 0.769545 63.6143
    endloop
  endfacet
  facet normal -0 -0.258724 -0.965951
    outer loop
      vertex 10.925 0.769545 63.6143
      vertex 7.31426 0.396567 63.7142
      vertex 7.28389 0.769545 63.6143
    endloop
  endfacet
  facet normal 0 -0.263438 -0.964676
    outer loop
      vertex -14.325 0.390708 63.7158
      vertex -7.31426 0.396567 63.7142
      vertex -7.31442 0.390708 63.7158
    endloop
  endfacet
  facet normal -4.16449e-06 -0.258797 -0.965932
    outer loop
      vertex -14.325 0.769545 63.6143
      vertex -7.31426 0.396567 63.7142
      vertex -14.325 0.390708 63.7158
    endloop
  endfacet
  facet normal 0 -0.258724 -0.965951
    outer loop
      vertex -7.31426 0.396567 63.7142
      vertex -14.325 0.769545 63.6143
      vertex -7.28389 0.769545 63.6143
    endloop
  endfacet
  facet normal 0 0.819172 -0.573548
    outer loop
      vertex 10.925 -1.94856 62.625
      vertex 7.1167 -1.7236 62.9463
      vertex 10.925 -1.7236 62.9463
    endloop
  endfacet
  facet normal 0 0.819172 -0.573548
    outer loop
      vertex 7.1167 -1.7236 62.9463
      vertex 10.925 -1.94856 62.625
      vertex 7.06076 -1.94856 62.625
    endloop
  endfacet
  facet normal 0 0.819172 -0.573548
    outer loop
      vertex -14.325 -1.94856 62.625
      vertex -7.1167 -1.7236 62.9463
      vertex -7.06076 -1.94856 62.625
    endloop
  endfacet
  facet normal 0 0.819172 -0.573548
    outer loop
      vertex -7.1167 -1.7236 62.9463
      vertex -14.325 -1.94856 62.625
      vertex -14.325 -1.7236 62.9463
    endloop
  endfacet
  facet normal 0 -0.707069 -0.707145
    outer loop
      vertex 7.17838 1.44627 63.2236
      vertex 10.925 1.7236 62.9463
      vertex 10.925 1.44627 63.2236
    endloop
  endfacet
  facet normal 9.60191e-06 -0.707133 -0.70708
    outer loop
      vertex 7.15374 1.57466 63.0952
      vertex 10.925 1.7236 62.9463
      vertex 7.17838 1.44627 63.2236
    endloop
  endfacet
  facet normal -0 -0.707012 -0.707202
    outer loop
      vertex 10.925 1.7236 62.9463
      vertex 7.15374 1.57466 63.0952
      vertex 7.1167 1.7236 62.9463
    endloop
  endfacet
  facet normal 0 -0.707069 -0.707145
    outer loop
      vertex -14.325 1.7236 62.9463
      vertex -7.17838 1.44627 63.2236
      vertex -14.325 1.44627 63.2236
    endloop
  endfacet
  facet normal -5.06757e-06 -0.707134 -0.70708
    outer loop
      vertex -7.17838 1.44627 63.2236
      vertex -14.325 1.7236 62.9463
      vertex -7.15374 1.57466 63.0952
    endloop
  endfacet
  facet normal 0 -0.707012 -0.707202
    outer loop
      vertex -7.15374 1.57466 63.0952
      vertex -14.325 1.7236 62.9463
      vertex -7.1167 1.7236 62.9463
    endloop
  endfacet
  facet normal -0 0.500014 0.866017
    outer loop
      vertex 10.925 0 57.4585
      vertex 14.325 -3.5 59.4793
      vertex 14.325 0 57.4585
    endloop
  endfacet
  facet normal 0 0.500014 0.866017
    outer loop
      vertex 14.325 -3.5 59.4793
      vertex 10.925 0 57.4585
      vertex 10.925 -3.5 59.4793
    endloop
  endfacet
  facet normal 0 -0.500014 -0.866017
    outer loop
      vertex 10.925 0 65.5415
      vertex 14.325 3.5 63.5207
      vertex 14.325 0 65.5415
    endloop
  endfacet
  facet normal -0 -0.500014 -0.866017
    outer loop
      vertex 14.325 3.5 63.5207
      vertex 10.925 0 65.5415
      vertex 10.925 3.5 63.5207
    endloop
  endfacet
  facet normal 1 0 0
    outer loop
      vertex 10.925 3.5 63.5207
      vertex 10.925 2.25 61.5
      vertex 10.925 3.5 59.4793
    endloop
  endfacet
  facet normal 1 0 0
    outer loop
      vertex 10.925 3.5 63.5207
      vertex 10.925 2.21582 61.8907
      vertex 10.925 2.25 61.5
    endloop
  endfacet
  facet normal 1 0 0
    outer loop
      vertex 10.925 3.5 63.5207
      vertex 10.925 2.11431 62.2695
      vertex 10.925 2.21582 61.8907
    endloop
  endfacet
  facet normal 1 0 0
    outer loop
      vertex 10.925 3.5 63.5207
      vertex 10.925 1.94856 62.625
      vertex 10.925 2.11431 62.2695
    endloop
  endfacet
  facet normal 1 0 0
    outer loop
      vertex 10.925 3.5 63.5207
      vertex 10.925 1.7236 62.9463
      vertex 10.925 1.94856 62.625
    endloop
  endfacet
  facet normal 1 0 0
    outer loop
      vertex 10.925 3.5 63.5207
      vertex 10.925 1.44627 63.2236
      vertex 10.925 1.7236 62.9463
    endloop
  endfacet
  facet normal 1 0 0
    outer loop
      vertex 10.925 3.5 63.5207
      vertex 10.925 1.125 63.4486
      vertex 10.925 1.44627 63.2236
    endloop
  endfacet
  facet normal 1 0 0
    outer loop
      vertex 10.925 0 65.5415
      vertex 10.925 1.125 63.4486
      vertex 10.925 3.5 63.5207
    endloop
  endfacet
  facet normal 1 0 0
    outer loop
      vertex 10.925 1.125 63.4486
      vertex 10.925 0 65.5415
      vertex 10.925 0.769545 63.6143
    endloop
  endfacet
  facet normal 1 0 0
    outer loop
      vertex 10.925 0.769545 63.6143
      vertex 10.925 0 65.5415
      vertex 10.925 0.390708 63.7158
    endloop
  endfacet
  facet normal 1 0 0
    outer loop
      vertex 10.925 0 65.5415
      vertex 10.925 0 63.75
      vertex 10.925 0.390708 63.7158
    endloop
  endfacet
  facet normal 1 0 0
    outer loop
      vertex 10.925 0 65.5415
      vertex 10.925 -0.390708 63.7158
      vertex 10.925 0 63.75
    endloop
  endfacet
  facet normal 1 0 0
    outer loop
      vertex 10.925 0 65.5415
      vertex 10.925 -0.769545 63.6143
      vertex 10.925 -0.390708 63.7158
    endloop
  endfacet
  facet normal 1 0 0
    outer loop
      vertex 10.925 0 65.5415
      vertex 10.925 -1.125 63.4486
      vertex 10.925 -0.769545 63.6143
    endloop
  endfacet
  facet normal 1 -0 0
    outer loop
      vertex 10.925 -3.5 63.5207
      vertex 10.925 -1.125 63.4486
      vertex 10.925 0 65.5415
    endloop
  endfacet
  facet normal 1 0 0
    outer loop
      vertex 10.925 -1.125 63.4486
      vertex 10.925 -3.5 63.5207
      vertex 10.925 -1.44627 63.2236
    endloop
  endfacet
  facet normal 1 0 0
    outer loop
      vertex 10.925 -1.44627 63.2236
      vertex 10.925 -3.5 63.5207
      vertex 10.925 -1.7236 62.9463
    endloop
  endfacet
  facet normal 1 0 0
    outer loop
      vertex 10.925 -2.21582 61.8907
      vertex 10.925 -3.5 63.5207
      vertex 10.925 -2.25 61.5
    endloop
  endfacet
  facet normal 1 0 0
    outer loop
      vertex 10.925 -2.11431 62.2695
      vertex 10.925 -3.5 63.5207
      vertex 10.925 -2.21582 61.8907
    endloop
  endfacet
  facet normal 1 0 0
    outer loop
      vertex 10.925 -1.94856 62.625
      vertex 10.925 -3.5 63.5207
      vertex 10.925 -2.11431 62.2695
    endloop
  endfacet
  facet normal 1 0 0
    outer loop
      vertex 10.925 -1.7236 62.9463
      vertex 10.925 -3.5 63.5207
      vertex 10.925 -1.94856 62.625
    endloop
  endfacet
  facet normal 1 -0 0
    outer loop
      vertex 10.925 2.21582 61.1093
      vertex 10.925 3.5 59.4793
      vertex 10.925 2.25 61.5
    endloop
  endfacet
  facet normal 1 -0 0
    outer loop
      vertex 10.925 2.11431 60.7305
      vertex 10.925 3.5 59.4793
      vertex 10.925 2.21582 61.1093
    endloop
  endfacet
  facet normal 1 -0 0
    outer loop
      vertex 10.925 1.94856 60.375
      vertex 10.925 3.5 59.4793
      vertex 10.925 2.11431 60.7305
    endloop
  endfacet
  facet normal 1 -0 0
    outer loop
      vertex 10.925 1.7236 60.0537
      vertex 10.925 3.5 59.4793
      vertex 10.925 1.94856 60.375
    endloop
  endfacet
  facet normal 1 -0 0
    outer loop
      vertex 10.925 1.44627 59.7764
      vertex 10.925 3.5 59.4793
      vertex 10.925 1.7236 60.0537
    endloop
  endfacet
  facet normal 1 -0 0
    outer loop
      vertex 10.925 1.125 59.5514
      vertex 10.925 3.5 59.4793
      vertex 10.925 1.44627 59.7764
    endloop
  endfacet
  facet normal 1 0 0
    outer loop
      vertex 10.925 0 57.4585
      vertex 10.925 1.125 59.5514
      vertex 10.925 0.769545 59.3857
    endloop
  endfacet
  facet normal 1 0 0
    outer loop
      vertex 10.925 0 57.4585
      vertex 10.925 0.769545 59.3857
      vertex 10.925 0.390708 59.2842
    endloop
  endfacet
  facet normal 1 0 0
    outer loop
      vertex 10.925 0 57.4585
      vertex 10.925 0.390708 59.2842
      vertex 10.925 0 59.25
    endloop
  endfacet
  facet normal 1 0 0
    outer loop
      vertex 10.925 1.125 59.5514
      vertex 10.925 0 57.4585
      vertex 10.925 3.5 59.4793
    endloop
  endfacet
  facet normal 1 0 0
    outer loop
      vertex 10.925 -0.390708 59.2842
      vertex 10.925 0 57.4585
      vertex 10.925 0 59.25
    endloop
  endfacet
  facet normal 1 0 0
    outer loop
      vertex 10.925 -0.769545 59.3857
      vertex 10.925 0 57.4585
      vertex 10.925 -0.390708 59.2842
    endloop
  endfacet
  facet normal 1 0 0
    outer loop
      vertex 10.925 -1.125 59.5514
      vertex 10.925 0 57.4585
      vertex 10.925 -0.769545 59.3857
    endloop
  endfacet
  facet normal 1 0 0
    outer loop
      vertex 10.925 -3.5 59.4793
      vertex 10.925 -1.125 59.5514
      vertex 10.925 -1.44627 59.7764
    endloop
  endfacet
  facet normal 1 0 0
    outer loop
      vertex 10.925 -3.5 59.4793
      vertex 10.925 -1.44627 59.7764
      vertex 10.925 -1.7236 60.0537
    endloop
  endfacet
  facet normal 1 0 0
    outer loop
      vertex 10.925 -3.5 59.4793
      vertex 10.925 -1.7236 60.0537
      vertex 10.925 -1.94856 60.375
    endloop
  endfacet
  facet normal 1 0 0
    outer loop
      vertex 10.925 -3.5 59.4793
      vertex 10.925 -2.25 61.5
      vertex 10.925 -3.5 63.5207
    endloop
  endfacet
  facet normal 1 0 0
    outer loop
      vertex 10.925 -2.25 61.5
      vertex 10.925 -3.5 59.4793
      vertex 10.925 -2.21582 61.1093
    endloop
  endfacet
  facet normal 1 0 0
    outer loop
      vertex 10.925 -2.21582 61.1093
      vertex 10.925 -3.5 59.4793
      vertex 10.925 -2.11431 60.7305
    endloop
  endfacet
  facet normal 1 0 0
    outer loop
      vertex 10.925 -1.125 59.5514
      vertex 10.925 -3.5 59.4793
      vertex 10.925 0 57.4585
    endloop
  endfacet
  facet normal 1 0 0
    outer loop
      vertex 10.925 -2.11431 60.7305
      vertex 10.925 -3.5 59.4793
      vertex 10.925 -1.94856 60.375
    endloop
  endfacet
  facet normal 0 1 -0
    outer loop
      vertex 14.325 -3.5 59.4793
      vertex 10.925 -3.5 63.5207
      vertex 14.325 -3.5 63.5207
    endloop
  endfacet
  facet normal 0 1 0
    outer loop
      vertex 10.925 -3.5 63.5207
      vertex 14.325 -3.5 59.4793
      vertex 10.925 -3.5 59.4793
    endloop
  endfacet
  facet normal 0 -0.500014 0.866017
    outer loop
      vertex 10.925 3.5 59.4793
      vertex 14.325 0 57.4585
      vertex 14.325 3.5 59.4793
    endloop
  endfacet
  facet normal 0 -0.500014 0.866017
    outer loop
      vertex 14.325 0 57.4585
      vertex 10.925 3.5 59.4793
      vertex 10.925 0 57.4585
    endloop
  endfacet
  facet normal 0 -1 0
    outer loop
      vertex 10.925 3.5 59.4793
      vertex 14.325 3.5 63.5207
      vertex 10.925 3.5 63.5207
    endloop
  endfacet
  facet normal 0 -1 -0
    outer loop
      vertex 14.325 3.5 63.5207
      vertex 10.925 3.5 59.4793
      vertex 14.325 3.5 59.4793
    endloop
  endfacet
  facet normal 0 0.500014 -0.866017
    outer loop
      vertex 10.925 -3.5 63.5207
      vertex 14.325 0 65.5415
      vertex 14.325 -3.5 63.5207
    endloop
  endfacet
  facet normal 0 0.500014 -0.866017
    outer loop
      vertex 14.325 0 65.5415
      vertex 10.925 -3.5 63.5207
      vertex 10.925 0 65.5415
    endloop
  endfacet
  facet normal -0.996687 -0.0813314 0
    outer loop
      vertex 7.28206 0.791971 0
      vertex 7.28389 0.769545 16.3857
      vertex 7.28206 0.791971 16.3961
    endloop
  endfacet
  facet normal -0.996701 -0.081167 -0
    outer loop
      vertex 7.31426 0.396567 16.2858
      vertex 7.28206 0.791971 0
      vertex 7.31426 0.396567 0
    endloop
  endfacet
  facet normal -0.996701 -0.0811572 2.39994e-07
    outer loop
      vertex 7.28206 0.791971 0
      vertex 7.31426 0.396567 16.2858
      vertex 7.28389 0.769545 16.3857
    endloop
  endfacet
  facet normal -0.996687 -0.0813314 0
    outer loop
      vertex 7.28389 0.769545 20.6143
      vertex 7.28206 0.791971 59.3961
      vertex 7.28206 0.791971 20.6039
    endloop
  endfacet
  facet normal -0.996687 -0.0813314 0
    outer loop
      vertex 7.28389 0.769545 20.6143
      vertex 7.28389 0.769545 59.3857
      vertex 7.28206 0.791971 59.3961
    endloop
  endfacet
  facet normal -0.996701 -0.0811571 0
    outer loop
      vertex 7.31426 0.396567 20.7142
      vertex 7.28389 0.769545 59.3857
      vertex 7.28389 0.769545 20.6143
    endloop
  endfacet
  facet normal -0.996701 -0.0811571 0
    outer loop
      vertex 7.28389 0.769545 59.3857
      vertex 7.31426 0.396567 20.7142
      vertex 7.31426 0.396567 59.2858
    endloop
  endfacet
  facet normal -0.996687 -0.0813314 0
    outer loop
      vertex 7.28389 0.769545 63.6143
      vertex 7.28206 0.791971 80
      vertex 7.28206 0.791971 63.6039
    endloop
  endfacet
  facet normal -0.996701 -0.0811572 -2.39994e-07
    outer loop
      vertex 7.31426 0.396567 63.7142
      vertex 7.28206 0.791971 80
      vertex 7.28389 0.769545 63.6143
    endloop
  endfacet
  facet normal -0.996701 -0.081167 0
    outer loop
      vertex 7.28206 0.791971 80
      vertex 7.31426 0.396567 63.7142
      vertex 7.31426 0.396567 80
    endloop
  endfacet
  facet normal -0.999627 -0.0272982 0
    outer loop
      vertex 7.31426 0.396567 0
      vertex 7.31442 0.390708 16.2842
      vertex 7.31426 0.396567 16.2858
    endloop
  endfacet
  facet normal -0.999633 -0.0270725 -0
    outer loop
      vertex 7.325 0 16.25
      vertex 7.31426 0.396567 0
      vertex 7.325 0 0
    endloop
  endfacet
  facet normal -0.999634 -0.0270691 8.2493e-08
    outer loop
      vertex 7.31426 0.396567 0
      vertex 7.325 0 16.25
      vertex 7.31442 0.390708 16.2842
    endloop
  endfacet
  facet normal -0.999627 -0.0272982 0
    outer loop
      vertex 7.31442 0.390708 20.7158
      vertex 7.31426 0.396567 59.2858
      vertex 7.31426 0.396567 20.7142
    endloop
  endfacet
  facet normal -0.999627 -0.0272982 0
    outer loop
      vertex 7.31442 0.390708 20.7158
      vertex 7.31442 0.390708 59.2842
      vertex 7.31426 0.396567 59.2858
    endloop
  endfacet
  facet normal -0.999634 -0.0270691 0
    outer loop
      vertex 7.325 0 20.75
      vertex 7.31442 0.390708 59.2842
      vertex 7.31442 0.390708 20.7158
    endloop
  endfacet
  facet normal -0.999634 -0.0270691 0
    outer loop
      vertex 7.31442 0.390708 59.2842
      vertex 7.325 0 20.75
      vertex 7.325 0 59.25
    endloop
  endfacet
  facet normal -0.999627 -0.0272982 0
    outer loop
      vertex 7.31442 0.390708 63.7158
      vertex 7.31426 0.396567 80
      vertex 7.31426 0.396567 63.7142
    endloop
  endfacet
  facet normal -0.999634 -0.0270691 -8.2493e-08
    outer loop
      vertex 7.325 0 63.75
      vertex 7.31426 0.396567 80
      vertex 7.31442 0.390708 63.7158
    endloop
  endfacet
  facet normal -0.999633 -0.0270725 0
    outer loop
      vertex 7.31426 0.396567 80
      vertex 7.325 0 63.75
      vertex 7.325 0 80
    endloop
  endfacet
  facet normal -0.990827 -0.135135 0
    outer loop
      vertex 7.2285 1.18505 0
      vertex 7.23669 1.125 16.5514
      vertex 7.2285 1.18505 16.5935
    endloop
  endfacet
  facet normal -0.990844 -0.13501 -0
    outer loop
      vertex 7.28206 0.791971 16.3961
      vertex 7.2285 1.18505 0
      vertex 7.28206 0.791971 0
    endloop
  endfacet
  facet normal -0.990847 -0.134988 5.45366e-07
    outer loop
      vertex 7.2285 1.18505 0
      vertex 7.28206 0.791971 16.3961
      vertex 7.23669 1.125 16.5514
    endloop
  endfacet
  facet normal -0.990827 -0.135135 0
    outer loop
      vertex 7.23669 1.125 20.4486
      vertex 7.2285 1.18505 59.5935
      vertex 7.2285 1.18505 20.4065
    endloop
  endfacet
  facet normal -0.990827 -0.135135 0
    outer loop
      vertex 7.23669 1.125 20.4486
      vertex 7.23669 1.125 59.5514
      vertex 7.2285 1.18505 59.5935
    endloop
  endfacet
  facet normal -0.990847 -0.134987 0
    outer loop
      vertex 7.28206 0.791971 20.6039
      vertex 7.23669 1.125 59.5514
      vertex 7.23669 1.125 20.4486
    endloop
  endfacet
  facet normal -0.990847 -0.134987 0
    outer loop
      vertex 7.23669 1.125 59.5514
      vertex 7.28206 0.791971 20.6039
      vertex 7.28206 0.791971 59.3961
    endloop
  endfacet
  facet normal -0.990827 -0.135135 0
    outer loop
      vertex 7.23669 1.125 63.4486
      vertex 7.2285 1.18505 80
      vertex 7.2285 1.18505 63.4065
    endloop
  endfacet
  facet normal -0.990847 -0.134988 -5.45366e-07
    outer loop
      vertex 7.28206 0.791971 63.6039
      vertex 7.2285 1.18505 80
      vertex 7.23669 1.125 63.4486
    endloop
  endfacet
  facet normal -0.990844 -0.13501 0
    outer loop
      vertex 7.2285 1.18505 80
      vertex 7.28206 0.791971 63.6039
      vertex 7.28206 0.791971 80
    endloop
  endfacet
  facet normal 0.444307 -0.895874 0
    outer loop
      vertex -3.43109 6.47173 0
      vertex -3.07569 6.64799 80
      vertex -3.43109 6.47173 80
    endloop
  endfacet
  facet normal 0.444307 -0.895874 0
    outer loop
      vertex -3.07569 6.64799 80
      vertex -3.43109 6.47173 0
      vertex -3.07569 6.64799 0
    endloop
  endfacet
  facet normal -0.344856 0.938656 0
    outer loop
      vertex 2.71126 -6.80475 0
      vertex 2.33888 -6.94156 80
      vertex 2.71126 -6.80475 80
    endloop
  endfacet
  facet normal -0.344856 0.938656 0
    outer loop
      vertex 2.33888 -6.94156 80
      vertex 2.71126 -6.80475 0
      vertex 2.33888 -6.94156 0
    endloop
  endfacet
  facet normal -0.918619 0.395145 0
    outer loop
      vertex 6.64799 -3.07569 0
      vertex 6.80475 -2.71126 80
      vertex 6.80475 -2.71126 0
    endloop
  endfacet
  facet normal -0.918619 0.395145 0
    outer loop
      vertex 6.80475 -2.71126 80
      vertex 6.64799 -3.07569 0
      vertex 6.64799 -3.07569 80
    endloop
  endfacet
  facet normal 0.395145 0.918619 -0
    outer loop
      vertex -2.71126 -6.80475 0
      vertex -3.07569 -6.64799 80
      vertex -2.71126 -6.80475 80
    endloop
  endfacet
  facet normal 0.395145 0.918619 0
    outer loop
      vertex -3.07569 -6.64799 80
      vertex -2.71126 -6.80475 0
      vertex -3.07569 -6.64799 0
    endloop
  endfacet
  facet normal -0.918619 -0.395145 0
    outer loop
      vertex 6.80475 2.71126 0
      vertex 6.64799 3.07569 80
      vertex 6.64799 3.07569 0
    endloop
  endfacet
  facet normal -0.918619 -0.395145 0
    outer loop
      vertex 6.64799 3.07569 80
      vertex 6.80475 2.71126 0
      vertex 6.80475 2.71126 80
    endloop
  endfacet
  facet normal 0.293512 -0.955955 0
    outer loop
      vertex -2.33888 6.94156 0
      vertex -1.95964 7.058 80
      vertex -2.33888 6.94156 80
    endloop
  endfacet
  facet normal 0.293512 -0.955955 0
    outer loop
      vertex -1.95964 7.058 80
      vertex -2.33888 6.94156 0
      vertex -1.95964 7.058 0
    endloop
  endfacet
  facet normal 0.081167 0.996701 -0
    outer loop
      vertex -0.396567 -7.31426 0
      vertex -0.791971 -7.28206 80
      vertex -0.396567 -7.31426 80
    endloop
  endfacet
  facet normal 0.081167 0.996701 0
    outer loop
      vertex -0.791971 -7.28206 80
      vertex -0.396567 -7.31426 0
      vertex -0.791971 -7.28206 0
    endloop
  endfacet
  facet normal -0.938656 -0.344856 0
    outer loop
      vertex 6.94156 2.33888 0
      vertex 6.80475 2.71126 80
      vertex 6.80475 2.71126 0
    endloop
  endfacet
  facet normal -0.938656 -0.344856 0
    outer loop
      vertex 6.80475 2.71126 80
      vertex 6.94156 2.33888 0
      vertex 6.94156 2.33888 80
    endloop
  endfacet
  facet normal -0.188446 -0.982083 0
    outer loop
      vertex 1.18505 7.2285 0
      vertex 1.57466 7.15374 80
      vertex 1.18505 7.2285 80
    endloop
  endfacet
  facet normal -0.188446 -0.982083 -0
    outer loop
      vertex 1.57466 7.15374 80
      vertex 1.18505 7.2285 0
      vertex 1.57466 7.15374 0
    endloop
  endfacet
  facet normal -0.395145 0.918619 0
    outer loop
      vertex 3.07569 -6.64799 0
      vertex 2.71126 -6.80475 80
      vertex 3.07569 -6.64799 80
    endloop
  endfacet
  facet normal -0.395145 0.918619 0
    outer loop
      vertex 2.71126 -6.80475 80
      vertex 3.07569 -6.64799 0
      vertex 2.71126 -6.80475 0
    endloop
  endfacet
  facet normal -0.538577 -0.842576 0
    outer loop
      vertex 3.77643 6.27648 0
      vertex 4.11069 6.06282 80
      vertex 3.77643 6.27648 80
    endloop
  endfacet
  facet normal -0.538577 -0.842576 -0
    outer loop
      vertex 4.11069 6.06282 80
      vertex 3.77643 6.27648 0
      vertex 4.11069 6.06282 0
    endloop
  endfacet
  facet normal 0.955955 0.293512 0
    outer loop
      vertex -6.94156 -2.33888 80
      vertex -7.058 -1.95964 62.6012
      vertex -7.058 -1.95964 80
    endloop
  endfacet
  facet normal 0.955954 0.293517 1.12942e-07
    outer loop
      vertex -7.058 -1.95964 62.6012
      vertex -6.94156 -2.33888 80
      vertex -7.01051 -2.11431 62.2695
    endloop
  endfacet
  facet normal 0.955973 0.293453 -7.67511e-07
    outer loop
      vertex -7.01051 -2.11431 62.2695
      vertex -6.94156 -2.33888 80
      vertex -6.97935 -2.21582 61.8907
    endloop
  endfacet
  facet normal 0.955953 0.293519 0
    outer loop
      vertex -6.96885 -2.25 61.5
      vertex -6.94156 -2.33888 80
      vertex -6.96885 -2.25 18.5
    endloop
  endfacet
  facet normal 0.955914 0.293646 6.70374e-07
    outer loop
      vertex -6.97935 -2.21582 61.8907
      vertex -6.94156 -2.33888 80
      vertex -6.96885 -2.25 61.5
    endloop
  endfacet
  facet normal 0.955954 0.293517 0
    outer loop
      vertex -7.01051 -2.11431 60.7305
      vertex -7.058 -1.95964 19.6012
      vertex -7.058 -1.95964 60.3988
    endloop
  endfacet
  facet normal 0.955954 0.293517 0
    outer loop
      vertex -7.01051 -2.11431 60.7305
      vertex -7.01051 -2.11431 19.2695
      vertex -7.058 -1.95964 19.6012
    endloop
  endfacet
  facet normal 0.955974 0.29345 0
    outer loop
      vertex -6.97935 -2.21582 61.1093
      vertex -7.01051 -2.11431 19.2695
      vertex -7.01051 -2.11431 60.7305
    endloop
  endfacet
  facet normal 0.955974 0.29345 0
    outer loop
      vertex -6.97935 -2.21582 61.1093
      vertex -6.97935 -2.21582 18.8907
      vertex -7.01051 -2.11431 19.2695
    endloop
  endfacet
  facet normal 0.955912 0.293653 0
    outer loop
      vertex -6.96885 -2.25 61.5
      vertex -6.97935 -2.21582 18.8907
      vertex -6.97935 -2.21582 61.1093
    endloop
  endfacet
  facet normal 0.955912 0.293653 0
    outer loop
      vertex -6.97935 -2.21582 18.8907
      vertex -6.96885 -2.25 61.5
      vertex -6.96885 -2.25 18.5
    endloop
  endfacet
  facet normal 0.955954 0.293517 -1.12942e-07
    outer loop
      vertex -6.94156 -2.33888 0
      vertex -7.058 -1.95964 17.3988
      vertex -7.01051 -2.11431 17.7305
    endloop
  endfacet
  facet normal 0.955973 0.293453 7.67511e-07
    outer loop
      vertex -6.94156 -2.33888 0
      vertex -7.01051 -2.11431 17.7305
      vertex -6.97935 -2.21582 18.1093
    endloop
  endfacet
  facet normal 0.955914 0.293646 -6.70374e-07
    outer loop
      vertex -6.94156 -2.33888 0
      vertex -6.97935 -2.21582 18.1093
      vertex -6.96885 -2.25 18.5
    endloop
  endfacet
  facet normal 0.955955 0.293512 0
    outer loop
      vertex -7.058 -1.95964 17.3988
      vertex -6.94156 -2.33888 0
      vertex -7.058 -1.95964 0
    endloop
  endfacet
  facet normal 0.955953 0.293519 -0
    outer loop
      vertex -6.94156 -2.33888 0
      vertex -6.96885 -2.25 18.5
      vertex -6.94156 -2.33888 80
    endloop
  endfacet
  facet normal -0.0270725 -0.999633 0
    outer loop
      vertex 0 7.325 0
      vertex 0.396567 7.31426 80
      vertex 0 7.325 80
    endloop
  endfacet
  facet normal -0.0270725 -0.999633 -0
    outer loop
      vertex 0.396567 7.31426 80
      vertex 0 7.325 0
      vertex 0.396567 7.31426 0
    endloop
  endfacet
  facet normal 0.842576 0.538577 0
    outer loop
      vertex -6.06282 -4.11069 80
      vertex -6.27648 -3.77643 0
      vertex -6.27648 -3.77643 80
    endloop
  endfacet
  facet normal 0.842576 0.538577 0
    outer loop
      vertex -6.27648 -3.77643 0
      vertex -6.06282 -4.11069 80
      vertex -6.06282 -4.11069 0
    endloop
  endfacet
  facet normal 0.779416 -0.626507 0
    outer loop
      vertex -5.83138 4.4329 80
      vertex -5.58284 4.7421 0
      vertex -5.58284 4.7421 80
    endloop
  endfacet
  facet normal 0.779416 -0.626507 0
    outer loop
      vertex -5.58284 4.7421 0
      vertex -5.83138 4.4329 80
      vertex -5.83138 4.4329 0
    endloop
  endfacet
  facet normal -0.188446 0.982083 0
    outer loop
      vertex 1.57466 -7.15374 0
      vertex 1.18505 -7.2285 80
      vertex 1.57466 -7.15374 80
    endloop
  endfacet
  facet normal -0.188446 0.982083 0
    outer loop
      vertex 1.18505 -7.2285 80
      vertex 1.57466 -7.15374 0
      vertex 1.18505 -7.2285 0
    endloop
  endfacet
  facet normal -0.895874 -0.444307 0
    outer loop
      vertex 6.64799 3.07569 0
      vertex 6.47173 3.43109 80
      vertex 6.47173 3.43109 0
    endloop
  endfacet
  facet normal -0.895874 -0.444307 0
    outer loop
      vertex 6.47173 3.43109 80
      vertex 6.64799 3.07569 0
      vertex 6.64799 3.07569 80
    endloop
  endfacet
  facet normal -0.779416 0.626507 0
    outer loop
      vertex 5.58284 -4.7421 0
      vertex 5.83138 -4.4329 80
      vertex 5.83138 -4.4329 0
    endloop
  endfacet
  facet normal -0.779416 0.626507 0
    outer loop
      vertex 5.83138 -4.4329 80
      vertex 5.58284 -4.7421 0
      vertex 5.58284 -4.7421 80
    endloop
  endfacet
  facet normal 0.66778 -0.744359 0
    outer loop
      vertex -5.0374 5.31792 0
      vertex -4.7421 5.58284 80
      vertex -5.0374 5.31792 80
    endloop
  endfacet
  facet normal 0.66778 -0.744359 0
    outer loop
      vertex -4.7421 5.58284 80
      vertex -5.0374 5.31792 0
      vertex -4.7421 5.58284 0
    endloop
  endfacet
  facet normal -0.444307 0.895874 0
    outer loop
      vertex 3.43109 -6.47173 0
      vertex 3.07569 -6.64799 80
      vertex 3.43109 -6.47173 80
    endloop
  endfacet
  facet normal -0.444307 0.895874 0
    outer loop
      vertex 3.07569 -6.64799 80
      vertex 3.43109 -6.47173 0
      vertex 3.07569 -6.64799 0
    endloop
  endfacet
  facet normal -0.583389 -0.812193 0
    outer loop
      vertex 4.11069 6.06282 0
      vertex 4.4329 5.83138 80
      vertex 4.11069 6.06282 80
    endloop
  endfacet
  facet normal -0.583389 -0.812193 -0
    outer loop
      vertex 4.4329 5.83138 80
      vertex 4.11069 6.06282 0
      vertex 4.4329 5.83138 0
    endloop
  endfacet
  facet normal 0.081167 -0.996701 0
    outer loop
      vertex -0.791971 7.28206 0
      vertex -0.396567 7.31426 80
      vertex -0.791971 7.28206 80
    endloop
  endfacet
  facet normal 0.081167 -0.996701 0
    outer loop
      vertex -0.396567 7.31426 80
      vertex -0.791971 7.28206 0
      vertex -0.396567 7.31426 0
    endloop
  endfacet
  facet normal 0.8705 0.492168 0
    outer loop
      vertex -6.27648 -3.77643 80
      vertex -6.47173 -3.43109 0
      vertex -6.47173 -3.43109 80
    endloop
  endfacet
  facet normal 0.8705 0.492168 0
    outer loop
      vertex -6.47173 -3.43109 0
      vertex -6.27648 -3.77643 80
      vertex -6.27648 -3.77643 0
    endloop
  endfacet
  facet normal 0.395145 -0.918619 0
    outer loop
      vertex -3.07569 6.64799 0
      vertex -2.71126 6.80475 80
      vertex -3.07569 6.64799 80
    endloop
  endfacet
  facet normal 0.395145 -0.918619 0
    outer loop
      vertex -2.71126 6.80475 80
      vertex -3.07569 6.64799 0
      vertex -2.71126 6.80475 0
    endloop
  endfacet
  facet normal 0.241337 0.970441 -0
    outer loop
      vertex -1.57466 -7.15374 0
      vertex -1.95964 -7.058 80
      vertex -1.57466 -7.15374 80
    endloop
  endfacet
  facet normal 0.241337 0.970441 0
    outer loop
      vertex -1.95964 -7.058 80
      vertex -1.57466 -7.15374 0
      vertex -1.95964 -7.058 0
    endloop
  endfacet
  facet normal -0.955912 -0.293653 0
    outer loop
      vertex 6.97935 2.21582 18.8907
      vertex 6.96885 2.25 61.5
      vertex 6.96885 2.25 18.5
    endloop
  endfacet
  facet normal -0.955912 -0.293653 0
    outer loop
      vertex 6.97935 2.21582 18.8907
      vertex 6.97935 2.21582 61.1093
      vertex 6.96885 2.25 61.5
    endloop
  endfacet
  facet normal -0.955974 -0.29345 0
    outer loop
      vertex 7.01051 2.11431 19.2695
      vertex 6.97935 2.21582 61.1093
      vertex 6.97935 2.21582 18.8907
    endloop
  endfacet
  facet normal -0.955974 -0.29345 0
    outer loop
      vertex 7.01051 2.11431 19.2695
      vertex 7.01051 2.11431 60.7305
      vertex 6.97935 2.21582 61.1093
    endloop
  endfacet
  facet normal -0.955954 -0.293517 0
    outer loop
      vertex 7.058 1.95964 19.6012
      vertex 7.01051 2.11431 60.7305
      vertex 7.01051 2.11431 19.2695
    endloop
  endfacet
  facet normal -0.955954 -0.293517 0
    outer loop
      vertex 7.01051 2.11431 60.7305
      vertex 7.058 1.95964 19.6012
      vertex 7.058 1.95964 60.3988
    endloop
  endfacet
  facet normal -0.955953 -0.293519 0
    outer loop
      vertex 6.94156 2.33888 0
      vertex 6.96885 2.25 18.5
      vertex 6.94156 2.33888 80
    endloop
  endfacet
  facet normal -0.955914 -0.293646 -6.70374e-07
    outer loop
      vertex 6.94156 2.33888 0
      vertex 6.97935 2.21582 18.1093
      vertex 6.96885 2.25 18.5
    endloop
  endfacet
  facet normal -0.955973 -0.293453 7.67511e-07
    outer loop
      vertex 6.94156 2.33888 0
      vertex 7.01051 2.11431 17.7305
      vertex 6.97935 2.21582 18.1093
    endloop
  endfacet
  facet normal -0.955955 -0.293512 -0
    outer loop
      vertex 7.058 1.95964 17.3988
      vertex 6.94156 2.33888 0
      vertex 7.058 1.95964 0
    endloop
  endfacet
  facet normal -0.955954 -0.293517 -1.12942e-07
    outer loop
      vertex 6.94156 2.33888 0
      vertex 7.058 1.95964 17.3988
      vertex 7.01051 2.11431 17.7305
    endloop
  endfacet
  facet normal -0.955953 -0.293519 -0
    outer loop
      vertex 6.96885 2.25 61.5
      vertex 6.94156 2.33888 80
      vertex 6.96885 2.25 18.5
    endloop
  endfacet
  facet normal -0.955914 -0.293646 6.70374e-07
    outer loop
      vertex 6.97935 2.21582 61.8907
      vertex 6.94156 2.33888 80
      vertex 6.96885 2.25 61.5
    endloop
  endfacet
  facet normal -0.955973 -0.293453 -7.67511e-07
    outer loop
      vertex 7.01051 2.11431 62.2695
      vertex 6.94156 2.33888 80
      vertex 6.97935 2.21582 61.8907
    endloop
  endfacet
  facet normal -0.955954 -0.293517 1.12942e-07
    outer loop
      vertex 7.058 1.95964 62.6012
      vertex 6.94156 2.33888 80
      vertex 7.01051 2.11431 62.2695
    endloop
  endfacet
  facet normal -0.955955 -0.293512 0
    outer loop
      vertex 6.94156 2.33888 80
      vertex 7.058 1.95964 62.6012
      vertex 7.058 1.95964 80
    endloop
  endfacet
  facet normal -0.081167 -0.996701 0
    outer loop
      vertex 0.396567 7.31426 0
      vertex 0.791971 7.28206 80
      vertex 0.396567 7.31426 80
    endloop
  endfacet
  facet normal -0.081167 -0.996701 -0
    outer loop
      vertex 0.791971 7.28206 80
      vertex 0.396567 7.31426 0
      vertex 0.791971 7.28206 0
    endloop
  endfacet
  facet normal -0.812193 -0.583389 0
    outer loop
      vertex 6.06282 4.11069 0
      vertex 5.83138 4.4329 80
      vertex 5.83138 4.4329 0
    endloop
  endfacet
  facet normal -0.812193 -0.583389 0
    outer loop
      vertex 5.83138 4.4329 80
      vertex 6.06282 4.11069 0
      vertex 6.06282 4.11069 80
    endloop
  endfacet
  facet normal -0.8705 -0.492168 0
    outer loop
      vertex 6.47173 3.43109 0
      vertex 6.27648 3.77643 80
      vertex 6.27648 3.77643 0
    endloop
  endfacet
  facet normal -0.8705 -0.492168 0
    outer loop
      vertex 6.27648 3.77643 80
      vertex 6.47173 3.43109 0
      vertex 6.47173 3.43109 80
    endloop
  endfacet
  facet normal -0.395145 -0.918619 0
    outer loop
      vertex 2.71126 6.80475 0
      vertex 3.07569 6.64799 80
      vertex 2.71126 6.80475 80
    endloop
  endfacet
  facet normal -0.395145 -0.918619 -0
    outer loop
      vertex 3.07569 6.64799 80
      vertex 2.71126 6.80475 0
      vertex 3.07569 6.64799 0
    endloop
  endfacet
  facet normal 0.626507 0.779416 -0
    outer loop
      vertex -4.4329 -5.83138 0
      vertex -4.7421 -5.58284 80
      vertex -4.4329 -5.83138 80
    endloop
  endfacet
  facet normal 0.626507 0.779416 0
    outer loop
      vertex -4.7421 -5.58284 80
      vertex -4.4329 -5.83138 0
      vertex -4.7421 -5.58284 0
    endloop
  endfacet
  facet normal 0.982086 0.188432 3.46397e-07
    outer loop
      vertex -7.15374 -1.57466 0
      vertex -7.2285 -1.18505 16.5935
      vertex -7.17838 -1.44627 16.7764
    endloop
  endfacet
  facet normal 0.982078 0.188476 -0
    outer loop
      vertex -7.15374 -1.57466 0
      vertex -7.17838 -1.44627 16.7764
      vertex -7.15374 -1.57466 16.9048
    endloop
  endfacet
  facet normal 0.982083 0.188446 0
    outer loop
      vertex -7.2285 -1.18505 16.5935
      vertex -7.15374 -1.57466 0
      vertex -7.2285 -1.18505 0
    endloop
  endfacet
  facet normal 0.982086 0.188432 0
    outer loop
      vertex -7.17838 -1.44627 59.7764
      vertex -7.2285 -1.18505 20.4065
      vertex -7.2285 -1.18505 59.5935
    endloop
  endfacet
  facet normal 0.982086 0.188432 0
    outer loop
      vertex -7.17838 -1.44627 59.7764
      vertex -7.17838 -1.44627 20.2236
      vertex -7.2285 -1.18505 20.4065
    endloop
  endfacet
  facet normal 0.982078 0.188476 0
    outer loop
      vertex -7.15374 -1.57466 59.9048
      vertex -7.17838 -1.44627 20.2236
      vertex -7.17838 -1.44627 59.7764
    endloop
  endfacet
  facet normal 0.982078 0.188476 0
    outer loop
      vertex -7.17838 -1.44627 20.2236
      vertex -7.15374 -1.57466 59.9048
      vertex -7.15374 -1.57466 20.0952
    endloop
  endfacet
  facet normal 0.982083 0.188446 0
    outer loop
      vertex -7.15374 -1.57466 80
      vertex -7.2285 -1.18505 63.4065
      vertex -7.2285 -1.18505 80
    endloop
  endfacet
  facet normal 0.982086 0.188432 -3.46397e-07
    outer loop
      vertex -7.2285 -1.18505 63.4065
      vertex -7.15374 -1.57466 80
      vertex -7.17838 -1.44627 63.2236
    endloop
  endfacet
  facet normal 0.982078 0.188476 0
    outer loop
      vertex -7.17838 -1.44627 63.2236
      vertex -7.15374 -1.57466 80
      vertex -7.15374 -1.57466 63.0952
    endloop
  endfacet
  facet normal -0.8705 0.492168 0
    outer loop
      vertex 6.27648 -3.77643 0
      vertex 6.47173 -3.43109 80
      vertex 6.47173 -3.43109 0
    endloop
  endfacet
  facet normal -0.8705 0.492168 0
    outer loop
      vertex 6.47173 -3.43109 80
      vertex 6.27648 -3.77643 0
      vertex 6.27648 -3.77643 80
    endloop
  endfacet
  facet normal -0.982083 0.188446 0
    outer loop
      vertex 7.15374 -1.57466 0
      vertex 7.2285 -1.18505 16.5935
      vertex 7.2285 -1.18505 0
    endloop
  endfacet
  facet normal -0.982086 0.188432 3.46397e-07
    outer loop
      vertex 7.2285 -1.18505 16.5935
      vertex 7.15374 -1.57466 0
      vertex 7.17838 -1.44627 16.7764
    endloop
  endfacet
  facet normal -0.982078 0.188476 0
    outer loop
      vertex 7.17838 -1.44627 16.7764
      vertex 7.15374 -1.57466 0
      vertex 7.15374 -1.57466 16.9048
    endloop
  endfacet
  facet normal -0.982086 0.188432 0
    outer loop
      vertex 7.17838 -1.44627 20.2236
      vertex 7.2285 -1.18505 59.5935
      vertex 7.2285 -1.18505 20.4065
    endloop
  endfacet
  facet normal -0.982086 0.188432 0
    outer loop
      vertex 7.17838 -1.44627 20.2236
      vertex 7.17838 -1.44627 59.7764
      vertex 7.2285 -1.18505 59.5935
    endloop
  endfacet
  facet normal -0.982078 0.188476 0
    outer loop
      vertex 7.15374 -1.57466 20.0952
      vertex 7.17838 -1.44627 59.7764
      vertex 7.17838 -1.44627 20.2236
    endloop
  endfacet
  facet normal -0.982078 0.188476 0
    outer loop
      vertex 7.17838 -1.44627 59.7764
      vertex 7.15374 -1.57466 20.0952
      vertex 7.15374 -1.57466 59.9048
    endloop
  endfacet
  facet normal -0.982086 0.188432 -3.46397e-07
    outer loop
      vertex 7.15374 -1.57466 80
      vertex 7.2285 -1.18505 63.4065
      vertex 7.17838 -1.44627 63.2236
    endloop
  endfacet
  facet normal -0.982078 0.188476 0
    outer loop
      vertex 7.15374 -1.57466 80
      vertex 7.17838 -1.44627 63.2236
      vertex 7.15374 -1.57466 63.0952
    endloop
  endfacet
  facet normal -0.982083 0.188446 0
    outer loop
      vertex 7.2285 -1.18505 63.4065
      vertex 7.15374 -1.57466 80
      vertex 7.2285 -1.18505 80
    endloop
  endfacet
  facet normal -0.990844 0.13501 0
    outer loop
      vertex 7.2285 -1.18505 0
      vertex 7.28206 -0.791971 16.3961
      vertex 7.28206 -0.791971 0
    endloop
  endfacet
  facet normal -0.990847 0.134988 5.45366e-07
    outer loop
      vertex 7.28206 -0.791971 16.3961
      vertex 7.2285 -1.18505 0
      vertex 7.23669 -1.125 16.5514
    endloop
  endfacet
  facet normal -0.990827 0.135135 0
    outer loop
      vertex 7.23669 -1.125 16.5514
      vertex 7.2285 -1.18505 0
      vertex 7.2285 -1.18505 16.5935
    endloop
  endfacet
  facet normal -0.990847 0.134987 0
    outer loop
      vertex 7.23669 -1.125 20.4486
      vertex 7.28206 -0.791971 59.3961
      vertex 7.28206 -0.791971 20.6039
    endloop
  endfacet
  facet normal -0.990847 0.134987 0
    outer loop
      vertex 7.23669 -1.125 20.4486
      vertex 7.23669 -1.125 59.5514
      vertex 7.28206 -0.791971 59.3961
    endloop
  endfacet
  facet normal -0.990827 0.135135 0
    outer loop
      vertex 7.2285 -1.18505 20.4065
      vertex 7.23669 -1.125 59.5514
      vertex 7.23669 -1.125 20.4486
    endloop
  endfacet
  facet normal -0.990827 0.135135 0
    outer loop
      vertex 7.23669 -1.125 59.5514
      vertex 7.2285 -1.18505 20.4065
      vertex 7.2285 -1.18505 59.5935
    endloop
  endfacet
  facet normal -0.990847 0.134988 -5.45366e-07
    outer loop
      vertex 7.2285 -1.18505 80
      vertex 7.28206 -0.791971 63.6039
      vertex 7.23669 -1.125 63.4486
    endloop
  endfacet
  facet normal -0.990827 0.135135 0
    outer loop
      vertex 7.2285 -1.18505 80
      vertex 7.23669 -1.125 63.4486
      vertex 7.2285 -1.18505 63.4065
    endloop
  endfacet
  facet normal -0.990844 0.13501 0
    outer loop
      vertex 7.28206 -0.791971 63.6039
      vertex 7.2285 -1.18505 80
      vertex 7.28206 -0.791971 80
    endloop
  endfacet
  facet normal 0.344856 -0.938656 0
    outer loop
      vertex -2.71126 6.80475 0
      vertex -2.33888 6.94156 80
      vertex -2.71126 6.80475 80
    endloop
  endfacet
  facet normal 0.344856 -0.938656 0
    outer loop
      vertex -2.33888 6.94156 80
      vertex -2.71126 6.80475 0
      vertex -2.33888 6.94156 0
    endloop
  endfacet
  facet normal -0.492168 -0.8705 0
    outer loop
      vertex 3.43109 6.47173 0
      vertex 3.77643 6.27648 80
      vertex 3.43109 6.47173 80
    endloop
  endfacet
  facet normal -0.492168 -0.8705 -0
    outer loop
      vertex 3.77643 6.27648 80
      vertex 3.43109 6.47173 0
      vertex 3.77643 6.27648 0
    endloop
  endfacet
  facet normal -0.0270725 0.999633 0
    outer loop
      vertex 0.396567 -7.31426 0
      vertex 0 -7.325 80
      vertex 0.396567 -7.31426 80
    endloop
  endfacet
  facet normal -0.0270725 0.999633 0
    outer loop
      vertex 0 -7.325 80
      vertex 0.396567 -7.31426 0
      vertex 0 -7.325 0
    endloop
  endfacet
  facet normal -0.66778 -0.744359 0
    outer loop
      vertex 4.7421 5.58284 0
      vertex 5.0374 5.31792 80
      vertex 4.7421 5.58284 80
    endloop
  endfacet
  facet normal -0.66778 -0.744359 -0
    outer loop
      vertex 5.0374 5.31792 80
      vertex 4.7421 5.58284 0
      vertex 5.0374 5.31792 0
    endloop
  endfacet
  facet normal 0.13501 0.990844 -0
    outer loop
      vertex -0.791971 -7.28206 0
      vertex -1.18505 -7.2285 80
      vertex -0.791971 -7.28206 80
    endloop
  endfacet
  facet normal 0.13501 0.990844 0
    outer loop
      vertex -1.18505 -7.2285 80
      vertex -0.791971 -7.28206 0
      vertex -1.18505 -7.2285 0
    endloop
  endfacet
  facet normal 0.626507 -0.779416 0
    outer loop
      vertex -4.7421 5.58284 0
      vertex -4.4329 5.83138 80
      vertex -4.7421 5.58284 80
    endloop
  endfacet
  facet normal 0.626507 -0.779416 0
    outer loop
      vertex -4.4329 5.83138 80
      vertex -4.7421 5.58284 0
      vertex -4.4329 5.83138 0
    endloop
  endfacet
  facet normal -0.999633 0.0270725 0
    outer loop
      vertex 7.31426 -0.396567 0
      vertex 7.325 0 16.25
      vertex 7.325 0 0
    endloop
  endfacet
  facet normal -0.999634 0.0270691 8.2493e-08
    outer loop
      vertex 7.325 0 16.25
      vertex 7.31426 -0.396567 0
      vertex 7.31442 -0.390708 16.2842
    endloop
  endfacet
  facet normal -0.999627 0.0272982 0
    outer loop
      vertex 7.31442 -0.390708 16.2842
      vertex 7.31426 -0.396567 0
      vertex 7.31426 -0.396567 16.2858
    endloop
  endfacet
  facet normal -0.999634 0.0270691 0
    outer loop
      vertex 7.31442 -0.390708 20.7158
      vertex 7.325 0 59.25
      vertex 7.325 0 20.75
    endloop
  endfacet
  facet normal -0.999634 0.0270691 0
    outer loop
      vertex 7.31442 -0.390708 20.7158
      vertex 7.31442 -0.390708 59.2842
      vertex 7.325 0 59.25
    endloop
  endfacet
  facet normal -0.999627 0.0272982 0
    outer loop
      vertex 7.31426 -0.396567 20.7142
      vertex 7.31442 -0.390708 59.2842
      vertex 7.31442 -0.390708 20.7158
    endloop
  endfacet
  facet normal -0.999627 0.0272982 0
    outer loop
      vertex 7.31442 -0.390708 59.2842
      vertex 7.31426 -0.396567 20.7142
      vertex 7.31426 -0.396567 59.2858
    endloop
  endfacet
  facet normal -0.999634 0.0270691 -8.2493e-08
    outer loop
      vertex 7.31426 -0.396567 80
      vertex 7.325 0 63.75
      vertex 7.31442 -0.390708 63.7158
    endloop
  endfacet
  facet normal -0.999627 0.0272982 0
    outer loop
      vertex 7.31426 -0.396567 80
      vertex 7.31442 -0.390708 63.7158
      vertex 7.31426 -0.396567 63.7142
    endloop
  endfacet
  facet normal -0.999633 0.0270725 0
    outer loop
      vertex 7.325 0 63.75
      vertex 7.31426 -0.396567 80
      vertex 7.325 0 80
    endloop
  endfacet
  facet normal 0.970348 -0.241711 0
    outer loop
      vertex -7.06076 1.94856 17.375
      vertex -7.058 1.95964 0
      vertex -7.058 1.95964 17.3988
    endloop
  endfacet
  facet normal 0.970446 -0.241318 2.66509e-07
    outer loop
      vertex -7.1167 1.7236 17.0537
      vertex -7.058 1.95964 0
      vertex -7.06076 1.94856 17.375
    endloop
  endfacet
  facet normal 0.970441 -0.24134 -5.41159e-08
    outer loop
      vertex -7.15374 1.57466 16.9048
      vertex -7.058 1.95964 0
      vertex -7.1167 1.7236 17.0537
    endloop
  endfacet
  facet normal 0.970441 -0.241337 0
    outer loop
      vertex -7.058 1.95964 0
      vertex -7.15374 1.57466 16.9048
      vertex -7.15374 1.57466 0
    endloop
  endfacet
  facet normal 0.970348 -0.241711 0
    outer loop
      vertex -7.06076 1.94856 60.375
      vertex -7.058 1.95964 19.6012
      vertex -7.058 1.95964 60.3988
    endloop
  endfacet
  facet normal 0.970348 -0.241711 0
    outer loop
      vertex -7.06076 1.94856 60.375
      vertex -7.06076 1.94856 19.625
      vertex -7.058 1.95964 19.6012
    endloop
  endfacet
  facet normal 0.970446 -0.241317 0
    outer loop
      vertex -7.1167 1.7236 60.0537
      vertex -7.06076 1.94856 19.625
      vertex -7.06076 1.94856 60.375
    endloop
  endfacet
  facet normal 0.970446 -0.241317 0
    outer loop
      vertex -7.1167 1.7236 60.0537
      vertex -7.1167 1.7236 19.9463
      vertex -7.06076 1.94856 19.625
    endloop
  endfacet
  facet normal 0.970441 -0.24134 0
    outer loop
      vertex -7.15374 1.57466 59.9048
      vertex -7.1167 1.7236 19.9463
      vertex -7.1167 1.7236 60.0537
    endloop
  endfacet
  facet normal 0.970441 -0.24134 0
    outer loop
      vertex -7.1167 1.7236 19.9463
      vertex -7.15374 1.57466 59.9048
      vertex -7.15374 1.57466 20.0952
    endloop
  endfacet
  facet normal 0.970348 -0.241711 0
    outer loop
      vertex -7.058 1.95964 80
      vertex -7.06076 1.94856 62.625
      vertex -7.058 1.95964 62.6012
    endloop
  endfacet
  facet normal 0.970446 -0.241318 -2.66509e-07
    outer loop
      vertex -7.058 1.95964 80
      vertex -7.1167 1.7236 62.9463
      vertex -7.06076 1.94856 62.625
    endloop
  endfacet
  facet normal 0.970441 -0.241337 0
    outer loop
      vertex -7.15374 1.57466 63.0952
      vertex -7.058 1.95964 80
      vertex -7.15374 1.57466 80
    endloop
  endfacet
  facet normal 0.970441 -0.24134 5.41159e-08
    outer loop
      vertex -7.058 1.95964 80
      vertex -7.15374 1.57466 63.0952
      vertex -7.1167 1.7236 62.9463
    endloop
  endfacet
  facet normal -0.13501 -0.990844 0
    outer loop
      vertex 0.791971 7.28206 0
      vertex 1.18505 7.2285 80
      vertex 0.791971 7.28206 80
    endloop
  endfacet
  facet normal -0.13501 -0.990844 -0
    outer loop
      vertex 1.18505 7.2285 80
      vertex 0.791971 7.28206 0
      vertex 1.18505 7.2285 0
    endloop
  endfacet
  facet normal 0.538577 -0.842576 0
    outer loop
      vertex -4.11069 6.06282 0
      vertex -3.77643 6.27648 80
      vertex -4.11069 6.06282 80
    endloop
  endfacet
  facet normal 0.538577 -0.842576 0
    outer loop
      vertex -3.77643 6.27648 80
      vertex -4.11069 6.06282 0
      vertex -3.77643 6.27648 0
    endloop
  endfacet
  facet normal 0.492168 -0.8705 0
    outer loop
      vertex -3.77643 6.27648 0
      vertex -3.43109 6.47173 80
      vertex -3.77643 6.27648 80
    endloop
  endfacet
  facet normal 0.492168 -0.8705 0
    outer loop
      vertex -3.43109 6.47173 80
      vertex -3.77643 6.27648 0
      vertex -3.43109 6.47173 0
    endloop
  endfacet
  facet normal 0.293512 0.955955 -0
    outer loop
      vertex -1.95964 -7.058 0
      vertex -2.33888 -6.94156 80
      vertex -1.95964 -7.058 80
    endloop
  endfacet
  facet normal 0.293512 0.955955 0
    outer loop
      vertex -2.33888 -6.94156 80
      vertex -1.95964 -7.058 0
      vertex -2.33888 -6.94156 0
    endloop
  endfacet
  facet normal 0.990847 0.134988 5.45366e-07
    outer loop
      vertex -7.2285 -1.18505 0
      vertex -7.28206 -0.791971 16.3961
      vertex -7.23669 -1.125 16.5514
    endloop
  endfacet
  facet normal 0.990827 0.135135 -0
    outer loop
      vertex -7.2285 -1.18505 0
      vertex -7.23669 -1.125 16.5514
      vertex -7.2285 -1.18505 16.5935
    endloop
  endfacet
  facet normal 0.990844 0.13501 0
    outer loop
      vertex -7.28206 -0.791971 16.3961
      vertex -7.2285 -1.18505 0
      vertex -7.28206 -0.791971 0
    endloop
  endfacet
  facet normal 0.990847 0.134987 0
    outer loop
      vertex -7.23669 -1.125 59.5514
      vertex -7.28206 -0.791971 20.6039
      vertex -7.28206 -0.791971 59.3961
    endloop
  endfacet
  facet normal 0.990847 0.134987 0
    outer loop
      vertex -7.23669 -1.125 59.5514
      vertex -7.23669 -1.125 20.4486
      vertex -7.28206 -0.791971 20.6039
    endloop
  endfacet
  facet normal 0.990827 0.135135 0
    outer loop
      vertex -7.2285 -1.18505 59.5935
      vertex -7.23669 -1.125 20.4486
      vertex -7.23669 -1.125 59.5514
    endloop
  endfacet
  facet normal 0.990827 0.135135 0
    outer loop
      vertex -7.23669 -1.125 20.4486
      vertex -7.2285 -1.18505 59.5935
      vertex -7.2285 -1.18505 20.4065
    endloop
  endfacet
  facet normal 0.990844 0.13501 0
    outer loop
      vertex -7.2285 -1.18505 80
      vertex -7.28206 -0.791971 63.6039
      vertex -7.28206 -0.791971 80
    endloop
  endfacet
  facet normal 0.990847 0.134988 -5.45366e-07
    outer loop
      vertex -7.28206 -0.791971 63.6039
      vertex -7.2285 -1.18505 80
      vertex -7.23669 -1.125 63.4486
    endloop
  endfacet
  facet normal 0.990827 0.135135 0
    outer loop
      vertex -7.23669 -1.125 63.4486
      vertex -7.2285 -1.18505 80
      vertex -7.2285 -1.18505 63.4065
    endloop
  endfacet
  facet normal 0.812193 0.583389 0
    outer loop
      vertex -5.83138 -4.4329 80
      vertex -6.06282 -4.11069 0
      vertex -6.06282 -4.11069 80
    endloop
  endfacet
  facet normal 0.812193 0.583389 0
    outer loop
      vertex -6.06282 -4.11069 0
      vertex -5.83138 -4.4329 80
      vertex -5.83138 -4.4329 0
    endloop
  endfacet
  facet normal -0.938656 0.344856 0
    outer loop
      vertex 6.80475 -2.71126 0
      vertex 6.94156 -2.33888 80
      vertex 6.94156 -2.33888 0
    endloop
  endfacet
  facet normal -0.938656 0.344856 0
    outer loop
      vertex 6.94156 -2.33888 80
      vertex 6.80475 -2.71126 0
      vertex 6.80475 -2.71126 80
    endloop
  endfacet
  facet normal 0.744359 0.66778 0
    outer loop
      vertex -5.31792 -5.0374 80
      vertex -5.58284 -4.7421 0
      vertex -5.58284 -4.7421 80
    endloop
  endfacet
  facet normal 0.744359 0.66778 0
    outer loop
      vertex -5.58284 -4.7421 0
      vertex -5.31792 -5.0374 80
      vertex -5.31792 -5.0374 0
    endloop
  endfacet
  facet normal -0.955955 0.293512 0
    outer loop
      vertex 6.94156 -2.33888 0
      vertex 7.058 -1.95964 17.3988
      vertex 7.058 -1.95964 0
    endloop
  endfacet
  facet normal -0.955954 0.293517 -1.12942e-07
    outer loop
      vertex 7.058 -1.95964 17.3988
      vertex 6.94156 -2.33888 0
      vertex 7.01051 -2.11431 17.7305
    endloop
  endfacet
  facet normal -0.955973 0.293453 7.67511e-07
    outer loop
      vertex 7.01051 -2.11431 17.7305
      vertex 6.94156 -2.33888 0
      vertex 6.97935 -2.21582 18.1093
    endloop
  endfacet
  facet normal -0.955953 0.293519 0
    outer loop
      vertex 6.96885 -2.25 18.5
      vertex 6.94156 -2.33888 0
      vertex 6.96885 -2.25 61.5
    endloop
  endfacet
  facet normal -0.955914 0.293646 -6.70374e-07
    outer loop
      vertex 6.97935 -2.21582 18.1093
      vertex 6.94156 -2.33888 0
      vertex 6.96885 -2.25 18.5
    endloop
  endfacet
  facet normal -0.955954 0.293517 0
    outer loop
      vertex 7.01051 -2.11431 19.2695
      vertex 7.058 -1.95964 60.3988
      vertex 7.058 -1.95964 19.6012
    endloop
  endfacet
  facet normal -0.955954 0.293517 0
    outer loop
      vertex 7.01051 -2.11431 19.2695
      vertex 7.01051 -2.11431 60.7305
      vertex 7.058 -1.95964 60.3988
    endloop
  endfacet
  facet normal -0.955974 0.29345 0
    outer loop
      vertex 6.97935 -2.21582 18.8907
      vertex 7.01051 -2.11431 60.7305
      vertex 7.01051 -2.11431 19.2695
    endloop
  endfacet
  facet normal -0.955974 0.29345 0
    outer loop
      vertex 6.97935 -2.21582 18.8907
      vertex 6.97935 -2.21582 61.1093
      vertex 7.01051 -2.11431 60.7305
    endloop
  endfacet
  facet normal -0.955912 0.293653 0
    outer loop
      vertex 6.96885 -2.25 18.5
      vertex 6.97935 -2.21582 61.1093
      vertex 6.97935 -2.21582 18.8907
    endloop
  endfacet
  facet normal -0.955912 0.293653 0
    outer loop
      vertex 6.97935 -2.21582 61.1093
      vertex 6.96885 -2.25 18.5
      vertex 6.96885 -2.25 61.5
    endloop
  endfacet
  facet normal -0.955954 0.293517 1.12942e-07
    outer loop
      vertex 6.94156 -2.33888 80
      vertex 7.058 -1.95964 62.6012
      vertex 7.01051 -2.11431 62.2695
    endloop
  endfacet
  facet normal -0.955973 0.293453 -7.67511e-07
    outer loop
      vertex 6.94156 -2.33888 80
      vertex 7.01051 -2.11431 62.2695
      vertex 6.97935 -2.21582 61.8907
    endloop
  endfacet
  facet normal -0.955914 0.293646 6.70374e-07
    outer loop
      vertex 6.94156 -2.33888 80
      vertex 6.97935 -2.21582 61.8907
      vertex 6.96885 -2.25 61.5
    endloop
  endfacet
  facet normal -0.955955 0.293512 0
    outer loop
      vertex 7.058 -1.95964 62.6012
      vertex 6.94156 -2.33888 80
      vertex 7.058 -1.95964 80
    endloop
  endfacet
  facet normal -0.955953 0.293519 0
    outer loop
      vertex 6.94156 -2.33888 80
      vertex 6.96885 -2.25 61.5
      vertex 6.94156 -2.33888 0
    endloop
  endfacet
  facet normal -0.842576 -0.538577 0
    outer loop
      vertex 6.27648 3.77643 0
      vertex 6.06282 4.11069 80
      vertex 6.06282 4.11069 0
    endloop
  endfacet
  facet normal -0.842576 -0.538577 0
    outer loop
      vertex 6.06282 4.11069 80
      vertex 6.27648 3.77643 0
      vertex 6.27648 3.77643 80
    endloop
  endfacet
  facet normal 0.999634 0.0270691 8.2493e-08
    outer loop
      vertex -7.31426 -0.396567 0
      vertex -7.325 0 16.25
      vertex -7.31442 -0.390708 16.2842
    endloop
  endfacet
  facet normal 0.999627 0.0272982 -0
    outer loop
      vertex -7.31426 -0.396567 0
      vertex -7.31442 -0.390708 16.2842
      vertex -7.31426 -0.396567 16.2858
    endloop
  endfacet
  facet normal 0.999633 0.0270725 0
    outer loop
      vertex -7.325 0 16.25
      vertex -7.31426 -0.396567 0
      vertex -7.325 0 0
    endloop
  endfacet
  facet normal 0.999634 0.0270691 0
    outer loop
      vertex -7.31442 -0.390708 59.2842
      vertex -7.325 0 20.75
      vertex -7.325 0 59.25
    endloop
  endfacet
  facet normal 0.999634 0.0270691 0
    outer loop
      vertex -7.31442 -0.390708 59.2842
      vertex -7.31442 -0.390708 20.7158
      vertex -7.325 0 20.75
    endloop
  endfacet
  facet normal 0.999627 0.0272982 0
    outer loop
      vertex -7.31426 -0.396567 59.2858
      vertex -7.31442 -0.390708 20.7158
      vertex -7.31442 -0.390708 59.2842
    endloop
  endfacet
  facet normal 0.999627 0.0272982 0
    outer loop
      vertex -7.31442 -0.390708 20.7158
      vertex -7.31426 -0.396567 59.2858
      vertex -7.31426 -0.396567 20.7142
    endloop
  endfacet
  facet normal 0.999633 0.0270725 0
    outer loop
      vertex -7.31426 -0.396567 80
      vertex -7.325 0 63.75
      vertex -7.325 0 80
    endloop
  endfacet
  facet normal 0.999634 0.0270691 -8.2493e-08
    outer loop
      vertex -7.325 0 63.75
      vertex -7.31426 -0.396567 80
      vertex -7.31442 -0.390708 63.7158
    endloop
  endfacet
  facet normal 0.999627 0.0272982 0
    outer loop
      vertex -7.31442 -0.390708 63.7158
      vertex -7.31426 -0.396567 80
      vertex -7.31426 -0.396567 63.7142
    endloop
  endfacet
  facet normal 0.0270725 -0.999633 0
    outer loop
      vertex -0.396567 7.31426 0
      vertex 0 7.325 80
      vertex -0.396567 7.31426 80
    endloop
  endfacet
  facet normal 0.0270725 -0.999633 0
    outer loop
      vertex 0 7.325 80
      vertex -0.396567 7.31426 0
      vertex 0 7.325 0
    endloop
  endfacet
  facet normal 0.970441 0.24134 -5.41159e-08
    outer loop
      vertex -7.058 -1.95964 0
      vertex -7.15374 -1.57466 16.9048
      vertex -7.1167 -1.7236 17.0537
    endloop
  endfacet
  facet normal 0.970446 0.241318 2.66509e-07
    outer loop
      vertex -7.058 -1.95964 0
      vertex -7.1167 -1.7236 17.0537
      vertex -7.06076 -1.94856 17.375
    endloop
  endfacet
  facet normal 0.970348 0.241711 -0
    outer loop
      vertex -7.058 -1.95964 0
      vertex -7.06076 -1.94856 17.375
      vertex -7.058 -1.95964 17.3988
    endloop
  endfacet
  facet normal 0.970441 0.241337 0
    outer loop
      vertex -7.15374 -1.57466 16.9048
      vertex -7.058 -1.95964 0
      vertex -7.15374 -1.57466 0
    endloop
  endfacet
  facet normal 0.970441 0.24134 0
    outer loop
      vertex -7.1167 -1.7236 60.0537
      vertex -7.15374 -1.57466 20.0952
      vertex -7.15374 -1.57466 59.9048
    endloop
  endfacet
  facet normal 0.970441 0.24134 0
    outer loop
      vertex -7.1167 -1.7236 60.0537
      vertex -7.1167 -1.7236 19.9463
      vertex -7.15374 -1.57466 20.0952
    endloop
  endfacet
  facet normal 0.970446 0.241317 0
    outer loop
      vertex -7.06076 -1.94856 60.375
      vertex -7.1167 -1.7236 19.9463
      vertex -7.1167 -1.7236 60.0537
    endloop
  endfacet
  facet normal 0.970446 0.241317 0
    outer loop
      vertex -7.06076 -1.94856 60.375
      vertex -7.06076 -1.94856 19.625
      vertex -7.1167 -1.7236 19.9463
    endloop
  endfacet
  facet normal 0.970348 0.241711 0
    outer loop
      vertex -7.058 -1.95964 60.3988
      vertex -7.06076 -1.94856 19.625
      vertex -7.06076 -1.94856 60.375
    endloop
  endfacet
  facet normal 0.970348 0.241711 0
    outer loop
      vertex -7.06076 -1.94856 19.625
      vertex -7.058 -1.95964 60.3988
      vertex -7.058 -1.95964 19.6012
    endloop
  endfacet
  facet normal 0.970441 0.241337 0
    outer loop
      vertex -7.058 -1.95964 80
      vertex -7.15374 -1.57466 63.0952
      vertex -7.15374 -1.57466 80
    endloop
  endfacet
  facet normal 0.970441 0.24134 5.41159e-08
    outer loop
      vertex -7.15374 -1.57466 63.0952
      vertex -7.058 -1.95964 80
      vertex -7.1167 -1.7236 62.9463
    endloop
  endfacet
  facet normal 0.970446 0.241318 -2.66509e-07
    outer loop
      vertex -7.1167 -1.7236 62.9463
      vertex -7.058 -1.95964 80
      vertex -7.06076 -1.94856 62.625
    endloop
  endfacet
  facet normal 0.970348 0.241711 0
    outer loop
      vertex -7.06076 -1.94856 62.625
      vertex -7.058 -1.95964 80
      vertex -7.058 -1.95964 62.6012
    endloop
  endfacet
  facet normal -0.444307 -0.895874 0
    outer loop
      vertex 3.07569 6.64799 0
      vertex 3.43109 6.47173 80
      vertex 3.07569 6.64799 80
    endloop
  endfacet
  facet normal -0.444307 -0.895874 -0
    outer loop
      vertex 3.43109 6.47173 80
      vertex 3.07569 6.64799 0
      vertex 3.43109 6.47173 0
    endloop
  endfacet
  facet normal -0.744359 0.66778 0
    outer loop
      vertex 5.31792 -5.0374 0
      vertex 5.58284 -4.7421 80
      vertex 5.58284 -4.7421 0
    endloop
  endfacet
  facet normal -0.744359 0.66778 0
    outer loop
      vertex 5.58284 -4.7421 80
      vertex 5.31792 -5.0374 0
      vertex 5.31792 -5.0374 80
    endloop
  endfacet
  facet normal 0.996701 0.0811572 2.39994e-07
    outer loop
      vertex -7.28206 -0.791971 0
      vertex -7.31426 -0.396567 16.2858
      vertex -7.28389 -0.769545 16.3857
    endloop
  endfacet
  facet normal 0.996687 0.0813314 -0
    outer loop
      vertex -7.28206 -0.791971 0
      vertex -7.28389 -0.769545 16.3857
      vertex -7.28206 -0.791971 16.3961
    endloop
  endfacet
  facet normal 0.996701 0.081167 0
    outer loop
      vertex -7.31426 -0.396567 16.2858
      vertex -7.28206 -0.791971 0
      vertex -7.31426 -0.396567 0
    endloop
  endfacet
  facet normal 0.996701 0.0811571 0
    outer loop
      vertex -7.28389 -0.769545 59.3857
      vertex -7.31426 -0.396567 20.7142
      vertex -7.31426 -0.396567 59.2858
    endloop
  endfacet
  facet normal 0.996701 0.0811571 0
    outer loop
      vertex -7.28389 -0.769545 59.3857
      vertex -7.28389 -0.769545 20.6143
      vertex -7.31426 -0.396567 20.7142
    endloop
  endfacet
  facet normal 0.996687 0.0813314 0
    outer loop
      vertex -7.28206 -0.791971 59.3961
      vertex -7.28389 -0.769545 20.6143
      vertex -7.28389 -0.769545 59.3857
    endloop
  endfacet
  facet normal 0.996687 0.0813314 0
    outer loop
      vertex -7.28389 -0.769545 20.6143
      vertex -7.28206 -0.791971 59.3961
      vertex -7.28206 -0.791971 20.6039
    endloop
  endfacet
  facet normal 0.996701 0.081167 0
    outer loop
      vertex -7.28206 -0.791971 80
      vertex -7.31426 -0.396567 63.7142
      vertex -7.31426 -0.396567 80
    endloop
  endfacet
  facet normal 0.996701 0.0811572 -2.39994e-07
    outer loop
      vertex -7.31426 -0.396567 63.7142
      vertex -7.28206 -0.791971 80
      vertex -7.28389 -0.769545 63.6143
    endloop
  endfacet
  facet normal 0.996687 0.0813314 0
    outer loop
      vertex -7.28389 -0.769545 63.6143
      vertex -7.28206 -0.791971 80
      vertex -7.28206 -0.791971 63.6039
    endloop
  endfacet
  facet normal 0.812193 -0.583389 0
    outer loop
      vertex -6.06282 4.11069 80
      vertex -5.83138 4.4329 0
      vertex -5.83138 4.4329 80
    endloop
  endfacet
  facet normal 0.812193 -0.583389 0
    outer loop
      vertex -5.83138 4.4329 0
      vertex -6.06282 4.11069 80
      vertex -6.06282 4.11069 0
    endloop
  endfacet
  facet normal 0.938656 -0.344856 0
    outer loop
      vertex -6.94156 2.33888 80
      vertex -6.80475 2.71126 0
      vertex -6.80475 2.71126 80
    endloop
  endfacet
  facet normal 0.938656 -0.344856 0
    outer loop
      vertex -6.80475 2.71126 0
      vertex -6.94156 2.33888 80
      vertex -6.94156 2.33888 0
    endloop
  endfacet
  facet normal -0.744359 -0.66778 0
    outer loop
      vertex 5.58284 4.7421 0
      vertex 5.31792 5.0374 80
      vertex 5.31792 5.0374 0
    endloop
  endfacet
  facet normal -0.744359 -0.66778 0
    outer loop
      vertex 5.31792 5.0374 80
      vertex 5.58284 4.7421 0
      vertex 5.58284 4.7421 80
    endloop
  endfacet
  facet normal -0.241337 -0.970441 0
    outer loop
      vertex 1.57466 7.15374 0
      vertex 1.95964 7.058 80
      vertex 1.57466 7.15374 80
    endloop
  endfacet
  facet normal -0.241337 -0.970441 -0
    outer loop
      vertex 1.95964 7.058 80
      vertex 1.57466 7.15374 0
      vertex 1.95964 7.058 0
    endloop
  endfacet
  facet normal -0.982078 -0.188476 0
    outer loop
      vertex 7.15374 1.57466 0
      vertex 7.17838 1.44627 16.7764
      vertex 7.15374 1.57466 16.9048
    endloop
  endfacet
  facet normal -0.982083 -0.188446 -0
    outer loop
      vertex 7.2285 1.18505 16.5935
      vertex 7.15374 1.57466 0
      vertex 7.2285 1.18505 0
    endloop
  endfacet
  facet normal -0.982086 -0.188432 3.46397e-07
    outer loop
      vertex 7.15374 1.57466 0
      vertex 7.2285 1.18505 16.5935
      vertex 7.17838 1.44627 16.7764
    endloop
  endfacet
  facet normal -0.982078 -0.188476 0
    outer loop
      vertex 7.17838 1.44627 20.2236
      vertex 7.15374 1.57466 59.9048
      vertex 7.15374 1.57466 20.0952
    endloop
  endfacet
  facet normal -0.982078 -0.188476 0
    outer loop
      vertex 7.17838 1.44627 20.2236
      vertex 7.17838 1.44627 59.7764
      vertex 7.15374 1.57466 59.9048
    endloop
  endfacet
  facet normal -0.982086 -0.188432 0
    outer loop
      vertex 7.2285 1.18505 20.4065
      vertex 7.17838 1.44627 59.7764
      vertex 7.17838 1.44627 20.2236
    endloop
  endfacet
  facet normal -0.982086 -0.188432 0
    outer loop
      vertex 7.17838 1.44627 59.7764
      vertex 7.2285 1.18505 20.4065
      vertex 7.2285 1.18505 59.5935
    endloop
  endfacet
  facet normal -0.982078 -0.188476 0
    outer loop
      vertex 7.17838 1.44627 63.2236
      vertex 7.15374 1.57466 80
      vertex 7.15374 1.57466 63.0952
    endloop
  endfacet
  facet normal -0.982086 -0.188432 -3.46397e-07
    outer loop
      vertex 7.2285 1.18505 63.4065
      vertex 7.15374 1.57466 80
      vertex 7.17838 1.44627 63.2236
    endloop
  endfacet
  facet normal -0.982083 -0.188446 0
    outer loop
      vertex 7.15374 1.57466 80
      vertex 7.2285 1.18505 63.4065
      vertex 7.2285 1.18505 80
    endloop
  endfacet
  facet normal -0.996701 0.081167 0
    outer loop
      vertex 7.28206 -0.791971 0
      vertex 7.31426 -0.396567 16.2858
      vertex 7.31426 -0.396567 0
    endloop
  endfacet
  facet normal -0.996701 0.0811572 2.39994e-07
    outer loop
      vertex 7.31426 -0.396567 16.2858
      vertex 7.28206 -0.791971 0
      vertex 7.28389 -0.769545 16.3857
    endloop
  endfacet
  facet normal -0.996687 0.0813314 0
    outer loop
      vertex 7.28389 -0.769545 16.3857
      vertex 7.28206 -0.791971 0
      vertex 7.28206 -0.791971 16.3961
    endloop
  endfacet
  facet normal -0.996701 0.0811571 0
    outer loop
      vertex 7.28389 -0.769545 20.6143
      vertex 7.31426 -0.396567 59.2858
      vertex 7.31426 -0.396567 20.7142
    endloop
  endfacet
  facet normal -0.996701 0.0811571 0
    outer loop
      vertex 7.28389 -0.769545 20.6143
      vertex 7.28389 -0.769545 59.3857
      vertex 7.31426 -0.396567 59.2858
    endloop
  endfacet
  facet normal -0.996687 0.0813314 0
    outer loop
      vertex 7.28206 -0.791971 20.6039
      vertex 7.28389 -0.769545 59.3857
      vertex 7.28389 -0.769545 20.6143
    endloop
  endfacet
  facet normal -0.996687 0.0813314 0
    outer loop
      vertex 7.28389 -0.769545 59.3857
      vertex 7.28206 -0.791971 20.6039
      vertex 7.28206 -0.791971 59.3961
    endloop
  endfacet
  facet normal -0.996701 0.0811572 -2.39994e-07
    outer loop
      vertex 7.28206 -0.791971 80
      vertex 7.31426 -0.396567 63.7142
      vertex 7.28389 -0.769545 63.6143
    endloop
  endfacet
  facet normal -0.996687 0.0813314 0
    outer loop
      vertex 7.28206 -0.791971 80
      vertex 7.28389 -0.769545 63.6143
      vertex 7.28206 -0.791971 63.6039
    endloop
  endfacet
  facet normal -0.996701 0.081167 0
    outer loop
      vertex 7.31426 -0.396567 63.7142
      vertex 7.28206 -0.791971 80
      vertex 7.31426 -0.396567 80
    endloop
  endfacet
  facet normal 0.996687 -0.0813314 0
    outer loop
      vertex -7.28389 0.769545 16.3857
      vertex -7.28206 0.791971 0
      vertex -7.28206 0.791971 16.3961
    endloop
  endfacet
  facet normal 0.996701 -0.0811572 2.39994e-07
    outer loop
      vertex -7.31426 0.396567 16.2858
      vertex -7.28206 0.791971 0
      vertex -7.28389 0.769545 16.3857
    endloop
  endfacet
  facet normal 0.996701 -0.081167 0
    outer loop
      vertex -7.28206 0.791971 0
      vertex -7.31426 0.396567 16.2858
      vertex -7.31426 0.396567 0
    endloop
  endfacet
  facet normal 0.996687 -0.0813314 0
    outer loop
      vertex -7.28389 0.769545 59.3857
      vertex -7.28206 0.791971 20.6039
      vertex -7.28206 0.791971 59.3961
    endloop
  endfacet
  facet normal 0.996687 -0.0813314 0
    outer loop
      vertex -7.28389 0.769545 59.3857
      vertex -7.28389 0.769545 20.6143
      vertex -7.28206 0.791971 20.6039
    endloop
  endfacet
  facet normal 0.996701 -0.0811571 0
    outer loop
      vertex -7.31426 0.396567 59.2858
      vertex -7.28389 0.769545 20.6143
      vertex -7.28389 0.769545 59.3857
    endloop
  endfacet
  facet normal 0.996701 -0.0811571 0
    outer loop
      vertex -7.28389 0.769545 20.6143
      vertex -7.31426 0.396567 59.2858
      vertex -7.31426 0.396567 20.7142
    endloop
  endfacet
  facet normal 0.996687 -0.0813314 0
    outer loop
      vertex -7.28206 0.791971 80
      vertex -7.28389 0.769545 63.6143
      vertex -7.28206 0.791971 63.6039
    endloop
  endfacet
  facet normal 0.996701 -0.081167 0
    outer loop
      vertex -7.31426 0.396567 63.7142
      vertex -7.28206 0.791971 80
      vertex -7.31426 0.396567 80
    endloop
  endfacet
  facet normal 0.996701 -0.0811572 -2.39994e-07
    outer loop
      vertex -7.28206 0.791971 80
      vertex -7.31426 0.396567 63.7142
      vertex -7.28389 0.769545 63.6143
    endloop
  endfacet
  facet normal 0.955912 -0.293653 0
    outer loop
      vertex -6.97935 2.21582 61.1093
      vertex -6.96885 2.25 18.5
      vertex -6.96885 2.25 61.5
    endloop
  endfacet
  facet normal 0.955912 -0.293653 0
    outer loop
      vertex -6.97935 2.21582 61.1093
      vertex -6.97935 2.21582 18.8907
      vertex -6.96885 2.25 18.5
    endloop
  endfacet
  facet normal 0.955974 -0.29345 0
    outer loop
      vertex -7.01051 2.11431 60.7305
      vertex -6.97935 2.21582 18.8907
      vertex -6.97935 2.21582 61.1093
    endloop
  endfacet
  facet normal 0.955974 -0.29345 0
    outer loop
      vertex -7.01051 2.11431 60.7305
      vertex -7.01051 2.11431 19.2695
      vertex -6.97935 2.21582 18.8907
    endloop
  endfacet
  facet normal 0.955954 -0.293517 0
    outer loop
      vertex -7.058 1.95964 60.3988
      vertex -7.01051 2.11431 19.2695
      vertex -7.01051 2.11431 60.7305
    endloop
  endfacet
  facet normal 0.955954 -0.293517 0
    outer loop
      vertex -7.01051 2.11431 19.2695
      vertex -7.058 1.95964 60.3988
      vertex -7.058 1.95964 19.6012
    endloop
  endfacet
  facet normal 0.955953 -0.293519 0
    outer loop
      vertex -6.94156 2.33888 80
      vertex -6.96885 2.25 61.5
      vertex -6.94156 2.33888 0
    endloop
  endfacet
  facet normal 0.955914 -0.293646 6.70374e-07
    outer loop
      vertex -6.94156 2.33888 80
      vertex -6.97935 2.21582 61.8907
      vertex -6.96885 2.25 61.5
    endloop
  endfacet
  facet normal 0.955973 -0.293453 -7.67511e-07
    outer loop
      vertex -6.94156 2.33888 80
      vertex -7.01051 2.11431 62.2695
      vertex -6.97935 2.21582 61.8907
    endloop
  endfacet
  facet normal 0.955955 -0.293512 0
    outer loop
      vertex -7.058 1.95964 62.6012
      vertex -6.94156 2.33888 80
      vertex -7.058 1.95964 80
    endloop
  endfacet
  facet normal 0.955954 -0.293517 1.12942e-07
    outer loop
      vertex -6.94156 2.33888 80
      vertex -7.058 1.95964 62.6012
      vertex -7.01051 2.11431 62.2695
    endloop
  endfacet
  facet normal 0.955953 -0.293519 0
    outer loop
      vertex -6.96885 2.25 18.5
      vertex -6.94156 2.33888 0
      vertex -6.96885 2.25 61.5
    endloop
  endfacet
  facet normal 0.955914 -0.293646 -6.70374e-07
    outer loop
      vertex -6.97935 2.21582 18.1093
      vertex -6.94156 2.33888 0
      vertex -6.96885 2.25 18.5
    endloop
  endfacet
  facet normal 0.955973 -0.293453 7.67511e-07
    outer loop
      vertex -7.01051 2.11431 17.7305
      vertex -6.94156 2.33888 0
      vertex -6.97935 2.21582 18.1093
    endloop
  endfacet
  facet normal 0.955954 -0.293517 -1.12942e-07
    outer loop
      vertex -7.058 1.95964 17.3988
      vertex -6.94156 2.33888 0
      vertex -7.01051 2.11431 17.7305
    endloop
  endfacet
  facet normal 0.955955 -0.293512 0
    outer loop
      vertex -6.94156 2.33888 0
      vertex -7.058 1.95964 17.3988
      vertex -7.058 1.95964 0
    endloop
  endfacet
  facet normal 0.344856 0.938656 -0
    outer loop
      vertex -2.33888 -6.94156 0
      vertex -2.71126 -6.80475 80
      vertex -2.33888 -6.94156 80
    endloop
  endfacet
  facet normal 0.344856 0.938656 0
    outer loop
      vertex -2.71126 -6.80475 80
      vertex -2.33888 -6.94156 0
      vertex -2.71126 -6.80475 0
    endloop
  endfacet
  facet normal -0.492168 0.8705 0
    outer loop
      vertex 3.77643 -6.27648 0
      vertex 3.43109 -6.47173 80
      vertex 3.77643 -6.27648 80
    endloop
  endfacet
  facet normal -0.492168 0.8705 0
    outer loop
      vertex 3.43109 -6.47173 80
      vertex 3.77643 -6.27648 0
      vertex 3.43109 -6.47173 0
    endloop
  endfacet
  facet normal -0.970348 -0.241711 0
    outer loop
      vertex 7.058 1.95964 0
      vertex 7.06076 1.94856 17.375
      vertex 7.058 1.95964 17.3988
    endloop
  endfacet
  facet normal -0.970446 -0.241318 2.66509e-07
    outer loop
      vertex 7.058 1.95964 0
      vertex 7.1167 1.7236 17.0537
      vertex 7.06076 1.94856 17.375
    endloop
  endfacet
  facet normal -0.970441 -0.241337 -0
    outer loop
      vertex 7.15374 1.57466 16.9048
      vertex 7.058 1.95964 0
      vertex 7.15374 1.57466 0
    endloop
  endfacet
  facet normal -0.970441 -0.24134 -5.41159e-08
    outer loop
      vertex 7.058 1.95964 0
      vertex 7.15374 1.57466 16.9048
      vertex 7.1167 1.7236 17.0537
    endloop
  endfacet
  facet normal -0.970348 -0.241711 0
    outer loop
      vertex 7.06076 1.94856 19.625
      vertex 7.058 1.95964 60.3988
      vertex 7.058 1.95964 19.6012
    endloop
  endfacet
  facet normal -0.970348 -0.241711 0
    outer loop
      vertex 7.06076 1.94856 19.625
      vertex 7.06076 1.94856 60.375
      vertex 7.058 1.95964 60.3988
    endloop
  endfacet
  facet normal -0.970446 -0.241317 0
    outer loop
      vertex 7.1167 1.7236 19.9463
      vertex 7.06076 1.94856 60.375
      vertex 7.06076 1.94856 19.625
    endloop
  endfacet
  facet normal -0.970446 -0.241317 0
    outer loop
      vertex 7.1167 1.7236 19.9463
      vertex 7.1167 1.7236 60.0537
      vertex 7.06076 1.94856 60.375
    endloop
  endfacet
  facet normal -0.970441 -0.24134 0
    outer loop
      vertex 7.15374 1.57466 20.0952
      vertex 7.1167 1.7236 60.0537
      vertex 7.1167 1.7236 19.9463
    endloop
  endfacet
  facet normal -0.970441 -0.24134 0
    outer loop
      vertex 7.1167 1.7236 60.0537
      vertex 7.15374 1.57466 20.0952
      vertex 7.15374 1.57466 59.9048
    endloop
  endfacet
  facet normal -0.970348 -0.241711 0
    outer loop
      vertex 7.06076 1.94856 62.625
      vertex 7.058 1.95964 80
      vertex 7.058 1.95964 62.6012
    endloop
  endfacet
  facet normal -0.970446 -0.241318 -2.66509e-07
    outer loop
      vertex 7.1167 1.7236 62.9463
      vertex 7.058 1.95964 80
      vertex 7.06076 1.94856 62.625
    endloop
  endfacet
  facet normal -0.970441 -0.24134 5.41159e-08
    outer loop
      vertex 7.15374 1.57466 63.0952
      vertex 7.058 1.95964 80
      vertex 7.1167 1.7236 62.9463
    endloop
  endfacet
  facet normal -0.970441 -0.241337 0
    outer loop
      vertex 7.058 1.95964 80
      vertex 7.15374 1.57466 63.0952
      vertex 7.15374 1.57466 80
    endloop
  endfacet
  facet normal -0.895874 0.444307 0
    outer loop
      vertex 6.47173 -3.43109 0
      vertex 6.64799 -3.07569 80
      vertex 6.64799 -3.07569 0
    endloop
  endfacet
  facet normal -0.895874 0.444307 0
    outer loop
      vertex 6.64799 -3.07569 80
      vertex 6.47173 -3.43109 0
      vertex 6.47173 -3.43109 80
    endloop
  endfacet
  facet normal 0.66778 0.744359 -0
    outer loop
      vertex -4.7421 -5.58284 0
      vertex -5.0374 -5.31792 80
      vertex -4.7421 -5.58284 80
    endloop
  endfacet
  facet normal 0.66778 0.744359 0
    outer loop
      vertex -5.0374 -5.31792 80
      vertex -4.7421 -5.58284 0
      vertex -5.0374 -5.31792 0
    endloop
  endfacet
  facet normal -0.970441 0.241337 0
    outer loop
      vertex 7.058 -1.95964 0
      vertex 7.15374 -1.57466 16.9048
      vertex 7.15374 -1.57466 0
    endloop
  endfacet
  facet normal -0.970441 0.24134 -5.41159e-08
    outer loop
      vertex 7.15374 -1.57466 16.9048
      vertex 7.058 -1.95964 0
      vertex 7.1167 -1.7236 17.0537
    endloop
  endfacet
  facet normal -0.970446 0.241318 2.66509e-07
    outer loop
      vertex 7.1167 -1.7236 17.0537
      vertex 7.058 -1.95964 0
      vertex 7.06076 -1.94856 17.375
    endloop
  endfacet
  facet normal -0.970348 0.241711 0
    outer loop
      vertex 7.06076 -1.94856 17.375
      vertex 7.058 -1.95964 0
      vertex 7.058 -1.95964 17.3988
    endloop
  endfacet
  facet normal -0.970441 0.24134 0
    outer loop
      vertex 7.1167 -1.7236 19.9463
      vertex 7.15374 -1.57466 59.9048
      vertex 7.15374 -1.57466 20.0952
    endloop
  endfacet
  facet normal -0.970441 0.24134 0
    outer loop
      vertex 7.1167 -1.7236 19.9463
      vertex 7.1167 -1.7236 60.0537
      vertex 7.15374 -1.57466 59.9048
    endloop
  endfacet
  facet normal -0.970446 0.241317 0
    outer loop
      vertex 7.06076 -1.94856 19.625
      vertex 7.1167 -1.7236 60.0537
      vertex 7.1167 -1.7236 19.9463
    endloop
  endfacet
  facet normal -0.970446 0.241317 0
    outer loop
      vertex 7.06076 -1.94856 19.625
      vertex 7.06076 -1.94856 60.375
      vertex 7.1167 -1.7236 60.0537
    endloop
  endfacet
  facet normal -0.970348 0.241711 0
    outer loop
      vertex 7.058 -1.95964 19.6012
      vertex 7.06076 -1.94856 60.375
      vertex 7.06076 -1.94856 19.625
    endloop
  endfacet
  facet normal -0.970348 0.241711 0
    outer loop
      vertex 7.06076 -1.94856 60.375
      vertex 7.058 -1.95964 19.6012
      vertex 7.058 -1.95964 60.3988
    endloop
  endfacet
  facet normal -0.970441 0.24134 5.41159e-08
    outer loop
      vertex 7.058 -1.95964 80
      vertex 7.15374 -1.57466 63.0952
      vertex 7.1167 -1.7236 62.9463
    endloop
  endfacet
  facet normal -0.970446 0.241318 -2.66509e-07
    outer loop
      vertex 7.058 -1.95964 80
      vertex 7.1167 -1.7236 62.9463
      vertex 7.06076 -1.94856 62.625
    endloop
  endfacet
  facet normal -0.970348 0.241711 0
    outer loop
      vertex 7.058 -1.95964 80
      vertex 7.06076 -1.94856 62.625
      vertex 7.058 -1.95964 62.6012
    endloop
  endfacet
  facet normal -0.970441 0.241337 0
    outer loop
      vertex 7.15374 -1.57466 63.0952
      vertex 7.058 -1.95964 80
      vertex 7.15374 -1.57466 80
    endloop
  endfacet
  facet normal -0.293512 0.955955 0
    outer loop
      vertex 2.33888 -6.94156 0
      vertex 1.95964 -7.058 80
      vertex 2.33888 -6.94156 80
    endloop
  endfacet
  facet normal -0.293512 0.955955 0
    outer loop
      vertex 1.95964 -7.058 80
      vertex 2.33888 -6.94156 0
      vertex 1.95964 -7.058 0
    endloop
  endfacet
  facet normal 0.583389 -0.812193 0
    outer loop
      vertex -4.4329 5.83138 0
      vertex -4.11069 6.06282 80
      vertex -4.4329 5.83138 80
    endloop
  endfacet
  facet normal 0.583389 -0.812193 0
    outer loop
      vertex -4.11069 6.06282 80
      vertex -4.4329 5.83138 0
      vertex -4.11069 6.06282 0
    endloop
  endfacet
  facet normal 0.707107 0.707107 0
    outer loop
      vertex -5.0374 -5.31792 80
      vertex -5.31792 -5.0374 0
      vertex -5.31792 -5.0374 80
    endloop
  endfacet
  facet normal 0.707107 0.707107 0
    outer loop
      vertex -5.31792 -5.0374 0
      vertex -5.0374 -5.31792 80
      vertex -5.0374 -5.31792 0
    endloop
  endfacet
  facet normal 0.999627 -0.0272982 0
    outer loop
      vertex -7.31442 0.390708 16.2842
      vertex -7.31426 0.396567 0
      vertex -7.31426 0.396567 16.2858
    endloop
  endfacet
  facet normal 0.999634 -0.0270691 8.2493e-08
    outer loop
      vertex -7.325 0 16.25
      vertex -7.31426 0.396567 0
      vertex -7.31442 0.390708 16.2842
    endloop
  endfacet
  facet normal 0.999633 -0.0270725 0
    outer loop
      vertex -7.31426 0.396567 0
      vertex -7.325 0 16.25
      vertex -7.325 0 0
    endloop
  endfacet
  facet normal 0.999627 -0.0272982 0
    outer loop
      vertex -7.31442 0.390708 59.2842
      vertex -7.31426 0.396567 20.7142
      vertex -7.31426 0.396567 59.2858
    endloop
  endfacet
  facet normal 0.999627 -0.0272982 0
    outer loop
      vertex -7.31442 0.390708 59.2842
      vertex -7.31442 0.390708 20.7158
      vertex -7.31426 0.396567 20.7142
    endloop
  endfacet
  facet normal 0.999634 -0.0270691 0
    outer loop
      vertex -7.325 0 59.25
      vertex -7.31442 0.390708 20.7158
      vertex -7.31442 0.390708 59.2842
    endloop
  endfacet
  facet normal 0.999634 -0.0270691 0
    outer loop
      vertex -7.31442 0.390708 20.7158
      vertex -7.325 0 59.25
      vertex -7.325 0 20.75
    endloop
  endfacet
  facet normal 0.999627 -0.0272982 0
    outer loop
      vertex -7.31426 0.396567 80
      vertex -7.31442 0.390708 63.7158
      vertex -7.31426 0.396567 63.7142
    endloop
  endfacet
  facet normal 0.999633 -0.0270725 0
    outer loop
      vertex -7.325 0 63.75
      vertex -7.31426 0.396567 80
      vertex -7.325 0 80
    endloop
  endfacet
  facet normal 0.999634 -0.0270691 -8.2493e-08
    outer loop
      vertex -7.31426 0.396567 80
      vertex -7.325 0 63.75
      vertex -7.31442 0.390708 63.7158
    endloop
  endfacet
  facet normal -0.626507 -0.779416 0
    outer loop
      vertex 4.4329 5.83138 0
      vertex 4.7421 5.58284 80
      vertex 4.4329 5.83138 80
    endloop
  endfacet
  facet normal -0.626507 -0.779416 -0
    outer loop
      vertex 4.7421 5.58284 80
      vertex 4.4329 5.83138 0
      vertex 4.7421 5.58284 0
    endloop
  endfacet
  facet normal -0.812193 0.583389 0
    outer loop
      vertex 5.83138 -4.4329 0
      vertex 6.06282 -4.11069 80
      vertex 6.06282 -4.11069 0
    endloop
  endfacet
  facet normal -0.812193 0.583389 0
    outer loop
      vertex 6.06282 -4.11069 80
      vertex 5.83138 -4.4329 0
      vertex 5.83138 -4.4329 80
    endloop
  endfacet
  facet normal 0.895874 0.444307 0
    outer loop
      vertex -6.47173 -3.43109 80
      vertex -6.64799 -3.07569 0
      vertex -6.64799 -3.07569 80
    endloop
  endfacet
  facet normal 0.895874 0.444307 0
    outer loop
      vertex -6.64799 -3.07569 0
      vertex -6.47173 -3.43109 80
      vertex -6.47173 -3.43109 0
    endloop
  endfacet
  facet normal 0.13501 -0.990844 0
    outer loop
      vertex -1.18505 7.2285 0
      vertex -0.791971 7.28206 80
      vertex -1.18505 7.2285 80
    endloop
  endfacet
  facet normal 0.13501 -0.990844 0
    outer loop
      vertex -0.791971 7.28206 80
      vertex -1.18505 7.2285 0
      vertex -0.791971 7.28206 0
    endloop
  endfacet
  facet normal -0.241337 0.970441 0
    outer loop
      vertex 1.95964 -7.058 0
      vertex 1.57466 -7.15374 80
      vertex 1.95964 -7.058 80
    endloop
  endfacet
  facet normal -0.241337 0.970441 0
    outer loop
      vertex 1.57466 -7.15374 80
      vertex 1.95964 -7.058 0
      vertex 1.57466 -7.15374 0
    endloop
  endfacet
  facet normal -0.842576 0.538577 0
    outer loop
      vertex 6.06282 -4.11069 0
      vertex 6.27648 -3.77643 80
      vertex 6.27648 -3.77643 0
    endloop
  endfacet
  facet normal -0.842576 0.538577 0
    outer loop
      vertex 6.27648 -3.77643 80
      vertex 6.06282 -4.11069 0
      vertex 6.06282 -4.11069 80
    endloop
  endfacet
  facet normal -0.344856 -0.938656 0
    outer loop
      vertex 2.33888 6.94156 0
      vertex 2.71126 6.80475 80
      vertex 2.33888 6.94156 80
    endloop
  endfacet
  facet normal -0.344856 -0.938656 -0
    outer loop
      vertex 2.71126 6.80475 80
      vertex 2.33888 6.94156 0
      vertex 2.71126 6.80475 0
    endloop
  endfacet
  facet normal -0.538577 0.842576 0
    outer loop
      vertex 4.11069 -6.06282 0
      vertex 3.77643 -6.27648 80
      vertex 4.11069 -6.06282 80
    endloop
  endfacet
  facet normal -0.538577 0.842576 0
    outer loop
      vertex 3.77643 -6.27648 80
      vertex 4.11069 -6.06282 0
      vertex 3.77643 -6.27648 0
    endloop
  endfacet
  facet normal 0.492168 0.8705 -0
    outer loop
      vertex -3.43109 -6.47173 0
      vertex -3.77643 -6.27648 80
      vertex -3.43109 -6.47173 80
    endloop
  endfacet
  facet normal 0.492168 0.8705 0
    outer loop
      vertex -3.77643 -6.27648 80
      vertex -3.43109 -6.47173 0
      vertex -3.77643 -6.27648 0
    endloop
  endfacet
  facet normal 0.982078 -0.188476 0
    outer loop
      vertex -7.17838 1.44627 16.7764
      vertex -7.15374 1.57466 0
      vertex -7.15374 1.57466 16.9048
    endloop
  endfacet
  facet normal 0.982086 -0.188432 3.46397e-07
    outer loop
      vertex -7.2285 1.18505 16.5935
      vertex -7.15374 1.57466 0
      vertex -7.17838 1.44627 16.7764
    endloop
  endfacet
  facet normal 0.982083 -0.188446 0
    outer loop
      vertex -7.15374 1.57466 0
      vertex -7.2285 1.18505 16.5935
      vertex -7.2285 1.18505 0
    endloop
  endfacet
  facet normal 0.982078 -0.188476 0
    outer loop
      vertex -7.17838 1.44627 59.7764
      vertex -7.15374 1.57466 20.0952
      vertex -7.15374 1.57466 59.9048
    endloop
  endfacet
  facet normal 0.982078 -0.188476 0
    outer loop
      vertex -7.17838 1.44627 59.7764
      vertex -7.17838 1.44627 20.2236
      vertex -7.15374 1.57466 20.0952
    endloop
  endfacet
  facet normal 0.982086 -0.188432 0
    outer loop
      vertex -7.2285 1.18505 59.5935
      vertex -7.17838 1.44627 20.2236
      vertex -7.17838 1.44627 59.7764
    endloop
  endfacet
  facet normal 0.982086 -0.188432 0
    outer loop
      vertex -7.17838 1.44627 20.2236
      vertex -7.2285 1.18505 59.5935
      vertex -7.2285 1.18505 20.4065
    endloop
  endfacet
  facet normal 0.982078 -0.188476 0
    outer loop
      vertex -7.15374 1.57466 80
      vertex -7.17838 1.44627 63.2236
      vertex -7.15374 1.57466 63.0952
    endloop
  endfacet
  facet normal 0.982083 -0.188446 0
    outer loop
      vertex -7.2285 1.18505 63.4065
      vertex -7.15374 1.57466 80
      vertex -7.2285 1.18505 80
    endloop
  endfacet
  facet normal 0.982086 -0.188432 -3.46397e-07
    outer loop
      vertex -7.15374 1.57466 80
      vertex -7.2285 1.18505 63.4065
      vertex -7.17838 1.44627 63.2236
    endloop
  endfacet
  facet normal 0.779416 0.626507 0
    outer loop
      vertex -5.58284 -4.7421 80
      vertex -5.83138 -4.4329 0
      vertex -5.83138 -4.4329 80
    endloop
  endfacet
  facet normal 0.779416 0.626507 0
    outer loop
      vertex -5.83138 -4.4329 0
      vertex -5.58284 -4.7421 80
      vertex -5.58284 -4.7421 0
    endloop
  endfacet
  facet normal 0.0270725 0.999633 -0
    outer loop
      vertex 0 -7.325 0
      vertex -0.396567 -7.31426 80
      vertex 0 -7.325 80
    endloop
  endfacet
  facet normal 0.0270725 0.999633 0
    outer loop
      vertex -0.396567 -7.31426 80
      vertex 0 -7.325 0
      vertex -0.396567 -7.31426 0
    endloop
  endfacet
  facet normal -0.081167 0.996701 0
    outer loop
      vertex 0.791971 -7.28206 0
      vertex 0.396567 -7.31426 80
      vertex 0.791971 -7.28206 80
    endloop
  endfacet
  facet normal -0.081167 0.996701 0
    outer loop
      vertex 0.396567 -7.31426 80
      vertex 0.791971 -7.28206 0
      vertex 0.396567 -7.31426 0
    endloop
  endfacet
  facet normal -0.13501 0.990844 0
    outer loop
      vertex 1.18505 -7.2285 0
      vertex 0.791971 -7.28206 80
      vertex 1.18505 -7.2285 80
    endloop
  endfacet
  facet normal -0.13501 0.990844 0
    outer loop
      vertex 0.791971 -7.28206 80
      vertex 1.18505 -7.2285 0
      vertex 0.791971 -7.28206 0
    endloop
  endfacet
  facet normal 0.938656 0.344856 0
    outer loop
      vertex -6.80475 -2.71126 80
      vertex -6.94156 -2.33888 0
      vertex -6.94156 -2.33888 80
    endloop
  endfacet
  facet normal 0.938656 0.344856 0
    outer loop
      vertex -6.94156 -2.33888 0
      vertex -6.80475 -2.71126 80
      vertex -6.80475 -2.71126 0
    endloop
  endfacet
  facet normal 0.8705 -0.492168 0
    outer loop
      vertex -6.47173 3.43109 80
      vertex -6.27648 3.77643 0
      vertex -6.27648 3.77643 80
    endloop
  endfacet
  facet normal 0.8705 -0.492168 0
    outer loop
      vertex -6.27648 3.77643 0
      vertex -6.47173 3.43109 80
      vertex -6.47173 3.43109 0
    endloop
  endfacet
  facet normal -0.707107 0.707107 0
    outer loop
      vertex 5.0374 -5.31792 0
      vertex 5.31792 -5.0374 80
      vertex 5.31792 -5.0374 0
    endloop
  endfacet
  facet normal -0.707107 0.707107 0
    outer loop
      vertex 5.31792 -5.0374 80
      vertex 5.0374 -5.31792 0
      vertex 5.0374 -5.31792 80
    endloop
  endfacet
  facet normal -0.583389 0.812193 0
    outer loop
      vertex 4.4329 -5.83138 0
      vertex 4.11069 -6.06282 80
      vertex 4.4329 -5.83138 80
    endloop
  endfacet
  facet normal -0.583389 0.812193 0
    outer loop
      vertex 4.11069 -6.06282 80
      vertex 4.4329 -5.83138 0
      vertex 4.11069 -6.06282 0
    endloop
  endfacet
  facet normal -0.293512 -0.955955 0
    outer loop
      vertex 1.95964 7.058 0
      vertex 2.33888 6.94156 80
      vertex 1.95964 7.058 80
    endloop
  endfacet
  facet normal -0.293512 -0.955955 -0
    outer loop
      vertex 2.33888 6.94156 80
      vertex 1.95964 7.058 0
      vertex 2.33888 6.94156 0
    endloop
  endfacet
  facet normal 0.188446 0.982083 -0
    outer loop
      vertex -1.18505 -7.2285 0
      vertex -1.57466 -7.15374 80
      vertex -1.18505 -7.2285 80
    endloop
  endfacet
  facet normal 0.188446 0.982083 0
    outer loop
      vertex -1.57466 -7.15374 80
      vertex -1.18505 -7.2285 0
      vertex -1.57466 -7.15374 0
    endloop
  endfacet
  facet normal 0.707107 -0.707107 0
    outer loop
      vertex -5.31792 5.0374 80
      vertex -5.0374 5.31792 0
      vertex -5.0374 5.31792 80
    endloop
  endfacet
  facet normal 0.707107 -0.707107 0
    outer loop
      vertex -5.0374 5.31792 0
      vertex -5.31792 5.0374 80
      vertex -5.31792 5.0374 0
    endloop
  endfacet
  facet normal -0.707107 -0.707107 0
    outer loop
      vertex 5.31792 5.0374 0
      vertex 5.0374 5.31792 80
      vertex 5.0374 5.31792 0
    endloop
  endfacet
  facet normal -0.707107 -0.707107 0
    outer loop
      vertex 5.0374 5.31792 80
      vertex 5.31792 5.0374 0
      vertex 5.31792 5.0374 80
    endloop
  endfacet
  facet normal 0.744359 -0.66778 0
    outer loop
      vertex -5.58284 4.7421 80
      vertex -5.31792 5.0374 0
      vertex -5.31792 5.0374 80
    endloop
  endfacet
  facet normal 0.744359 -0.66778 0
    outer loop
      vertex -5.31792 5.0374 0
      vertex -5.58284 4.7421 80
      vertex -5.58284 4.7421 0
    endloop
  endfacet
  facet normal -0.779416 -0.626507 0
    outer loop
      vertex 5.83138 4.4329 0
      vertex 5.58284 4.7421 80
      vertex 5.58284 4.7421 0
    endloop
  endfacet
  facet normal -0.779416 -0.626507 0
    outer loop
      vertex 5.58284 4.7421 80
      vertex 5.83138 4.4329 0
      vertex 5.83138 4.4329 80
    endloop
  endfacet
  facet normal 0.188446 -0.982083 0
    outer loop
      vertex -1.57466 7.15374 0
      vertex -1.18505 7.2285 80
      vertex -1.57466 7.15374 80
    endloop
  endfacet
  facet normal 0.188446 -0.982083 0
    outer loop
      vertex -1.18505 7.2285 80
      vertex -1.57466 7.15374 0
      vertex -1.18505 7.2285 0
    endloop
  endfacet
  facet normal 0.241337 -0.970441 0
    outer loop
      vertex -1.95964 7.058 0
      vertex -1.57466 7.15374 80
      vertex -1.95964 7.058 80
    endloop
  endfacet
  facet normal 0.241337 -0.970441 0
    outer loop
      vertex -1.57466 7.15374 80
      vertex -1.95964 7.058 0
      vertex -1.57466 7.15374 0
    endloop
  endfacet
  facet normal 0.918619 -0.395145 0
    outer loop
      vertex -6.80475 2.71126 80
      vertex -6.64799 3.07569 0
      vertex -6.64799 3.07569 80
    endloop
  endfacet
  facet normal 0.918619 -0.395145 0
    outer loop
      vertex -6.64799 3.07569 0
      vertex -6.80475 2.71126 80
      vertex -6.80475 2.71126 0
    endloop
  endfacet
  facet normal 0.990827 -0.135135 0
    outer loop
      vertex -7.23669 1.125 16.5514
      vertex -7.2285 1.18505 0
      vertex -7.2285 1.18505 16.5935
    endloop
  endfacet
  facet normal 0.990847 -0.134988 5.45366e-07
    outer loop
      vertex -7.28206 0.791971 16.3961
      vertex -7.2285 1.18505 0
      vertex -7.23669 1.125 16.5514
    endloop
  endfacet
  facet normal 0.990844 -0.13501 0
    outer loop
      vertex -7.2285 1.18505 0
      vertex -7.28206 0.791971 16.3961
      vertex -7.28206 0.791971 0
    endloop
  endfacet
  facet normal 0.990827 -0.135135 0
    outer loop
      vertex -7.23669 1.125 59.5514
      vertex -7.2285 1.18505 20.4065
      vertex -7.2285 1.18505 59.5935
    endloop
  endfacet
  facet normal 0.990827 -0.135135 0
    outer loop
      vertex -7.23669 1.125 59.5514
      vertex -7.23669 1.125 20.4486
      vertex -7.2285 1.18505 20.4065
    endloop
  endfacet
  facet normal 0.990847 -0.134987 0
    outer loop
      vertex -7.28206 0.791971 59.3961
      vertex -7.23669 1.125 20.4486
      vertex -7.23669 1.125 59.5514
    endloop
  endfacet
  facet normal 0.990847 -0.134987 0
    outer loop
      vertex -7.23669 1.125 20.4486
      vertex -7.28206 0.791971 59.3961
      vertex -7.28206 0.791971 20.6039
    endloop
  endfacet
  facet normal 0.990827 -0.135135 0
    outer loop
      vertex -7.2285 1.18505 80
      vertex -7.23669 1.125 63.4486
      vertex -7.2285 1.18505 63.4065
    endloop
  endfacet
  facet normal 0.990844 -0.13501 0
    outer loop
      vertex -7.28206 0.791971 63.6039
      vertex -7.2285 1.18505 80
      vertex -7.28206 0.791971 80
    endloop
  endfacet
  facet normal 0.990847 -0.134988 -5.45366e-07
    outer loop
      vertex -7.2285 1.18505 80
      vertex -7.28206 0.791971 63.6039
      vertex -7.23669 1.125 63.4486
    endloop
  endfacet
  facet normal 0.444307 0.895874 -0
    outer loop
      vertex -3.07569 -6.64799 0
      vertex -3.43109 -6.47173 80
      vertex -3.07569 -6.64799 80
    endloop
  endfacet
  facet normal 0.444307 0.895874 0
    outer loop
      vertex -3.43109 -6.47173 80
      vertex -3.07569 -6.64799 0
      vertex -3.43109 -6.47173 0
    endloop
  endfacet
  facet normal -0.626507 0.779416 0
    outer loop
      vertex 4.7421 -5.58284 0
      vertex 4.4329 -5.83138 80
      vertex 4.7421 -5.58284 80
    endloop
  endfacet
  facet normal -0.626507 0.779416 0
    outer loop
      vertex 4.4329 -5.83138 80
      vertex 4.7421 -5.58284 0
      vertex 4.4329 -5.83138 0
    endloop
  endfacet
  facet normal -0.66778 0.744359 0
    outer loop
      vertex 5.0374 -5.31792 0
      vertex 4.7421 -5.58284 80
      vertex 5.0374 -5.31792 80
    endloop
  endfacet
  facet normal -0.66778 0.744359 0
    outer loop
      vertex 4.7421 -5.58284 80
      vertex 5.0374 -5.31792 0
      vertex 4.7421 -5.58284 0
    endloop
  endfacet
  facet normal 0.895874 -0.444307 0
    outer loop
      vertex -6.64799 3.07569 80
      vertex -6.47173 3.43109 0
      vertex -6.47173 3.43109 80
    endloop
  endfacet
  facet normal 0.895874 -0.444307 0
    outer loop
      vertex -6.47173 3.43109 0
      vertex -6.64799 3.07569 80
      vertex -6.64799 3.07569 0
    endloop
  endfacet
  facet normal 0.842576 -0.538577 0
    outer loop
      vertex -6.27648 3.77643 80
      vertex -6.06282 4.11069 0
      vertex -6.06282 4.11069 80
    endloop
  endfacet
  facet normal 0.842576 -0.538577 0
    outer loop
      vertex -6.06282 4.11069 0
      vertex -6.27648 3.77643 80
      vertex -6.27648 3.77643 0
    endloop
  endfacet
  facet normal 0.583389 0.812193 -0
    outer loop
      vertex -4.11069 -6.06282 0
      vertex -4.4329 -5.83138 80
      vertex -4.11069 -6.06282 80
    endloop
  endfacet
  facet normal 0.583389 0.812193 0
    outer loop
      vertex -4.4329 -5.83138 80
      vertex -4.11069 -6.06282 0
      vertex -4.4329 -5.83138 0
    endloop
  endfacet
  facet normal 0.918619 0.395145 0
    outer loop
      vertex -6.64799 -3.07569 80
      vertex -6.80475 -2.71126 0
      vertex -6.80475 -2.71126 80
    endloop
  endfacet
  facet normal 0.918619 0.395145 0
    outer loop
      vertex -6.80475 -2.71126 0
      vertex -6.64799 -3.07569 80
      vertex -6.64799 -3.07569 0
    endloop
  endfacet
  facet normal 0.538577 0.842576 -0
    outer loop
      vertex -3.77643 -6.27648 0
      vertex -4.11069 -6.06282 80
      vertex -3.77643 -6.27648 80
    endloop
  endfacet
  facet normal 0.538577 0.842576 0
    outer loop
      vertex -4.11069 -6.06282 80
      vertex -3.77643 -6.27648 0
      vertex -4.11069 -6.06282 0
    endloop
  endfacet
endsolid OpenSCAD_Model
